timestamp,value
0.000000000,0.000000000
0.010000000,0.000000000
0.020000000,0.000000000
0.030000000,0.000000000
0.040000000,0.000000000
0.050000000,0.000000000
0.060000000,0.000000000
0.070000000,0.000000000
0.080000000,0.000000000
0.090000000,0.000000000
0.100000000,0.000000000
0.110000000,0.000000000
0.120000000,0.000000000
0.130000000,0.000000000
0.140000000,0.000000000
0.150000000,0.000000000
0.160000000,0.000000000
0.170000000,0.000000000
0.180000000,0.000000000
0.190000000,0.000000000
0.200000000,0.000000000
0.210000000,0.000000000
0.220000000,0.000000000
0.230000000,0.000000000
0.240000000,0.000000000
0.250000000,0.000000000
0.260000000,0.000000000
0.270000000,0.000000000
0.280000000,0.000000000
0.290000000,0.000000000
0.300000000,0.000000000
0.310000000,0.000000000
0.320000000,0.000000000
0.330000000,0.000000000
0.340000000,0.000000000
0.350000000,0.000000000
0.360000000,0.000000000
0.370000000,0.000000000
0.380000000,0.000000000
0.390000000,0.000000000
0.400000000,0.000000000
0.410000000,0.000000000
0.420000000,0.000000000
0.430000000,0.000000000
0.440000000,0.000000000
0.450000000,0.000000000
0.460000000,0.000000000
0.470000000,0.000000000
0.480000000,0.000000000
0.490000000,0.000000000
0.500000000,0.000000000
0.510000000,0.000000000
0.520000000,0.000000000
0.530000000,0.000000000
0.540000000,0.000000000
0.550000000,0.000000000
0.560000000,0.000000000
0.570000000,0.000000000
0.580000000,0.000000000
0.590000000,0.000000000
0.600000000,0.000000000
0.610000000,0.000000000
0.620000000,0.000000000
0.630000000,0.000000000
0.640000000,0.000000000
0.650000000,0.000000000
0.660000000,0.000000000
0.670000000,0.000000000
0.680000000,0.000000000
0.690000000,0.000000000
0.700000000,0.000000000
0.710000000,0.000000000
0.720000000,0.000000000
0.730000000,0.000000000
0.740000000,0.000000000
0.750000000,0.000000000
0.760000000,0.000000000
0.770000000,0.000000000
0.780000000,0.000000000
0.790000000,0.000000000
0.800000000,0.000000000
0.810000000,0.000000000
0.820000000,0.000000000
0.830000000,0.000000000
0.840000000,0.000000000
0.850000000,0.000000000
0.860000000,0.000000000
0.870000000,0.000000000
0.880000000,0.000000000
0.890000000,0.000000000
0.900000000,0.000000000
0.910000000,0.000000000
0.920000000,0.000000000
0.930000000,0.000000000
0.940000000,0.000000000
0.950000000,0.000000000
0.960000000,0.000000000
0.970000000,0.000000000
0.980000000,0.000000000
0.990000000,0.000000000
1.000000000,0.000000000
1.010000000,0.000000000
1.020000000,0.000000000
1.030000000,0.000000000
1.040000000,0.000000000
1.050000000,0.000000000
1.060000000,0.000000000
1.070000000,0.000000000
1.080000000,0.000000000
1.090000000,0.000000000
1.100000000,0.000000000
1.110000000,0.000000000
1.120000000,0.000000000
1.130000000,0.000000000
1.140000000,0.000000000
1.150000000,0.000000000
1.160000000,0.000000000
1.170000000,0.000000000
1.180000000,0.000000000
1.190000000,0.000000000
1.200000000,0.000000000
1.210000000,0.000000000
1.220000000,0.000000000
1.230000000,0.000000000
1.240000000,0.000000000
1.250000000,0.000000000
1.260000000,0.000000000
1.270000000,0.000000000
1.280000000,0.000000000
1.290000000,0.000000000
1.300000000,0.000000000
1.310000000,0.000000000
1.320000000,0.000000000
1.330000000,0.000000000
1.340000000,0.000000000
1.350000000,0.000000000
1.360000000,0.000000000
1.370000000,0.000000000
1.380000000,0.000000000
1.390000000,0.000000000
1.400000000,0.000000000
1.410000000,0.000000000
1.420000000,0.000000000
1.430000000,0.000000000
1.440000000,0.000000000
1.450000000,0.000000000
1.460000000,0.000000000
1.470000000,0.000000000
1.480000000,0.000000000
1.490000000,0.000000000
1.500000000,0.000000000
1.510000000,0.000000000
1.520000000,0.000000000
1.530000000,0.000000000
1.540000000,0.000000000
1.550000000,0.000000000
1.560000000,0.000000000
1.570000000,0.000000000
1.580000000,0.000000000
1.590000000,0.000000000
1.600000000,0.000000000
1.610000000,0.000000000
1.620000000,0.000000000
1.630000000,0.000000000
1.640000000,0.000000000
1.650000000,0.000000000
1.660000000,0.000000000
1.670000000,0.000000000
1.680000000,0.000000000
1.690000000,0.000000000
1.700000000,0.000000000
1.710000000,0.000000000
1.720000000,0.000000000
1.730000000,0.000000000
1.740000000,0.000000000
1.750000000,0.000000000
1.760000000,0.000000000
1.770000000,0.000000000
1.780000000,0.000000000
1.790000000,0.000000000
1.800000000,0.000000000
1.810000000,0.000000000
1.820000000,0.000000000
1.830000000,0.000000000
1.840000000,0.000000000
1.850000000,0.000000000
1.860000000,0.000000000
1.870000000,0.000000000
1.880000000,0.000000000
1.890000000,0.000000000
1.900000000,0.000000000
1.910000000,0.000000000
1.920000000,0.000000000
1.930000000,0.000000000
1.940000000,0.000000000
1.950000000,0.000000000
1.960000000,0.000000000
1.970000000,0.000000000
1.980000000,0.000000000
1.990000000,0.000000000
2.000000000,0.000000000
2.010000000,0.000000000
2.020000000,0.000000000
2.030000000,0.000000000
2.040000000,0.000000000
2.050000000,0.000000000
2.060000000,0.000000000
2.070000000,0.000000000
2.080000000,0.000000000
2.090000000,0.000000000
2.100000000,0.000000000
2.110000000,0.000000000
2.120000000,0.000000000
2.130000000,0.000000000
2.140000000,0.000000000
2.150000000,0.000000000
2.160000000,0.000000000
2.170000000,0.000000000
2.180000000,0.000000000
2.190000000,0.000000000
2.200000000,0.000000000
2.210000000,0.000000000
2.220000000,0.000000000
2.230000000,0.000000000
2.240000000,0.000000000
2.250000000,0.000000000
2.260000000,0.000000000
2.270000000,0.000000000
2.280000000,0.000000000
2.290000000,0.000000000
2.300000000,0.000000000
2.310000000,0.000000000
2.320000000,0.000000000
2.330000000,0.000000000
2.340000000,0.000000000
2.350000000,0.000000000
2.360000000,0.000000000
2.370000000,0.000000000
2.380000000,0.000000000
2.390000000,0.000000000
2.400000000,0.000000000
2.410000000,0.000000000
2.420000000,0.000000000
2.430000000,0.000000000
2.440000000,0.000000000
2.450000000,0.000000000
2.460000000,0.000000000
2.470000000,0.000000000
2.480000000,0.000000000
2.490000000,0.000000000
2.500000000,0.000000000
2.510000000,0.000000000
2.520000000,0.000000000
2.530000000,0.000000000
2.540000000,0.000000000
2.550000000,0.000000000
2.560000000,0.000000000
2.570000000,0.000000000
2.580000000,0.000000000
2.590000000,0.000000000
2.600000000,0.000000000
2.610000000,0.000000000
2.620000000,0.000000000
2.630000000,0.000000000
2.640000000,0.000000000
2.650000000,0.000000000
2.660000000,0.000000000
2.670000000,0.000000000
2.680000000,0.000000000
2.690000000,0.000000000
2.700000000,0.000000000
2.710000000,0.000000000
2.720000000,0.000000000
2.730000000,0.000000000
2.740000000,0.000000000
2.750000000,0.000000000
2.760000000,0.000000000
2.770000000,0.000000000
2.780000000,0.000000000
2.790000000,0.000000000
2.800000000,0.000000000
2.810000000,0.000000000
2.820000000,0.000000000
2.830000000,0.000000000
2.840000000,0.000000000
2.850000000,0.000000000
2.860000000,0.000000000
2.870000000,0.000000000
2.880000000,0.000000000
2.890000000,0.000000000
2.900000000,0.000000000
2.910000000,0.000000000
2.920000000,0.000000000
2.930000000,0.000000000
2.940000000,0.000000000
2.950000000,0.000000000
2.960000000,0.000000000
2.970000000,0.000000000
2.980000000,0.000000000
2.990000000,0.000000000
3.000000000,0.000000000
3.010000000,0.000000000
3.020000000,0.000000000
3.030000000,0.000000000
3.040000000,0.000000000
3.050000000,0.000000000
3.060000000,0.000000000
3.070000000,0.000000000
3.080000000,0.000000000
3.090000000,0.000000000
3.100000000,0.000000000
3.110000000,0.000000000
3.120000000,0.000000000
3.130000000,0.000000000
3.140000000,0.000000000
3.150000000,0.000000000
3.160000000,0.000000000
3.170000000,0.000000000
3.180000000,0.000000000
3.190000000,0.000000000
3.200000000,0.000000000
3.210000000,0.000000000
3.220000000,0.000000000
3.230000000,0.000000000
3.240000000,0.000000000
3.250000000,0.000000000
3.260000000,0.000000000
3.270000000,0.000000000
3.280000000,0.000000000
3.290000000,0.000000000
3.300000000,0.000000000
3.310000000,0.000000000
3.320000000,0.000000000
3.330000000,0.000000000
3.340000000,0.000000000
3.350000000,0.000000000
3.360000000,0.000000000
3.370000000,0.000000000
3.380000000,0.000000000
3.390000000,0.000000000
3.400000000,0.000000000
3.410000000,0.000000000
3.420000000,0.000000000
3.430000000,0.000000000
3.440000000,0.000000000
3.450000000,0.000000000
3.460000000,0.000000000
3.470000000,0.000000000
3.480000000,0.000000000
3.490000000,0.000000000
3.500000000,0.000000000
3.510000000,0.000000000
3.520000000,0.000000000
3.530000000,0.000000000
3.540000000,0.000000000
3.550000000,0.000000000
3.560000000,0.000000000
3.570000000,0.000000000
3.580000000,0.000000000
3.590000000,0.000000000
3.600000000,0.000000000
3.610000000,0.000000000
3.620000000,0.000000000
3.630000000,0.000000000
3.640000000,0.000000000
3.650000000,0.000000000
3.660000000,0.000000000
3.670000000,0.000000000
3.680000000,0.000000000
3.690000000,0.000000000
3.700000000,0.000000000
3.710000000,0.000000000
3.720000000,0.000000000
3.730000000,0.000000000
3.740000000,0.000000000
3.750000000,0.000000000
3.760000000,0.000000000
3.770000000,0.000000000
3.780000000,0.000000000
3.790000000,0.000000000
3.800000000,0.000000000
3.810000000,0.000000000
3.820000000,0.000000000
3.830000000,0.000000000
3.840000000,0.000000000
3.850000000,0.000000000
3.860000000,0.000000000
3.870000000,0.000000000
3.880000000,0.000000000
3.890000000,0.000000000
3.900000000,0.000000000
3.910000000,0.000000000
3.920000000,0.000000000
3.930000000,0.000000000
3.940000000,0.000000000
3.950000000,0.000000000
3.960000000,0.000000000
3.970000000,0.000000000
3.980000000,0.000000000
3.990000000,0.000000000
4.000000000,0.000000000
4.010000000,0.000000000
4.020000000,0.000000000
4.030000000,0.000000000
4.040000000,0.000000000
4.050000000,0.000000000
4.060000000,0.000000000
4.070000000,0.000000000
4.080000000,0.000000000
4.090000000,0.000000000
4.100000000,0.000000000
4.110000000,0.000000000
4.120000000,0.000000000
4.130000000,0.000000000
4.140000000,0.000000000
4.150000000,0.000000000
4.160000000,0.000000000
4.170000000,0.000000000
4.180000000,0.000000000
4.190000000,0.000000000
4.200000000,0.000000000
4.210000000,0.000000000
4.220000000,0.000000000
4.230000000,0.000000000
4.240000000,0.000000000
4.250000000,0.000000000
4.260000000,0.000000000
4.270000000,0.000000000
4.280000000,0.000000000
4.290000000,0.000000000
4.300000000,0.000000000
4.310000000,0.000000000
4.320000000,0.000000000
4.330000000,0.000000000
4.340000000,0.000000000
4.350000000,0.000000000
4.360000000,0.000000000
4.370000000,0.000000000
4.380000000,0.000000000
4.390000000,0.000000000
4.400000000,0.000000000
4.410000000,0.000000000
4.420000000,0.000000000
4.430000000,0.000000000
4.440000000,0.000000000
4.450000000,0.000000000
4.460000000,0.000000000
4.470000000,0.000000000
4.480000000,0.000000000
4.490000000,0.000000000
4.500000000,0.000000000
4.510000000,0.000000000
4.520000000,0.000000000
4.530000000,0.000000000
4.540000000,0.000000000
4.550000000,0.000000000
4.560000000,0.000000000
4.570000000,0.000000000
4.580000000,0.000000000
4.590000000,0.000000000
4.600000000,0.000000000
4.610000000,0.000000000
4.620000000,0.000000000
4.630000000,0.000000000
4.640000000,0.000000000
4.650000000,0.000000000
4.660000000,0.000000000
4.670000000,0.000000000
4.680000000,0.000000000
4.690000000,0.000000000
4.700000000,0.000000000
4.710000000,0.000000000
4.720000000,0.000000000
4.730000000,0.000000000
4.740000000,0.000000000
4.750000000,0.000000000
4.760000000,0.000000000
4.770000000,0.000000000
4.780000000,0.000000000
4.790000000,0.000000000
4.800000000,0.000000000
4.810000000,0.000000000
4.820000000,0.000000000
4.830000000,0.000000000
4.840000000,0.000000000
4.850000000,0.000000000
4.860000000,0.000000000
4.870000000,0.000000000
4.880000000,0.000000000
4.890000000,0.000000000
4.900000000,0.000000000
4.910000000,0.000000000
4.920000000,0.000000000
4.930000000,0.000000000
4.940000000,0.000000000
4.950000000,0.000000000
4.960000000,0.000000000
4.970000000,0.000000000
4.980000000,0.000000000
4.990000000,0.000000000
5.000000000,0.000000000
5.010000000,0.000000000
5.020000000,0.000000000
5.030000000,0.000000000
5.040000000,0.000000000
5.050000000,0.000000000
5.060000000,0.000000000
5.070000000,0.000000000
5.080000000,0.000000000
5.090000000,0.000000000
5.100000000,0.000000000
5.110000000,0.000000000
5.120000000,0.000000000
5.130000000,0.000000000
5.140000000,0.000000000
5.150000000,0.000000000
5.160000000,0.000000000
5.170000000,0.000000000
5.180000000,0.000000000
5.190000000,0.000000000
5.200000000,0.000000000
5.210000000,0.000000000
5.220000000,0.000000000
5.230000000,0.000000000
5.240000000,0.000000000
5.250000000,0.000000000
5.260000000,0.000000000
5.270000000,0.000000000
5.280000000,0.000000000
5.290000000,0.000000000
5.300000000,0.000000000
5.310000000,0.000000000
5.320000000,0.000000000
5.330000000,0.000000000
5.340000000,0.000000000
5.350000000,0.000000000
5.360000000,0.000000000
5.370000000,0.000000000
5.380000000,0.000000000
5.390000000,0.000000000
5.400000000,0.000000000
5.410000000,0.000000000
5.420000000,0.000000000
5.430000000,0.000000000
5.440000000,0.000000000
5.450000000,0.000000000
5.460000000,0.000000000
5.470000000,0.000000000
5.480000000,0.000000000
5.490000000,0.000000000
5.500000000,0.000000000
5.510000000,0.000000000
5.520000000,0.000000000
5.530000000,0.000000000
5.540000000,0.000000000
5.550000000,0.000000000
5.560000000,0.000000000
5.570000000,0.000000000
5.580000000,0.000000000
5.590000000,0.000000000
5.600000000,0.000000000
5.610000000,0.000000000
5.620000000,0.000000000
5.630000000,0.000000000
5.640000000,0.000000000
5.650000000,0.000000000
5.660000000,0.000000000
5.670000000,0.000000000
5.680000000,0.000000000
5.690000000,0.000000000
5.700000000,0.000000000
5.710000000,0.000000000
5.720000000,0.000000000
5.730000000,0.000000000
5.740000000,0.000000000
5.750000000,0.000000000
5.760000000,0.000000000
5.770000000,0.000000000
5.780000000,0.000000000
5.790000000,0.000000000
5.800000000,0.000000000
5.810000000,0.000000000
5.820000000,0.000000000
5.830000000,0.000000000
5.840000000,0.000000000
5.850000000,0.000000000
5.860000000,0.000000000
5.870000000,0.000000000
5.880000000,0.000000000
5.890000000,0.000000000
5.900000000,0.000000000
5.910000000,0.000000000
5.920000000,0.000000000
5.930000000,0.000000000
5.940000000,0.000000000
5.950000000,0.000000000
5.960000000,0.000000000
5.970000000,0.000000000
5.980000000,0.000000000
5.990000000,0.000000000
6.000000000,0.000000000
6.010000000,0.000000000
6.020000000,0.000000000
6.030000000,0.000000000
6.040000000,0.000000000
6.050000000,0.000000000
6.060000000,0.000000000
6.070000000,0.000000000
6.080000000,0.000000000
6.090000000,0.000000000
6.100000000,0.000000000
6.110000000,0.000000000
6.120000000,0.000000000
6.130000000,0.000000000
6.140000000,0.000000000
6.150000000,0.000000000
6.160000000,0.000000000
6.170000000,0.000000000
6.180000000,0.000000000
6.190000000,0.000000000
6.200000000,0.000000000
6.210000000,0.000000000
6.220000000,0.000000000
6.230000000,0.000000000
6.240000000,0.000000000
6.250000000,0.000000000
6.260000000,0.000000000
6.270000000,0.000000000
6.280000000,0.000000000
6.290000000,0.000000000
6.300000000,0.000000000
6.310000000,0.000000000
6.320000000,0.000000000
6.330000000,0.000000000
6.340000000,0.000000000
6.350000000,0.000000000
6.360000000,0.000000000
6.370000000,0.000000000
6.380000000,0.000000000
6.390000000,0.000000000
6.400000000,0.000000000
6.410000000,0.000000000
6.420000000,0.000000000
6.430000000,0.000000000
6.440000000,0.000000000
6.450000000,0.000000000
6.460000000,0.000000000
6.470000000,0.000000000
6.480000000,0.000000000
6.490000000,0.000000000
6.500000000,0.000000000
6.510000000,0.000000000
6.520000000,0.000000000
6.530000000,0.000000000
6.540000000,0.000000000
6.550000000,0.000000000
6.560000000,0.000000000
6.570000000,0.000000000
6.580000000,0.000000000
6.590000000,0.000000000
6.600000000,0.000000000
6.610000000,0.000000000
6.620000000,0.000000000
6.630000000,0.000000000
6.640000000,0.000000000
6.650000000,0.000000000
6.660000000,0.000000000
6.670000000,0.000000000
6.680000000,0.000000000
6.690000000,0.000000000
6.700000000,0.000000000
6.710000000,0.000000000
6.720000000,0.000000000
6.730000000,0.000000000
6.740000000,0.000000000
6.750000000,0.000000000
6.760000000,0.000000000
6.770000000,0.000000000
6.780000000,0.000000000
6.790000000,0.000000000
6.800000000,0.000000000
6.810000000,0.000000000
6.820000000,0.000000000
6.830000000,0.000000000
6.840000000,0.000000000
6.850000000,0.000000000
6.860000000,0.000000000
6.870000000,0.000000000
6.880000000,0.000000000
6.890000000,0.000000000
6.900000000,0.000000000
6.910000000,0.000000000
6.920000000,0.000000000
6.930000000,0.000000000
6.940000000,0.000000000
6.950000000,0.000000000
6.960000000,0.000000000
6.970000000,0.000000000
6.980000000,0.000000000
6.990000000,0.000000000
7.000000000,0.000000000
7.010000000,0.000000000
7.020000000,0.000000000
7.030000000,0.000000000
7.040000000,0.000000000
7.050000000,0.000000000
7.060000000,0.000000000
7.070000000,0.000000000
7.080000000,0.000000000
7.090000000,0.000000000
7.100000000,0.000000000
7.110000000,0.000000000
7.120000000,0.000000000
7.130000000,0.000000000
7.140000000,0.000000000
7.150000000,0.000000000
7.160000000,0.000000000
7.170000000,0.000000000
7.180000000,0.000000000
7.190000000,0.000000000
7.200000000,0.000000000
7.210000000,0.000000000
7.220000000,0.000000000
7.230000000,0.000000000
7.240000000,0.000000000
7.250000000,0.000000000
7.260000000,0.000000000
7.270000000,0.000000000
7.280000000,0.000000000
7.290000000,0.000000000
7.300000000,0.000000000
7.310000000,0.000000000
7.320000000,0.000000000
7.330000000,0.000000000
7.340000000,0.000000000
7.350000000,0.000000000
7.360000000,0.000000000
7.370000000,0.000000000
7.380000000,0.000000000
7.390000000,0.000000000
7.400000000,0.000000000
7.410000000,0.000000000
7.420000000,0.000000000
7.430000000,0.000000000
7.440000000,0.000000000
7.450000000,0.000000000
7.460000000,0.000000000
7.470000000,0.000000000
7.480000000,0.000000000
7.490000000,0.000000000
7.500000000,0.000000000
7.510000000,0.000000000
7.520000000,0.000000000
7.530000000,0.000000000
7.540000000,0.000000000
7.550000000,0.000000000
7.560000000,0.000000000
7.570000000,0.000000000
7.580000000,0.000000000
7.590000000,0.000000000
7.600000000,0.000000000
7.610000000,0.000000000
7.620000000,0.000000000
7.630000000,0.000000000
7.640000000,0.000000000
7.650000000,0.000000000
7.660000000,0.000000000
7.670000000,0.000000000
7.680000000,0.000000000
7.690000000,0.000000000
7.700000000,0.000000000
7.710000000,0.000000000
7.720000000,0.000000000
7.730000000,0.000000000
7.740000000,0.000000000
7.750000000,0.000000000
7.760000000,0.000000000
7.770000000,0.000000000
7.780000000,0.000000000
7.790000000,0.000000000
7.800000000,0.000000000
7.810000000,0.000000000
7.820000000,0.000000000
7.830000000,0.000000000
7.840000000,0.000000000
7.850000000,0.000000000
7.860000000,0.000000000
7.870000000,0.000000000
7.880000000,0.000000000
7.890000000,0.000000000
7.900000000,0.000000000
7.910000000,0.000000000
7.920000000,0.000000000
7.930000000,0.000000000
7.940000000,0.000000000
7.950000000,0.000000000
7.960000000,0.000000000
7.970000000,0.000000000
7.980000000,0.000000000
7.990000000,0.000000000
8.000000000,0.000000000
8.010000000,0.000000000
8.020000000,0.000000000
8.030000000,0.000000000
8.040000000,0.000000000
8.050000000,0.000000000
8.060000000,0.000000000
8.070000000,0.000000000
8.080000000,0.000000000
8.090000000,0.000000000
8.100000000,0.000000000
8.110000000,0.000000000
8.120000000,0.000000000
8.130000000,0.000000000
8.140000000,0.000000000
8.150000000,0.000000000
8.160000000,0.000000000
8.170000000,0.000000000
8.180000000,0.000000000
8.190000000,0.000000000
8.200000000,0.000000000
8.210000000,0.000000000
8.220000000,0.000000000
8.230000000,0.000000000
8.240000000,0.000000000
8.250000000,0.000000000
8.260000000,0.000000000
8.270000000,0.000000000
8.280000000,0.000000000
8.290000000,0.000000000
8.300000000,0.000000000
8.310000000,0.000000000
8.320000000,0.000000000
8.330000000,0.000000000
8.340000000,0.000000000
8.350000000,0.000000000
8.360000000,0.000000000
8.370000000,0.000000000
8.380000000,0.000000000
8.390000000,0.000000000
8.400000000,0.000000000
8.410000000,0.000000000
8.420000000,0.000000000
8.430000000,0.000000000
8.440000000,0.000000000
8.450000000,0.000000000
8.460000000,0.000000000
8.470000000,0.000000000
8.480000000,0.000000000
8.490000000,0.000000000
8.500000000,0.000000000
8.510000000,0.000000000
8.520000000,0.000000000
8.530000000,0.000000000
8.540000000,0.000000000
8.550000000,0.000000000
8.560000000,0.000000000
8.570000000,0.000000000
8.580000000,0.000000000
8.590000000,0.000000000
8.600000000,0.000000000
8.610000000,0.000000000
8.620000000,0.000000000
8.630000000,0.000000000
8.640000000,0.000000000
8.650000000,0.000000000
8.660000000,0.000000000
8.670000000,0.000000000
8.680000000,0.000000000
8.690000000,0.000000000
8.700000000,0.000000000
8.710000000,0.000000000
8.720000000,0.000000000
8.730000000,0.000000000
8.740000000,0.000000000
8.750000000,0.000000000
8.760000000,0.000000000
8.770000000,0.000000000
8.780000000,0.000000000
8.790000000,0.000000000
8.800000000,0.000000000
8.810000000,0.000000000
8.820000000,0.000000000
8.830000000,0.000000000
8.840000000,0.000000000
8.850000000,0.000000000
8.860000000,0.000000000
8.870000000,0.000000000
8.880000000,0.000000000
8.890000000,0.000000000
8.900000000,0.000000000
8.910000000,0.000000000
8.920000000,0.000000000
8.930000000,0.000000000
8.940000000,0.000000000
8.950000000,0.000000000
8.960000000,0.000000000
8.970000000,0.000000000
8.980000000,0.000000000
8.990000000,0.000000000
9.000000000,0.000000000
9.010000000,0.000000000
9.020000000,0.000000000
9.030000000,0.000000000
9.040000000,0.000000000
9.050000000,0.000000000
9.060000000,0.000000000
9.070000000,0.000000000
9.080000000,0.000000000
9.090000000,0.000000000
9.100000000,0.000000000
9.110000000,0.000000000
9.120000000,0.000000000
9.130000000,0.000000000
9.140000000,0.000000000
9.150000000,0.000000000
9.160000000,0.000000000
9.170000000,0.000000000
9.180000000,0.000000000
9.190000000,0.000000000
9.200000000,0.000000000
9.210000000,0.000000000
9.220000000,0.000000000
9.230000000,0.000000000
9.240000000,0.000000000
9.250000000,0.000000000
9.260000000,0.000000000
9.270000000,0.000000000
9.280000000,0.000000000
9.290000000,0.000000000
9.300000000,0.000000000
9.310000000,0.000000000
9.320000000,0.000000000
9.330000000,0.000000000
9.340000000,0.000000000
9.350000000,0.000000000
9.360000000,0.000000000
9.370000000,0.000000000
9.380000000,0.000000000
9.390000000,0.000000000
9.400000000,0.000000000
9.410000000,0.000000000
9.420000000,0.000000000
9.430000000,0.000000000
9.440000000,0.000000000
9.450000000,0.000000000
9.460000000,0.000000000
9.470000000,0.000000000
9.480000000,0.000000000
9.490000000,0.000000000
9.500000000,0.000000000
9.510000000,0.000000000
9.520000000,0.000000000
9.530000000,0.000000000
9.540000000,0.000000000
9.550000000,0.000000000
9.560000000,0.000000000
9.570000000,0.000000000
9.580000000,0.000000000
9.590000000,0.000000000
9.600000000,0.000000000
9.610000000,0.000000000
9.620000000,0.000000000
9.630000000,0.000000000
9.640000000,0.000000000
9.650000000,0.000000000
9.660000000,0.000000000
9.670000000,0.000000000
9.680000000,0.000000000
9.690000000,0.000000000
9.700000000,0.000000000
9.710000000,0.000000000
9.720000000,0.000000000
9.730000000,0.000000000
9.740000000,0.000000000
9.750000000,0.000000000
9.760000000,0.000000000
9.770000000,0.000000000
9.780000000,0.000000000
9.790000000,0.000000000
9.800000000,0.000000000
9.810000000,0.000000000
9.820000000,0.000000000
9.830000000,0.000000000
9.840000000,0.000000000
9.850000000,0.000000000
9.860000000,0.000000000
9.870000000,0.000000000
9.880000000,0.000000000
9.890000000,0.000000000
9.900000000,0.000000000
9.910000000,0.000000000
9.920000000,0.000000000
9.930000000,0.000000000
9.940000000,0.000000000
9.950000000,0.000000000
9.960000000,0.000000000
9.970000000,0.000000000
9.980000000,0.000000000
9.990000000,0.000000000
10.000000000,0.000000000
10.010000000,0.000000000
10.020000000,0.000000000
10.030000000,0.000000000
10.040000000,0.000000000
10.050000000,0.000000000
10.060000000,0.000000000
10.070000000,0.000000000
10.080000000,0.000000000
10.090000000,0.000000000
10.100000000,0.000000000
10.110000000,0.000000000
10.120000000,0.000000000
10.130000000,0.000000000
10.140000000,0.000000000
10.150000000,0.000000000
10.160000000,0.000000000
10.170000000,0.000000000
10.180000000,0.000000000
10.190000000,0.000000000
10.200000000,0.000000000
10.210000000,0.000000000
10.220000000,0.000000000
10.230000000,0.000000000
10.240000000,0.000000000
10.250000000,0.000000000
10.260000000,0.000000000
10.270000000,0.000000000
10.280000000,0.000000000
10.290000000,0.000000000
10.300000000,0.000000000
10.310000000,0.000000000
10.320000000,0.000000000
10.330000000,0.000000000
10.340000000,0.000000000
10.350000000,0.000000000
10.360000000,0.000000000
10.370000000,0.000000000
10.380000000,0.000000000
10.390000000,0.000000000
10.400000000,0.000000000
10.410000000,0.000000000
10.420000000,0.000000000
10.430000000,0.000000000
10.440000000,0.000000000
10.450000000,0.000000000
10.460000000,0.000000000
10.470000000,0.000000000
10.480000000,0.000000000
10.490000000,0.000000000
10.500000000,0.000000000
10.510000000,0.000000000
10.520000000,0.000000000
10.530000000,0.000000000
10.540000000,0.000000000
10.550000000,0.000000000
10.560000000,0.000000000
10.570000000,0.000000000
10.580000000,0.000000000
10.590000000,0.000000000
10.600000000,0.000000000
10.610000000,0.000000000
10.620000000,0.000000000
10.630000000,0.000000000
10.640000000,0.000000000
10.650000000,0.000000000
10.660000000,0.000000000
10.670000000,0.000000000
10.680000000,0.000000000
10.690000000,0.000000000
10.700000000,0.000000000
10.710000000,0.000000000
10.720000000,0.000000000
10.730000000,0.000000000
10.740000000,0.000000000
10.750000000,0.000000000
10.760000000,0.000000000
10.770000000,0.000000000
10.780000000,0.000000000
10.790000000,0.000000000
10.800000000,0.000000000
10.810000000,0.000000000
10.820000000,0.000000000
10.830000000,0.000000000
10.840000000,0.000000000
10.850000000,0.000000000
10.860000000,0.000000000
10.870000000,0.000000000
10.880000000,0.000000000
10.890000000,0.000000000
10.900000000,0.000000000
10.910000000,0.000000000
10.920000000,0.000000000
10.930000000,0.000000000
10.940000000,0.000000000
10.950000000,0.000000000
10.960000000,0.000000000
10.970000000,0.000000000
10.980000000,0.000000000
10.990000000,0.000000000
11.000000000,0.000000000
11.010000000,0.000000000
11.020000000,0.000000000
11.030000000,0.000000000
11.040000000,0.000000000
11.050000000,0.000000000
11.060000000,0.000000000
11.070000000,0.000000000
11.080000000,0.000000000
11.090000000,0.000000000
11.100000000,0.000000000
11.110000000,0.000000000
11.120000000,0.000000000
11.130000000,0.000000000
11.140000000,0.000000000
11.150000000,0.000000000
11.160000000,0.000000000
11.170000000,0.000000000
11.180000000,0.000000000
11.190000000,0.000000000
11.200000000,0.000000000
11.210000000,0.000000000
11.220000000,0.000000000
11.230000000,0.000000000
11.240000000,0.000000000
11.250000000,0.000000000
11.260000000,0.000000000
11.270000000,0.000000000
11.280000000,0.000000000
11.290000000,0.000000000
11.300000000,0.000000000
11.310000000,0.000000000
11.320000000,0.000000000
11.330000000,0.000000000
11.340000000,0.000000000
11.350000000,0.000000000
11.360000000,0.000000000
11.370000000,0.000000000
11.380000000,0.000000000
11.390000000,0.000000000
11.400000000,0.000000000
11.410000000,0.000000000
11.420000000,0.000000000
11.430000000,0.000000000
11.440000000,0.000000000
11.450000000,0.000000000
11.460000000,0.000000000
11.470000000,0.000000000
11.480000000,0.000000000
11.490000000,0.000000000
11.500000000,0.000000000
11.510000000,0.000000000
11.520000000,0.000000000
11.530000000,0.000000000
11.540000000,0.000000000
11.550000000,0.000000000
11.560000000,0.000000000
11.570000000,0.000000000
11.580000000,0.000000000
11.590000000,0.000000000
11.600000000,0.000000000
11.610000000,0.000000000
11.620000000,0.000000000
11.630000000,0.000000000
11.640000000,0.000000000
11.650000000,0.000000000
11.660000000,0.000000000
11.670000000,0.000000000
11.680000000,0.000000000
11.690000000,0.000000000
11.700000000,0.000000000
11.710000000,0.000000000
11.720000000,0.000000000
11.730000000,0.000000000
11.740000000,0.000000000
11.750000000,0.000000000
11.760000000,0.000000000
11.770000000,0.000000000
11.780000000,0.000000000
11.790000000,0.000000000
11.800000000,0.000000000
11.810000000,0.000000000
11.820000000,0.000000000
11.830000000,0.000000000
11.840000000,0.000000000
11.850000000,0.000000000
11.860000000,0.000000000
11.870000000,0.000000000
11.880000000,0.000000000
11.890000000,0.000000000
11.900000000,0.000000000
11.910000000,0.000000000
11.920000000,0.000000000
11.930000000,0.000000000
11.940000000,0.000000000
11.950000000,0.000000000
11.960000000,0.000000000
11.970000000,0.000000000
11.980000000,0.000000000
11.990000000,0.000000000
12.000000000,0.000000000
12.010000000,0.000000000
12.020000000,0.000000000
12.030000000,0.000000000
12.040000000,0.000000000
12.050000000,0.000000000
12.060000000,0.000000000
12.070000000,0.000000000
12.080000000,0.000000000
12.090000000,0.000000000
12.100000000,0.000000000
12.110000000,0.000000000
12.120000000,0.000000000
12.130000000,0.000000000
12.140000000,0.000000000
12.150000000,0.000000000
12.160000000,0.000000000
12.170000000,0.000000000
12.180000000,0.000000000
12.190000000,0.000000000
12.200000000,0.000000000
12.210000000,0.000000000
12.220000000,0.000000000
12.230000000,0.000000000
12.240000000,0.000000000
12.250000000,0.000000000
12.260000000,0.000000000
12.270000000,0.000000000
12.280000000,0.000000000
12.290000000,0.000000000
12.300000000,0.000000000
12.310000000,0.000000000
12.320000000,0.000000000
12.330000000,0.000000000
12.340000000,0.000000000
12.350000000,0.000000000
12.360000000,0.000000000
12.370000000,0.000000000
12.380000000,0.000000000
12.390000000,0.000000000
12.400000000,0.000000000
12.410000000,0.000000000
12.420000000,0.000000000
12.430000000,0.000000000
12.440000000,0.000000000
12.450000000,0.000000000
12.460000000,0.000000000
12.470000000,0.000000000
12.480000000,0.000000000
12.490000000,0.000000000
12.500000000,0.000000000
12.510000000,0.000000000
12.520000000,0.000000000
12.530000000,0.000000000
12.540000000,0.000000000
12.550000000,0.000000000
12.560000000,0.000000000
12.570000000,0.000000000
12.580000000,0.000000000
12.590000000,0.000000000
12.600000000,0.000000000
12.610000000,0.000000000
12.620000000,0.000000000
12.630000000,0.000000000
12.640000000,0.000000000
12.650000000,0.000000000
12.660000000,0.000000000
12.670000000,0.000000000
12.680000000,0.000000000
12.690000000,0.000000000
12.700000000,0.000000000
12.710000000,0.000000000
12.720000000,0.000000000
12.730000000,0.000000000
12.740000000,0.000000000
12.750000000,0.000000000
12.760000000,0.000000000
12.770000000,0.000000000
12.780000000,0.000000000
12.790000000,0.000000000
12.800000000,0.000000000
12.810000000,0.000000000
12.820000000,0.000000000
12.830000000,0.000000000
12.840000000,0.000000000
12.850000000,0.000000000
12.860000000,0.000000000
12.870000000,0.000000000
12.880000000,0.000000000
12.890000000,0.000000000
12.900000000,0.000000000
12.910000000,0.000000000
12.920000000,0.000000000
12.930000000,0.000000000
12.940000000,0.000000000
12.950000000,0.000000000
12.960000000,0.000000000
12.970000000,0.000000000
12.980000000,0.000000000
12.990000000,0.000000000
13.000000000,0.000000000
13.010000000,0.000000000
13.020000000,0.000000000
13.030000000,0.000000000
13.040000000,0.000000000
13.050000000,0.000000000
13.060000000,0.000000000
13.070000000,0.000000000
13.080000000,0.000000000
13.090000000,0.000000000
13.100000000,0.000000000
13.110000000,0.000000000
13.120000000,0.000000000
13.130000000,0.000000000
13.140000000,0.000000000
13.150000000,0.000000000
13.160000000,0.000000000
13.170000000,0.000000000
13.180000000,0.000000000
13.190000000,0.000000000
13.200000000,0.000000000
13.210000000,0.000000000
13.220000000,0.000000000
13.230000000,0.000000000
13.240000000,0.000000000
13.250000000,0.000000000
13.260000000,0.000000000
13.270000000,0.000000000
13.280000000,0.000000000
13.290000000,0.000000000
13.300000000,0.000000000
13.310000000,0.000000000
13.320000000,0.000000000
13.330000000,0.000000000
13.340000000,0.000000000
13.350000000,0.000000000
13.360000000,0.000000000
13.370000000,0.000000000
13.380000000,0.000000000
13.390000000,0.000000000
13.400000000,0.000000000
13.410000000,0.000000000
13.420000000,0.000000000
13.430000000,0.000000000
13.440000000,0.000000000
13.450000000,0.000000000
13.460000000,0.000000000
13.470000000,0.000000000
13.480000000,0.000000000
13.490000000,0.000000000
13.500000000,0.000000000
13.510000000,0.000000000
13.520000000,0.000000000
13.530000000,0.000000000
13.540000000,0.000000000
13.550000000,0.000000000
13.560000000,0.000000000
13.570000000,0.000000000
13.580000000,0.000000000
13.590000000,0.000000000
13.600000000,0.000000000
13.610000000,0.000000000
13.620000000,0.000000000
13.630000000,0.000000000
13.640000000,0.000000000
13.650000000,0.000000000
13.660000000,0.000000000
13.670000000,0.000000000
13.680000000,0.000000000
13.690000000,0.000000000
13.700000000,0.000000000
13.710000000,0.000000000
13.720000000,0.000000000
13.730000000,0.000000000
13.740000000,0.000000000
13.750000000,0.000000000
13.760000000,0.000000000
13.770000000,0.000000000
13.780000000,0.000000000
13.790000000,0.000000000
13.800000000,0.000000000
13.810000000,0.000000000
13.820000000,0.000000000
13.830000000,0.000000000
13.840000000,0.000000000
13.850000000,0.000000000
13.860000000,0.000000000
13.870000000,0.000000000
13.880000000,0.000000000
13.890000000,0.000000000
13.900000000,0.000000000
13.910000000,0.000000000
13.920000000,0.000000000
13.930000000,0.000000000
13.940000000,0.000000000
13.950000000,0.000000000
13.960000000,0.000000000
13.970000000,0.000000000
13.980000000,0.000000000
13.990000000,0.000000000
14.000000000,0.000000000
14.010000000,0.000000000
14.020000000,0.000000000
14.030000000,0.000000000
14.040000000,0.000000000
14.050000000,0.000000000
14.060000000,0.000000000
14.070000000,0.000000000
14.080000000,0.000000000
14.090000000,0.000000000
14.100000000,0.000000000
14.110000000,0.000000000
14.120000000,0.000000000
14.130000000,0.000000000
14.140000000,0.000000000
14.150000000,0.000000000
14.160000000,0.000000000
14.170000000,0.000000000
14.180000000,0.000000000
14.190000000,0.000000000
14.200000000,0.000000000
14.210000000,0.000000000
14.220000000,0.000000000
14.230000000,0.000000000
14.240000000,0.000000000
14.250000000,0.000000000
14.260000000,0.000000000
14.270000000,0.000000000
14.280000000,0.000000000
14.290000000,0.000000000
14.300000000,0.000000000
14.310000000,0.000000000
14.320000000,0.000000000
14.330000000,0.000000000
14.340000000,0.000000000
14.350000000,0.000000000
14.360000000,0.000000000
14.370000000,0.000000000
14.380000000,0.000000000
14.390000000,0.000000000
14.400000000,0.000000000
14.410000000,0.000000000
14.420000000,0.000000000
14.430000000,0.000000000
14.440000000,0.000000000
14.450000000,0.000000000
14.460000000,0.000000000
14.470000000,0.000000000
14.480000000,0.000000000
14.490000000,0.000000000
14.500000000,0.000000000
14.510000000,0.000000000
14.520000000,0.000000000
14.530000000,0.000000000
14.540000000,0.000000000
14.550000000,0.000000000
14.560000000,0.000000000
14.570000000,0.000000000
14.580000000,0.000000000
14.590000000,0.000000000
14.600000000,0.000000000
14.610000000,0.000000000
14.620000000,0.000000000
14.630000000,0.000000000
14.640000000,0.000000000
14.650000000,0.000000000
14.660000000,0.000000000
14.670000000,0.000000000
14.680000000,0.000000000
14.690000000,0.000000000
14.700000000,0.000000000
14.710000000,0.000000000
14.720000000,0.000000000
14.730000000,0.000000000
14.740000000,0.000000000
14.750000000,0.000000000
14.760000000,0.000000000
14.770000000,0.000000000
14.780000000,0.000000000
14.790000000,0.000000000
14.800000000,0.000000000
14.810000000,0.000000000
14.820000000,0.000000000
14.830000000,0.000000000
14.840000000,0.000000000
14.850000000,0.000000000
14.860000000,0.000000000
14.870000000,0.000000000
14.880000000,0.000000000
14.890000000,0.000000000
14.900000000,0.000000000
14.910000000,0.000000000
14.920000000,0.000000000
14.930000000,0.000000000
14.940000000,0.000000000
14.950000000,0.000000000
14.960000000,0.000000000
14.970000000,0.000000000
14.980000000,0.000000000
14.990000000,0.000000000
15.000000000,0.000000000
15.010000000,0.080000000
15.020000000,0.160000000
15.030000000,0.240000000
15.040000000,0.320000000
15.050000000,0.400000000
15.060000000,0.480000000
15.070000000,0.560000000
15.080000000,0.640000000
15.090000000,0.720000000
15.100000000,0.800000000
15.110000000,0.880000000
15.120000000,0.960000000
15.130000000,1.040000000
15.140000000,1.120000000
15.150000000,1.200000000
15.160000000,1.280000000
15.170000000,1.360000000
15.180000000,1.440000000
15.190000000,1.520000000
15.200000000,1.600000000
15.210000000,1.680000000
15.220000000,1.760000000
15.230000000,1.840000000
15.240000000,1.920000000
15.250000000,2.000000000
15.260000000,2.080000000
15.270000000,2.160000000
15.280000000,2.240000000
15.290000000,2.320000000
15.300000000,2.400000000
15.310000000,2.480000000
15.320000000,2.560000000
15.330000000,2.640000000
15.340000000,2.720000000
15.350000000,2.800000000
15.360000000,2.880000000
15.370000000,2.960000000
15.380000000,3.040000000
15.390000000,3.120000000
15.400000000,3.200000000
15.410000000,3.280000000
15.420000000,3.360000000
15.430000000,3.440000000
15.440000000,3.520000000
15.450000000,3.600000000
15.460000000,3.680000000
15.470000000,3.760000000
15.480000000,3.840000000
15.490000000,3.920000000
15.500000000,4.000000000
15.510000000,4.080000000
15.520000000,4.160000000
15.530000000,4.240000000
15.540000000,4.320000000
15.550000000,4.400000000
15.560000000,4.480000000
15.570000000,4.560000000
15.580000000,4.640000000
15.590000000,4.720000000
15.600000000,4.800000000
15.610000000,4.880000000
15.620000000,4.960000000
15.630000000,5.040000000
15.640000000,5.120000000
15.650000000,5.200000000
15.660000000,5.280000000
15.670000000,5.360000000
15.680000000,5.440000000
15.690000000,5.520000000
15.700000000,5.600000000
15.710000000,5.680000000
15.720000000,5.760000000
15.730000000,5.840000000
15.740000000,5.920000000
15.750000000,6.000000000
15.760000000,6.080000000
15.770000000,6.160000000
15.780000000,6.240000000
15.790000000,6.320000000
15.800000000,6.400000000
15.810000000,6.480000000
15.820000000,6.560000000
15.830000000,6.640000000
15.840000000,6.720000000
15.850000000,6.800000000
15.860000000,6.880000000
15.870000000,6.960000000
15.880000000,7.040000000
15.890000000,7.120000000
15.900000000,7.200000000
15.910000000,7.280000000
15.920000000,7.360000000
15.930000000,7.440000000
15.940000000,7.520000000
15.950000000,7.600000000
15.960000000,7.680000000
15.970000000,7.760000000
15.980000000,7.840000000
15.990000000,7.920000000
16.000000000,8.000000000
16.010000000,8.080000000
16.020000000,8.160000000
16.030000000,8.240000000
16.040000000,8.320000000
16.050000000,8.400000000
16.060000000,8.480000000
16.070000000,8.560000000
16.080000000,8.640000000
16.090000000,8.720000000
16.100000000,8.800000000
16.110000000,8.880000000
16.120000000,8.960000000
16.130000000,9.040000000
16.140000000,9.120000000
16.150000000,9.200000000
16.160000000,9.280000000
16.170000000,9.360000000
16.180000000,9.440000000
16.190000000,9.520000000
16.200000000,9.600000000
16.210000000,9.680000000
16.220000000,9.760000000
16.230000000,9.840000000
16.240000000,9.920000000
16.250000000,10.000000000
16.260000000,10.080000000
16.270000000,10.160000000
16.280000000,10.240000000
16.290000000,10.320000000
16.300000000,10.400000000
16.310000000,10.480000000
16.320000000,10.560000000
16.330000000,10.640000000
16.340000000,10.720000000
16.350000000,10.800000000
16.360000000,10.880000000
16.370000000,10.960000000
16.380000000,11.040000000
16.390000000,11.120000000
16.400000000,11.200000000
16.410000000,11.280000000
16.420000000,11.360000000
16.430000000,11.440000000
16.440000000,11.520000000
16.450000000,11.600000000
16.460000000,11.680000000
16.470000000,11.760000000
16.480000000,11.840000000
16.490000000,11.920000000
16.500000000,12.000000000
16.510000000,12.080000000
16.520000000,12.160000000
16.530000000,12.240000000
16.540000000,12.320000000
16.550000000,12.400000000
16.560000000,12.480000000
16.570000000,12.560000000
16.580000000,12.640000000
16.590000000,12.720000000
16.600000000,12.800000000
16.610000000,12.880000000
16.620000000,12.960000000
16.630000000,13.040000000
16.640000000,13.120000000
16.650000000,13.200000000
16.660000000,13.280000000
16.670000000,13.360000000
16.680000000,13.440000000
16.690000000,13.520000000
16.700000000,13.600000000
16.710000000,13.680000000
16.720000000,13.760000000
16.730000000,13.840000000
16.740000000,13.920000000
16.750000000,14.000000000
16.760000000,14.080000000
16.770000000,14.160000000
16.780000000,14.240000000
16.790000000,14.320000000
16.800000000,14.400000000
16.810000000,14.480000000
16.820000000,14.560000000
16.830000000,14.640000000
16.840000000,14.720000000
16.850000000,14.800000000
16.860000000,14.880000000
16.870000000,14.960000000
16.880000000,15.040000000
16.890000000,15.120000000
16.900000000,15.200000000
16.910000000,15.280000000
16.920000000,15.360000000
16.930000000,15.440000000
16.940000000,15.520000000
16.950000000,15.600000000
16.960000000,15.680000000
16.970000000,15.760000000
16.980000000,15.840000000
16.990000000,15.920000000
17.000000000,16.000000000
17.010000000,16.080000000
17.020000000,16.160000000
17.030000000,16.240000000
17.040000000,16.320000000
17.050000000,16.400000000
17.060000000,16.480000000
17.070000000,16.560000000
17.080000000,16.640000000
17.090000000,16.720000000
17.100000000,16.800000000
17.110000000,16.880000000
17.120000000,16.960000000
17.130000000,17.040000000
17.140000000,17.120000000
17.150000000,17.200000000
17.160000000,17.280000000
17.170000000,17.360000000
17.180000000,17.440000000
17.190000000,17.520000000
17.200000000,17.600000000
17.210000000,17.680000000
17.220000000,17.760000000
17.230000000,17.840000000
17.240000000,17.920000000
17.250000000,18.000000000
17.260000000,18.080000000
17.270000000,18.160000000
17.280000000,18.240000000
17.290000000,18.320000000
17.300000000,18.400000000
17.310000000,18.480000000
17.320000000,18.560000000
17.330000000,18.640000000
17.340000000,18.720000000
17.350000000,18.800000000
17.360000000,18.880000000
17.370000000,18.960000000
17.380000000,19.040000000
17.390000000,19.120000000
17.400000000,19.200000000
17.410000000,19.280000000
17.420000000,19.360000000
17.430000000,19.440000000
17.440000000,19.520000000
17.450000000,19.600000000
17.460000000,19.680000000
17.470000000,19.760000000
17.480000000,19.840000000
17.490000000,19.920000000
17.500000000,20.000000000
17.510000000,20.080000000
17.520000000,20.160000000
17.530000000,20.240000000
17.540000000,20.320000000
17.550000000,20.400000000
17.560000000,20.480000000
17.570000000,20.560000000
17.580000000,20.640000000
17.590000000,20.720000000
17.600000000,20.800000000
17.610000000,20.880000000
17.620000000,20.960000000
17.630000000,21.040000000
17.640000000,21.120000000
17.650000000,21.200000000
17.660000000,21.280000000
17.670000000,21.360000000
17.680000000,21.440000000
17.690000000,21.520000000
17.700000000,21.600000000
17.710000000,21.680000000
17.720000000,21.760000000
17.730000000,21.840000000
17.740000000,21.920000000
17.750000000,22.000000000
17.760000000,22.080000000
17.770000000,22.160000000
17.780000000,22.240000000
17.790000000,22.320000000
17.800000000,22.400000000
17.810000000,22.480000000
17.820000000,22.560000000
17.830000000,22.640000000
17.840000000,22.720000000
17.850000000,22.800000000
17.860000000,22.880000000
17.870000000,22.960000000
17.880000000,23.040000000
17.890000000,23.120000000
17.900000000,23.200000000
17.910000000,23.280000000
17.920000000,23.360000000
17.930000000,23.440000000
17.940000000,23.520000000
17.950000000,23.600000000
17.960000000,23.680000000
17.970000000,23.760000000
17.980000000,23.840000000
17.990000000,23.920000000
18.000000000,24.000000000
18.010000000,24.080000000
18.020000000,24.160000000
18.030000000,24.240000000
18.040000000,24.320000000
18.050000000,24.400000000
18.060000000,24.480000000
18.070000000,24.560000000
18.080000000,24.640000000
18.090000000,24.720000000
18.100000000,24.800000000
18.110000000,24.880000000
18.120000000,24.960000000
18.130000000,25.040000000
18.140000000,25.120000000
18.150000000,25.200000000
18.160000000,25.280000000
18.170000000,25.360000000
18.180000000,25.440000000
18.190000000,25.520000000
18.200000000,25.600000000
18.210000000,25.680000000
18.220000000,25.760000000
18.230000000,25.840000000
18.240000000,25.920000000
18.250000000,26.000000000
18.260000000,26.080000000
18.270000000,26.160000000
18.280000000,26.240000000
18.290000000,26.320000000
18.300000000,26.400000000
18.310000000,26.480000000
18.320000000,26.560000000
18.330000000,26.640000000
18.340000000,26.720000000
18.350000000,26.800000000
18.360000000,26.880000000
18.370000000,26.960000000
18.380000000,27.040000000
18.390000000,27.120000000
18.400000000,27.200000000
18.410000000,27.280000000
18.420000000,27.360000000
18.430000000,27.440000000
18.440000000,27.520000000
18.450000000,27.600000000
18.460000000,27.680000000
18.470000000,27.760000000
18.480000000,27.840000000
18.490000000,27.920000000
18.500000000,28.000000000
18.510000000,28.080000000
18.520000000,28.160000000
18.530000000,28.240000000
18.540000000,28.320000000
18.550000000,28.400000000
18.560000000,28.480000000
18.570000000,28.560000000
18.580000000,28.640000000
18.590000000,28.720000000
18.600000000,28.800000000
18.610000000,28.880000000
18.620000000,28.960000000
18.630000000,29.040000000
18.640000000,29.120000000
18.650000000,29.200000000
18.660000000,29.280000000
18.670000000,29.360000000
18.680000000,29.440000000
18.690000000,29.520000000
18.700000000,29.600000000
18.710000000,29.680000000
18.720000000,29.760000000
18.730000000,29.840000000
18.740000000,29.920000000
18.750000000,30.000000000
18.760000000,30.080000000
18.770000000,30.160000000
18.780000000,30.240000000
18.790000000,30.320000000
18.800000000,30.400000000
18.810000000,30.480000000
18.820000000,30.560000000
18.830000000,30.640000000
18.840000000,30.720000000
18.850000000,30.800000000
18.860000000,30.880000000
18.870000000,30.960000000
18.880000000,31.040000000
18.890000000,31.120000000
18.900000000,31.200000000
18.910000000,31.280000000
18.920000000,31.360000000
18.930000000,31.440000000
18.940000000,31.520000000
18.950000000,31.600000000
18.960000000,31.680000000
18.970000000,31.760000000
18.980000000,31.840000000
18.990000000,31.920000000
19.000000000,32.000000000
19.010000000,32.080000000
19.020000000,32.160000000
19.030000000,32.240000000
19.040000000,32.320000000
19.050000000,32.400000000
19.060000000,32.480000000
19.070000000,32.560000000
19.080000000,32.640000000
19.090000000,32.720000000
19.100000000,32.800000000
19.110000000,32.880000000
19.120000000,32.960000000
19.130000000,33.040000000
19.140000000,33.120000000
19.150000000,33.200000000
19.160000000,33.280000000
19.170000000,33.360000000
19.180000000,33.440000000
19.190000000,33.520000000
19.200000000,33.600000000
19.210000000,33.680000000
19.220000000,33.760000000
19.230000000,33.840000000
19.240000000,33.920000000
19.250000000,34.000000000
19.260000000,34.080000000
19.270000000,34.160000000
19.280000000,34.240000000
19.290000000,34.320000000
19.300000000,34.400000000
19.310000000,34.480000000
19.320000000,34.560000000
19.330000000,34.640000000
19.340000000,34.720000000
19.350000000,34.800000000
19.360000000,34.880000000
19.370000000,34.960000000
19.380000000,35.040000000
19.390000000,35.120000000
19.400000000,35.200000000
19.410000000,35.280000000
19.420000000,35.360000000
19.430000000,35.440000000
19.440000000,35.520000000
19.450000000,35.600000000
19.460000000,35.680000000
19.470000000,35.760000000
19.480000000,35.840000000
19.490000000,35.920000000
19.500000000,36.000000000
19.510000000,36.080000000
19.520000000,36.160000000
19.530000000,36.240000000
19.540000000,36.320000000
19.550000000,36.400000000
19.560000000,36.480000000
19.570000000,36.560000000
19.580000000,36.640000000
19.590000000,36.720000000
19.600000000,36.800000000
19.610000000,36.880000000
19.620000000,36.960000000
19.630000000,37.040000000
19.640000000,37.120000000
19.650000000,37.200000000
19.660000000,37.280000000
19.670000000,37.360000000
19.680000000,37.440000000
19.690000000,37.520000000
19.700000000,37.600000000
19.710000000,37.680000000
19.720000000,37.760000000
19.730000000,37.840000000
19.740000000,37.920000000
19.750000000,38.000000000
19.760000000,38.080000000
19.770000000,38.160000000
19.780000000,38.240000000
19.790000000,38.320000000
19.800000000,38.400000000
19.810000000,38.480000000
19.820000000,38.560000000
19.830000000,38.640000000
19.840000000,38.720000000
19.850000000,38.800000000
19.860000000,38.880000000
19.870000000,38.960000000
19.880000000,39.040000000
19.890000000,39.120000000
19.900000000,39.200000000
19.910000000,39.280000000
19.920000000,39.360000000
19.930000000,39.440000000
19.940000000,39.520000000
19.950000000,39.600000000
19.960000000,39.680000000
19.970000000,39.760000000
19.980000000,39.840000000
19.990000000,39.920000000
20.000000000,40.000000000
20.010000000,40.000000000
20.020000000,40.000000000
20.030000000,40.000000000
20.040000000,40.000000000
20.050000000,40.000000000
20.060000000,40.000000000
20.070000000,40.000000000
20.080000000,40.000000000
20.090000000,40.000000000
20.100000000,40.000000000
20.110000000,40.000000000
20.120000000,40.000000000
20.130000000,40.000000000
20.140000000,40.000000000
20.150000000,40.000000000
20.160000000,40.000000000
20.170000000,40.000000000
20.180000000,40.000000000
20.190000000,40.000000000
20.200000000,40.000000000
20.210000000,40.000000000
20.220000000,40.000000000
20.230000000,40.000000000
20.240000000,40.000000000
20.250000000,40.000000000
20.260000000,40.000000000
20.270000000,40.000000000
20.280000000,40.000000000
20.290000000,40.000000000
20.300000000,40.000000000
20.310000000,40.000000000
20.320000000,40.000000000
20.330000000,40.000000000
20.340000000,40.000000000
20.350000000,40.000000000
20.360000000,40.000000000
20.370000000,40.000000000
20.380000000,40.000000000
20.390000000,40.000000000
20.400000000,40.000000000
20.410000000,40.000000000
20.420000000,40.000000000
20.430000000,40.000000000
20.440000000,40.000000000
20.450000000,40.000000000
20.460000000,40.000000000
20.470000000,40.000000000
20.480000000,40.000000000
20.490000000,40.000000000
20.500000000,40.000000000
20.510000000,40.000000000
20.520000000,40.000000000
20.530000000,40.000000000
20.540000000,40.000000000
20.550000000,40.000000000
20.560000000,40.000000000
20.570000000,40.000000000
20.580000000,40.000000000
20.590000000,40.000000000
20.600000000,40.000000000
20.610000000,40.000000000
20.620000000,40.000000000
20.630000000,40.000000000
20.640000000,40.000000000
20.650000000,40.000000000
20.660000000,40.000000000
20.670000000,40.000000000
20.680000000,40.000000000
20.690000000,40.000000000
20.700000000,40.000000000
20.710000000,40.000000000
20.720000000,40.000000000
20.730000000,40.000000000
20.740000000,40.000000000
20.750000000,40.000000000
20.760000000,40.000000000
20.770000000,40.000000000
20.780000000,40.000000000
20.790000000,40.000000000
20.800000000,40.000000000
20.810000000,40.000000000
20.820000000,40.000000000
20.830000000,40.000000000
20.840000000,40.000000000
20.850000000,40.000000000
20.860000000,40.000000000
20.870000000,40.000000000
20.880000000,40.000000000
20.890000000,40.000000000
20.900000000,40.000000000
20.910000000,40.000000000
20.920000000,40.000000000
20.930000000,40.000000000
20.940000000,40.000000000
20.950000000,40.000000000
20.960000000,40.000000000
20.970000000,40.000000000
20.980000000,40.000000000
20.990000000,40.000000000
21.000000000,40.000000000
21.010000000,40.000000000
21.020000000,40.000000000
21.030000000,40.000000000
21.040000000,40.000000000
21.050000000,40.000000000
21.060000000,40.000000000
21.070000000,40.000000000
21.080000000,40.000000000
21.090000000,40.000000000
21.100000000,40.000000000
21.110000000,40.000000000
21.120000000,40.000000000
21.130000000,40.000000000
21.140000000,40.000000000
21.150000000,40.000000000
21.160000000,40.000000000
21.170000000,40.000000000
21.180000000,40.000000000
21.190000000,40.000000000
21.200000000,40.000000000
21.210000000,40.000000000
21.220000000,40.000000000
21.230000000,40.000000000
21.240000000,40.000000000
21.250000000,40.000000000
21.260000000,40.000000000
21.270000000,40.000000000
21.280000000,40.000000000
21.290000000,40.000000000
21.300000000,40.000000000
21.310000000,40.000000000
21.320000000,40.000000000
21.330000000,40.000000000
21.340000000,40.000000000
21.350000000,40.000000000
21.360000000,40.000000000
21.370000000,40.000000000
21.380000000,40.000000000
21.390000000,40.000000000
21.400000000,40.000000000
21.410000000,40.000000000
21.420000000,40.000000000
21.430000000,40.000000000
21.440000000,40.000000000
21.450000000,40.000000000
21.460000000,40.000000000
21.470000000,40.000000000
21.480000000,40.000000000
21.490000000,40.000000000
21.500000000,40.000000000
21.510000000,40.000000000
21.520000000,40.000000000
21.530000000,40.000000000
21.540000000,40.000000000
21.550000000,40.000000000
21.560000000,40.000000000
21.570000000,40.000000000
21.580000000,40.000000000
21.590000000,40.000000000
21.600000000,40.000000000
21.610000000,40.000000000
21.620000000,40.000000000
21.630000000,40.000000000
21.640000000,40.000000000
21.650000000,40.000000000
21.660000000,40.000000000
21.670000000,40.000000000
21.680000000,40.000000000
21.690000000,40.000000000
21.700000000,40.000000000
21.710000000,40.000000000
21.720000000,40.000000000
21.730000000,40.000000000
21.740000000,40.000000000
21.750000000,40.000000000
21.760000000,40.000000000
21.770000000,40.000000000
21.780000000,40.000000000
21.790000000,40.000000000
21.800000000,40.000000000
21.810000000,40.000000000
21.820000000,40.000000000
21.830000000,40.000000000
21.840000000,40.000000000
21.850000000,40.000000000
21.860000000,40.000000000
21.870000000,40.000000000
21.880000000,40.000000000
21.890000000,40.000000000
21.900000000,40.000000000
21.910000000,40.000000000
21.920000000,40.000000000
21.930000000,40.000000000
21.940000000,40.000000000
21.950000000,40.000000000
21.960000000,40.000000000
21.970000000,40.000000000
21.980000000,40.000000000
21.990000000,40.000000000
22.000000000,40.000000000
22.010000000,40.000000000
22.020000000,40.000000000
22.030000000,40.000000000
22.040000000,40.000000000
22.050000000,40.000000000
22.060000000,40.000000000
22.070000000,40.000000000
22.080000000,40.000000000
22.090000000,40.000000000
22.100000000,40.000000000
22.110000000,40.000000000
22.120000000,40.000000000
22.130000000,40.000000000
22.140000000,40.000000000
22.150000000,40.000000000
22.160000000,40.000000000
22.170000000,40.000000000
22.180000000,40.000000000
22.190000000,40.000000000
22.200000000,40.000000000
22.210000000,40.000000000
22.220000000,40.000000000
22.230000000,40.000000000
22.240000000,40.000000000
22.250000000,40.000000000
22.260000000,40.000000000
22.270000000,40.000000000
22.280000000,40.000000000
22.290000000,40.000000000
22.300000000,40.000000000
22.310000000,40.000000000
22.320000000,40.000000000
22.330000000,40.000000000
22.340000000,40.000000000
22.350000000,40.000000000
22.360000000,40.000000000
22.370000000,40.000000000
22.380000000,40.000000000
22.390000000,40.000000000
22.400000000,40.000000000
22.410000000,40.000000000
22.420000000,40.000000000
22.430000000,40.000000000
22.440000000,40.000000000
22.450000000,40.000000000
22.460000000,40.000000000
22.470000000,40.000000000
22.480000000,40.000000000
22.490000000,40.000000000
22.500000000,40.000000000
22.510000000,40.000000000
22.520000000,40.000000000
22.530000000,40.000000000
22.540000000,40.000000000
22.550000000,40.000000000
22.560000000,40.000000000
22.570000000,40.000000000
22.580000000,40.000000000
22.590000000,40.000000000
22.600000000,40.000000000
22.610000000,40.000000000
22.620000000,40.000000000
22.630000000,40.000000000
22.640000000,40.000000000
22.650000000,40.000000000
22.660000000,40.000000000
22.670000000,40.000000000
22.680000000,40.000000000
22.690000000,40.000000000
22.700000000,40.000000000
22.710000000,40.000000000
22.720000000,40.000000000
22.730000000,40.000000000
22.740000000,40.000000000
22.750000000,40.000000000
22.760000000,40.000000000
22.770000000,40.000000000
22.780000000,40.000000000
22.790000000,40.000000000
22.800000000,40.000000000
22.810000000,40.000000000
22.820000000,40.000000000
22.830000000,40.000000000
22.840000000,40.000000000
22.850000000,40.000000000
22.860000000,40.000000000
22.870000000,40.000000000
22.880000000,40.000000000
22.890000000,40.000000000
22.900000000,40.000000000
22.910000000,40.000000000
22.920000000,40.000000000
22.930000000,40.000000000
22.940000000,40.000000000
22.950000000,40.000000000
22.960000000,40.000000000
22.970000000,40.000000000
22.980000000,40.000000000
22.990000000,40.000000000
23.000000000,40.000000000
23.010000000,40.000000000
23.020000000,40.000000000
23.030000000,40.000000000
23.040000000,40.000000000
23.050000000,40.000000000
23.060000000,40.000000000
23.070000000,40.000000000
23.080000000,40.000000000
23.090000000,40.000000000
23.100000000,40.000000000
23.110000000,40.000000000
23.120000000,40.000000000
23.130000000,40.000000000
23.140000000,40.000000000
23.150000000,40.000000000
23.160000000,40.000000000
23.170000000,40.000000000
23.180000000,40.000000000
23.190000000,40.000000000
23.200000000,40.000000000
23.210000000,40.000000000
23.220000000,40.000000000
23.230000000,40.000000000
23.240000000,40.000000000
23.250000000,40.000000000
23.260000000,40.000000000
23.270000000,40.000000000
23.280000000,40.000000000
23.290000000,40.000000000
23.300000000,40.000000000
23.310000000,40.000000000
23.320000000,40.000000000
23.330000000,40.000000000
23.340000000,40.000000000
23.350000000,40.000000000
23.360000000,40.000000000
23.370000000,40.000000000
23.380000000,40.000000000
23.390000000,40.000000000
23.400000000,40.000000000
23.410000000,40.000000000
23.420000000,40.000000000
23.430000000,40.000000000
23.440000000,40.000000000
23.450000000,40.000000000
23.460000000,40.000000000
23.470000000,40.000000000
23.480000000,40.000000000
23.490000000,40.000000000
23.500000000,40.000000000
23.510000000,40.000000000
23.520000000,40.000000000
23.530000000,40.000000000
23.540000000,40.000000000
23.550000000,40.000000000
23.560000000,40.000000000
23.570000000,40.000000000
23.580000000,40.000000000
23.590000000,40.000000000
23.600000000,40.000000000
23.610000000,40.000000000
23.620000000,40.000000000
23.630000000,40.000000000
23.640000000,40.000000000
23.650000000,40.000000000
23.660000000,40.000000000
23.670000000,40.000000000
23.680000000,40.000000000
23.690000000,40.000000000
23.700000000,40.000000000
23.710000000,40.000000000
23.720000000,40.000000000
23.730000000,40.000000000
23.740000000,40.000000000
23.750000000,40.000000000
23.760000000,40.000000000
23.770000000,40.000000000
23.780000000,40.000000000
23.790000000,40.000000000
23.800000000,40.000000000
23.810000000,40.000000000
23.820000000,40.000000000
23.830000000,40.000000000
23.840000000,40.000000000
23.850000000,40.000000000
23.860000000,40.000000000
23.870000000,40.000000000
23.880000000,40.000000000
23.890000000,40.000000000
23.900000000,40.000000000
23.910000000,40.000000000
23.920000000,40.000000000
23.930000000,40.000000000
23.940000000,40.000000000
23.950000000,40.000000000
23.960000000,40.000000000
23.970000000,40.000000000
23.980000000,40.000000000
23.990000000,40.000000000
24.000000000,40.000000000
24.010000000,40.000000000
24.020000000,40.000000000
24.030000000,40.000000000
24.040000000,40.000000000
24.050000000,40.000000000
24.060000000,40.000000000
24.070000000,40.000000000
24.080000000,40.000000000
24.090000000,40.000000000
24.100000000,40.000000000
24.110000000,40.000000000
24.120000000,40.000000000
24.130000000,40.000000000
24.140000000,40.000000000
24.150000000,40.000000000
24.160000000,40.000000000
24.170000000,40.000000000
24.180000000,40.000000000
24.190000000,40.000000000
24.200000000,40.000000000
24.210000000,40.000000000
24.220000000,40.000000000
24.230000000,40.000000000
24.240000000,40.000000000
24.250000000,40.000000000
24.260000000,40.000000000
24.270000000,40.000000000
24.280000000,40.000000000
24.290000000,40.000000000
24.300000000,40.000000000
24.310000000,40.000000000
24.320000000,40.000000000
24.330000000,40.000000000
24.340000000,40.000000000
24.350000000,40.000000000
24.360000000,40.000000000
24.370000000,40.000000000
24.380000000,40.000000000
24.390000000,40.000000000
24.400000000,40.000000000
24.410000000,40.000000000
24.420000000,40.000000000
24.430000000,40.000000000
24.440000000,40.000000000
24.450000000,40.000000000
24.460000000,40.000000000
24.470000000,40.000000000
24.480000000,40.000000000
24.490000000,40.000000000
24.500000000,40.000000000
24.510000000,40.000000000
24.520000000,40.000000000
24.530000000,40.000000000
24.540000000,40.000000000
24.550000000,40.000000000
24.560000000,40.000000000
24.570000000,40.000000000
24.580000000,40.000000000
24.590000000,40.000000000
24.600000000,40.000000000
24.610000000,40.000000000
24.620000000,40.000000000
24.630000000,40.000000000
24.640000000,40.000000000
24.650000000,40.000000000
24.660000000,40.000000000
24.670000000,40.000000000
24.680000000,40.000000000
24.690000000,40.000000000
24.700000000,40.000000000
24.710000000,40.000000000
24.720000000,40.000000000
24.730000000,40.000000000
24.740000000,40.000000000
24.750000000,40.000000000
24.760000000,40.000000000
24.770000000,40.000000000
24.780000000,40.000000000
24.790000000,40.000000000
24.800000000,40.000000000
24.810000000,40.000000000
24.820000000,40.000000000
24.830000000,40.000000000
24.840000000,40.000000000
24.850000000,40.000000000
24.860000000,40.000000000
24.870000000,40.000000000
24.880000000,40.000000000
24.890000000,40.000000000
24.900000000,40.000000000
24.910000000,40.000000000
24.920000000,40.000000000
24.930000000,40.000000000
24.940000000,40.000000000
24.950000000,40.000000000
24.960000000,40.000000000
24.970000000,40.000000000
24.980000000,40.000000000
24.990000000,40.000000000
25.000000000,40.000000000
25.010000000,40.000000000
25.020000000,40.000000000
25.030000000,40.000000000
25.040000000,40.000000000
25.050000000,40.000000000
25.060000000,40.000000000
25.070000000,40.000000000
25.080000000,40.000000000
25.090000000,40.000000000
25.100000000,40.000000000
25.110000000,40.000000000
25.120000000,40.000000000
25.130000000,40.000000000
25.140000000,40.000000000
25.150000000,40.000000000
25.160000000,40.000000000
25.170000000,40.000000000
25.180000000,40.000000000
25.190000000,40.000000000
25.200000000,40.000000000
25.210000000,40.000000000
25.220000000,40.000000000
25.230000000,40.000000000
25.240000000,40.000000000
25.250000000,40.000000000
25.260000000,40.000000000
25.270000000,40.000000000
25.280000000,40.000000000
25.290000000,40.000000000
25.300000000,40.000000000
25.310000000,40.000000000
25.320000000,40.000000000
25.330000000,40.000000000
25.340000000,40.000000000
25.350000000,40.000000000
25.360000000,40.000000000
25.370000000,40.000000000
25.380000000,40.000000000
25.390000000,40.000000000
25.400000000,40.000000000
25.410000000,40.000000000
25.420000000,40.000000000
25.430000000,40.000000000
25.440000000,40.000000000
25.450000000,40.000000000
25.460000000,40.000000000
25.470000000,40.000000000
25.480000000,40.000000000
25.490000000,40.000000000
25.500000000,40.000000000
25.510000000,40.000000000
25.520000000,40.000000000
25.530000000,40.000000000
25.540000000,40.000000000
25.550000000,40.000000000
25.560000000,40.000000000
25.570000000,40.000000000
25.580000000,40.000000000
25.590000000,40.000000000
25.600000000,40.000000000
25.610000000,40.000000000
25.620000000,40.000000000
25.630000000,40.000000000
25.640000000,40.000000000
25.650000000,40.000000000
25.660000000,40.000000000
25.670000000,40.000000000
25.680000000,40.000000000
25.690000000,40.000000000
25.700000000,40.000000000
25.710000000,40.000000000
25.720000000,40.000000000
25.730000000,40.000000000
25.740000000,40.000000000
25.750000000,40.000000000
25.760000000,40.000000000
25.770000000,40.000000000
25.780000000,40.000000000
25.790000000,40.000000000
25.800000000,40.000000000
25.810000000,40.000000000
25.820000000,40.000000000
25.830000000,40.000000000
25.840000000,40.000000000
25.850000000,40.000000000
25.860000000,40.000000000
25.870000000,40.000000000
25.880000000,40.000000000
25.890000000,40.000000000
25.900000000,40.000000000
25.910000000,40.000000000
25.920000000,40.000000000
25.930000000,40.000000000
25.940000000,40.000000000
25.950000000,40.000000000
25.960000000,40.000000000
25.970000000,40.000000000
25.980000000,40.000000000
25.990000000,40.000000000
26.000000000,40.000000000
26.010000000,40.000000000
26.020000000,40.000000000
26.030000000,40.000000000
26.040000000,40.000000000
26.050000000,40.000000000
26.060000000,40.000000000
26.070000000,40.000000000
26.080000000,40.000000000
26.090000000,40.000000000
26.100000000,40.000000000
26.110000000,40.000000000
26.120000000,40.000000000
26.130000000,40.000000000
26.140000000,40.000000000
26.150000000,40.000000000
26.160000000,40.000000000
26.170000000,40.000000000
26.180000000,40.000000000
26.190000000,40.000000000
26.200000000,40.000000000
26.210000000,40.000000000
26.220000000,40.000000000
26.230000000,40.000000000
26.240000000,40.000000000
26.250000000,40.000000000
26.260000000,40.000000000
26.270000000,40.000000000
26.280000000,40.000000000
26.290000000,40.000000000
26.300000000,40.000000000
26.310000000,40.000000000
26.320000000,40.000000000
26.330000000,40.000000000
26.340000000,40.000000000
26.350000000,40.000000000
26.360000000,40.000000000
26.370000000,40.000000000
26.380000000,40.000000000
26.390000000,40.000000000
26.400000000,40.000000000
26.410000000,40.000000000
26.420000000,40.000000000
26.430000000,40.000000000
26.440000000,40.000000000
26.450000000,40.000000000
26.460000000,40.000000000
26.470000000,40.000000000
26.480000000,40.000000000
26.490000000,40.000000000
26.500000000,40.000000000
26.510000000,40.000000000
26.520000000,40.000000000
26.530000000,40.000000000
26.540000000,40.000000000
26.550000000,40.000000000
26.560000000,40.000000000
26.570000000,40.000000000
26.580000000,40.000000000
26.590000000,40.000000000
26.600000000,40.000000000
26.610000000,40.000000000
26.620000000,40.000000000
26.630000000,40.000000000
26.640000000,40.000000000
26.650000000,40.000000000
26.660000000,40.000000000
26.670000000,40.000000000
26.680000000,40.000000000
26.690000000,40.000000000
26.700000000,40.000000000
26.710000000,40.000000000
26.720000000,40.000000000
26.730000000,40.000000000
26.740000000,40.000000000
26.750000000,40.000000000
26.760000000,40.000000000
26.770000000,40.000000000
26.780000000,40.000000000
26.790000000,40.000000000
26.800000000,40.000000000
26.810000000,40.000000000
26.820000000,40.000000000
26.830000000,40.000000000
26.840000000,40.000000000
26.850000000,40.000000000
26.860000000,40.000000000
26.870000000,40.000000000
26.880000000,40.000000000
26.890000000,40.000000000
26.900000000,40.000000000
26.910000000,40.000000000
26.920000000,40.000000000
26.930000000,40.000000000
26.940000000,40.000000000
26.950000000,40.000000000
26.960000000,40.000000000
26.970000000,40.000000000
26.980000000,40.000000000
26.990000000,40.000000000
27.000000000,40.000000000
27.010000000,40.000000000
27.020000000,40.000000000
27.030000000,40.000000000
27.040000000,40.000000000
27.050000000,40.000000000
27.060000000,40.000000000
27.070000000,40.000000000
27.080000000,40.000000000
27.090000000,40.000000000
27.100000000,40.000000000
27.110000000,40.000000000
27.120000000,40.000000000
27.130000000,40.000000000
27.140000000,40.000000000
27.150000000,40.000000000
27.160000000,40.000000000
27.170000000,40.000000000
27.180000000,40.000000000
27.190000000,40.000000000
27.200000000,40.000000000
27.210000000,40.000000000
27.220000000,40.000000000
27.230000000,40.000000000
27.240000000,40.000000000
27.250000000,40.000000000
27.260000000,40.000000000
27.270000000,40.000000000
27.280000000,40.000000000
27.290000000,40.000000000
27.300000000,40.000000000
27.310000000,40.000000000
27.320000000,40.000000000
27.330000000,40.000000000
27.340000000,40.000000000
27.350000000,40.000000000
27.360000000,40.000000000
27.370000000,40.000000000
27.380000000,40.000000000
27.390000000,40.000000000
27.400000000,40.000000000
27.410000000,40.000000000
27.420000000,40.000000000
27.430000000,40.000000000
27.440000000,40.000000000
27.450000000,40.000000000
27.460000000,40.000000000
27.470000000,40.000000000
27.480000000,40.000000000
27.490000000,40.000000000
27.500000000,40.000000000
27.510000000,40.000000000
27.520000000,40.000000000
27.530000000,40.000000000
27.540000000,40.000000000
27.550000000,40.000000000
27.560000000,40.000000000
27.570000000,40.000000000
27.580000000,40.000000000
27.590000000,40.000000000
27.600000000,40.000000000
27.610000000,40.000000000
27.620000000,40.000000000
27.630000000,40.000000000
27.640000000,40.000000000
27.650000000,40.000000000
27.660000000,40.000000000
27.670000000,40.000000000
27.680000000,40.000000000
27.690000000,40.000000000
27.700000000,40.000000000
27.710000000,40.000000000
27.720000000,40.000000000
27.730000000,40.000000000
27.740000000,40.000000000
27.750000000,40.000000000
27.760000000,40.000000000
27.770000000,40.000000000
27.780000000,40.000000000
27.790000000,40.000000000
27.800000000,40.000000000
27.810000000,40.000000000
27.820000000,40.000000000
27.830000000,40.000000000
27.840000000,40.000000000
27.850000000,40.000000000
27.860000000,40.000000000
27.870000000,40.000000000
27.880000000,40.000000000
27.890000000,40.000000000
27.900000000,40.000000000
27.910000000,40.000000000
27.920000000,40.000000000
27.930000000,40.000000000
27.940000000,40.000000000
27.950000000,40.000000000
27.960000000,40.000000000
27.970000000,40.000000000
27.980000000,40.000000000
27.990000000,40.000000000
28.000000000,40.000000000
28.010000000,40.000000000
28.020000000,40.000000000
28.030000000,40.000000000
28.040000000,40.000000000
28.050000000,40.000000000
28.060000000,40.000000000
28.070000000,40.000000000
28.080000000,40.000000000
28.090000000,40.000000000
28.100000000,40.000000000
28.110000000,40.000000000
28.120000000,40.000000000
28.130000000,40.000000000
28.140000000,40.000000000
28.150000000,40.000000000
28.160000000,40.000000000
28.170000000,40.000000000
28.180000000,40.000000000
28.190000000,40.000000000
28.200000000,40.000000000
28.210000000,40.000000000
28.220000000,40.000000000
28.230000000,40.000000000
28.240000000,40.000000000
28.250000000,40.000000000
28.260000000,40.000000000
28.270000000,40.000000000
28.280000000,40.000000000
28.290000000,40.000000000
28.300000000,40.000000000
28.310000000,40.000000000
28.320000000,40.000000000
28.330000000,40.000000000
28.340000000,40.000000000
28.350000000,40.000000000
28.360000000,40.000000000
28.370000000,40.000000000
28.380000000,40.000000000
28.390000000,40.000000000
28.400000000,40.000000000
28.410000000,40.000000000
28.420000000,40.000000000
28.430000000,40.000000000
28.440000000,40.000000000
28.450000000,40.000000000
28.460000000,40.000000000
28.470000000,40.000000000
28.480000000,40.000000000
28.490000000,40.000000000
28.500000000,40.000000000
28.510000000,40.000000000
28.520000000,40.000000000
28.530000000,40.000000000
28.540000000,40.000000000
28.550000000,40.000000000
28.560000000,40.000000000
28.570000000,40.000000000
28.580000000,40.000000000
28.590000000,40.000000000
28.600000000,40.000000000
28.610000000,40.000000000
28.620000000,40.000000000
28.630000000,40.000000000
28.640000000,40.000000000
28.650000000,40.000000000
28.660000000,40.000000000
28.670000000,40.000000000
28.680000000,40.000000000
28.690000000,40.000000000
28.700000000,40.000000000
28.710000000,40.000000000
28.720000000,40.000000000
28.730000000,40.000000000
28.740000000,40.000000000
28.750000000,40.000000000
28.760000000,40.000000000
28.770000000,40.000000000
28.780000000,40.000000000
28.790000000,40.000000000
28.800000000,40.000000000
28.810000000,40.000000000
28.820000000,40.000000000
28.830000000,40.000000000
28.840000000,40.000000000
28.850000000,40.000000000
28.860000000,40.000000000
28.870000000,40.000000000
28.880000000,40.000000000
28.890000000,40.000000000
28.900000000,40.000000000
28.910000000,40.000000000
28.920000000,40.000000000
28.930000000,40.000000000
28.940000000,40.000000000
28.950000000,40.000000000
28.960000000,40.000000000
28.970000000,40.000000000
28.980000000,40.000000000
28.990000000,40.000000000
29.000000000,40.000000000
29.010000000,40.000000000
29.020000000,40.000000000
29.030000000,40.000000000
29.040000000,40.000000000
29.050000000,40.000000000
29.060000000,40.000000000
29.070000000,40.000000000
29.080000000,40.000000000
29.090000000,40.000000000
29.100000000,40.000000000
29.110000000,40.000000000
29.120000000,40.000000000
29.130000000,40.000000000
29.140000000,40.000000000
29.150000000,40.000000000
29.160000000,40.000000000
29.170000000,40.000000000
29.180000000,40.000000000
29.190000000,40.000000000
29.200000000,40.000000000
29.210000000,40.000000000
29.220000000,40.000000000
29.230000000,40.000000000
29.240000000,40.000000000
29.250000000,40.000000000
29.260000000,40.000000000
29.270000000,40.000000000
29.280000000,40.000000000
29.290000000,40.000000000
29.300000000,40.000000000
29.310000000,40.000000000
29.320000000,40.000000000
29.330000000,40.000000000
29.340000000,40.000000000
29.350000000,40.000000000
29.360000000,40.000000000
29.370000000,40.000000000
29.380000000,40.000000000
29.390000000,40.000000000
29.400000000,40.000000000
29.410000000,40.000000000
29.420000000,40.000000000
29.430000000,40.000000000
29.440000000,40.000000000
29.450000000,40.000000000
29.460000000,40.000000000
29.470000000,40.000000000
29.480000000,40.000000000
29.490000000,40.000000000
29.500000000,40.000000000
29.510000000,40.000000000
29.520000000,40.000000000
29.530000000,40.000000000
29.540000000,40.000000000
29.550000000,40.000000000
29.560000000,40.000000000
29.570000000,40.000000000
29.580000000,40.000000000
29.590000000,40.000000000
29.600000000,40.000000000
29.610000000,40.000000000
29.620000000,40.000000000
29.630000000,40.000000000
29.640000000,40.000000000
29.650000000,40.000000000
29.660000000,40.000000000
29.670000000,40.000000000
29.680000000,40.000000000
29.690000000,40.000000000
29.700000000,40.000000000
29.710000000,40.000000000
29.720000000,40.000000000
29.730000000,40.000000000
29.740000000,40.000000000
29.750000000,40.000000000
29.760000000,40.000000000
29.770000000,40.000000000
29.780000000,40.000000000
29.790000000,40.000000000
29.800000000,40.000000000
29.810000000,40.000000000
29.820000000,40.000000000
29.830000000,40.000000000
29.840000000,40.000000000
29.850000000,40.000000000
29.860000000,40.000000000
29.870000000,40.000000000
29.880000000,40.000000000
29.890000000,40.000000000
29.900000000,40.000000000
29.910000000,40.000000000
29.920000000,40.000000000
29.930000000,40.000000000
29.940000000,40.000000000
29.950000000,40.000000000
29.960000000,40.000000000
29.970000000,40.000000000
29.980000000,40.000000000
29.990000000,40.000000000
30.000000000,40.000000000
30.010000000,40.000000000
30.020000000,40.000000000
30.030000000,40.000000000
30.040000000,40.000000000
30.050000000,40.000000000
30.060000000,40.000000000
30.070000000,40.000000000
30.080000000,40.000000000
30.090000000,40.000000000
30.100000000,40.000000000
30.110000000,40.000000000
30.120000000,40.000000000
30.130000000,40.000000000
30.140000000,40.000000000
30.150000000,40.000000000
30.160000000,40.000000000
30.170000000,40.000000000
30.180000000,40.000000000
30.190000000,40.000000000
30.200000000,40.000000000
30.210000000,40.000000000
30.220000000,40.000000000
30.230000000,40.000000000
30.240000000,40.000000000
30.250000000,40.000000000
30.260000000,40.000000000
30.270000000,40.000000000
30.280000000,40.000000000
30.290000000,40.000000000
30.300000000,40.000000000
30.310000000,40.000000000
30.320000000,40.000000000
30.330000000,40.000000000
30.340000000,40.000000000
30.350000000,40.000000000
30.360000000,40.000000000
30.370000000,40.000000000
30.380000000,40.000000000
30.390000000,40.000000000
30.400000000,40.000000000
30.410000000,40.000000000
30.420000000,40.000000000
30.430000000,40.000000000
30.440000000,40.000000000
30.450000000,40.000000000
30.460000000,40.000000000
30.470000000,40.000000000
30.480000000,40.000000000
30.490000000,40.000000000
30.500000000,40.000000000
30.510000000,40.000000000
30.520000000,40.000000000
30.530000000,40.000000000
30.540000000,40.000000000
30.550000000,40.000000000
30.560000000,40.000000000
30.570000000,40.000000000
30.580000000,40.000000000
30.590000000,40.000000000
30.600000000,40.000000000
30.610000000,40.000000000
30.620000000,40.000000000
30.630000000,40.000000000
30.640000000,40.000000000
30.650000000,40.000000000
30.660000000,40.000000000
30.670000000,40.000000000
30.680000000,40.000000000
30.690000000,40.000000000
30.700000000,40.000000000
30.710000000,40.000000000
30.720000000,40.000000000
30.730000000,40.000000000
30.740000000,40.000000000
30.750000000,40.000000000
30.760000000,40.000000000
30.770000000,40.000000000
30.780000000,40.000000000
30.790000000,40.000000000
30.800000000,40.000000000
30.810000000,40.000000000
30.820000000,40.000000000
30.830000000,40.000000000
30.840000000,40.000000000
30.850000000,40.000000000
30.860000000,40.000000000
30.870000000,40.000000000
30.880000000,40.000000000
30.890000000,40.000000000
30.900000000,40.000000000
30.910000000,40.000000000
30.920000000,40.000000000
30.930000000,40.000000000
30.940000000,40.000000000
30.950000000,40.000000000
30.960000000,40.000000000
30.970000000,40.000000000
30.980000000,40.000000000
30.990000000,40.000000000
31.000000000,40.000000000
31.010000000,40.000000000
31.020000000,40.000000000
31.030000000,40.000000000
31.040000000,40.000000000
31.050000000,40.000000000
31.060000000,40.000000000
31.070000000,40.000000000
31.080000000,40.000000000
31.090000000,40.000000000
31.100000000,40.000000000
31.110000000,40.000000000
31.120000000,40.000000000
31.130000000,40.000000000
31.140000000,40.000000000
31.150000000,40.000000000
31.160000000,40.000000000
31.170000000,40.000000000
31.180000000,40.000000000
31.190000000,40.000000000
31.200000000,40.000000000
31.210000000,40.000000000
31.220000000,40.000000000
31.230000000,40.000000000
31.240000000,40.000000000
31.250000000,40.000000000
31.260000000,40.000000000
31.270000000,40.000000000
31.280000000,40.000000000
31.290000000,40.000000000
31.300000000,40.000000000
31.310000000,40.000000000
31.320000000,40.000000000
31.330000000,40.000000000
31.340000000,40.000000000
31.350000000,40.000000000
31.360000000,40.000000000
31.370000000,40.000000000
31.380000000,40.000000000
31.390000000,40.000000000
31.400000000,40.000000000
31.410000000,40.000000000
31.420000000,40.000000000
31.430000000,40.000000000
31.440000000,40.000000000
31.450000000,40.000000000
31.460000000,40.000000000
31.470000000,40.000000000
31.480000000,40.000000000
31.490000000,40.000000000
31.500000000,40.000000000
31.510000000,40.000000000
31.520000000,40.000000000
31.530000000,40.000000000
31.540000000,40.000000000
31.550000000,40.000000000
31.560000000,40.000000000
31.570000000,40.000000000
31.580000000,40.000000000
31.590000000,40.000000000
31.600000000,40.000000000
31.610000000,40.000000000
31.620000000,40.000000000
31.630000000,40.000000000
31.640000000,40.000000000
31.650000000,40.000000000
31.660000000,40.000000000
31.670000000,40.000000000
31.680000000,40.000000000
31.690000000,40.000000000
31.700000000,40.000000000
31.710000000,40.000000000
31.720000000,40.000000000
31.730000000,40.000000000
31.740000000,40.000000000
31.750000000,40.000000000
31.760000000,40.000000000
31.770000000,40.000000000
31.780000000,40.000000000
31.790000000,40.000000000
31.800000000,40.000000000
31.810000000,40.000000000
31.820000000,40.000000000
31.830000000,40.000000000
31.840000000,40.000000000
31.850000000,40.000000000
31.860000000,40.000000000
31.870000000,40.000000000
31.880000000,40.000000000
31.890000000,40.000000000
31.900000000,40.000000000
31.910000000,40.000000000
31.920000000,40.000000000
31.930000000,40.000000000
31.940000000,40.000000000
31.950000000,40.000000000
31.960000000,40.000000000
31.970000000,40.000000000
31.980000000,40.000000000
31.990000000,40.000000000
32.000000000,40.000000000
32.010000000,40.000000000
32.020000000,40.000000000
32.030000000,40.000000000
32.040000000,40.000000000
32.050000000,40.000000000
32.060000000,40.000000000
32.070000000,40.000000000
32.080000000,40.000000000
32.090000000,40.000000000
32.100000000,40.000000000
32.110000000,40.000000000
32.120000000,40.000000000
32.130000000,40.000000000
32.140000000,40.000000000
32.150000000,40.000000000
32.160000000,40.000000000
32.170000000,40.000000000
32.180000000,40.000000000
32.190000000,40.000000000
32.200000000,40.000000000
32.210000000,40.000000000
32.220000000,40.000000000
32.230000000,40.000000000
32.240000000,40.000000000
32.250000000,40.000000000
32.260000000,40.000000000
32.270000000,40.000000000
32.280000000,40.000000000
32.290000000,40.000000000
32.300000000,40.000000000
32.310000000,40.000000000
32.320000000,40.000000000
32.330000000,40.000000000
32.340000000,40.000000000
32.350000000,40.000000000
32.360000000,40.000000000
32.370000000,40.000000000
32.380000000,40.000000000
32.390000000,40.000000000
32.400000000,40.000000000
32.410000000,40.000000000
32.420000000,40.000000000
32.430000000,40.000000000
32.440000000,40.000000000
32.450000000,40.000000000
32.460000000,40.000000000
32.470000000,40.000000000
32.480000000,40.000000000
32.490000000,40.000000000
32.500000000,40.000000000
32.510000000,40.000000000
32.520000000,40.000000000
32.530000000,40.000000000
32.540000000,40.000000000
32.550000000,40.000000000
32.560000000,40.000000000
32.570000000,40.000000000
32.580000000,40.000000000
32.590000000,40.000000000
32.600000000,40.000000000
32.610000000,40.000000000
32.620000000,40.000000000
32.630000000,40.000000000
32.640000000,40.000000000
32.650000000,40.000000000
32.660000000,40.000000000
32.670000000,40.000000000
32.680000000,40.000000000
32.690000000,40.000000000
32.700000000,40.000000000
32.710000000,40.000000000
32.720000000,40.000000000
32.730000000,40.000000000
32.740000000,40.000000000
32.750000000,40.000000000
32.760000000,40.000000000
32.770000000,40.000000000
32.780000000,40.000000000
32.790000000,40.000000000
32.800000000,40.000000000
32.810000000,40.000000000
32.820000000,40.000000000
32.830000000,40.000000000
32.840000000,40.000000000
32.850000000,40.000000000
32.860000000,40.000000000
32.870000000,40.000000000
32.880000000,40.000000000
32.890000000,40.000000000
32.900000000,40.000000000
32.910000000,40.000000000
32.920000000,40.000000000
32.930000000,40.000000000
32.940000000,40.000000000
32.950000000,40.000000000
32.960000000,40.000000000
32.970000000,40.000000000
32.980000000,40.000000000
32.990000000,40.000000000
33.000000000,40.000000000
33.010000000,40.000000000
33.020000000,40.000000000
33.030000000,40.000000000
33.040000000,40.000000000
33.050000000,40.000000000
33.060000000,40.000000000
33.070000000,40.000000000
33.080000000,40.000000000
33.090000000,40.000000000
33.100000000,40.000000000
33.110000000,40.000000000
33.120000000,40.000000000
33.130000000,40.000000000
33.140000000,40.000000000
33.150000000,40.000000000
33.160000000,40.000000000
33.170000000,40.000000000
33.180000000,40.000000000
33.190000000,40.000000000
33.200000000,40.000000000
33.210000000,40.000000000
33.220000000,40.000000000
33.230000000,40.000000000
33.240000000,40.000000000
33.250000000,40.000000000
33.260000000,40.000000000
33.270000000,40.000000000
33.280000000,40.000000000
33.290000000,40.000000000
33.300000000,40.000000000
33.310000000,40.000000000
33.320000000,40.000000000
33.330000000,40.000000000
33.340000000,40.000000000
33.350000000,40.000000000
33.360000000,40.000000000
33.370000000,40.000000000
33.380000000,40.000000000
33.390000000,40.000000000
33.400000000,40.000000000
33.410000000,40.000000000
33.420000000,40.000000000
33.430000000,40.000000000
33.440000000,40.000000000
33.450000000,40.000000000
33.460000000,40.000000000
33.470000000,40.000000000
33.480000000,40.000000000
33.490000000,40.000000000
33.500000000,40.000000000
33.510000000,40.000000000
33.520000000,40.000000000
33.530000000,40.000000000
33.540000000,40.000000000
33.550000000,40.000000000
33.560000000,40.000000000
33.570000000,40.000000000
33.580000000,40.000000000
33.590000000,40.000000000
33.600000000,40.000000000
33.610000000,40.000000000
33.620000000,40.000000000
33.630000000,40.000000000
33.640000000,40.000000000
33.650000000,40.000000000
33.660000000,40.000000000
33.670000000,40.000000000
33.680000000,40.000000000
33.690000000,40.000000000
33.700000000,40.000000000
33.710000000,40.000000000
33.720000000,40.000000000
33.730000000,40.000000000
33.740000000,40.000000000
33.750000000,40.000000000
33.760000000,40.000000000
33.770000000,40.000000000
33.780000000,40.000000000
33.790000000,40.000000000
33.800000000,40.000000000
33.810000000,40.000000000
33.820000000,40.000000000
33.830000000,40.000000000
33.840000000,40.000000000
33.850000000,40.000000000
33.860000000,40.000000000
33.870000000,40.000000000
33.880000000,40.000000000
33.890000000,40.000000000
33.900000000,40.000000000
33.910000000,40.000000000
33.920000000,40.000000000
33.930000000,40.000000000
33.940000000,40.000000000
33.950000000,40.000000000
33.960000000,40.000000000
33.970000000,40.000000000
33.980000000,40.000000000
33.990000000,40.000000000
34.000000000,40.000000000
34.010000000,40.000000000
34.020000000,40.000000000
34.030000000,40.000000000
34.040000000,40.000000000
34.050000000,40.000000000
34.060000000,40.000000000
34.070000000,40.000000000
34.080000000,40.000000000
34.090000000,40.000000000
34.100000000,40.000000000
34.110000000,40.000000000
34.120000000,40.000000000
34.130000000,40.000000000
34.140000000,40.000000000
34.150000000,40.000000000
34.160000000,40.000000000
34.170000000,40.000000000
34.180000000,40.000000000
34.190000000,40.000000000
34.200000000,40.000000000
34.210000000,40.000000000
34.220000000,40.000000000
34.230000000,40.000000000
34.240000000,40.000000000
34.250000000,40.000000000
34.260000000,40.000000000
34.270000000,40.000000000
34.280000000,40.000000000
34.290000000,40.000000000
34.300000000,40.000000000
34.310000000,40.000000000
34.320000000,40.000000000
34.330000000,40.000000000
34.340000000,40.000000000
34.350000000,40.000000000
34.360000000,40.000000000
34.370000000,40.000000000
34.380000000,40.000000000
34.390000000,40.000000000
34.400000000,40.000000000
34.410000000,40.000000000
34.420000000,40.000000000
34.430000000,40.000000000
34.440000000,40.000000000
34.450000000,40.000000000
34.460000000,40.000000000
34.470000000,40.000000000
34.480000000,40.000000000
34.490000000,40.000000000
34.500000000,40.000000000
34.510000000,40.000000000
34.520000000,40.000000000
34.530000000,40.000000000
34.540000000,40.000000000
34.550000000,40.000000000
34.560000000,40.000000000
34.570000000,40.000000000
34.580000000,40.000000000
34.590000000,40.000000000
34.600000000,40.000000000
34.610000000,40.000000000
34.620000000,40.000000000
34.630000000,40.000000000
34.640000000,40.000000000
34.650000000,40.000000000
34.660000000,40.000000000
34.670000000,40.000000000
34.680000000,40.000000000
34.690000000,40.000000000
34.700000000,40.000000000
34.710000000,40.000000000
34.720000000,40.000000000
34.730000000,40.000000000
34.740000000,40.000000000
34.750000000,40.000000000
34.760000000,40.000000000
34.770000000,40.000000000
34.780000000,40.000000000
34.790000000,40.000000000
34.800000000,40.000000000
34.810000000,40.000000000
34.820000000,40.000000000
34.830000000,40.000000000
34.840000000,40.000000000
34.850000000,40.000000000
34.860000000,40.000000000
34.870000000,40.000000000
34.880000000,40.000000000
34.890000000,40.000000000
34.900000000,40.000000000
34.910000000,40.000000000
34.920000000,40.000000000
34.930000000,40.000000000
34.940000000,40.000000000
34.950000000,40.000000000
34.960000000,40.000000000
34.970000000,40.000000000
34.980000000,40.000000000
34.990000000,40.000000000
35.000000000,40.000000000
35.010000000,40.000000000
35.020000000,40.000000000
35.030000000,40.000000000
35.040000000,40.000000000
35.050000000,40.000000000
35.060000000,40.000000000
35.070000000,40.000000000
35.080000000,40.000000000
35.090000000,40.000000000
35.100000000,40.000000000
35.110000000,40.000000000
35.120000000,40.000000000
35.130000000,40.000000000
35.140000000,40.000000000
35.150000000,40.000000000
35.160000000,40.000000000
35.170000000,40.000000000
35.180000000,40.000000000
35.190000000,40.000000000
35.200000000,40.000000000
35.210000000,40.000000000
35.220000000,40.000000000
35.230000000,40.000000000
35.240000000,40.000000000
35.250000000,40.000000000
35.260000000,40.000000000
35.270000000,40.000000000
35.280000000,40.000000000
35.290000000,40.000000000
35.300000000,40.000000000
35.310000000,40.000000000
35.320000000,40.000000000
35.330000000,40.000000000
35.340000000,40.000000000
35.350000000,40.000000000
35.360000000,40.000000000
35.370000000,40.000000000
35.380000000,40.000000000
35.390000000,40.000000000
35.400000000,40.000000000
35.410000000,40.000000000
35.420000000,40.000000000
35.430000000,40.000000000
35.440000000,40.000000000
35.450000000,40.000000000
35.460000000,40.000000000
35.470000000,40.000000000
35.480000000,40.000000000
35.490000000,40.000000000
35.500000000,40.000000000
35.510000000,40.000000000
35.520000000,40.000000000
35.530000000,40.000000000
35.540000000,40.000000000
35.550000000,40.000000000
35.560000000,40.000000000
35.570000000,40.000000000
35.580000000,40.000000000
35.590000000,40.000000000
35.600000000,40.000000000
35.610000000,40.000000000
35.620000000,40.000000000
35.630000000,40.000000000
35.640000000,40.000000000
35.650000000,40.000000000
35.660000000,40.000000000
35.670000000,40.000000000
35.680000000,40.000000000
35.690000000,40.000000000
35.700000000,40.000000000
35.710000000,40.000000000
35.720000000,40.000000000
35.730000000,40.000000000
35.740000000,40.000000000
35.750000000,40.000000000
35.760000000,40.000000000
35.770000000,40.000000000
35.780000000,40.000000000
35.790000000,40.000000000
35.800000000,40.000000000
35.810000000,40.000000000
35.820000000,40.000000000
35.830000000,40.000000000
35.840000000,40.000000000
35.850000000,40.000000000
35.860000000,40.000000000
35.870000000,40.000000000
35.880000000,40.000000000
35.890000000,40.000000000
35.900000000,40.000000000
35.910000000,40.000000000
35.920000000,40.000000000
35.930000000,40.000000000
35.940000000,40.000000000
35.950000000,40.000000000
35.960000000,40.000000000
35.970000000,40.000000000
35.980000000,40.000000000
35.990000000,40.000000000
36.000000000,40.000000000
36.010000000,40.000000000
36.020000000,40.000000000
36.030000000,40.000000000
36.040000000,40.000000000
36.050000000,40.000000000
36.060000000,40.000000000
36.070000000,40.000000000
36.080000000,40.000000000
36.090000000,40.000000000
36.100000000,40.000000000
36.110000000,40.000000000
36.120000000,40.000000000
36.130000000,40.000000000
36.140000000,40.000000000
36.150000000,40.000000000
36.160000000,40.000000000
36.170000000,40.000000000
36.180000000,40.000000000
36.190000000,40.000000000
36.200000000,40.000000000
36.210000000,40.000000000
36.220000000,40.000000000
36.230000000,40.000000000
36.240000000,40.000000000
36.250000000,40.000000000
36.260000000,40.000000000
36.270000000,40.000000000
36.280000000,40.000000000
36.290000000,40.000000000
36.300000000,40.000000000
36.310000000,40.000000000
36.320000000,40.000000000
36.330000000,40.000000000
36.340000000,40.000000000
36.350000000,40.000000000
36.360000000,40.000000000
36.370000000,40.000000000
36.380000000,40.000000000
36.390000000,40.000000000
36.400000000,40.000000000
36.410000000,40.000000000
36.420000000,40.000000000
36.430000000,40.000000000
36.440000000,40.000000000
36.450000000,40.000000000
36.460000000,40.000000000
36.470000000,40.000000000
36.480000000,40.000000000
36.490000000,40.000000000
36.500000000,40.000000000
36.510000000,40.000000000
36.520000000,40.000000000
36.530000000,40.000000000
36.540000000,40.000000000
36.550000000,40.000000000
36.560000000,40.000000000
36.570000000,40.000000000
36.580000000,40.000000000
36.590000000,40.000000000
36.600000000,40.000000000
36.610000000,40.000000000
36.620000000,40.000000000
36.630000000,40.000000000
36.640000000,40.000000000
36.650000000,40.000000000
36.660000000,40.000000000
36.670000000,40.000000000
36.680000000,40.000000000
36.690000000,40.000000000
36.700000000,40.000000000
36.710000000,40.000000000
36.720000000,40.000000000
36.730000000,40.000000000
36.740000000,40.000000000
36.750000000,40.000000000
36.760000000,40.000000000
36.770000000,40.000000000
36.780000000,40.000000000
36.790000000,40.000000000
36.800000000,40.000000000
36.810000000,40.000000000
36.820000000,40.000000000
36.830000000,40.000000000
36.840000000,40.000000000
36.850000000,40.000000000
36.860000000,40.000000000
36.870000000,40.000000000
36.880000000,40.000000000
36.890000000,40.000000000
36.900000000,40.000000000
36.910000000,40.000000000
36.920000000,40.000000000
36.930000000,40.000000000
36.940000000,40.000000000
36.950000000,40.000000000
36.960000000,40.000000000
36.970000000,40.000000000
36.980000000,40.000000000
36.990000000,40.000000000
37.000000000,40.000000000
37.010000000,40.000000000
37.020000000,40.000000000
37.030000000,40.000000000
37.040000000,40.000000000
37.050000000,40.000000000
37.060000000,40.000000000
37.070000000,40.000000000
37.080000000,40.000000000
37.090000000,40.000000000
37.100000000,40.000000000
37.110000000,40.000000000
37.120000000,40.000000000
37.130000000,40.000000000
37.140000000,40.000000000
37.150000000,40.000000000
37.160000000,40.000000000
37.170000000,40.000000000
37.180000000,40.000000000
37.190000000,40.000000000
37.200000000,40.000000000
37.210000000,40.000000000
37.220000000,40.000000000
37.230000000,40.000000000
37.240000000,40.000000000
37.250000000,40.000000000
37.260000000,40.000000000
37.270000000,40.000000000
37.280000000,40.000000000
37.290000000,40.000000000
37.300000000,40.000000000
37.310000000,40.000000000
37.320000000,40.000000000
37.330000000,40.000000000
37.340000000,40.000000000
37.350000000,40.000000000
37.360000000,40.000000000
37.370000000,40.000000000
37.380000000,40.000000000
37.390000000,40.000000000
37.400000000,40.000000000
37.410000000,40.000000000
37.420000000,40.000000000
37.430000000,40.000000000
37.440000000,40.000000000
37.450000000,40.000000000
37.460000000,40.000000000
37.470000000,40.000000000
37.480000000,40.000000000
37.490000000,40.000000000
37.500000000,40.000000000
37.510000000,40.000000000
37.520000000,40.000000000
37.530000000,40.000000000
37.540000000,40.000000000
37.550000000,40.000000000
37.560000000,40.000000000
37.570000000,40.000000000
37.580000000,40.000000000
37.590000000,40.000000000
37.600000000,40.000000000
37.610000000,40.000000000
37.620000000,40.000000000
37.630000000,40.000000000
37.640000000,40.000000000
37.650000000,40.000000000
37.660000000,40.000000000
37.670000000,40.000000000
37.680000000,40.000000000
37.690000000,40.000000000
37.700000000,40.000000000
37.710000000,40.000000000
37.720000000,40.000000000
37.730000000,40.000000000
37.740000000,40.000000000
37.750000000,40.000000000
37.760000000,40.000000000
37.770000000,40.000000000
37.780000000,40.000000000
37.790000000,40.000000000
37.800000000,40.000000000
37.810000000,40.000000000
37.820000000,40.000000000
37.830000000,40.000000000
37.840000000,40.000000000
37.850000000,40.000000000
37.860000000,40.000000000
37.870000000,40.000000000
37.880000000,40.000000000
37.890000000,40.000000000
37.900000000,40.000000000
37.910000000,40.000000000
37.920000000,40.000000000
37.930000000,40.000000000
37.940000000,40.000000000
37.950000000,40.000000000
37.960000000,40.000000000
37.970000000,40.000000000
37.980000000,40.000000000
37.990000000,40.000000000
38.000000000,40.000000000
38.010000000,40.000000000
38.020000000,40.000000000
38.030000000,40.000000000
38.040000000,40.000000000
38.050000000,40.000000000
38.060000000,40.000000000
38.070000000,40.000000000
38.080000000,40.000000000
38.090000000,40.000000000
38.100000000,40.000000000
38.110000000,40.000000000
38.120000000,40.000000000
38.130000000,40.000000000
38.140000000,40.000000000
38.150000000,40.000000000
38.160000000,40.000000000
38.170000000,40.000000000
38.180000000,40.000000000
38.190000000,40.000000000
38.200000000,40.000000000
38.210000000,40.000000000
38.220000000,40.000000000
38.230000000,40.000000000
38.240000000,40.000000000
38.250000000,40.000000000
38.260000000,40.000000000
38.270000000,40.000000000
38.280000000,40.000000000
38.290000000,40.000000000
38.300000000,40.000000000
38.310000000,40.000000000
38.320000000,40.000000000
38.330000000,40.000000000
38.340000000,40.000000000
38.350000000,40.000000000
38.360000000,40.000000000
38.370000000,40.000000000
38.380000000,40.000000000
38.390000000,40.000000000
38.400000000,40.000000000
38.410000000,40.000000000
38.420000000,40.000000000
38.430000000,40.000000000
38.440000000,40.000000000
38.450000000,40.000000000
38.460000000,40.000000000
38.470000000,40.000000000
38.480000000,40.000000000
38.490000000,40.000000000
38.500000000,40.000000000
38.510000000,40.000000000
38.520000000,40.000000000
38.530000000,40.000000000
38.540000000,40.000000000
38.550000000,40.000000000
38.560000000,40.000000000
38.570000000,40.000000000
38.580000000,40.000000000
38.590000000,40.000000000
38.600000000,40.000000000
38.610000000,40.000000000
38.620000000,40.000000000
38.630000000,40.000000000
38.640000000,40.000000000
38.650000000,40.000000000
38.660000000,40.000000000
38.670000000,40.000000000
38.680000000,40.000000000
38.690000000,40.000000000
38.700000000,40.000000000
38.710000000,40.000000000
38.720000000,40.000000000
38.730000000,40.000000000
38.740000000,40.000000000
38.750000000,40.000000000
38.760000000,40.000000000
38.770000000,40.000000000
38.780000000,40.000000000
38.790000000,40.000000000
38.800000000,40.000000000
38.810000000,40.000000000
38.820000000,40.000000000
38.830000000,40.000000000
38.840000000,40.000000000
38.850000000,40.000000000
38.860000000,40.000000000
38.870000000,40.000000000
38.880000000,40.000000000
38.890000000,40.000000000
38.900000000,40.000000000
38.910000000,40.000000000
38.920000000,40.000000000
38.930000000,40.000000000
38.940000000,40.000000000
38.950000000,40.000000000
38.960000000,40.000000000
38.970000000,40.000000000
38.980000000,40.000000000
38.990000000,40.000000000
39.000000000,40.000000000
39.010000000,40.000000000
39.020000000,40.000000000
39.030000000,40.000000000
39.040000000,40.000000000
39.050000000,40.000000000
39.060000000,40.000000000
39.070000000,40.000000000
39.080000000,40.000000000
39.090000000,40.000000000
39.100000000,40.000000000
39.110000000,40.000000000
39.120000000,40.000000000
39.130000000,40.000000000
39.140000000,40.000000000
39.150000000,40.000000000
39.160000000,40.000000000
39.170000000,40.000000000
39.180000000,40.000000000
39.190000000,40.000000000
39.200000000,40.000000000
39.210000000,40.000000000
39.220000000,40.000000000
39.230000000,40.000000000
39.240000000,40.000000000
39.250000000,40.000000000
39.260000000,40.000000000
39.270000000,40.000000000
39.280000000,40.000000000
39.290000000,40.000000000
39.300000000,40.000000000
39.310000000,40.000000000
39.320000000,40.000000000
39.330000000,40.000000000
39.340000000,40.000000000
39.350000000,40.000000000
39.360000000,40.000000000
39.370000000,40.000000000
39.380000000,40.000000000
39.390000000,40.000000000
39.400000000,40.000000000
39.410000000,40.000000000
39.420000000,40.000000000
39.430000000,40.000000000
39.440000000,40.000000000
39.450000000,40.000000000
39.460000000,40.000000000
39.470000000,40.000000000
39.480000000,40.000000000
39.490000000,40.000000000
39.500000000,40.000000000
39.510000000,40.000000000
39.520000000,40.000000000
39.530000000,40.000000000
39.540000000,40.000000000
39.550000000,40.000000000
39.560000000,40.000000000
39.570000000,40.000000000
39.580000000,40.000000000
39.590000000,40.000000000
39.600000000,40.000000000
39.610000000,40.000000000
39.620000000,40.000000000
39.630000000,40.000000000
39.640000000,40.000000000
39.650000000,40.000000000
39.660000000,40.000000000
39.670000000,40.000000000
39.680000000,40.000000000
39.690000000,40.000000000
39.700000000,40.000000000
39.710000000,40.000000000
39.720000000,40.000000000
39.730000000,40.000000000
39.740000000,40.000000000
39.750000000,40.000000000
39.760000000,40.000000000
39.770000000,40.000000000
39.780000000,40.000000000
39.790000000,40.000000000
39.800000000,40.000000000
39.810000000,40.000000000
39.820000000,40.000000000
39.830000000,40.000000000
39.840000000,40.000000000
39.850000000,40.000000000
39.860000000,40.000000000
39.870000000,40.000000000
39.880000000,40.000000000
39.890000000,40.000000000
39.900000000,40.000000000
39.910000000,40.000000000
39.920000000,40.000000000
39.930000000,40.000000000
39.940000000,40.000000000
39.950000000,40.000000000
39.960000000,40.000000000
39.970000000,40.000000000
39.980000000,40.000000000
39.990000000,40.000000000
40.000000000,40.000000000
40.010000000,40.000000000
40.020000000,40.000000000
40.030000000,40.000000000
40.040000000,40.000000000
40.050000000,40.000000000
40.060000000,40.000000000
40.070000000,40.000000000
40.080000000,40.000000000
40.090000000,40.000000000
40.100000000,40.000000000
40.110000000,40.000000000
40.120000000,40.000000000
40.130000000,40.000000000
40.140000000,40.000000000
40.150000000,40.000000000
40.160000000,40.000000000
40.170000000,40.000000000
40.180000000,40.000000000
40.190000000,40.000000000
40.200000000,40.000000000
40.210000000,40.000000000
40.220000000,40.000000000
40.230000000,40.000000000
40.240000000,40.000000000
40.250000000,40.000000000
40.260000000,40.000000000
40.270000000,40.000000000
40.280000000,40.000000000
40.290000000,40.000000000
40.300000000,40.000000000
40.310000000,40.000000000
40.320000000,40.000000000
40.330000000,40.000000000
40.340000000,40.000000000
40.350000000,40.000000000
40.360000000,40.000000000
40.370000000,40.000000000
40.380000000,40.000000000
40.390000000,40.000000000
40.400000000,40.000000000
40.410000000,40.000000000
40.420000000,40.000000000
40.430000000,40.000000000
40.440000000,40.000000000
40.450000000,40.000000000
40.460000000,40.000000000
40.470000000,40.000000000
40.480000000,40.000000000
40.490000000,40.000000000
40.500000000,40.000000000
40.510000000,40.000000000
40.520000000,40.000000000
40.530000000,40.000000000
40.540000000,40.000000000
40.550000000,40.000000000
40.560000000,40.000000000
40.570000000,40.000000000
40.580000000,40.000000000
40.590000000,40.000000000
40.600000000,40.000000000
40.610000000,40.000000000
40.620000000,40.000000000
40.630000000,40.000000000
40.640000000,40.000000000
40.650000000,40.000000000
40.660000000,40.000000000
40.670000000,40.000000000
40.680000000,40.000000000
40.690000000,40.000000000
40.700000000,40.000000000
40.710000000,40.000000000
40.720000000,40.000000000
40.730000000,40.000000000
40.740000000,40.000000000
40.750000000,40.000000000
40.760000000,40.000000000
40.770000000,40.000000000
40.780000000,40.000000000
40.790000000,40.000000000
40.800000000,40.000000000
40.810000000,40.000000000
40.820000000,40.000000000
40.830000000,40.000000000
40.840000000,40.000000000
40.850000000,40.000000000
40.860000000,40.000000000
40.870000000,40.000000000
40.880000000,40.000000000
40.890000000,40.000000000
40.900000000,40.000000000
40.910000000,40.000000000
40.920000000,40.000000000
40.930000000,40.000000000
40.940000000,40.000000000
40.950000000,40.000000000
40.960000000,40.000000000
40.970000000,40.000000000
40.980000000,40.000000000
40.990000000,40.000000000
41.000000000,40.000000000
41.010000000,40.000000000
41.020000000,40.000000000
41.030000000,40.000000000
41.040000000,40.000000000
41.050000000,40.000000000
41.060000000,40.000000000
41.070000000,40.000000000
41.080000000,40.000000000
41.090000000,40.000000000
41.100000000,40.000000000
41.110000000,40.000000000
41.120000000,40.000000000
41.130000000,40.000000000
41.140000000,40.000000000
41.150000000,40.000000000
41.160000000,40.000000000
41.170000000,40.000000000
41.180000000,40.000000000
41.190000000,40.000000000
41.200000000,40.000000000
41.210000000,40.000000000
41.220000000,40.000000000
41.230000000,40.000000000
41.240000000,40.000000000
41.250000000,40.000000000
41.260000000,40.000000000
41.270000000,40.000000000
41.280000000,40.000000000
41.290000000,40.000000000
41.300000000,40.000000000
41.310000000,40.000000000
41.320000000,40.000000000
41.330000000,40.000000000
41.340000000,40.000000000
41.350000000,40.000000000
41.360000000,40.000000000
41.370000000,40.000000000
41.380000000,40.000000000
41.390000000,40.000000000
41.400000000,40.000000000
41.410000000,40.000000000
41.420000000,40.000000000
41.430000000,40.000000000
41.440000000,40.000000000
41.450000000,40.000000000
41.460000000,40.000000000
41.470000000,40.000000000
41.480000000,40.000000000
41.490000000,40.000000000
41.500000000,40.000000000
41.510000000,40.000000000
41.520000000,40.000000000
41.530000000,40.000000000
41.540000000,40.000000000
41.550000000,40.000000000
41.560000000,40.000000000
41.570000000,40.000000000
41.580000000,40.000000000
41.590000000,40.000000000
41.600000000,40.000000000
41.610000000,40.000000000
41.620000000,40.000000000
41.630000000,40.000000000
41.640000000,40.000000000
41.650000000,40.000000000
41.660000000,40.000000000
41.670000000,40.000000000
41.680000000,40.000000000
41.690000000,40.000000000
41.700000000,40.000000000
41.710000000,40.000000000
41.720000000,40.000000000
41.730000000,40.000000000
41.740000000,40.000000000
41.750000000,40.000000000
41.760000000,40.000000000
41.770000000,40.000000000
41.780000000,40.000000000
41.790000000,40.000000000
41.800000000,40.000000000
41.810000000,40.000000000
41.820000000,40.000000000
41.830000000,40.000000000
41.840000000,40.000000000
41.850000000,40.000000000
41.860000000,40.000000000
41.870000000,40.000000000
41.880000000,40.000000000
41.890000000,40.000000000
41.900000000,40.000000000
41.910000000,40.000000000
41.920000000,40.000000000
41.930000000,40.000000000
41.940000000,40.000000000
41.950000000,40.000000000
41.960000000,40.000000000
41.970000000,40.000000000
41.980000000,40.000000000
41.990000000,40.000000000
42.000000000,40.000000000
42.010000000,40.000000000
42.020000000,40.000000000
42.030000000,40.000000000
42.040000000,40.000000000
42.050000000,40.000000000
42.060000000,40.000000000
42.070000000,40.000000000
42.080000000,40.000000000
42.090000000,40.000000000
42.100000000,40.000000000
42.110000000,40.000000000
42.120000000,40.000000000
42.130000000,40.000000000
42.140000000,40.000000000
42.150000000,40.000000000
42.160000000,40.000000000
42.170000000,40.000000000
42.180000000,40.000000000
42.190000000,40.000000000
42.200000000,40.000000000
42.210000000,40.000000000
42.220000000,40.000000000
42.230000000,40.000000000
42.240000000,40.000000000
42.250000000,40.000000000
42.260000000,40.000000000
42.270000000,40.000000000
42.280000000,40.000000000
42.290000000,40.000000000
42.300000000,40.000000000
42.310000000,40.000000000
42.320000000,40.000000000
42.330000000,40.000000000
42.340000000,40.000000000
42.350000000,40.000000000
42.360000000,40.000000000
42.370000000,40.000000000
42.380000000,40.000000000
42.390000000,40.000000000
42.400000000,40.000000000
42.410000000,40.000000000
42.420000000,40.000000000
42.430000000,40.000000000
42.440000000,40.000000000
42.450000000,40.000000000
42.460000000,40.000000000
42.470000000,40.000000000
42.480000000,40.000000000
42.490000000,40.000000000
42.500000000,40.000000000
42.510000000,40.000000000
42.520000000,40.000000000
42.530000000,40.000000000
42.540000000,40.000000000
42.550000000,40.000000000
42.560000000,40.000000000
42.570000000,40.000000000
42.580000000,40.000000000
42.590000000,40.000000000
42.600000000,40.000000000
42.610000000,40.000000000
42.620000000,40.000000000
42.630000000,40.000000000
42.640000000,40.000000000
42.650000000,40.000000000
42.660000000,40.000000000
42.670000000,40.000000000
42.680000000,40.000000000
42.690000000,40.000000000
42.700000000,40.000000000
42.710000000,40.000000000
42.720000000,40.000000000
42.730000000,40.000000000
42.740000000,40.000000000
42.750000000,40.000000000
42.760000000,40.000000000
42.770000000,40.000000000
42.780000000,40.000000000
42.790000000,40.000000000
42.800000000,40.000000000
42.810000000,40.000000000
42.820000000,40.000000000
42.830000000,40.000000000
42.840000000,40.000000000
42.850000000,40.000000000
42.860000000,40.000000000
42.870000000,40.000000000
42.880000000,40.000000000
42.890000000,40.000000000
42.900000000,40.000000000
42.910000000,40.000000000
42.920000000,40.000000000
42.930000000,40.000000000
42.940000000,40.000000000
42.950000000,40.000000000
42.960000000,40.000000000
42.970000000,40.000000000
42.980000000,40.000000000
42.990000000,40.000000000
43.000000000,40.000000000
43.010000000,40.000000000
43.020000000,40.000000000
43.030000000,40.000000000
43.040000000,40.000000000
43.050000000,40.000000000
43.060000000,40.000000000
43.070000000,40.000000000
43.080000000,40.000000000
43.090000000,40.000000000
43.100000000,40.000000000
43.110000000,40.000000000
43.120000000,40.000000000
43.130000000,40.000000000
43.140000000,40.000000000
43.150000000,40.000000000
43.160000000,40.000000000
43.170000000,40.000000000
43.180000000,40.000000000
43.190000000,40.000000000
43.200000000,40.000000000
43.210000000,40.000000000
43.220000000,40.000000000
43.230000000,40.000000000
43.240000000,40.000000000
43.250000000,40.000000000
43.260000000,40.000000000
43.270000000,40.000000000
43.280000000,40.000000000
43.290000000,40.000000000
43.300000000,40.000000000
43.310000000,40.000000000
43.320000000,40.000000000
43.330000000,40.000000000
43.340000000,40.000000000
43.350000000,40.000000000
43.360000000,40.000000000
43.370000000,40.000000000
43.380000000,40.000000000
43.390000000,40.000000000
43.400000000,40.000000000
43.410000000,40.000000000
43.420000000,40.000000000
43.430000000,40.000000000
43.440000000,40.000000000
43.450000000,40.000000000
43.460000000,40.000000000
43.470000000,40.000000000
43.480000000,40.000000000
43.490000000,40.000000000
43.500000000,40.000000000
43.510000000,40.000000000
43.520000000,40.000000000
43.530000000,40.000000000
43.540000000,40.000000000
43.550000000,40.000000000
43.560000000,40.000000000
43.570000000,40.000000000
43.580000000,40.000000000
43.590000000,40.000000000
43.600000000,40.000000000
43.610000000,40.000000000
43.620000000,40.000000000
43.630000000,40.000000000
43.640000000,40.000000000
43.650000000,40.000000000
43.660000000,40.000000000
43.670000000,40.000000000
43.680000000,40.000000000
43.690000000,40.000000000
43.700000000,40.000000000
43.710000000,40.000000000
43.720000000,40.000000000
43.730000000,40.000000000
43.740000000,40.000000000
43.750000000,40.000000000
43.760000000,40.000000000
43.770000000,40.000000000
43.780000000,40.000000000
43.790000000,40.000000000
43.800000000,40.000000000
43.810000000,40.000000000
43.820000000,40.000000000
43.830000000,40.000000000
43.840000000,40.000000000
43.850000000,40.000000000
43.860000000,40.000000000
43.870000000,40.000000000
43.880000000,40.000000000
43.890000000,40.000000000
43.900000000,40.000000000
43.910000000,40.000000000
43.920000000,40.000000000
43.930000000,40.000000000
43.940000000,40.000000000
43.950000000,40.000000000
43.960000000,40.000000000
43.970000000,40.000000000
43.980000000,40.000000000
43.990000000,40.000000000
44.000000000,40.000000000
44.010000000,40.000000000
44.020000000,40.000000000
44.030000000,40.000000000
44.040000000,40.000000000
44.050000000,40.000000000
44.060000000,40.000000000
44.070000000,40.000000000
44.080000000,40.000000000
44.090000000,40.000000000
44.100000000,40.000000000
44.110000000,40.000000000
44.120000000,40.000000000
44.130000000,40.000000000
44.140000000,40.000000000
44.150000000,40.000000000
44.160000000,40.000000000
44.170000000,40.000000000
44.180000000,40.000000000
44.190000000,40.000000000
44.200000000,40.000000000
44.210000000,40.000000000
44.220000000,40.000000000
44.230000000,40.000000000
44.240000000,40.000000000
44.250000000,40.000000000
44.260000000,40.000000000
44.270000000,40.000000000
44.280000000,40.000000000
44.290000000,40.000000000
44.300000000,40.000000000
44.310000000,40.000000000
44.320000000,40.000000000
44.330000000,40.000000000
44.340000000,40.000000000
44.350000000,40.000000000
44.360000000,40.000000000
44.370000000,40.000000000
44.380000000,40.000000000
44.390000000,40.000000000
44.400000000,40.000000000
44.410000000,40.000000000
44.420000000,40.000000000
44.430000000,40.000000000
44.440000000,40.000000000
44.450000000,40.000000000
44.460000000,40.000000000
44.470000000,40.000000000
44.480000000,40.000000000
44.490000000,40.000000000
44.500000000,40.000000000
44.510000000,40.000000000
44.520000000,40.000000000
44.530000000,40.000000000
44.540000000,40.000000000
44.550000000,40.000000000
44.560000000,40.000000000
44.570000000,40.000000000
44.580000000,40.000000000
44.590000000,40.000000000
44.600000000,40.000000000
44.610000000,40.000000000
44.620000000,40.000000000
44.630000000,40.000000000
44.640000000,40.000000000
44.650000000,40.000000000
44.660000000,40.000000000
44.670000000,40.000000000
44.680000000,40.000000000
44.690000000,40.000000000
44.700000000,40.000000000
44.710000000,40.000000000
44.720000000,40.000000000
44.730000000,40.000000000
44.740000000,40.000000000
44.750000000,40.000000000
44.760000000,40.000000000
44.770000000,40.000000000
44.780000000,40.000000000
44.790000000,40.000000000
44.800000000,40.000000000
44.810000000,40.000000000
44.820000000,40.000000000
44.830000000,40.000000000
44.840000000,40.000000000
44.850000000,40.000000000
44.860000000,40.000000000
44.870000000,40.000000000
44.880000000,40.000000000
44.890000000,40.000000000
44.900000000,40.000000000
44.910000000,40.000000000
44.920000000,40.000000000
44.930000000,40.000000000
44.940000000,40.000000000
44.950000000,40.000000000
44.960000000,40.000000000
44.970000000,40.000000000
44.980000000,40.000000000
44.990000000,40.000000000
45.000000000,40.000000000
45.010000000,39.950000000
45.020000000,39.900000000
45.030000000,39.850000000
45.040000000,39.800000000
45.050000000,39.750000000
45.060000000,39.700000000
45.070000000,39.650000000
45.080000000,39.600000000
45.090000000,39.550000000
45.100000000,39.500000000
45.110000000,39.450000000
45.120000000,39.400000000
45.130000000,39.350000000
45.140000000,39.300000000
45.150000000,39.250000000
45.160000000,39.200000000
45.170000000,39.150000000
45.180000000,39.100000000
45.190000000,39.050000000
45.200000000,39.000000000
45.210000000,38.950000000
45.220000000,38.900000000
45.230000000,38.850000000
45.240000000,38.800000000
45.250000000,38.750000000
45.260000000,38.700000000
45.270000000,38.650000000
45.280000000,38.600000000
45.290000000,38.550000000
45.300000000,38.500000000
45.310000000,38.450000000
45.320000000,38.400000000
45.330000000,38.350000000
45.340000000,38.300000000
45.350000000,38.250000000
45.360000000,38.200000000
45.370000000,38.150000000
45.380000000,38.100000000
45.390000000,38.050000000
45.400000000,38.000000000
45.410000000,37.950000000
45.420000000,37.900000000
45.430000000,37.850000000
45.440000000,37.800000000
45.450000000,37.750000000
45.460000000,37.700000000
45.470000000,37.650000000
45.480000000,37.600000000
45.490000000,37.550000000
45.500000000,37.500000000
45.510000000,37.450000000
45.520000000,37.400000000
45.530000000,37.350000000
45.540000000,37.300000000
45.550000000,37.250000000
45.560000000,37.200000000
45.570000000,37.150000000
45.580000000,37.100000000
45.590000000,37.050000000
45.600000000,37.000000000
45.610000000,36.950000000
45.620000000,36.900000000
45.630000000,36.850000000
45.640000000,36.800000000
45.650000000,36.750000000
45.660000000,36.700000000
45.670000000,36.650000000
45.680000000,36.600000000
45.690000000,36.550000000
45.700000000,36.500000000
45.710000000,36.450000000
45.720000000,36.400000000
45.730000000,36.350000000
45.740000000,36.300000000
45.750000000,36.250000000
45.760000000,36.200000000
45.770000000,36.150000000
45.780000000,36.100000000
45.790000000,36.050000000
45.800000000,36.000000000
45.810000000,35.950000000
45.820000000,35.900000000
45.830000000,35.850000000
45.840000000,35.800000000
45.850000000,35.750000000
45.860000000,35.700000000
45.870000000,35.650000000
45.880000000,35.600000000
45.890000000,35.550000000
45.900000000,35.500000000
45.910000000,35.450000000
45.920000000,35.400000000
45.930000000,35.350000000
45.940000000,35.300000000
45.950000000,35.250000000
45.960000000,35.200000000
45.970000000,35.150000000
45.980000000,35.100000000
45.990000000,35.050000000
46.000000000,35.000000000
46.010000000,34.950000000
46.020000000,34.900000000
46.030000000,34.850000000
46.040000000,34.800000000
46.050000000,34.750000000
46.060000000,34.700000000
46.070000000,34.650000000
46.080000000,34.600000000
46.090000000,34.550000000
46.100000000,34.500000000
46.110000000,34.450000000
46.120000000,34.400000000
46.130000000,34.350000000
46.140000000,34.300000000
46.150000000,34.250000000
46.160000000,34.200000000
46.170000000,34.150000000
46.180000000,34.100000000
46.190000000,34.050000000
46.200000000,34.000000000
46.210000000,33.950000000
46.220000000,33.900000000
46.230000000,33.850000000
46.240000000,33.800000000
46.250000000,33.750000000
46.260000000,33.700000000
46.270000000,33.650000000
46.280000000,33.600000000
46.290000000,33.550000000
46.300000000,33.500000000
46.310000000,33.450000000
46.320000000,33.400000000
46.330000000,33.350000000
46.340000000,33.300000000
46.350000000,33.250000000
46.360000000,33.200000000
46.370000000,33.150000000
46.380000000,33.100000000
46.390000000,33.050000000
46.400000000,33.000000000
46.410000000,32.950000000
46.420000000,32.900000000
46.430000000,32.850000000
46.440000000,32.800000000
46.450000000,32.750000000
46.460000000,32.700000000
46.470000000,32.650000000
46.480000000,32.600000000
46.490000000,32.550000000
46.500000000,32.500000000
46.510000000,32.450000000
46.520000000,32.400000000
46.530000000,32.350000000
46.540000000,32.300000000
46.550000000,32.250000000
46.560000000,32.200000000
46.570000000,32.150000000
46.580000000,32.100000000
46.590000000,32.050000000
46.600000000,32.000000000
46.610000000,31.950000000
46.620000000,31.900000000
46.630000000,31.850000000
46.640000000,31.800000000
46.650000000,31.750000000
46.660000000,31.700000000
46.670000000,31.650000000
46.680000000,31.600000000
46.690000000,31.550000000
46.700000000,31.500000000
46.710000000,31.450000000
46.720000000,31.400000000
46.730000000,31.350000000
46.740000000,31.300000000
46.750000000,31.250000000
46.760000000,31.200000000
46.770000000,31.150000000
46.780000000,31.100000000
46.790000000,31.050000000
46.800000000,31.000000000
46.810000000,30.950000000
46.820000000,30.900000000
46.830000000,30.850000000
46.840000000,30.800000000
46.850000000,30.750000000
46.860000000,30.700000000
46.870000000,30.650000000
46.880000000,30.600000000
46.890000000,30.550000000
46.900000000,30.500000000
46.910000000,30.450000000
46.920000000,30.400000000
46.930000000,30.350000000
46.940000000,30.300000000
46.950000000,30.250000000
46.960000000,30.200000000
46.970000000,30.150000000
46.980000000,30.100000000
46.990000000,30.050000000
47.000000000,30.000000000
47.010000000,29.950000000
47.020000000,29.900000000
47.030000000,29.850000000
47.040000000,29.800000000
47.050000000,29.750000000
47.060000000,29.700000000
47.070000000,29.650000000
47.080000000,29.600000000
47.090000000,29.550000000
47.100000000,29.500000000
47.110000000,29.450000000
47.120000000,29.400000000
47.130000000,29.350000000
47.140000000,29.300000000
47.150000000,29.250000000
47.160000000,29.200000000
47.170000000,29.150000000
47.180000000,29.100000000
47.190000000,29.050000000
47.200000000,29.000000000
47.210000000,28.950000000
47.220000000,28.900000000
47.230000000,28.850000000
47.240000000,28.800000000
47.250000000,28.750000000
47.260000000,28.700000000
47.270000000,28.650000000
47.280000000,28.600000000
47.290000000,28.550000000
47.300000000,28.500000000
47.310000000,28.450000000
47.320000000,28.400000000
47.330000000,28.350000000
47.340000000,28.300000000
47.350000000,28.250000000
47.360000000,28.200000000
47.370000000,28.150000000
47.380000000,28.100000000
47.390000000,28.050000000
47.400000000,28.000000000
47.410000000,27.950000000
47.420000000,27.900000000
47.430000000,27.850000000
47.440000000,27.800000000
47.450000000,27.750000000
47.460000000,27.700000000
47.470000000,27.650000000
47.480000000,27.600000000
47.490000000,27.550000000
47.500000000,27.500000000
47.510000000,27.450000000
47.520000000,27.400000000
47.530000000,27.350000000
47.540000000,27.300000000
47.550000000,27.250000000
47.560000000,27.200000000
47.570000000,27.150000000
47.580000000,27.100000000
47.590000000,27.050000000
47.600000000,27.000000000
47.610000000,26.950000000
47.620000000,26.900000000
47.630000000,26.850000000
47.640000000,26.800000000
47.650000000,26.750000000
47.660000000,26.700000000
47.670000000,26.650000000
47.680000000,26.600000000
47.690000000,26.550000000
47.700000000,26.500000000
47.710000000,26.450000000
47.720000000,26.400000000
47.730000000,26.350000000
47.740000000,26.300000000
47.750000000,26.250000000
47.760000000,26.200000000
47.770000000,26.150000000
47.780000000,26.100000000
47.790000000,26.050000000
47.800000000,26.000000000
47.810000000,25.950000000
47.820000000,25.900000000
47.830000000,25.850000000
47.840000000,25.800000000
47.850000000,25.750000000
47.860000000,25.700000000
47.870000000,25.650000000
47.880000000,25.600000000
47.890000000,25.550000000
47.900000000,25.500000000
47.910000000,25.450000000
47.920000000,25.400000000
47.930000000,25.350000000
47.940000000,25.300000000
47.950000000,25.250000000
47.960000000,25.200000000
47.970000000,25.150000000
47.980000000,25.100000000
47.990000000,25.050000000
48.000000000,25.000000000
48.010000000,24.950000000
48.020000000,24.900000000
48.030000000,24.850000000
48.040000000,24.800000000
48.050000000,24.750000000
48.060000000,24.700000000
48.070000000,24.650000000
48.080000000,24.600000000
48.090000000,24.550000000
48.100000000,24.500000000
48.110000000,24.450000000
48.120000000,24.400000000
48.130000000,24.350000000
48.140000000,24.300000000
48.150000000,24.250000000
48.160000000,24.200000000
48.170000000,24.150000000
48.180000000,24.100000000
48.190000000,24.050000000
48.200000000,24.000000000
48.210000000,23.950000000
48.220000000,23.900000000
48.230000000,23.850000000
48.240000000,23.800000000
48.250000000,23.750000000
48.260000000,23.700000000
48.270000000,23.650000000
48.280000000,23.600000000
48.290000000,23.550000000
48.300000000,23.500000000
48.310000000,23.450000000
48.320000000,23.400000000
48.330000000,23.350000000
48.340000000,23.300000000
48.350000000,23.250000000
48.360000000,23.200000000
48.370000000,23.150000000
48.380000000,23.100000000
48.390000000,23.050000000
48.400000000,23.000000000
48.410000000,22.950000000
48.420000000,22.900000000
48.430000000,22.850000000
48.440000000,22.800000000
48.450000000,22.750000000
48.460000000,22.700000000
48.470000000,22.650000000
48.480000000,22.600000000
48.490000000,22.550000000
48.500000000,22.500000000
48.510000000,22.450000000
48.520000000,22.400000000
48.530000000,22.350000000
48.540000000,22.300000000
48.550000000,22.250000000
48.560000000,22.200000000
48.570000000,22.150000000
48.580000000,22.100000000
48.590000000,22.050000000
48.600000000,22.000000000
48.610000000,21.950000000
48.620000000,21.900000000
48.630000000,21.850000000
48.640000000,21.800000000
48.650000000,21.750000000
48.660000000,21.700000000
48.670000000,21.650000000
48.680000000,21.600000000
48.690000000,21.550000000
48.700000000,21.500000000
48.710000000,21.450000000
48.720000000,21.400000000
48.730000000,21.350000000
48.740000000,21.300000000
48.750000000,21.250000000
48.760000000,21.200000000
48.770000000,21.150000000
48.780000000,21.100000000
48.790000000,21.050000000
48.800000000,21.000000000
48.810000000,20.950000000
48.820000000,20.900000000
48.830000000,20.850000000
48.840000000,20.800000000
48.850000000,20.750000000
48.860000000,20.700000000
48.870000000,20.650000000
48.880000000,20.600000000
48.890000000,20.550000000
48.900000000,20.500000000
48.910000000,20.450000000
48.920000000,20.400000000
48.930000000,20.350000000
48.940000000,20.300000000
48.950000000,20.250000000
48.960000000,20.200000000
48.970000000,20.150000000
48.980000000,20.100000000
48.990000000,20.050000000
49.000000000,20.000000000
49.010000000,19.950000000
49.020000000,19.900000000
49.030000000,19.850000000
49.040000000,19.800000000
49.050000000,19.750000000
49.060000000,19.700000000
49.070000000,19.650000000
49.080000000,19.600000000
49.090000000,19.550000000
49.100000000,19.500000000
49.110000000,19.450000000
49.120000000,19.400000000
49.130000000,19.350000000
49.140000000,19.300000000
49.150000000,19.250000000
49.160000000,19.200000000
49.170000000,19.150000000
49.180000000,19.100000000
49.190000000,19.050000000
49.200000000,19.000000000
49.210000000,18.950000000
49.220000000,18.900000000
49.230000000,18.850000000
49.240000000,18.800000000
49.250000000,18.750000000
49.260000000,18.700000000
49.270000000,18.650000000
49.280000000,18.600000000
49.290000000,18.550000000
49.300000000,18.500000000
49.310000000,18.450000000
49.320000000,18.400000000
49.330000000,18.350000000
49.340000000,18.300000000
49.350000000,18.250000000
49.360000000,18.200000000
49.370000000,18.150000000
49.380000000,18.100000000
49.390000000,18.050000000
49.400000000,18.000000000
49.410000000,17.950000000
49.420000000,17.900000000
49.430000000,17.850000000
49.440000000,17.800000000
49.450000000,17.750000000
49.460000000,17.700000000
49.470000000,17.650000000
49.480000000,17.600000000
49.490000000,17.550000000
49.500000000,17.500000000
49.510000000,17.450000000
49.520000000,17.400000000
49.530000000,17.350000000
49.540000000,17.300000000
49.550000000,17.250000000
49.560000000,17.200000000
49.570000000,17.150000000
49.580000000,17.100000000
49.590000000,17.050000000
49.600000000,17.000000000
49.610000000,16.950000000
49.620000000,16.900000000
49.630000000,16.850000000
49.640000000,16.800000000
49.650000000,16.750000000
49.660000000,16.700000000
49.670000000,16.650000000
49.680000000,16.600000000
49.690000000,16.550000000
49.700000000,16.500000000
49.710000000,16.450000000
49.720000000,16.400000000
49.730000000,16.350000000
49.740000000,16.300000000
49.750000000,16.250000000
49.760000000,16.200000000
49.770000000,16.150000000
49.780000000,16.100000000
49.790000000,16.050000000
49.800000000,16.000000000
49.810000000,15.950000000
49.820000000,15.900000000
49.830000000,15.850000000
49.840000000,15.800000000
49.850000000,15.750000000
49.860000000,15.700000000
49.870000000,15.650000000
49.880000000,15.600000000
49.890000000,15.550000000
49.900000000,15.500000000
49.910000000,15.450000000
49.920000000,15.400000000
49.930000000,15.350000000
49.940000000,15.300000000
49.950000000,15.250000000
49.960000000,15.200000000
49.970000000,15.150000000
49.980000000,15.100000000
49.990000000,15.050000000
50.000000000,15.000000000
50.010000000,15.000000000
50.020000000,15.000000000
50.030000000,15.000000000
50.040000000,15.000000000
50.050000000,15.000000000
50.060000000,15.000000000
50.070000000,15.000000000
50.080000000,15.000000000
50.090000000,15.000000000
50.100000000,15.000000000
50.110000000,15.000000000
50.120000000,15.000000000
50.130000000,15.000000000
50.140000000,15.000000000
50.150000000,15.000000000
50.160000000,15.000000000
50.170000000,15.000000000
50.180000000,15.000000000
50.190000000,15.000000000
50.200000000,15.000000000
50.210000000,15.000000000
50.220000000,15.000000000
50.230000000,15.000000000
50.240000000,15.000000000
50.250000000,15.000000000
50.260000000,15.000000000
50.270000000,15.000000000
50.280000000,15.000000000
50.290000000,15.000000000
50.300000000,15.000000000
50.310000000,15.000000000
50.320000000,15.000000000
50.330000000,15.000000000
50.340000000,15.000000000
50.350000000,15.000000000
50.360000000,15.000000000
50.370000000,15.000000000
50.380000000,15.000000000
50.390000000,15.000000000
50.400000000,15.000000000
50.410000000,15.000000000
50.420000000,15.000000000
50.430000000,15.000000000
50.440000000,15.000000000
50.450000000,15.000000000
50.460000000,15.000000000
50.470000000,15.000000000
50.480000000,15.000000000
50.490000000,15.000000000
50.500000000,15.000000000
50.510000000,15.000000000
50.520000000,15.000000000
50.530000000,15.000000000
50.540000000,15.000000000
50.550000000,15.000000000
50.560000000,15.000000000
50.570000000,15.000000000
50.580000000,15.000000000
50.590000000,15.000000000
50.600000000,15.000000000
50.610000000,15.000000000
50.620000000,15.000000000
50.630000000,15.000000000
50.640000000,15.000000000
50.650000000,15.000000000
50.660000000,15.000000000
50.670000000,15.000000000
50.680000000,15.000000000
50.690000000,15.000000000
50.700000000,15.000000000
50.710000000,15.000000000
50.720000000,15.000000000
50.730000000,15.000000000
50.740000000,15.000000000
50.750000000,15.000000000
50.760000000,15.000000000
50.770000000,15.000000000
50.780000000,15.000000000
50.790000000,15.000000000
50.800000000,15.000000000
50.810000000,15.000000000
50.820000000,15.000000000
50.830000000,15.000000000
50.840000000,15.000000000
50.850000000,15.000000000
50.860000000,15.000000000
50.870000000,15.000000000
50.880000000,15.000000000
50.890000000,15.000000000
50.900000000,15.000000000
50.910000000,15.000000000
50.920000000,15.000000000
50.930000000,15.000000000
50.940000000,15.000000000
50.950000000,15.000000000
50.960000000,15.000000000
50.970000000,15.000000000
50.980000000,15.000000000
50.990000000,15.000000000
51.000000000,15.000000000
51.010000000,15.000000000
51.020000000,15.000000000
51.030000000,15.000000000
51.040000000,15.000000000
51.050000000,15.000000000
51.060000000,15.000000000
51.070000000,15.000000000
51.080000000,15.000000000
51.090000000,15.000000000
51.100000000,15.000000000
51.110000000,15.000000000
51.120000000,15.000000000
51.130000000,15.000000000
51.140000000,15.000000000
51.150000000,15.000000000
51.160000000,15.000000000
51.170000000,15.000000000
51.180000000,15.000000000
51.190000000,15.000000000
51.200000000,15.000000000
51.210000000,15.000000000
51.220000000,15.000000000
51.230000000,15.000000000
51.240000000,15.000000000
51.250000000,15.000000000
51.260000000,15.000000000
51.270000000,15.000000000
51.280000000,15.000000000
51.290000000,15.000000000
51.300000000,15.000000000
51.310000000,15.000000000
51.320000000,15.000000000
51.330000000,15.000000000
51.340000000,15.000000000
51.350000000,15.000000000
51.360000000,15.000000000
51.370000000,15.000000000
51.380000000,15.000000000
51.390000000,15.000000000
51.400000000,15.000000000
51.410000000,15.000000000
51.420000000,15.000000000
51.430000000,15.000000000
51.440000000,15.000000000
51.450000000,15.000000000
51.460000000,15.000000000
51.470000000,15.000000000
51.480000000,15.000000000
51.490000000,15.000000000
51.500000000,15.000000000
51.510000000,15.000000000
51.520000000,15.000000000
51.530000000,15.000000000
51.540000000,15.000000000
51.550000000,15.000000000
51.560000000,15.000000000
51.570000000,15.000000000
51.580000000,15.000000000
51.590000000,15.000000000
51.600000000,15.000000000
51.610000000,15.000000000
51.620000000,15.000000000
51.630000000,15.000000000
51.640000000,15.000000000
51.650000000,15.000000000
51.660000000,15.000000000
51.670000000,15.000000000
51.680000000,15.000000000
51.690000000,15.000000000
51.700000000,15.000000000
51.710000000,15.000000000
51.720000000,15.000000000
51.730000000,15.000000000
51.740000000,15.000000000
51.750000000,15.000000000
51.760000000,15.000000000
51.770000000,15.000000000
51.780000000,15.000000000
51.790000000,15.000000000
51.800000000,15.000000000
51.810000000,15.000000000
51.820000000,15.000000000
51.830000000,15.000000000
51.840000000,15.000000000
51.850000000,15.000000000
51.860000000,15.000000000
51.870000000,15.000000000
51.880000000,15.000000000
51.890000000,15.000000000
51.900000000,15.000000000
51.910000000,15.000000000
51.920000000,15.000000000
51.930000000,15.000000000
51.940000000,15.000000000
51.950000000,15.000000000
51.960000000,15.000000000
51.970000000,15.000000000
51.980000000,15.000000000
51.990000000,15.000000000
52.000000000,15.000000000
52.010000000,15.000000000
52.020000000,15.000000000
52.030000000,15.000000000
52.040000000,15.000000000
52.050000000,15.000000000
52.060000000,15.000000000
52.070000000,15.000000000
52.080000000,15.000000000
52.090000000,15.000000000
52.100000000,15.000000000
52.110000000,15.000000000
52.120000000,15.000000000
52.130000000,15.000000000
52.140000000,15.000000000
52.150000000,15.000000000
52.160000000,15.000000000
52.170000000,15.000000000
52.180000000,15.000000000
52.190000000,15.000000000
52.200000000,15.000000000
52.210000000,15.000000000
52.220000000,15.000000000
52.230000000,15.000000000
52.240000000,15.000000000
52.250000000,15.000000000
52.260000000,15.000000000
52.270000000,15.000000000
52.280000000,15.000000000
52.290000000,15.000000000
52.300000000,15.000000000
52.310000000,15.000000000
52.320000000,15.000000000
52.330000000,15.000000000
52.340000000,15.000000000
52.350000000,15.000000000
52.360000000,15.000000000
52.370000000,15.000000000
52.380000000,15.000000000
52.390000000,15.000000000
52.400000000,15.000000000
52.410000000,15.000000000
52.420000000,15.000000000
52.430000000,15.000000000
52.440000000,15.000000000
52.450000000,15.000000000
52.460000000,15.000000000
52.470000000,15.000000000
52.480000000,15.000000000
52.490000000,15.000000000
52.500000000,15.000000000
52.510000000,15.000000000
52.520000000,15.000000000
52.530000000,15.000000000
52.540000000,15.000000000
52.550000000,15.000000000
52.560000000,15.000000000
52.570000000,15.000000000
52.580000000,15.000000000
52.590000000,15.000000000
52.600000000,15.000000000
52.610000000,15.000000000
52.620000000,15.000000000
52.630000000,15.000000000
52.640000000,15.000000000
52.650000000,15.000000000
52.660000000,15.000000000
52.670000000,15.000000000
52.680000000,15.000000000
52.690000000,15.000000000
52.700000000,15.000000000
52.710000000,15.000000000
52.720000000,15.000000000
52.730000000,15.000000000
52.740000000,15.000000000
52.750000000,15.000000000
52.760000000,15.000000000
52.770000000,15.000000000
52.780000000,15.000000000
52.790000000,15.000000000
52.800000000,15.000000000
52.810000000,15.000000000
52.820000000,15.000000000
52.830000000,15.000000000
52.840000000,15.000000000
52.850000000,15.000000000
52.860000000,15.000000000
52.870000000,15.000000000
52.880000000,15.000000000
52.890000000,15.000000000
52.900000000,15.000000000
52.910000000,15.000000000
52.920000000,15.000000000
52.930000000,15.000000000
52.940000000,15.000000000
52.950000000,15.000000000
52.960000000,15.000000000
52.970000000,15.000000000
52.980000000,15.000000000
52.990000000,15.000000000
53.000000000,15.000000000
53.010000000,15.000000000
53.020000000,15.000000000
53.030000000,15.000000000
53.040000000,15.000000000
53.050000000,15.000000000
53.060000000,15.000000000
53.070000000,15.000000000
53.080000000,15.000000000
53.090000000,15.000000000
53.100000000,15.000000000
53.110000000,15.000000000
53.120000000,15.000000000
53.130000000,15.000000000
53.140000000,15.000000000
53.150000000,15.000000000
53.160000000,15.000000000
53.170000000,15.000000000
53.180000000,15.000000000
53.190000000,15.000000000
53.200000000,15.000000000
53.210000000,15.000000000
53.220000000,15.000000000
53.230000000,15.000000000
53.240000000,15.000000000
53.250000000,15.000000000
53.260000000,15.000000000
53.270000000,15.000000000
53.280000000,15.000000000
53.290000000,15.000000000
53.300000000,15.000000000
53.310000000,15.000000000
53.320000000,15.000000000
53.330000000,15.000000000
53.340000000,15.000000000
53.350000000,15.000000000
53.360000000,15.000000000
53.370000000,15.000000000
53.380000000,15.000000000
53.390000000,15.000000000
53.400000000,15.000000000
53.410000000,15.000000000
53.420000000,15.000000000
53.430000000,15.000000000
53.440000000,15.000000000
53.450000000,15.000000000
53.460000000,15.000000000
53.470000000,15.000000000
53.480000000,15.000000000
53.490000000,15.000000000
53.500000000,15.000000000
53.510000000,15.000000000
53.520000000,15.000000000
53.530000000,15.000000000
53.540000000,15.000000000
53.550000000,15.000000000
53.560000000,15.000000000
53.570000000,15.000000000
53.580000000,15.000000000
53.590000000,15.000000000
53.600000000,15.000000000
53.610000000,15.000000000
53.620000000,15.000000000
53.630000000,15.000000000
53.640000000,15.000000000
53.650000000,15.000000000
53.660000000,15.000000000
53.670000000,15.000000000
53.680000000,15.000000000
53.690000000,15.000000000
53.700000000,15.000000000
53.710000000,15.000000000
53.720000000,15.000000000
53.730000000,15.000000000
53.740000000,15.000000000
53.750000000,15.000000000
53.760000000,15.000000000
53.770000000,15.000000000
53.780000000,15.000000000
53.790000000,15.000000000
53.800000000,15.000000000
53.810000000,15.000000000
53.820000000,15.000000000
53.830000000,15.000000000
53.840000000,15.000000000
53.850000000,15.000000000
53.860000000,15.000000000
53.870000000,15.000000000
53.880000000,15.000000000
53.890000000,15.000000000
53.900000000,15.000000000
53.910000000,15.000000000
53.920000000,15.000000000
53.930000000,15.000000000
53.940000000,15.000000000
53.950000000,15.000000000
53.960000000,15.000000000
53.970000000,15.000000000
53.980000000,15.000000000
53.990000000,15.000000000
54.000000000,15.000000000
54.010000000,15.000000000
54.020000000,15.000000000
54.030000000,15.000000000
54.040000000,15.000000000
54.050000000,15.000000000
54.060000000,15.000000000
54.070000000,15.000000000
54.080000000,15.000000000
54.090000000,15.000000000
54.100000000,15.000000000
54.110000000,15.000000000
54.120000000,15.000000000
54.130000000,15.000000000
54.140000000,15.000000000
54.150000000,15.000000000
54.160000000,15.000000000
54.170000000,15.000000000
54.180000000,15.000000000
54.190000000,15.000000000
54.200000000,15.000000000
54.210000000,15.000000000
54.220000000,15.000000000
54.230000000,15.000000000
54.240000000,15.000000000
54.250000000,15.000000000
54.260000000,15.000000000
54.270000000,15.000000000
54.280000000,15.000000000
54.290000000,15.000000000
54.300000000,15.000000000
54.310000000,15.000000000
54.320000000,15.000000000
54.330000000,15.000000000
54.340000000,15.000000000
54.350000000,15.000000000
54.360000000,15.000000000
54.370000000,15.000000000
54.380000000,15.000000000
54.390000000,15.000000000
54.400000000,15.000000000
54.410000000,15.000000000
54.420000000,15.000000000
54.430000000,15.000000000
54.440000000,15.000000000
54.450000000,15.000000000
54.460000000,15.000000000
54.470000000,15.000000000
54.480000000,15.000000000
54.490000000,15.000000000
54.500000000,15.000000000
54.510000000,15.000000000
54.520000000,15.000000000
54.530000000,15.000000000
54.540000000,15.000000000
54.550000000,15.000000000
54.560000000,15.000000000
54.570000000,15.000000000
54.580000000,15.000000000
54.590000000,15.000000000
54.600000000,15.000000000
54.610000000,15.000000000
54.620000000,15.000000000
54.630000000,15.000000000
54.640000000,15.000000000
54.650000000,15.000000000
54.660000000,15.000000000
54.670000000,15.000000000
54.680000000,15.000000000
54.690000000,15.000000000
54.700000000,15.000000000
54.710000000,15.000000000
54.720000000,15.000000000
54.730000000,15.000000000
54.740000000,15.000000000
54.750000000,15.000000000
54.760000000,15.000000000
54.770000000,15.000000000
54.780000000,15.000000000
54.790000000,15.000000000
54.800000000,15.000000000
54.810000000,15.000000000
54.820000000,15.000000000
54.830000000,15.000000000
54.840000000,15.000000000
54.850000000,15.000000000
54.860000000,15.000000000
54.870000000,15.000000000
54.880000000,15.000000000
54.890000000,15.000000000
54.900000000,15.000000000
54.910000000,15.000000000
54.920000000,15.000000000
54.930000000,15.000000000
54.940000000,15.000000000
54.950000000,15.000000000
54.960000000,15.000000000
54.970000000,15.000000000
54.980000000,15.000000000
54.990000000,15.000000000
55.000000000,15.000000000
55.010000000,15.000000000
55.020000000,15.000000000
55.030000000,15.000000000
55.040000000,15.000000000
55.050000000,15.000000000
55.060000000,15.000000000
55.070000000,15.000000000
55.080000000,15.000000000
55.090000000,15.000000000
55.100000000,15.000000000
55.110000000,15.000000000
55.120000000,15.000000000
55.130000000,15.000000000
55.140000000,15.000000000
55.150000000,15.000000000
55.160000000,15.000000000
55.170000000,15.000000000
55.180000000,15.000000000
55.190000000,15.000000000
55.200000000,15.000000000
55.210000000,15.000000000
55.220000000,15.000000000
55.230000000,15.000000000
55.240000000,15.000000000
55.250000000,15.000000000
55.260000000,15.000000000
55.270000000,15.000000000
55.280000000,15.000000000
55.290000000,15.000000000
55.300000000,15.000000000
55.310000000,15.000000000
55.320000000,15.000000000
55.330000000,15.000000000
55.340000000,15.000000000
55.350000000,15.000000000
55.360000000,15.000000000
55.370000000,15.000000000
55.380000000,15.000000000
55.390000000,15.000000000
55.400000000,15.000000000
55.410000000,15.000000000
55.420000000,15.000000000
55.430000000,15.000000000
55.440000000,15.000000000
55.450000000,15.000000000
55.460000000,15.000000000
55.470000000,15.000000000
55.480000000,15.000000000
55.490000000,15.000000000
55.500000000,15.000000000
55.510000000,15.000000000
55.520000000,15.000000000
55.530000000,15.000000000
55.540000000,15.000000000
55.550000000,15.000000000
55.560000000,15.000000000
55.570000000,15.000000000
55.580000000,15.000000000
55.590000000,15.000000000
55.600000000,15.000000000
55.610000000,15.000000000
55.620000000,15.000000000
55.630000000,15.000000000
55.640000000,15.000000000
55.650000000,15.000000000
55.660000000,15.000000000
55.670000000,15.000000000
55.680000000,15.000000000
55.690000000,15.000000000
55.700000000,15.000000000
55.710000000,15.000000000
55.720000000,15.000000000
55.730000000,15.000000000
55.740000000,15.000000000
55.750000000,15.000000000
55.760000000,15.000000000
55.770000000,15.000000000
55.780000000,15.000000000
55.790000000,15.000000000
55.800000000,15.000000000
55.810000000,15.000000000
55.820000000,15.000000000
55.830000000,15.000000000
55.840000000,15.000000000
55.850000000,15.000000000
55.860000000,15.000000000
55.870000000,15.000000000
55.880000000,15.000000000
55.890000000,15.000000000
55.900000000,15.000000000
55.910000000,15.000000000
55.920000000,15.000000000
55.930000000,15.000000000
55.940000000,15.000000000
55.950000000,15.000000000
55.960000000,15.000000000
55.970000000,15.000000000
55.980000000,15.000000000
55.990000000,15.000000000
56.000000000,15.000000000
56.010000000,15.000000000
56.020000000,15.000000000
56.030000000,15.000000000
56.040000000,15.000000000
56.050000000,15.000000000
56.060000000,15.000000000
56.070000000,15.000000000
56.080000000,15.000000000
56.090000000,15.000000000
56.100000000,15.000000000
56.110000000,15.000000000
56.120000000,15.000000000
56.130000000,15.000000000
56.140000000,15.000000000
56.150000000,15.000000000
56.160000000,15.000000000
56.170000000,15.000000000
56.180000000,15.000000000
56.190000000,15.000000000
56.200000000,15.000000000
56.210000000,15.000000000
56.220000000,15.000000000
56.230000000,15.000000000
56.240000000,15.000000000
56.250000000,15.000000000
56.260000000,15.000000000
56.270000000,15.000000000
56.280000000,15.000000000
56.290000000,15.000000000
56.300000000,15.000000000
56.310000000,15.000000000
56.320000000,15.000000000
56.330000000,15.000000000
56.340000000,15.000000000
56.350000000,15.000000000
56.360000000,15.000000000
56.370000000,15.000000000
56.380000000,15.000000000
56.390000000,15.000000000
56.400000000,15.000000000
56.410000000,15.000000000
56.420000000,15.000000000
56.430000000,15.000000000
56.440000000,15.000000000
56.450000000,15.000000000
56.460000000,15.000000000
56.470000000,15.000000000
56.480000000,15.000000000
56.490000000,15.000000000
56.500000000,15.000000000
56.510000000,15.000000000
56.520000000,15.000000000
56.530000000,15.000000000
56.540000000,15.000000000
56.550000000,15.000000000
56.560000000,15.000000000
56.570000000,15.000000000
56.580000000,15.000000000
56.590000000,15.000000000
56.600000000,15.000000000
56.610000000,15.000000000
56.620000000,15.000000000
56.630000000,15.000000000
56.640000000,15.000000000
56.650000000,15.000000000
56.660000000,15.000000000
56.670000000,15.000000000
56.680000000,15.000000000
56.690000000,15.000000000
56.700000000,15.000000000
56.710000000,15.000000000
56.720000000,15.000000000
56.730000000,15.000000000
56.740000000,15.000000000
56.750000000,15.000000000
56.760000000,15.000000000
56.770000000,15.000000000
56.780000000,15.000000000
56.790000000,15.000000000
56.800000000,15.000000000
56.810000000,15.000000000
56.820000000,15.000000000
56.830000000,15.000000000
56.840000000,15.000000000
56.850000000,15.000000000
56.860000000,15.000000000
56.870000000,15.000000000
56.880000000,15.000000000
56.890000000,15.000000000
56.900000000,15.000000000
56.910000000,15.000000000
56.920000000,15.000000000
56.930000000,15.000000000
56.940000000,15.000000000
56.950000000,15.000000000
56.960000000,15.000000000
56.970000000,15.000000000
56.980000000,15.000000000
56.990000000,15.000000000
57.000000000,15.000000000
57.010000000,15.000000000
57.020000000,15.000000000
57.030000000,15.000000000
57.040000000,15.000000000
57.050000000,15.000000000
57.060000000,15.000000000
57.070000000,15.000000000
57.080000000,15.000000000
57.090000000,15.000000000
57.100000000,15.000000000
57.110000000,15.000000000
57.120000000,15.000000000
57.130000000,15.000000000
57.140000000,15.000000000
57.150000000,15.000000000
57.160000000,15.000000000
57.170000000,15.000000000
57.180000000,15.000000000
57.190000000,15.000000000
57.200000000,15.000000000
57.210000000,15.000000000
57.220000000,15.000000000
57.230000000,15.000000000
57.240000000,15.000000000
57.250000000,15.000000000
57.260000000,15.000000000
57.270000000,15.000000000
57.280000000,15.000000000
57.290000000,15.000000000
57.300000000,15.000000000
57.310000000,15.000000000
57.320000000,15.000000000
57.330000000,15.000000000
57.340000000,15.000000000
57.350000000,15.000000000
57.360000000,15.000000000
57.370000000,15.000000000
57.380000000,15.000000000
57.390000000,15.000000000
57.400000000,15.000000000
57.410000000,15.000000000
57.420000000,15.000000000
57.430000000,15.000000000
57.440000000,15.000000000
57.450000000,15.000000000
57.460000000,15.000000000
57.470000000,15.000000000
57.480000000,15.000000000
57.490000000,15.000000000
57.500000000,15.000000000
57.510000000,15.000000000
57.520000000,15.000000000
57.530000000,15.000000000
57.540000000,15.000000000
57.550000000,15.000000000
57.560000000,15.000000000
57.570000000,15.000000000
57.580000000,15.000000000
57.590000000,15.000000000
57.600000000,15.000000000
57.610000000,15.000000000
57.620000000,15.000000000
57.630000000,15.000000000
57.640000000,15.000000000
57.650000000,15.000000000
57.660000000,15.000000000
57.670000000,15.000000000
57.680000000,15.000000000
57.690000000,15.000000000
57.700000000,15.000000000
57.710000000,15.000000000
57.720000000,15.000000000
57.730000000,15.000000000
57.740000000,15.000000000
57.750000000,15.000000000
57.760000000,15.000000000
57.770000000,15.000000000
57.780000000,15.000000000
57.790000000,15.000000000
57.800000000,15.000000000
57.810000000,15.000000000
57.820000000,15.000000000
57.830000000,15.000000000
57.840000000,15.000000000
57.850000000,15.000000000
57.860000000,15.000000000
57.870000000,15.000000000
57.880000000,15.000000000
57.890000000,15.000000000
57.900000000,15.000000000
57.910000000,15.000000000
57.920000000,15.000000000
57.930000000,15.000000000
57.940000000,15.000000000
57.950000000,15.000000000
57.960000000,15.000000000
57.970000000,15.000000000
57.980000000,15.000000000
57.990000000,15.000000000
58.000000000,15.000000000
58.010000000,15.000000000
58.020000000,15.000000000
58.030000000,15.000000000
58.040000000,15.000000000
58.050000000,15.000000000
58.060000000,15.000000000
58.070000000,15.000000000
58.080000000,15.000000000
58.090000000,15.000000000
58.100000000,15.000000000
58.110000000,15.000000000
58.120000000,15.000000000
58.130000000,15.000000000
58.140000000,15.000000000
58.150000000,15.000000000
58.160000000,15.000000000
58.170000000,15.000000000
58.180000000,15.000000000
58.190000000,15.000000000
58.200000000,15.000000000
58.210000000,15.000000000
58.220000000,15.000000000
58.230000000,15.000000000
58.240000000,15.000000000
58.250000000,15.000000000
58.260000000,15.000000000
58.270000000,15.000000000
58.280000000,15.000000000
58.290000000,15.000000000
58.300000000,15.000000000
58.310000000,15.000000000
58.320000000,15.000000000
58.330000000,15.000000000
58.340000000,15.000000000
58.350000000,15.000000000
58.360000000,15.000000000
58.370000000,15.000000000
58.380000000,15.000000000
58.390000000,15.000000000
58.400000000,15.000000000
58.410000000,15.000000000
58.420000000,15.000000000
58.430000000,15.000000000
58.440000000,15.000000000
58.450000000,15.000000000
58.460000000,15.000000000
58.470000000,15.000000000
58.480000000,15.000000000
58.490000000,15.000000000
58.500000000,15.000000000
58.510000000,15.000000000
58.520000000,15.000000000
58.530000000,15.000000000
58.540000000,15.000000000
58.550000000,15.000000000
58.560000000,15.000000000
58.570000000,15.000000000
58.580000000,15.000000000
58.590000000,15.000000000
58.600000000,15.000000000
58.610000000,15.000000000
58.620000000,15.000000000
58.630000000,15.000000000
58.640000000,15.000000000
58.650000000,15.000000000
58.660000000,15.000000000
58.670000000,15.000000000
58.680000000,15.000000000
58.690000000,15.000000000
58.700000000,15.000000000
58.710000000,15.000000000
58.720000000,15.000000000
58.730000000,15.000000000
58.740000000,15.000000000
58.750000000,15.000000000
58.760000000,15.000000000
58.770000000,15.000000000
58.780000000,15.000000000
58.790000000,15.000000000
58.800000000,15.000000000
58.810000000,15.000000000
58.820000000,15.000000000
58.830000000,15.000000000
58.840000000,15.000000000
58.850000000,15.000000000
58.860000000,15.000000000
58.870000000,15.000000000
58.880000000,15.000000000
58.890000000,15.000000000
58.900000000,15.000000000
58.910000000,15.000000000
58.920000000,15.000000000
58.930000000,15.000000000
58.940000000,15.000000000
58.950000000,15.000000000
58.960000000,15.000000000
58.970000000,15.000000000
58.980000000,15.000000000
58.990000000,15.000000000
59.000000000,15.000000000
59.010000000,15.000000000
59.020000000,15.000000000
59.030000000,15.000000000
59.040000000,15.000000000
59.050000000,15.000000000
59.060000000,15.000000000
59.070000000,15.000000000
59.080000000,15.000000000
59.090000000,15.000000000
59.100000000,15.000000000
59.110000000,15.000000000
59.120000000,15.000000000
59.130000000,15.000000000
59.140000000,15.000000000
59.150000000,15.000000000
59.160000000,15.000000000
59.170000000,15.000000000
59.180000000,15.000000000
59.190000000,15.000000000
59.200000000,15.000000000
59.210000000,15.000000000
59.220000000,15.000000000
59.230000000,15.000000000
59.240000000,15.000000000
59.250000000,15.000000000
59.260000000,15.000000000
59.270000000,15.000000000
59.280000000,15.000000000
59.290000000,15.000000000
59.300000000,15.000000000
59.310000000,15.000000000
59.320000000,15.000000000
59.330000000,15.000000000
59.340000000,15.000000000
59.350000000,15.000000000
59.360000000,15.000000000
59.370000000,15.000000000
59.380000000,15.000000000
59.390000000,15.000000000
59.400000000,15.000000000
59.410000000,15.000000000
59.420000000,15.000000000
59.430000000,15.000000000
59.440000000,15.000000000
59.450000000,15.000000000
59.460000000,15.000000000
59.470000000,15.000000000
59.480000000,15.000000000
59.490000000,15.000000000
59.500000000,15.000000000
59.510000000,15.000000000
59.520000000,15.000000000
59.530000000,15.000000000
59.540000000,15.000000000
59.550000000,15.000000000
59.560000000,15.000000000
59.570000000,15.000000000
59.580000000,15.000000000
59.590000000,15.000000000
59.600000000,15.000000000
59.610000000,15.000000000
59.620000000,15.000000000
59.630000000,15.000000000
59.640000000,15.000000000
59.650000000,15.000000000
59.660000000,15.000000000
59.670000000,15.000000000
59.680000000,15.000000000
59.690000000,15.000000000
59.700000000,15.000000000
59.710000000,15.000000000
59.720000000,15.000000000
59.730000000,15.000000000
59.740000000,15.000000000
59.750000000,15.000000000
59.760000000,15.000000000
59.770000000,15.000000000
59.780000000,15.000000000
59.790000000,15.000000000
59.800000000,15.000000000
59.810000000,15.000000000
59.820000000,15.000000000
59.830000000,15.000000000
59.840000000,15.000000000
59.850000000,15.000000000
59.860000000,15.000000000
59.870000000,15.000000000
59.880000000,15.000000000
59.890000000,15.000000000
59.900000000,15.000000000
59.910000000,15.000000000
59.920000000,15.000000000
59.930000000,15.000000000
59.940000000,15.000000000
59.950000000,15.000000000
59.960000000,15.000000000
59.970000000,15.000000000
59.980000000,15.000000000
59.990000000,15.000000000
