timestamp,can_id,data
-0.000365856,0x1A4,9D 79 00 00 7F 31 80 1C
-0.000365856,0x316,D1 1A 67 06 FB 40 D6 BD
-0.000365856,0x427,57 52 68 46 90 3B B1 3E
0.010167888,0x1A4,DE 56 00 00 E9 C1 B8 23
0.010167888,0x316,A9 60 89 BC A7 1F 3D 1A
0.010167888,0x427,6D 2D 3C AD B3 66 9C BD
0.021448146,0x1A4,50 E1 00 00 34 24 9D 8B
0.021448146,0x316,82 9F 41 16 69 84 2A 97
0.021448146,0x427,99 11 03 6C F3 E8 22 08
0.028706663,0x1A4,6E CA 00 00 5A 69 FC 17
0.028706663,0x316,8B A8 F8 37 18 AA 8F 3B
0.028706663,0x427,D1 F6 5E 81 44 E6 1D 9A
0.038900638,0x1A4,B3 0F 00 00 A6 C1 AD 8F
0.038900638,0x316,29 06 E7 32 B1 0F 4D B7
0.038900638,0x427,89 D3 5E A6 8C 08 8A B3
0.048116389,0x1A4,F6 48 00 00 A4 A6 65 6B
0.048116389,0x316,E0 CB 6E 38 2A 5D FF 72
0.048116389,0x427,AC 1D DA 96 90 81 37 47
0.058466602,0x1A4,8B D5 00 00 4B 77 8A DE
0.058466602,0x316,1F E7 A9 01 0B 33 41 C2
0.058466602,0x427,BD 2B 4A CE C4 6E DF 28
0.068035223,0x1A4,7A 43 00 00 11 75 30 6C
0.068035223,0x316,76 A8 1A 57 89 93 22 47
0.068035223,0x427,30 81 CD 27 7B CD 1E 37
0.078626761,0x1A4,63 EA 00 00 EE 59 74 C3
0.078626761,0x316,79 0F 2B 56 ED 73 2A 1A
0.078626761,0x427,11 31 BE 17 7D EA 42 61
0.090054853,0x1A4,97 67 00 00 8E 12 E6 5B
0.090054853,0x316,13 64 F5 D8 71 7B 0D 58
0.090054853,0x427,03 CA 8D 9A A6 A3 B7 43
0.101957972,0x1A4,7F F5 00 00 63 91 1F 0B
0.101957972,0x316,D0 B3 CF BA 66 DE 9C 75
0.101957972,0x427,85 3E 46 89 78 9B F4 1F
0.110774041,0x1A4,4C 1D 00 00 A1 8C 1B EC
0.110774041,0x316,13 A1 E7 60 E8 3F 2C 14
0.110774041,0x427,F1 88 52 8D 41 BB 0D 4B
0.119513706,0x1A4,32 DD 00 00 AE 89 EE A0
0.119513706,0x316,7A 4F 57 9E 2F F7 AC E2
0.119513706,0x427,C1 D2 98 DC F0 1C 94 5C
0.129620191,0x1A4,BF 59 00 00 2C D3 39 31
0.129620191,0x316,F0 D1 5E B4 D2 5D CE 11
0.129620191,0x427,99 25 BB 0B 99 8D 48 A9
0.140765239,0x1A4,8E 8A 00 00 8A CE E7 C5
0.140765239,0x316,4D 54 15 4A 4C 7A 37 FC
0.140765239,0x427,31 3F 6D 14 26 1A F6 DA
0.149304479,0x1A4,F8 2E 00 00 B2 DF D1 DD
0.149304479,0x316,D0 3A DB 19 D7 F3 4F 61
0.149304479,0x427,39 47 29 47 93 B2 12 74
0.158294214,0x1A4,2F 37 00 00 DE 42 88 D5
0.158294214,0x316,41 A4 65 5D E9 B2 A3 29
0.158294214,0x427,08 2E C4 5E 53 05 F3 5A
0.171366092,0x1A4,AE 40 00 00 A4 99 90 AB
0.171366092,0x316,85 A8 58 44 FE 7E AA B3
0.171366092,0x427,49 98 C8 EF D8 FA FC AE
0.180468880,0x1A4,AB A5 00 00 57 6F 47 12
0.180468880,0x316,73 02 F0 9B E3 EF 8D A2
0.180468880,0x427,01 BE CF 2B 07 64 BD 88
0.188448039,0x1A4,D4 0D 00 00 CB ED AB 3E
0.188448039,0x316,EF BE D4 29 72 AF 56 76
0.188448039,0x427,F7 FD 23 61 F3 4C 1B 45
0.198280267,0x1A4,E6 66 00 00 A2 6F E6 EC
0.198280267,0x316,28 06 D7 A3 C4 61 2B B0
0.198280267,0x427,39 42 94 8E 26 B3 38 38
0.208378510,0x1A4,2F E1 00 00 7F 31 04 53
0.208378510,0x316,A5 24 C5 D7 CC 32 B0 C4
0.208378510,0x427,39 EE A7 C6 0D F3 51 0E
0.221835693,0x1A4,F9 E4 00 00 AB A7 61 D2
0.221835693,0x316,A3 B8 37 08 4E 7B 17 CE
0.221835693,0x427,FC 87 C1 50 5B BC B2 66
0.228430867,0x1A4,9E AA 00 00 81 BC F1 10
0.228430867,0x316,AC F8 02 36 E0 49 C3 E9
0.228430867,0x427,E4 87 62 F1 3E B6 32 91
0.240501268,0x1A4,EE A0 00 00 CF 3A C9 B7
0.240501268,0x316,D7 BA 8E 50 6F B1 6E 36
0.240501268,0x427,15 D4 CA A7 B1 9E CD 7F
0.251878270,0x1A4,D0 21 00 00 4D 98 7A E2
0.251878270,0x316,65 CA 1F EA B2 F0 91 A4
0.251878270,0x427,A9 50 77 75 83 3B 93 24
0.258140013,0x1A4,DE 2F 00 00 1D D0 BE 23
0.258140013,0x316,F8 FA 22 3F 19 99 B7 BE
0.258140013,0x427,7B D2 B5 8F 68 6A FA 89
0.269543515,0x1A4,BC 08 00 00 06 4C 3C BF
0.269543515,0x316,79 6D A7 95 C7 D6 AD 6D
0.269543515,0x427,75 B8 D7 E5 F0 69 62 95
0.279909124,0x1A4,97 1C 00 00 97 CC AB 5C
0.279909124,0x316,B8 67 25 38 E4 BD 50 FF
0.279909124,0x427,F0 9F 5E FF 84 B5 69 23
0.291667558,0x1A4,A8 50 00 00 DF 0D 57 7E
0.291667558,0x316,D8 D6 45 17 8A F0 7A C1
0.291667558,0x427,95 D1 0F 0C 96 3D 71 DC
0.298754373,0x1A4,35 F7 00 00 DF 9B 20 27
0.298754373,0x316,C4 4D A0 A0 81 94 F4 28
0.298754373,0x427,8C B6 C5 CA 54 04 34 AE
0.309033387,0x1A4,E8 AC 00 00 34 43 AE 98
0.309033387,0x316,10 5A 43 10 45 1C 80 62
0.309033387,0x427,22 CD B1 61 C9 24 8C 98
0.318991859,0x1A4,99 CF 00 00 02 1E D2 77
0.318991859,0x316,A9 09 74 87 EC AC 5C 40
0.318991859,0x427,B9 97 98 F8 5B 36 A0 8D
0.328196819,0x1A4,ED 0E 00 00 2F 26 43 F1
0.328196819,0x316,90 6B F0 02 A7 0D 27 AE
0.328196819,0x427,B9 39 81 B8 4B 43 53 1D
0.340694867,0x1A4,17 92 00 00 FD 7E 81 E2
0.340694867,0x316,34 E3 76 89 10 87 39 C0
0.340694867,0x427,C8 A7 4E 44 E3 E2 C2 C4
0.351266822,0x1A4,93 12 00 00 6F BD 15 57
0.351266822,0x316,E9 AE 8E 1C 08 D3 22 4B
0.351266822,0x427,9A C6 4C 6F CA 06 7D 28
0.359745460,0x1A4,A3 3C 00 00 59 AF D4 00
0.359745460,0x316,CC 47 2D F4 72 06 DB B8
0.359745460,0x427,ED E5 37 E0 0B FE 3C B8
0.368151334,0x1A4,E2 76 00 00 8B A8 CD F8
0.368151334,0x316,5F 69 26 80 6E F4 0F C3
0.368151334,0x427,34 21 BC 2D 1C 6D F7 81
0.380854320,0x1A4,6F FA 00 00 5C BD 3D 1B
0.380854320,0x316,16 4E DA DE 6E AC 13 A0
0.380854320,0x427,A8 E0 66 4C 77 A4 77 D7
0.390948184,0x1A4,A7 31 00 00 D4 31 F6 81
0.390948184,0x316,C7 78 E5 9B 89 D6 EB 32
0.390948184,0x427,7D 79 20 27 6C D1 B8 5F
0.400613784,0x1A4,61 E8 00 00 15 47 5B 29
0.400613784,0x316,62 BE 14 8A 3F 8F 18 F4
0.400613784,0x427,8F 10 54 C7 C5 A3 24 EC
0.409314611,0x1A4,1E 42 00 00 DD 63 22 EB
0.409314611,0x316,D1 7A 25 00 B4 6E 54 99
0.409314611,0x427,3B E4 FB 52 85 43 15 7D
0.421321927,0x1A4,82 6D 00 00 FB 5C A3 1C
0.421321927,0x316,31 68 D9 ED B5 4E EC 5C
0.421321927,0x427,B0 EA F3 E0 8B 05 3E FC
0.430522233,0x1A4,39 08 00 00 2D CB 88 CE
0.430522233,0x316,FF 3E B9 4E 37 BF 4C 3D
0.430522233,0x427,1A 2F D4 0E A9 C2 A9 3D
0.440359894,0x1A4,B8 3C 00 00 E2 4D 3E 91
0.440359894,0x316,76 47 6B F2 07 6C 29 14
0.440359894,0x427,69 62 ED 15 CF 4B 5E BB
0.450162118,0x1A4,E1 DE 00 00 60 E6 E6 D0
0.450162118,0x316,48 E9 B7 11 00 31 5D FA
0.450162118,0x427,C5 D2 B6 C2 66 6E 5F 88
0.458933046,0x1A4,B4 B9 00 00 50 D7 31 20
0.458933046,0x316,5D 43 DE 20 0C 6E E5 A8
0.458933046,0x427,1E 1B AC 79 CC AC 64 F2
0.469822290,0x1A4,B0 ED 00 00 AB C2 45 2A
0.469822290,0x316,43 C0 DA 43 03 A1 15 87
0.469822290,0x427,9A C5 57 DF 26 BD 49 9B
0.481176239,0x1A4,9F C4 00 00 C0 7C E0 F6
0.481176239,0x316,21 68 38 36 5E 46 CD ED
0.481176239,0x427,FB 4E 0F 8A 53 0F 59 C1
0.490735021,0x1A4,2A C3 00 00 5C 2A 9B B0
0.490735021,0x316,DF A2 7E 33 E6 D2 83 B6
0.490735021,0x427,9A A3 CC 4F FA 5B 24 66
0.499383629,0x1A4,BE 1B 00 00 39 AD F3 AB
0.499383629,0x316,8E 68 5E A6 71 7C 98 5F
0.499383629,0x427,A1 53 27 70 CB 1B 4D E6
0.511278456,0x1A4,B4 D9 00 00 8F 98 94 73
0.511278456,0x316,97 21 FA 1E 1D BE 76 3F
0.511278456,0x427,CF C3 85 39 5C 00 64 10
0.521357665,0x1A4,9B C6 00 00 59 80 62 05
0.521357665,0x316,62 66 9B 96 03 CD CD 8D
0.521357665,0x427,93 CC E8 3A F2 02 A4 96
0.528174493,0x1A4,B6 2A 00 00 56 42 D7 01
0.528174493,0x316,56 9A 2C 12 6E 10 35 B5
0.528174493,0x427,B6 F6 8F A1 E0 59 12 0F
0.538629077,0x1A4,D4 ED 00 00 C6 25 41 11
0.538629077,0x316,26 9B C9 E7 FB AD 0A 08
0.538629077,0x427,C1 10 11 DC 3C F6 96 54
0.548892586,0x1A4,13 B5 00 00 50 BC 9F 83
0.548892586,0x316,2D DF ED 3C 3B 49 4A 47
0.548892586,0x427,A7 20 42 AB E7 1F 44 7C
0.558058354,0x1A4,3A 39 00 00 33 3C 0B 8A
0.558058354,0x316,6F 30 DF 21 2B A2 2D B9
0.558058354,0x427,76 DC 7D EF 63 DB E3 E1
0.571013821,0x1A4,5A E1 00 00 43 9B 82 93
0.571013821,0x316,F9 F7 00 79 28 11 35 3E
0.571013821,0x427,9F D1 DC C8 20 C1 14 79
0.580587162,0x1A4,9D 1F 00 00 F2 14 35 68
0.580587162,0x316,5F B4 BE 30 54 BC 25 18
0.580587162,0x427,2B 75 D0 18 FA 17 B3 A8
0.590172807,0x1A4,D3 5E 00 00 DF 3E B3 5A
0.590172807,0x316,11 A6 6F 6C BC FF 3D 69
0.590172807,0x427,B3 ED 8E 77 AC 67 24 DD
0.601978662,0x1A4,1A B7 00 00 A6 29 DE 0D
0.601978662,0x316,63 9E 61 AC CF DB 48 A7
0.601978662,0x427,50 40 F2 FB 41 09 6C A5
0.609426712,0x1A4,EE E9 00 00 EF 4F 84 0F
0.609426712,0x316,3A 30 12 67 AB 34 6C BA
0.609426712,0x427,07 89 DC 56 71 A1 F3 CC
0.618796188,0x1A4,5E 92 00 00 27 0E F9 1B
0.618796188,0x316,04 F1 A7 3F 00 0C 0C 31
0.618796188,0x427,EF 87 B1 30 E4 05 4A 89
0.628446077,0x1A4,7D 56 00 00 B4 FC E2 23
0.628446077,0x316,61 6F 00 6C 76 12 F9 2E
0.628446077,0x427,19 BC 4E 47 15 CB 6E 76
0.639360522,0x1A4,BF 50 00 00 BF 4F DE DF
0.639360522,0x316,7C 22 5B EC 92 6C 4C 13
0.639360522,0x427,34 04 71 71 BB 8B DA CE
0.651352226,0x1A4,E7 5F 00 00 6E A5 20 DB
0.651352226,0x316,A3 1E E2 8C E5 8B 10 19
0.651352226,0x427,58 5B F3 0C B8 F7 F2 A6
0.660426908,0x1A4,D5 F9 00 00 81 F8 63 8A
0.660426908,0x316,70 E7 05 D6 A8 2B C7 03
0.660426908,0x427,83 23 10 F8 B7 11 E0 17
0.668237090,0x1A4,E9 62 00 00 30 AB E9 C0
0.668237090,0x316,A5 1F 44 D9 C0 5D 83 3C
0.668237090,0x427,62 5D 93 2A 7A C0 0A 68
0.679732937,0x1A4,17 FA 00 00 3E 4E 3A 7B
0.679732937,0x316,81 24 B8 36 71 BA 59 DD
0.679732937,0x427,85 93 AA 66 F4 7E 06 E7
0.688191927,0x1A4,D0 BA 00 00 88 A8 25 2A
0.688191927,0x316,E3 61 04 61 27 41 8D 00
0.688191927,0x427,48 33 3D FC 24 AE F2 63
0.700492351,0x1A4,FC 58 00 00 CF 49 30 ED
0.700492351,0x316,C6 D9 B8 C8 CD 3C FE C8
0.700492351,0x427,BA 6D 7B 74 F2 17 06 49
0.708489958,0x1A4,EA 37 00 00 18 D2 53 B2
0.708489958,0x316,C3 C4 12 F5 76 65 02 BB
0.708489958,0x427,7D 05 D4 FE 8E 61 8A C8
0.718717761,0x1A4,34 D5 00 00 E1 65 70 A9
0.718717761,0x316,CA 9A E9 B7 79 7F 96 7C
0.718717761,0x427,D7 C3 A0 27 8C 25 9D 30
0.730569794,0x1A4,52 0B 00 00 EC 3E BB 37
0.730569794,0x316,46 56 FD F7 D6 C2 F8 0E
0.730569794,0x427,C0 28 45 94 85 45 59 BC
0.741342220,0x1A4,10 4E 00 00 4B EA 9A 0F
0.741342220,0x316,9B 53 7B BF BA 67 48 50
0.741342220,0x427,2B 62 A2 0E C2 20 D6 0C
0.750478548,0x1A4,BA A9 00 00 EA CF 0E 7A
0.750478548,0x316,64 CD BA 80 67 F4 5C EB
0.750478548,0x427,CA D9 4B DA FB E1 F7 87
0.759174794,0x1A4,E5 82 00 00 E0 A8 8F 0E
0.759174794,0x316,22 9B F5 F5 62 0C 01 82
0.759174794,0x427,53 2F 82 14 D0 95 F1 D9
0.770581264,0x1A4,96 39 00 00 29 9D 8A 11
0.770581264,0x316,81 38 54 98 10 E2 65 11
0.770581264,0x427,CC BA DA AC EC 2E A0 DC
0.779088196,0x1A4,96 52 00 00 AF D5 5D 67
0.779088196,0x316,8A E3 B0 1E 8B 71 0C F1
0.779088196,0x427,99 DE E9 E3 78 3F D6 91
0.788026957,0x1A4,14 F8 00 00 03 0A 34 94
0.788026957,0x316,56 68 32 98 7E 82 2C 0A
0.788026957,0x427,65 C9 8F 9E 54 DD FC 14
0.799095650,0x1A4,E3 52 00 00 92 9B 49 A8
0.799095650,0x316,0C 8C 6B 95 33 B6 B2 90
0.799095650,0x427,95 16 D5 85 3F 9D FD 50
0.810752943,0x1A4,D5 E8 00 00 62 8A C1 42
0.810752943,0x316,B8 54 4A 34 5B 29 73 AB
0.810752943,0x427,8D 58 58 B7 9A 5A 6E 50
0.820505901,0x1A4,DD 85 00 00 11 50 FF 43
0.820505901,0x316,A6 38 52 65 25 3D 81 21
0.820505901,0x427,FC E3 F3 AB 28 8A 3F A5
0.828770515,0x1A4,C2 9B 00 00 75 AB 0C 75
0.828770515,0x316,0A FD F0 50 3B 25 D4 ED
0.828770515,0x427,F2 30 7A C0 5B 48 8C EF
0.841362498,0x1A4,83 2F 00 00 73 7F 62 02
0.841362498,0x316,27 33 52 75 ED 4A 04 9F
0.841362498,0x427,C2 B5 9A FF E4 59 20 90
0.851322698,0x1A4,4D 2D 00 00 15 5F 98 19
0.851322698,0x316,E0 36 C1 12 8B 68 A2 89
0.851322698,0x427,EB 47 91 36 CC A8 81 81
0.859117496,0x1A4,AF 2C 00 00 68 AC E8 21
0.859117496,0x316,3E 16 EA EE 99 A4 58 59
0.859117496,0x427,81 50 80 E1 A3 4E 9C 11
0.871843724,0x1A4,C3 DA 00 00 64 6C 89 3E
0.871843724,0x316,D2 53 99 5E 12 EF F4 48
0.871843724,0x427,B8 18 62 28 20 DD 2C 70
0.879050257,0x1A4,32 4F 00 00 0C 55 10 8B
0.879050257,0x316,43 31 1B B4 66 C3 71 4D
0.879050257,0x427,EC E9 96 9C 7C CF DD FB
0.888259505,0x1A4,59 4E 00 00 11 1A 9E CE
0.888259505,0x316,E6 FD 6A A7 4F A8 68 87
0.888259505,0x427,F0 B1 00 02 31 15 F9 AA
0.900048938,0x1A4,9A BC 00 00 56 6A FA 8D
0.900048938,0x316,EA 15 A4 4C 5E 90 87 EE
0.900048938,0x427,C7 D7 D3 A9 1A A5 84 1A
0.911459762,0x1A4,6E B7 00 00 C5 ED CC E0
0.911459762,0x316,0F E7 60 22 EF 09 B4 43
0.911459762,0x427,AC BB 8C 1D 57 36 C4 E3
0.920398782,0x1A4,A9 B5 00 00 1B 05 0F BE
0.920398782,0x316,97 10 A0 8D 2A 6F CB 27
0.920398782,0x427,D9 9C B8 45 DB 2D 21 48
0.930185371,0x1A4,AB 20 00 00 2D D3 EB 35
0.930185371,0x316,A7 6E B5 B7 AA 00 C7 57
0.930185371,0x427,0B F4 1E 34 D2 CF FF AF
0.939950604,0x1A4,29 6B 00 00 8A 7E 58 DA
0.939950604,0x316,E6 72 94 43 F1 7C 62 81
0.939950604,0x427,60 6C 10 7D 71 7B 49 40
0.949136555,0x1A4,C7 21 00 00 78 1C 7D E8
0.949136555,0x316,C0 40 9A D8 0F 28 01 0D
0.949136555,0x427,49 DF A0 17 23 77 60 A2
0.959199517,0x1A4,33 76 00 00 1C 28 50 D4
0.959199517,0x316,F3 83 D4 46 2D 45 49 0B
0.959199517,0x427,CE 5E E8 00 16 F6 63 55
0.969612346,0x1A4,CD 11 00 00 A0 65 7D 21
0.969612346,0x316,B4 DC 19 A3 E2 09 D4 FA
0.969612346,0x427,1D 80 0F 43 BF 6F 5D 29
0.980188420,0x1A4,1F 4F 00 00 C9 21 1C 71
0.980188420,0x316,99 ED 3A 8D 3C 9F A6 B4
0.980188420,0x427,C9 E3 7C 6D B0 97 97 8F
0.991771421,0x1A4,A6 B6 00 00 48 C4 A3 1C
0.991771421,0x316,61 2E 43 13 A3 DB EE F1
0.991771421,0x427,B0 42 13 E2 69 A9 E6 B0
0.998291093,0x1A4,EA DC 00 00 FB 6B 28 26
0.998291093,0x316,3B CE AB 8B DE 23 39 09
0.998291093,0x427,EB 04 A8 D5 58 F0 84 5E
1.009008590,0x1A4,D0 58 00 00 E2 48 72 8D
1.009008590,0x316,77 79 E9 25 97 80 06 6E
1.009008590,0x427,02 45 A0 20 DE 4B B5 0A
1.021773947,0x1A4,E7 04 00 00 2A CD 59 5D
1.021773947,0x316,89 A6 23 E6 07 DB DE EE
1.021773947,0x427,DE AB CE CB A7 DA E1 F8
1.030629211,0x1A4,31 01 00 00 E7 8C 36 0A
1.030629211,0x316,C0 EC 1F E6 C6 62 99 5B
1.030629211,0x427,6C 93 C7 35 36 EC 9B AE
1.038297440,0x1A4,47 2E 00 00 FA 25 BC AA
1.038297440,0x316,C3 AE 50 1A CA AE 8A 5A
1.038297440,0x427,BC B2 B5 C7 B7 86 54 8F
1.049766501,0x1A4,DC A6 00 00 43 2C ED DF
1.049766501,0x316,3F 59 08 68 04 62 4D F9
1.049766501,0x427,2A AC E3 9E D9 C3 DD BF
1.060603988,0x1A4,BD CE 00 00 99 DB FE EC
1.060603988,0x316,B5 AE 0C EE 4C D1 9A 3C
1.060603988,0x427,94 CC 56 DD 35 B7 99 29
1.071647852,0x1A4,69 A3 00 00 69 65 C5 CC
1.071647852,0x316,5A BC 8E CF D0 4D 53 2D
1.071647852,0x427,10 7E A4 E1 6F 20 8C 69
1.078336909,0x1A4,3A 66 00 00 93 94 EA 2D
1.078336909,0x316,29 7D 8F BC 01 33 AB EC
1.078336909,0x427,46 1B 0A 55 28 7B 4A C8
1.091609172,0x1A4,29 F3 00 00 AA 08 66 69
1.091609172,0x316,22 48 5F CD 9A 08 7F AB
1.091609172,0x427,C7 4C 33 DD 0D BB 2C BC
1.101082782,0x1A4,6A 44 00 00 62 E3 87 3F
1.101082782,0x316,0B 61 4D 44 91 30 C1 28
1.101082782,0x427,3F 60 91 C9 A4 F7 86 B3
1.109114379,0x1A4,A7 27 00 00 1A 41 EE 61
1.109114379,0x316,90 52 46 DF 0A DB E9 09
1.109114379,0x427,77 C4 CC DB 25 24 7F 78
1.120133656,0x1A4,81 6A 00 00 70 34 17 33
1.120133656,0x316,D0 D1 0B D1 F2 A9 1F EB
1.120133656,0x427,D4 6E D6 75 E3 36 83 59
1.131301704,0x1A4,1A FD 00 00 17 AC 0E D2
1.131301704,0x316,26 C3 9B CB CB 06 0F DF
1.131301704,0x427,BA B2 43 3A 97 84 11 39
1.138972529,0x1A4,5B DF 00 00 5A EF F7 A8
1.138972529,0x316,37 F4 70 31 D0 DD 01 66
1.138972529,0x427,AC F9 08 54 AA 87 52 47
1.150805367,0x1A4,09 3C 00 00 F0 8E C5 11
1.150805367,0x316,50 0B 86 F7 16 BC F8 C5
1.150805367,0x427,58 BC 74 47 71 B6 E4 59
1.160240225,0x1A4,B5 25 00 00 0B 69 68 82
1.160240225,0x316,9E 52 51 66 2D E6 F4 AD
1.160240225,0x427,25 A0 2C FB 8D 2D FA D7
1.168292040,0x1A4,27 6F 00 00 D8 3C C6 54
1.168292040,0x316,79 D8 71 F0 30 D4 10 07
1.168292040,0x427,66 09 87 1D DB 96 85 E0
1.179086888,0x1A4,A2 2C 00 00 CC FF DE 42
1.179086888,0x316,DB 9E B6 2D 5D 87 A1 94
1.179086888,0x427,17 A6 68 F6 7A F8 C9 FB
1.189649765,0x1A4,85 9A 00 00 42 39 CB 09
1.189649765,0x316,FC 44 C0 1B CC E4 B8 98
1.189649765,0x427,0C 92 3F 6F 44 F3 7E 58
1.198558242,0x1A4,D9 ED 00 00 63 5B 53 C9
1.198558242,0x316,1F 28 4D 50 71 82 B7 6F
1.198558242,0x427,D5 80 30 9B 6F E1 F6 FB
1.211775345,0x1A4,2D 9F 00 00 59 F6 9A 1D
1.211775345,0x316,E3 2A 9C 62 29 F1 45 E6
1.211775345,0x427,2D 46 9B 93 AD 00 A9 30
1.219000328,0x1A4,8C 7E 00 00 6A EA 5C 0B
1.219000328,0x316,D0 F3 72 B5 35 77 A1 6F
1.219000328,0x427,E3 D6 6E 00 F4 7F 19 85
1.228926995,0x1A4,76 7E 00 00 00 7F 77 CE
1.228926995,0x316,6C FD D7 89 A5 DE D5 AF
1.228926995,0x427,74 90 2C B8 6B 15 B5 F0
1.240388708,0x1A4,AA 70 00 00 81 80 AE BC
1.240388708,0x316,43 4F AE AB FA E4 70 32
1.240388708,0x427,56 9E 3D 5D A3 81 69 6E
1.250110288,0x1A4,AA CD 00 00 2D 70 E9 F2
1.250110288,0x316,14 7B 0B AA 85 A3 B7 EB
1.250110288,0x427,4F FD 87 54 E7 1C 87 9F
1.259276420,0x1A4,86 C6 00 00 E6 C2 D3 A9
1.259276420,0x316,93 87 17 D9 D6 71 E7 1F
1.259276420,0x427,A0 D0 41 B8 33 78 69 E6
1.269301723,0x1A4,90 EB 00 00 DE C7 D2 81
1.269301723,0x316,96 47 2D 4F 49 7E B9 AA
1.269301723,0x427,15 70 8C 68 04 B9 80 53
1.279986136,0x1A4,36 B6 00 00 26 40 7C B2
1.279986136,0x316,20 0F B0 4B FB F9 ED 8D
1.279986136,0x427,F6 EE 95 20 B6 6E 1C 31
1.291637013,0x1A4,FE 5E 00 00 A1 D0 38 AA
1.291637013,0x316,67 AC BB F0 3F AA 0F 61
1.291637013,0x427,6C B5 64 AD 0E BF 85 BF
1.298315885,0x1A4,A6 43 00 00 44 0E 8D 2C
1.298315885,0x316,AF 62 92 9D D9 E1 B0 91
1.298315885,0x427,1A 0D 0B 4D D5 8A F4 67
1.311648180,0x1A4,E2 9C 00 00 50 03 6F D5
1.311648180,0x316,8B 9A 1A 00 B7 BF CA 4D
1.311648180,0x427,6C 2D 73 49 41 88 CE 35
1.321752004,0x1A4,48 26 00 00 9B 7D 27 C9
1.321752004,0x316,E6 E1 79 94 24 2C 4E 9B
1.321752004,0x427,AA C9 9A A7 FA EC 7E 52
1.330733246,0x1A4,49 77 00 00 64 E3 18 71
1.330733246,0x316,69 62 31 71 1E E8 F5 AC
1.330733246,0x427,9A 22 B5 36 8E 4C DC 82
1.341210725,0x1A4,C2 BA 00 00 35 3E 32 CB
1.341210725,0x316,44 C9 B3 E6 C7 8C B7 F5
1.341210725,0x427,59 47 C8 CB 31 F8 67 BC
1.349528368,0x1A4,25 E5 00 00 58 71 AA A8
1.349528368,0x316,08 29 B5 15 D0 39 A6 48
1.349528368,0x427,A9 A9 F4 83 36 53 F2 A9
1.361850540,0x1A4,77 69 00 00 4C E0 87 9E
1.361850540,0x316,DB E5 CE 55 2A 39 E8 17
1.361850540,0x427,24 33 84 D1 E1 3F B6 F3
1.370969641,0x1A4,C4 96 00 00 2F 59 20 3C
1.370969641,0x316,40 56 3C AC 65 A6 77 4F
1.370969641,0x427,FF 0C 82 39 F6 E7 7A CE
1.380746927,0x1A4,E8 2D 00 00 4B FD B8 25
1.380746927,0x316,0F BE 40 06 90 A9 D4 0B
1.380746927,0x427,32 00 AE 3E 24 3B E3 FB
1.389795948,0x1A4,03 89 00 00 77 73 7C 9C
1.389795948,0x316,DD 68 88 D9 A9 B7 BB C4
1.389795948,0x427,F0 DE A4 12 64 27 96 74
1.398882718,0x1A4,4C CE 00 00 5D DE D9 E2
1.398882718,0x316,DC 4D 38 A1 0A 2B 5F 93
1.398882718,0x427,EC 81 C6 31 81 84 E5 B7
1.410765999,0x1A4,A7 45 00 00 B6 69 4C 62
1.410765999,0x316,95 80 8F 7E 63 A6 4F 66
1.410765999,0x427,B4 C3 75 3E 44 3C C7 25
1.420943143,0x1A4,E9 6A 00 00 CC 05 08 B0
1.420943143,0x316,87 62 6B 01 A1 5A 85 E4
1.420943143,0x427,38 35 3F C0 39 D5 45 DC
1.428020406,0x1A4,2D BF 00 00 09 D9 AD E2
1.428020406,0x316,15 4E 49 1B 59 8F 46 C7
1.428020406,0x427,93 61 D6 6C 07 F9 05 38
1.439244948,0x1A4,CF E8 00 00 BA 24 DA CD
1.439244948,0x316,30 43 3D F5 2C 46 27 B2
1.439244948,0x427,13 E1 98 84 D6 BD EC 76
1.450142764,0x1A4,A4 1C 00 00 79 25 B2 8E
1.450142764,0x316,46 75 CB 3F 85 50 DF EA
1.450142764,0x427,27 92 2C D9 76 5B 11 1F
1.458847477,0x1A4,BF AE 00 00 E1 82 22 22
1.458847477,0x316,6F A3 29 CD FE DB F2 76
1.458847477,0x427,C1 5F E6 AA 4D 42 F8 87
1.468517430,0x1A4,04 85 00 00 58 BA 15 8F
1.468517430,0x316,25 90 6F 98 52 70 3A 51
1.468517430,0x427,A3 CB 35 F3 92 10 58 C1
1.478751820,0x1A4,51 7D 00 00 F4 7D 4C 71
1.478751820,0x316,52 C8 D6 9C 32 44 A4 D0
1.478751820,0x427,88 56 22 B8 2E 71 5B E4
1.488062588,0x1A4,43 24 00 00 DC E1 3E 6D
1.488062588,0x316,53 2E A0 D4 B9 A1 27 E8
1.488062588,0x427,1B 56 41 8C E6 64 27 72
1.498482510,0x1A4,39 6E 00 00 88 92 BE 28
1.498482510,0x316,F7 33 60 BE 30 EE 8A DC
1.498482510,0x427,88 43 84 79 99 C5 37 73
1.509565505,0x1A4,9F 60 00 00 8E 71 74 C0
1.509565505,0x316,70 1A 4B 3F 0D 41 01 D7
1.509565505,0x427,AF C7 3D A3 62 E0 FD 46
1.520005733,0x1A4,91 5D 00 00 B9 B2 15 C7
1.520005733,0x316,93 E7 73 85 D8 8C 0E 7C
1.520005733,0x427,E9 95 72 A0 99 37 3F 3D
1.530553044,0x1A4,AF 04 00 00 97 7D 9B 70
1.530553044,0x316,F7 F2 D5 13 5B E0 AA B6
1.530553044,0x427,F1 7A 25 49 74 C5 07 3C
1.539232515,0x1A4,19 1F 00 00 B8 1A FA 55
1.539232515,0x316,64 7C D8 51 1D 68 9D E4
1.539232515,0x427,87 6A 47 8A CB BC A0 14
1.548512846,0x1A4,87 7B 00 00 96 D6 9C 26
1.548512846,0x316,D8 F3 33 3B D3 99 0E 62
1.548512846,0x427,F1 B1 A6 B1 E2 3E 1E 27
1.561680708,0x1A4,8E E2 00 00 AC 9D C5 36
1.561680708,0x316,51 4D 71 10 54 C8 34 6A
1.561680708,0x427,BA 6E 58 68 82 A4 B4 54
1.570527517,0x1A4,5B 90 00 00 BA D0 46 77
1.570527517,0x316,2F 2E 70 6A 5C A5 F0 0F
1.570527517,0x427,3C 19 F3 34 0E 5B 38 D5
1.580715465,0x1A4,9F 86 00 00 8B C0 B4 63
1.580715465,0x316,81 7E A3 E7 FF 55 11 C5
1.580715465,0x427,76 3A 86 95 17 1F 31 F2
1.590756204,0x1A4,6E CB 00 00 C6 0B 00 05
1.590756204,0x316,58 CA 52 DB 25 B7 72 E1
1.590756204,0x427,83 01 FE C3 5F 71 60 93
1.599287323,0x1A4,B4 A6 00 00 06 58 1B 7A
1.599287323,0x316,C4 67 82 01 70 84 57 F1
1.599287323,0x427,7C DD 0C 5A FE E0 71 4C
1.610374856,0x1A4,FD BE 00 00 39 2A D6 63
1.610374856,0x316,95 90 7B DA BB 9E 42 E4
1.610374856,0x427,B1 02 14 F4 73 50 F2 D5
1.619275146,0x1A4,8D FA 00 00 AB D2 C8 89
1.619275146,0x316,DF 2F 5D BF 52 FA 10 BC
1.619275146,0x427,A1 53 CF 8B 03 29 C4 CC
1.630611538,0x1A4,F5 C2 00 00 E6 F6 D6 E5
1.630611538,0x316,4C 39 75 38 79 9B FC 7C
1.630611538,0x427,3F 04 2C 38 B6 16 DF 45
1.641271422,0x1A4,5E F2 00 00 BF 08 53 7C
1.641271422,0x316,BA 2B 6E 07 4C 25 8C 63
1.641271422,0x427,EE 95 0C 56 37 4D 3B AB
1.648065229,0x1A4,13 3E 00 00 36 0E 53 CC
1.648065229,0x316,1F 4C 81 67 7F F3 63 B9
1.648065229,0x427,12 5F 40 2A 08 61 2B D7
1.661182724,0x1A4,7C E1 00 00 6A 14 67 EB
1.661182724,0x316,03 37 AC 20 7F 98 10 FB
1.661182724,0x427,79 3B 4C 9F 9C 53 BC 88
1.668468609,0x1A4,F9 45 00 00 7B 7D 2C E8
1.668468609,0x316,E6 82 DE 64 F8 48 86 97
1.668468609,0x427,36 FE 7B 90 27 5A BA A9
1.678064404,0x1A4,FF 28 00 00 A1 94 7D 15
1.678064404,0x316,BE 3D 8B A4 02 91 B9 6D
1.678064404,0x427,88 33 BD 22 63 F8 E9 DD
1.688301081,0x1A4,9D DE 00 00 21 CB 85 2E
1.688301081,0x316,2B 74 DF 0C A4 9A 99 42
1.688301081,0x427,73 F3 0C 61 68 62 CD 53
1.700249568,0x1A4,5C 5E 00 00 D9 2C 67 74
1.700249568,0x316,B9 2A AC 53 9F 6F 66 56
1.700249568,0x427,35 F3 DF C2 17 16 30 E1
1.711431032,0x1A4,64 6A 00 00 58 D3 3B 47
1.711431032,0x316,3A B7 83 C0 FD 1C 82 F3
1.711431032,0x427,72 FD F8 D4 31 AC EB 6B
1.721701488,0x1A4,ED DD 00 00 D0 B8 BC D5
1.721701488,0x316,8D CE F7 14 65 07 66 78
1.721701488,0x427,86 4D F6 04 C8 0D C0 BF
1.728630747,0x1A4,FE 5D 00 00 61 7B 55 0D
1.728630747,0x316,85 F5 F9 FF 5B 02 B1 F3
1.728630747,0x427,43 00 97 59 A7 9F 66 39
1.739715971,0x1A4,F7 D7 00 00 38 F9 90 11
1.739715971,0x316,9F E3 FE C7 53 AB 10 F5
1.739715971,0x427,A3 64 D9 A6 70 5B 4E 0A
1.751767593,0x1A4,6D 6D 00 00 F9 94 F1 07
1.751767593,0x316,25 C1 19 F3 61 F5 4D 3F
1.751767593,0x427,35 4D 09 33 B8 B3 D7 D6
1.761550040,0x1A4,F6 9F 00 00 8D DA 0F 9F
1.761550040,0x316,8B 87 02 27 02 48 11 3D
1.761550040,0x427,94 04 50 20 32 4C 3B 79
1.771305119,0x1A4,B1 A7 00 00 71 A0 48 1D
1.771305119,0x316,62 4F 60 90 59 34 A0 F2
1.771305119,0x427,3B 86 CC 37 98 77 0C 77
1.778993104,0x1A4,F0 22 00 00 DF 2F 99 41
1.778993104,0x316,1D 6F 53 C4 07 EA 6F 5E
1.778993104,0x427,B7 3A F4 2A 95 C8 1B 9B
1.789098631,0x1A4,45 92 00 00 F7 51 B7 F6
1.789098631,0x316,3F 0E 78 BF 7C 42 E6 B7
1.789098631,0x427,AB 06 52 1D 60 5E 1D C7
1.798596152,0x1A4,C0 B8 00 00 49 8E EC 29
1.798596152,0x316,CC F0 F7 F6 26 3F A0 4F
1.798596152,0x427,15 5C AC 1B D5 AE 24 94
1.809053470,0x1A4,63 DC 00 00 B6 8C CB ED
1.809053470,0x316,1B 6E DC 4F 02 6A 67 93
1.809053470,0x427,BD A1 66 AD D7 66 74 E8
1.819618370,0x1A4,A2 D0 00 00 E9 1D 14 60
1.819618370,0x316,23 25 8B 65 85 37 04 F1
1.819618370,0x427,20 34 0B B7 89 BD C5 32
1.831187510,0x1A4,46 81 00 00 B4 B9 93 97
1.831187510,0x316,3B 1B CC B0 A7 57 A0 D4
1.831187510,0x427,2A F5 92 A0 91 60 2B 3E
1.840639868,0x1A4,2C 34 00 00 90 3D 7B B2
1.840639868,0x316,B4 4E C1 C5 C5 85 34 4D
1.840639868,0x427,58 D1 AC D9 B4 99 2B AF
1.848687945,0x1A4,50 93 00 00 AF 14 37 CE
1.848687945,0x316,E9 76 FD 1E F6 8B D5 CB
1.848687945,0x427,33 39 DD FB A0 F4 E0 90
1.858714877,0x1A4,46 CA 00 00 BE 81 83 0A
1.858714877,0x316,88 58 E2 58 18 FE 61 88
1.858714877,0x427,68 2E AA 6D 63 76 59 A9
1.869802282,0x1A4,BF BB 00 00 09 26 A7 11
1.869802282,0x316,76 A5 86 81 0C 65 C5 A5
1.869802282,0x427,2C ED 5A 57 CE 2B 3D 03
1.881561851,0x1A4,CD C9 00 00 3D F8 88 6B
1.881561851,0x316,6C 47 84 D2 ED DB 7D 7D
1.881561851,0x427,63 98 04 1B B1 63 FB 6E
1.889889437,0x1A4,97 2C 00 00 ED 5A B8 5C
1.889889437,0x316,98 B4 B5 A2 88 42 3E E4
1.889889437,0x427,82 29 26 D4 55 7A B1 75
1.901155987,0x1A4,F8 2D 00 00 8E 6D 2A 27
1.901155987,0x316,EA 15 7C 6F C9 4F 17 2D
1.901155987,0x427,42 02 DA BB D2 31 91 85
1.910754960,0x1A4,51 49 00 00 99 60 84 A6
1.910754960,0x316,A6 1E 24 45 83 6E AC 9D
1.910754960,0x427,D0 24 E6 CE 16 10 6C EB
1.921511872,0x1A4,1A B3 00 00 E3 E6 4E C6
1.921511872,0x316,1F 7E C6 7B BB F7 01 77
1.921511872,0x427,4F CF 81 6F B6 57 63 D3
1.929985310,0x1A4,A3 88 00 00 A8 6A AC 97
1.929985310,0x316,F7 91 B5 44 80 8D 82 52
1.929985310,0x427,A0 DF 09 DA 6C C5 D8 3E
1.939511688,0x1A4,A3 C9 00 00 3C 61 43 EF
1.939511688,0x316,24 8A 2F 16 6C D7 67 47
1.939511688,0x427,DE 94 B2 E1 8D C2 67 73
1.949830437,0x1A4,8B D5 00 00 BF 36 1F C0
1.949830437,0x316,55 22 F7 76 96 AA E1 91
1.949830437,0x427,D5 B2 3E 9C 4E 66 0E AB
1.961208163,0x1A4,6B 71 00 00 D1 16 1E 56
1.961208163,0x316,01 E2 58 07 E7 DE 8A 7E
1.961208163,0x427,8D 0B D8 D9 E6 20 34 53
1.969114448,0x1A4,87 0E 00 00 9D 12 D0 7C
1.969114448,0x316,87 7C 4D 36 06 CF D5 5A
1.969114448,0x427,DE BD 3E CC 3B 62 23 42
1.978773182,0x1A4,46 72 00 00 C9 B2 97 47
1.978773182,0x316,66 A6 5C E1 4A 9D 9D 98
1.978773182,0x427,3A C7 80 B3 0D B7 4E E1
1.991347316,0x1A4,91 89 00 00 23 52 48 8E
1.991347316,0x316,6A 43 99 02 FD AE 41 84
1.991347316,0x427,BF 3A B4 F2 F2 12 E9 30
1.999921329,0x1A4,27 BB 00 00 90 82 C9 3D
1.999921329,0x316,35 D0 56 B8 63 AC 0B 68
1.999921329,0x427,18 70 13 7D 24 07 20 8E
2.010565880,0x1A4,29 14 00 00 89 DE 85 3D
2.010565880,0x316,1F C6 CB B0 EA 3C E1 79
2.010565880,0x427,63 E4 59 A5 C3 4D 3B B6
2.018696623,0x1A4,85 77 00 00 2D 91 BB 72
2.018696623,0x316,13 A6 FD CA F5 0D 6A 04
2.018696623,0x427,2E 58 D2 17 E5 05 53 4B
2.028165631,0x1A4,BC 8A 00 00 06 D5 86 67
2.028165631,0x316,8D F6 18 B1 43 3F 49 3E
2.028165631,0x427,BB 84 63 4E B2 48 F9 A9
2.038900119,0x1A4,BA D3 00 00 D7 1F 78 5E
2.038900119,0x316,73 99 27 79 46 67 B0 8D
2.038900119,0x427,F5 7F EA 87 02 7C 00 58
2.049717559,0x1A4,5D D1 00 00 5F 3D 23 FF
2.049717559,0x316,E6 9F F5 BE 4D 42 E6 8C
2.049717559,0x427,1B BD AE 54 29 41 10 5A
2.058132010,0x1A4,3B 4D 00 00 56 A6 28 74
2.058132010,0x316,62 C7 5A 45 27 D8 7E 4E
2.058132010,0x427,C9 FD 5B 40 8B 8A 04 3B
2.069091955,0x1A4,C4 4D 00 00 1F 17 A6 B8
2.069091955,0x316,41 34 4D 31 06 C0 C7 50
2.069091955,0x427,BC 23 9B 1E 0A 74 2D BE
2.081772137,0x1A4,61 61 00 00 2B B6 6C F3
2.081772137,0x316,BC DB 1E C3 08 8F AE B0
2.081772137,0x427,FA FA 65 2F 48 D4 08 31
2.089748351,0x1A4,DA FB 00 00 C8 31 15 BD
2.089748351,0x316,42 70 F4 7B FE AD C8 46
2.089748351,0x427,03 67 7E B9 D6 2A EF 96
2.098018184,0x1A4,EC EA 00 00 0C FC 9C C2
2.098018184,0x316,13 9A 4E 86 2A 47 C7 98
2.098018184,0x427,4D 9A 72 48 BB BE 02 FB
2.111210044,0x1A4,3E 14 00 00 E7 21 27 D5
2.111210044,0x316,99 B0 B1 31 E6 CE D6 4B
2.111210044,0x427,3E 56 3C 3A A2 B3 62 5C
2.119206872,0x1A4,93 E1 00 00 BD 68 61 4D
2.119206872,0x316,25 3A 9F 03 0E B3 40 B5
2.119206872,0x427,D1 13 BD 88 AC BD 67 20
2.128691220,0x1A4,7B 44 00 00 B9 EA A6 0B
2.128691220,0x316,8A 64 6B F9 C6 6A F5 0D
2.128691220,0x427,E4 EE A8 8D 8D 77 C9 4A
2.140551788,0x1A4,24 F2 00 00 65 DB AF F1
2.140551788,0x316,42 DA 53 20 F6 6C 4B A3
2.140551788,0x427,0A 79 53 DE E2 FC B6 C0
2.150658365,0x1A4,F0 39 00 00 0A 2F 43 1A
2.150658365,0x316,93 8F 6A DF 42 D3 23 03
2.150658365,0x427,7B DF F5 92 51 76 CA 48
2.159296982,0x1A4,E0 65 00 00 AA 03 8D 7A
2.159296982,0x316,3F 90 C2 70 1D 81 38 57
2.159296982,0x427,1E 75 32 2F 9B DA 2A F7
2.170841845,0x1A4,59 06 00 00 60 6C A2 40
2.170841845,0x316,3B 8B E9 F0 4C E0 99 DC
2.170841845,0x427,D4 75 4C 7A 8E D0 34 1D
2.181501986,0x1A4,DC 2B 00 00 E3 58 BA 10
2.181501986,0x316,43 C3 94 66 51 1A E3 7D
2.181501986,0x427,97 0C F7 12 86 A8 B7 93
2.189358668,0x1A4,8C 5A 00 00 1A 41 BB AF
2.189358668,0x316,01 53 B9 0D D3 94 D7 26
2.189358668,0x427,0B D0 31 26 CD 01 A7 CF
2.199988336,0x1A4,61 41 00 00 FA E5 F9 F2
2.199988336,0x316,1E 2A C8 4D 66 6A CE 15
2.199988336,0x427,14 6B 71 FE 42 71 89 3F
2.208021848,0x1A4,70 D7 00 00 CD DF DD 8E
2.208021848,0x316,D0 90 B2 C3 6F 61 8A 6A
2.208021848,0x427,2B A2 37 9B DA C4 9B 98
2.220365682,0x1A4,A1 FD 00 00 42 AA 50 9E
2.220365682,0x316,CA A1 C6 39 11 DA 93 C6
2.220365682,0x427,4B 50 C7 85 59 74 60 61
2.229169200,0x1A4,6F EA 00 00 3D BE 93 E8
2.229169200,0x316,EE 29 56 71 AB 55 1F 4C
2.229169200,0x427,F9 E1 33 DC 4F 95 A9 96
2.240609580,0x1A4,50 B0 00 00 C7 CA C7 6D
2.240609580,0x316,45 66 2D 4E 63 B3 91 91
2.240609580,0x427,8B A5 FB 9E D0 40 6B 0F
2.251032452,0x1A4,72 C5 00 00 47 B0 C9 F5
2.251032452,0x316,35 7E 76 BD 06 5F 67 19
2.251032452,0x427,6E 45 95 F2 2B BD 42 C3
2.259362121,0x1A4,8D 96 00 00 CA C0 21 A0
2.259362121,0x316,54 BF 05 36 31 D9 BF 43
2.259362121,0x427,92 D1 11 A9 B4 B3 C8 14
2.270669040,0x1A4,C0 E4 00 00 E9 CD 67 3D
2.270669040,0x316,79 0B 7F 2C 27 5D 4F 8D
2.270669040,0x427,9E 73 37 13 9A 85 12 28
2.281770643,0x1A4,3A 5B 00 00 8D 9B 94 68
2.281770643,0x316,EA 35 54 73 66 A0 7A B0
2.281770643,0x427,A2 02 04 98 29 2F 4C 78
2.288676101,0x1A4,10 F8 00 00 FB 15 5B 08
2.288676101,0x316,C5 06 42 3B E7 3D C1 49
2.288676101,0x427,B9 0E FB B4 32 3B 60 48
2.301190196,0x1A4,0D FE 00 00 CF 2F 0F DC
2.301190196,0x316,A2 65 3B 74 30 D6 38 12
2.301190196,0x427,4D 75 F8 AF 87 A9 C1 3B
2.309909011,0x1A4,37 6F 00 00 13 DA B9 43
2.309909011,0x316,F8 18 AF C9 53 36 8F CA
2.309909011,0x427,28 CD 03 A0 4D 73 FC 96
2.321774422,0x1A4,A0 4A 00 00 3A C3 CC CD
2.321774422,0x316,7D E5 04 EF B2 47 A4 32
2.321774422,0x427,59 E8 D5 6C C3 FA 61 1D
2.328292029,0x1A4,B5 70 00 00 A6 1C 8D 39
2.328292029,0x316,A2 63 CB A5 40 2B 24 26
2.328292029,0x427,19 A7 8D E8 5A 7D 00 44
2.339532161,0x1A4,8B 19 00 00 E8 98 69 24
2.339532161,0x316,4E EA 47 12 4F 70 44 0F
2.339532161,0x427,68 EA 79 2A A7 B4 E9 CA
2.348648467,0x1A4,C3 A5 00 00 4E CE 54 98
2.348648467,0x316,7F B1 BB BF 89 69 01 D3
2.348648467,0x427,8E 8D B7 91 16 46 D3 EB
2.359035994,0x1A4,3D 62 00 00 56 5C 6C 70
2.359035994,0x316,23 A4 D5 1F 03 97 FC 77
2.359035994,0x427,76 33 4D B0 85 EB D8 4D
2.371560606,0x1A4,21 BF 00 00 5C CC 0A 67
2.371560606,0x316,E8 3A 53 F1 25 ED B1 45
2.371560606,0x427,DA F1 1E 80 5E 3B 3C 8A
2.380123239,0x1A4,0D 5D 00 00 19 F7 10 70
2.380123239,0x316,58 D6 97 14 46 EE 18 99
2.380123239,0x427,FC 50 34 0A FC 37 B1 E3
2.389431435,0x1A4,3E 6E 00 00 5D 6A 0A BC
2.389431435,0x316,C7 AA 83 52 3C FA 8C 9A
2.389431435,0x427,6E 1C 18 40 F1 14 9F 06
2.401851165,0x1A4,ED 32 00 00 5E CA 9A 3A
2.401851165,0x316,41 CE 3F F6 56 D1 9E AC
2.401851165,0x427,37 62 01 D6 6B D5 4A DC
2.408210082,0x1A4,AD 3F 00 00 3F B0 4D 96
2.408210082,0x316,D4 BA 66 F3 FF 92 4F 05
2.408210082,0x427,49 FA E3 FF 11 56 C7 C3
2.418073620,0x1A4,54 A5 00 00 A7 A9 48 D2
2.418073620,0x316,AE AC FE 44 2B EC 84 93
2.418073620,0x427,7F 9F 4C 0A 8C 1C 5B C3
2.431071489,0x1A4,8C D5 00 00 BB 4C D9 2C
2.431071489,0x316,EB BD 72 78 6A D0 DA 84
2.431071489,0x427,7F 53 C9 A6 21 F2 35 71
2.440231266,0x1A4,00 BF 00 00 F9 44 35 47
2.440231266,0x316,8B 12 76 2E 9C D1 37 FF
2.440231266,0x427,80 29 D8 95 82 28 96 6F
2.451331049,0x1A4,44 40 00 00 5C 5B 72 D0
2.451331049,0x316,FE BD E1 7D 02 01 14 F8
2.451331049,0x427,8D A9 5B 17 F4 99 52 78
2.459984959,0x1A4,D3 F9 00 00 3E 80 89 68
2.459984959,0x316,FE B2 53 55 BD DF 30 52
2.459984959,0x427,B4 DE 8D AB C0 0E C7 1A
2.471776058,0x1A4,70 65 00 00 56 D1 2B 29
2.471776058,0x316,5A 03 6E 54 9E 92 61 69
2.471776058,0x427,0B 99 94 B1 D7 0E D7 7E
2.479327617,0x1A4,3F A4 00 00 18 13 9F A9
2.479327617,0x316,3E 34 F8 F1 E3 09 84 66
2.479327617,0x427,1C DD 45 D0 FD 1C B0 C2
2.488915730,0x1A4,B0 21 00 00 BF FB 64 09
2.488915730,0x316,91 78 6F 74 25 16 8B 16
2.488915730,0x427,42 32 84 50 02 36 9D 40
2.501534870,0x1A4,21 12 00 00 B2 09 AD 1D
2.501534870,0x316,A1 06 5E F8 7A B3 C5 C5
2.501534870,0x427,3B 04 78 67 B8 C7 6A DD
2.510133183,0x1A4,78 94 00 00 CD 6D 2E D3
2.510133183,0x316,88 61 F5 FC AB 6F 4B 00
2.510133183,0x427,4A 6E 5C A8 0B DE 8E DE
2.518120221,0x1A4,ED 69 00 00 FD 14 44 76
2.518120221,0x316,D2 97 CA 69 A6 51 E0 0D
2.518120221,0x427,D2 68 05 30 BB 71 B8 84
2.528040942,0x1A4,7D 92 00 00 ED EE 64 9F
2.528040942,0x316,3B 42 A6 C1 64 3E 9D 7F
2.528040942,0x427,92 C9 1A A0 89 98 29 71
2.538063071,0x1A4,70 BD 00 00 FC 6D 36 0D
2.538063071,0x316,94 64 1C 34 38 CC 5D 44
2.538063071,0x427,94 A8 99 8C 36 15 8A 21
2.550918066,0x1A4,56 F6 00 00 3F 47 BC 49
2.550918066,0x316,46 60 28 70 E1 29 7F E1
2.550918066,0x427,94 83 C0 B2 8D 12 16 7C
2.560554683,0x1A4,B6 C7 00 00 D0 FC 63 07
2.560554683,0x316,4C 26 20 F9 C2 23 49 A1
2.560554683,0x427,77 03 DF 9B 34 D3 9F CC
2.568452110,0x1A4,3C 99 00 00 CA 53 B4 B5
2.568452110,0x316,B5 78 8B 28 38 52 8D 4F
2.568452110,0x427,1E C9 03 8D 70 2B 80 03
2.581186224,0x1A4,36 59 00 00 F9 13 72 68
2.581186224,0x316,FF 8E DC 17 62 FB 85 39
2.581186224,0x427,59 90 04 FE DA 5C 66 D7
2.591104181,0x1A4,CF C5 00 00 BD C9 0B 1D
2.591104181,0x316,ED 72 21 76 B6 92 72 F2
2.591104181,0x427,E3 42 12 1E 53 4D D0 A5
2.600523989,0x1A4,D9 55 00 00 CE A6 6A 27
2.600523989,0x316,7C 89 95 7F DC 59 C2 EE
2.600523989,0x427,CA 50 73 B7 6E 70 B7 4A
2.610311784,0x1A4,B4 6F 00 00 4E DB 95 B4
2.610311784,0x316,83 2C FF 45 2B 93 5D 6A
2.610311784,0x427,E0 77 B0 D5 9A 17 85 7B
2.619736308,0x1A4,F0 4F 00 00 4B 65 E3 78
2.619736308,0x316,03 26 65 3E 45 F5 EF 74
2.619736308,0x427,40 B5 1F 8D 81 41 07 25
2.630769900,0x1A4,7A B1 00 00 55 D7 CB 30
2.630769900,0x316,15 8D FF EB 60 CF 70 99
2.630769900,0x427,36 13 1C 82 3D 07 0D BF
2.639555065,0x1A4,8D 86 00 00 F2 35 F2 22
2.639555065,0x316,89 DE 30 DD D7 12 DF 11
2.639555065,0x427,59 26 B8 46 9C 09 CE C5
2.651708005,0x1A4,59 D8 00 00 0D C5 BA DA
2.651708005,0x316,A6 AA 39 6A 49 10 02 57
2.651708005,0x427,13 E7 2A EF 1F D9 A7 C9
2.660363080,0x1A4,B3 18 00 00 6B 6D 65 44
2.660363080,0x316,D0 87 0F D2 E9 1D A8 00
2.660363080,0x427,B9 22 68 48 3A 7A DE B9
2.670691621,0x1A4,FF 27 00 00 64 D2 64 D6
2.670691621,0x316,ED 8C 41 96 C9 DB 75 94
2.670691621,0x427,2D 10 B8 FF 91 E0 F1 A8
2.681702733,0x1A4,C6 11 00 00 F5 B7 81 DD
2.681702733,0x316,62 59 0A 26 18 EE 50 72
2.681702733,0x427,B3 6A E0 89 12 CC FD 7B
2.691933153,0x1A4,FA 0A 00 00 EA C8 1A 55
2.691933153,0x316,B8 75 4A 8D BB 9F 4B C3
2.691933153,0x427,9D 3B 1E 8B 97 D6 90 60
2.700131590,0x1A4,F4 76 00 00 D2 67 CF EE
2.700131590,0x316,1E 00 60 52 57 37 9E DE
2.700131590,0x427,90 85 4B 30 C3 0B 14 FB
2.708450707,0x1A4,DE 41 00 00 30 5C 22 3D
2.708450707,0x316,9D 54 61 92 AC 60 0A 62
2.708450707,0x427,85 BF CA 3B 8C AA 23 DB
2.720100431,0x1A4,2F 15 00 00 92 8E 28 69
2.720100431,0x316,2A 78 2C 0B F8 00 74 51
2.720100431,0x427,31 FF A4 BE A8 F8 14 79
2.731674831,0x1A4,70 D0 00 00 23 8F D6 E9
2.731674831,0x316,6F 7E B8 CF 54 5D 98 61
2.731674831,0x427,93 0E D6 62 2C B3 08 FD
2.738830944,0x1A4,D4 82 00 00 80 4F DA CA
2.738830944,0x316,F8 82 1C D2 9E B7 EA A6
2.738830944,0x427,DB E5 16 FB CF 5F F0 26
2.749021620,0x1A4,AF DB 00 00 0E BC FE F6
2.749021620,0x316,10 1E 7A 09 EF AC 51 20
2.749021620,0x427,18 27 96 80 BB 69 21 F7
2.759100528,0x1A4,8E 10 00 00 D3 9A FD 54
2.759100528,0x316,17 AE A4 DE 80 7E B1 19
2.759100528,0x427,B7 F0 CA DF F0 80 54 D8
2.768929356,0x1A4,68 E8 00 00 B2 B4 86 19
2.768929356,0x316,E4 BA A4 86 BF B4 12 E9
2.768929356,0x427,17 3D F9 74 F8 D1 ED 03
2.781249011,0x1A4,23 14 00 00 8E 5E E7 24
2.781249011,0x316,CE 5B F4 68 89 76 F5 DE
2.781249011,0x427,AF BF 9F A7 B3 16 4F F8
2.790142782,0x1A4,8F 37 00 00 BC F1 27 13
2.790142782,0x316,30 89 30 78 8E 0A 12 C8
2.790142782,0x427,A1 BA 1D F8 70 88 D8 43
2.798341741,0x1A4,F1 F2 00 00 97 ED 8D 9F
2.798341741,0x316,BC 16 55 B1 95 77 C1 65
2.798341741,0x427,F2 B1 5B A6 74 8B 8F 14
2.810045015,0x1A4,5F 4A 00 00 CD DF 1C 54
2.810045015,0x316,A1 0A 33 DA 48 B1 A2 AC
2.810045015,0x427,7E D9 FD DB D5 78 9B 88
2.820784259,0x1A4,B3 4B 00 00 0B 7E 42 F4
2.820784259,0x316,92 B4 10 51 27 E9 75 A0
2.820784259,0x427,71 DD FD B7 63 2E 2F E3
2.828106204,0x1A4,3E 28 00 00 45 20 EA 7C
2.828106204,0x316,50 7E 54 DF 8D 06 80 8A
2.828106204,0x427,F6 AE 30 09 CD D2 11 9E
2.838784948,0x1A4,AD 05 00 00 1D E7 19 3C
2.838784948,0x316,B2 C4 93 A1 65 CF 34 AF
2.838784948,0x427,6F 02 C2 EB 9B AB 91 49
2.848055786,0x1A4,2B 4E 00 00 71 8A 3C 3A
2.848055786,0x316,A0 14 2C BF 9D 19 23 17
2.848055786,0x427,08 C1 18 6F 61 57 74 FA
2.860784631,0x1A4,8C 91 00 00 89 96 A7 C2
2.860784631,0x316,2F 4C 3D A2 70 30 32 B4
2.860784631,0x427,5C 5A 61 DF AE D7 BA 19
2.869600415,0x1A4,E2 EA 00 00 E2 E1 96 2A
2.869600415,0x316,6A 0F AA B1 07 CF A9 4C
2.869600415,0x427,B9 CC 46 E7 5F 16 69 07
2.878054953,0x1A4,66 10 00 00 DF 37 0A 53
2.878054953,0x316,F2 0E D0 CB 62 D4 5D 0E
2.878054953,0x427,9B 26 1A 4B F1 40 C4 5B
2.888987968,0x1A4,EA 95 00 00 47 7D 41 6E
2.888987968,0x316,E0 0F 44 25 1F B9 83 3E
2.888987968,0x427,1A 84 FA 87 23 39 7C 69
2.898770003,0x1A4,5B A9 00 00 13 78 8A AE
2.898770003,0x316,66 8E E2 CA 54 35 18 2E
2.898770003,0x427,67 0C 84 2B 6A 58 D1 2C
2.910275089,0x1A4,09 45 00 00 51 A7 07 9C
2.910275089,0x316,0F 58 EF DE 5B 6C EE 61
2.910275089,0x427,AA 56 A5 9E 6B E8 E1 AE
2.919707084,0x1A4,77 05 00 00 EC 1E 67 7F
2.919707084,0x316,9D 29 AF E9 31 C9 49 95
2.919707084,0x427,F2 5C A3 24 A1 B3 70 3B
2.929683597,0x1A4,BB EB 00 00 C5 B7 4D A3
2.929683597,0x316,B5 A8 04 41 81 69 A6 75
2.929683597,0x427,4A 17 5D 41 C9 12 B6 AA
2.939317848,0x1A4,B3 DE 00 00 90 DE 1E E6
2.939317848,0x316,E0 6E FC CD 55 D6 1A 77
2.939317848,0x427,2C A9 B5 E6 89 3A A2 49
2.948156516,0x1A4,2F E8 00 00 12 DB ED 8B
2.948156516,0x316,33 17 71 28 10 9D E8 12
2.948156516,0x427,F3 33 15 71 65 F6 FA F1
2.959305468,0x1A4,09 FD 00 00 CA BD D6 FC
2.959305468,0x316,64 19 6B 96 6A 5F 95 4C
2.959305468,0x427,99 7C 91 A3 86 89 47 F6
2.970535813,0x1A4,B9 82 00 00 EF 62 B8 B0
2.970535813,0x316,F2 6F 06 40 03 31 F3 74
2.970535813,0x427,9A D6 65 D8 80 D8 57 4D
2.980150155,0x1A4,94 E2 00 00 32 F2 D6 FF
2.980150155,0x316,A1 41 7B 62 52 31 74 DA
2.980150155,0x427,05 86 B3 7B FE A0 4D 1B
2.990351648,0x1A4,50 83 00 00 29 17 A1 61
2.990351648,0x316,98 86 69 92 51 BF E4 5B
2.990351648,0x427,FD DF 26 93 FF 4A BE 4B
2.998636617,0x1A4,D0 10 00 00 38 F4 03 B3
2.998636617,0x316,30 3E 94 4B 5D D5 9D 05
2.998636617,0x427,CA 91 5A FA 7B 57 7D D4
3.008168123,0x1A4,D3 BF 07 00 7D 86 53 65
3.008168123,0x316,B4 58 44 46 54 B5 12 02
3.008168123,0x427,5F B9 E0 90 98 0E 75 DD
3.021050232,0x1A4,3C 8E 0D 00 1B 6E 3F C7
3.021050232,0x316,FE 9D A2 BE D5 08 3E F9
3.021050232,0x427,E3 29 8E 0C 4E 31 1E E9
3.030854225,0x1A4,BD 74 14 00 37 9A C3 BE
3.030854225,0x316,F5 84 29 7F 1D EE 34 D5
3.030854225,0x427,86 B8 76 E7 23 BE 26 E7
3.040632794,0x1A4,1B 05 1A 00 E6 F5 96 C6
3.040632794,0x316,DA 18 82 CC FE 09 E9 3A
3.040632794,0x427,88 9C 68 9B A9 69 4B CD
3.051849941,0x1A4,CC B4 21 00 66 AE 10 38
3.051849941,0x316,A3 63 F9 A2 7B 7D AC 30
3.051849941,0x427,3E B9 F2 9E EC 13 29 40
3.059225830,0x1A4,BD F8 28 00 ED 83 6D C1
3.059225830,0x316,18 C3 8E B8 F1 F6 78 C4
3.059225830,0x427,05 1F C0 A8 FF 84 4C AE
3.070927341,0x1A4,F1 42 2E 00 C6 F6 03 23
3.070927341,0x316,3D DE D4 A0 3C BC DF 18
3.070927341,0x427,04 77 45 E7 39 18 A1 A0
3.079153497,0x1A4,11 94 35 00 1E 99 17 0A
3.079153497,0x316,A0 39 16 4F 74 60 E2 C9
3.079153497,0x427,F8 C9 D9 70 EC 93 8A 08
3.090396070,0x1A4,E4 F2 3B 00 B1 8B 67 5D
3.090396070,0x316,03 EE 7B BB 4F 34 A4 21
3.090396070,0x427,16 FB 12 17 5A 5E DD E8
3.101627014,0x1A4,DC 5B 42 00 5A DD A3 53
3.101627014,0x316,E6 E7 5A BF 20 69 5E 6A
3.101627014,0x427,75 BF F6 2C B5 49 67 33
3.109821675,0x1A4,71 39 48 00 5E E7 58 C9
3.109821675,0x316,6C A0 16 8A BC B8 5F E0
3.109821675,0x427,8B 8A B3 F8 D2 D6 A8 5D
3.120459500,0x1A4,FE F0 4F 00 1F 9F 75 80
3.120459500,0x316,4A 48 DA E9 3E 5A C4 45
3.120459500,0x427,99 DA 99 D4 5A 95 1F 2A
3.131949867,0x1A4,8C CA 56 00 AE 1C FF E9
3.131949867,0x316,1A DF 1E D3 FE 4A B6 F1
3.131949867,0x427,1A 61 5A 7B 94 7B A6 F7
3.139959667,0x1A4,AD 07 5C 00 D4 63 8E 4B
3.139959667,0x316,66 83 1E BF D0 55 D2 DE
3.139959667,0x427,FC 0A B6 56 1C 2F E2 CD
3.148956349,0x1A4,13 C3 63 00 C7 90 E4 77
3.148956349,0x316,DB 2C 80 F6 A9 D1 46 13
3.148956349,0x427,DC A6 08 24 66 12 10 C1
3.161817502,0x1A4,DE 8E 69 00 62 E2 C1 39
3.161817502,0x316,97 2C 32 DC 36 8D 23 AD
3.161817502,0x427,2A 44 66 B9 FD E2 A5 AC
3.170697187,0x1A4,A3 7E 70 00 72 C2 BC 65
3.170697187,0x316,70 FD 9E F7 C1 B5 82 D8
3.170697187,0x427,A7 74 F9 CD 33 0A AC 8E
3.179303074,0x1A4,1B 6F 77 00 CC 16 1E 17
3.179303074,0x316,24 22 6A CA A2 D6 02 65
3.179303074,0x427,5D 2C 90 03 B4 8E B3 43
3.189099347,0x1A4,99 CD 7D 00 E8 82 A3 1F
3.189099347,0x316,77 DB 6C 74 3D A1 5B 5E
3.189099347,0x427,0D 7B 3E AC 7B 39 BF BF
3.198088852,0x1A4,D8 86 84 00 9F 02 1D 43
3.198088852,0x316,FA BA A5 95 05 E3 8A 61
3.198088852,0x427,AB F0 89 D2 F1 F6 77 A3
3.208345005,0x1A4,3F F8 8A 00 83 E5 18 5F
3.208345005,0x316,F7 91 BC 1B A0 16 C2 AC
3.208345005,0x427,9E C0 DB 3B 49 B5 B2 78
3.221916645,0x1A4,EE 03 91 00 83 9F 9A 9E
3.221916645,0x316,EB 36 5D E2 56 88 73 F1
3.221916645,0x427,E4 64 B8 8F 2B 38 F8 53
3.230235431,0x1A4,17 36 98 00 DE 58 2E 9C
3.230235431,0x316,4C 85 AB 38 F7 8B CC A5
3.230235431,0x427,E5 FD 2E 10 D8 D4 A9 A2
3.241113321,0x1A4,38 2F 9E 00 A0 3C DA 76
3.241113321,0x316,CC A0 CD E8 1E CB 79 B3
3.241113321,0x427,C7 55 5C 4D 78 8E 34 A6
3.248961654,0x1A4,DB 13 A5 00 69 79 DE 1D
3.248961654,0x316,30 6D C8 23 34 D9 9B 0B
3.248961654,0x427,3D 32 3E F2 EB BB 86 09
3.261363107,0x1A4,45 D6 AB 00 A6 18 F5 FE
3.261363107,0x316,A1 A5 1C 7E 67 12 BA 1D
3.261363107,0x427,31 93 E1 18 CC DA 1B 3C
3.270825212,0x1A4,1A 6D B2 00 82 A7 9C 89
3.270825212,0x316,0E E1 BA 22 01 4B 7E 63
3.270825212,0x427,46 FF 21 74 5B 9C FA 5E
3.281499874,0x1A4,03 FC B8 00 32 9E 0A F3
3.281499874,0x316,57 6E 3E BE 4F C6 4C B2
3.281499874,0x427,98 5B 2B F2 2D 0E 4A 8A
3.289940722,0x1A4,11 E4 BF 00 DF EF 5B 96
3.289940722,0x316,87 57 05 BE EF 66 02 BA
3.289940722,0x427,0D D0 8E 27 5D 7A AA E2
3.301671216,0x1A4,59 DF C6 00 36 F6 A8 A7
3.301671216,0x316,5A 7B 59 19 EA E8 6C D5
3.301671216,0x427,EF D8 45 7D 31 62 9B 9D
3.310274306,0x1A4,50 48 CC 00 17 C8 65 F0
3.310274306,0x316,37 EA 96 F3 DA 0C 9D 47
3.310274306,0x427,33 18 60 08 CF 3B B6 B0
3.318576785,0x1A4,3C 0D D3 00 6E FC 9E 37
3.318576785,0x316,CF 8D 81 71 65 96 D7 71
3.318576785,0x427,60 95 57 F3 BE E0 71 3C
3.331634877,0x1A4,A9 C8 D9 00 1A FE D8 5C
3.331634877,0x316,FA 4D 6F 19 3B 14 1E FB
3.331634877,0x427,EC BD 88 AF EE A9 09 5E
3.339205122,0x1A4,41 1D E0 00 1D 90 D5 E6
3.339205122,0x316,4D E3 53 FA A0 5E 13 A5
3.339205122,0x427,98 0C D2 5B F5 35 80 0F
3.351693650,0x1A4,CD 7A E7 00 9B 2A A0 46
3.351693650,0x316,2B 4B 97 30 E0 67 DC F7
3.351693650,0x427,FD DB 45 1F EF 5E F2 F2
3.360198031,0x1A4,E5 B3 ED 00 DE 2F FE D2
3.360198031,0x316,98 5B 68 74 CB E8 77 17
3.360198031,0x427,4A 36 AB A9 1A 91 4C 36
3.369600197,0x1A4,72 BE F4 00 CE CE B5 A3
3.369600197,0x316,BB 8E DE 98 46 92 99 F8
3.369600197,0x427,A9 AE 77 05 9B B6 F2 0C
3.380078759,0x1A4,DB 5E FA 00 22 DB 60 55
3.380078759,0x316,E3 87 5A 3E EF 5D 23 FD
3.380078759,0x427,25 8C 3C 20 98 65 77 C9
3.389489828,0x1A4,AF 2E 01 01 46 5A 88 34
3.389489828,0x316,50 6F 90 11 04 F1 6E D4
3.389489828,0x427,85 5A E1 C3 C2 8F E0 8D
3.398311965,0x1A4,F0 43 07 01 BA 33 1D 96
3.398311965,0x316,7F 96 48 37 72 3D 24 D0
3.398311965,0x427,19 5C A4 DE 2F CD A5 3B
3.408183182,0x1A4,86 7A 0E 01 EE 04 3D C6
3.408183182,0x316,45 1C C6 25 8C 8E E4 C9
3.408183182,0x427,A9 33 89 E6 AC 40 92 98
3.418337948,0x1A4,A3 D4 15 01 F3 7B FB 46
3.418337948,0x316,FD 80 C0 DB 99 44 E9 FB
3.418337948,0x427,78 45 0A 25 F6 96 CE FC
3.431612100,0x1A4,15 2A 1B 01 7C 8F 4B 8A
3.431612100,0x316,9C DF 2A 40 E5 66 6B CC
3.431612100,0x427,E7 D7 AB 2C 0E 22 24 1C
3.439393905,0x1A4,CD 12 22 01 66 87 CF DD
3.439393905,0x316,31 87 99 06 41 DB BD 21
3.439393905,0x427,E3 E2 CD 03 0C C4 B5 5B
3.448090453,0x1A4,5F 6F 28 01 3B A6 D6 C9
3.448090453,0x316,E7 15 E9 3C AB 10 BF 96
3.448090453,0x427,D9 AF E2 52 AE 3A 0A 04
3.459602877,0x1A4,2E 66 2F 01 16 20 EF 43
3.459602877,0x316,B3 05 6A 0D 6D 3F 73 20
3.459602877,0x427,1B 3C E1 BD 3E 12 C4 6B
3.470539402,0x1A4,8C 8A 36 01 E9 1E 18 1D
3.470539402,0x316,79 EB E3 BE E5 56 45 10
3.470539402,0x427,68 41 EB 79 16 2A C2 72
3.480536751,0x1A4,E3 1F 3C 01 10 96 AE 5C
3.480536751,0x316,07 90 63 83 04 7F FA 97
3.480536751,0x427,AC F6 EA 1B 9B A0 B6 73
3.491655856,0x1A4,96 92 43 01 07 7C B7 38
3.491655856,0x316,69 C2 06 F2 5E A4 77 9D
3.491655856,0x427,8E F8 19 0B CE 98 2C BA
3.499402069,0x1A4,65 90 49 01 41 F3 A3 E8
3.499402069,0x316,EB 75 F2 DD 36 DF AD A8
3.499402069,0x427,B3 D3 7D 85 39 A5 37 4D
3.511815900,0x1A4,46 46 50 01 91 F9 B1 A4
3.511815900,0x316,8B 6B CA F6 05 7D F9 07
3.511815900,0x427,E1 40 92 0F BE 61 A3 FF
3.518046862,0x1A4,EF 8E 56 01 BB 8E E8 D8
3.518046862,0x316,71 63 D0 66 96 44 20 6D
3.518046862,0x427,E5 15 A4 AF E7 62 A3 1B
3.528633396,0x1A4,64 42 5D 01 A9 EE 5F B6
3.528633396,0x316,43 27 E2 E8 05 4D 8D 71
3.528633396,0x427,8D 49 D0 12 C9 58 36 E6
3.539961899,0x1A4,5C AF 64 01 94 EB 75 52
3.539961899,0x316,55 61 B9 9B BF 34 F9 25
3.539961899,0x427,11 8D D0 10 8C 17 4E 20
3.550585316,0x1A4,CE 72 6A 01 79 45 D3 9F
3.550585316,0x316,F9 50 11 A2 C1 75 DA 95
3.550585316,0x427,54 16 61 8C 4A A5 4F B6
3.559670346,0x1A4,72 5A 71 01 47 F3 82 61
3.559670346,0x316,AA EC 9F FE 2B AC EE 98
3.559670346,0x427,A6 92 D2 87 3C 6B 7E 4B
3.571138636,0x1A4,93 B1 77 01 9F CB 6B 81
3.571138636,0x316,15 40 FD 9A 09 8B 21 6E
3.571138636,0x427,6D C2 63 19 7D 58 08 CB
3.580184423,0x1A4,E0 D0 7E 01 81 3D 4A 1D
3.580184423,0x316,ED 9F 50 DA B6 44 9B A7
3.580184423,0x427,67 79 A2 A6 BA 5A B1 E0
3.588000191,0x1A4,DB BD 85 01 3E 4E 24 8D
3.588000191,0x316,ED F6 88 B8 9E E7 90 DD
3.588000191,0x427,63 C0 0B 37 42 10 19 6E
3.599560790,0x1A4,47 1A 8B 01 E1 EE 59 E3
3.599560790,0x316,14 8E 7E 3A B1 AF EF 69
3.599560790,0x427,E4 38 C4 56 0F BF D1 D3
3.610565159,0x1A4,09 81 92 01 69 2E 13 66
3.610565159,0x316,36 4C 7E 6A B9 E2 C7 BA
3.610565159,0x427,AF 8B 57 18 35 2B 03 50
3.619032029,0x1A4,F4 67 98 01 7B 8B 01 50
3.619032029,0x316,59 82 44 AA 2C 75 40 41
3.619032029,0x427,09 31 D2 5F AC A3 1E F4
3.628743544,0x1A4,2C 58 9F 01 C4 80 D3 AF
3.628743544,0x316,55 BF 48 EC D2 9E 69 79
3.628743544,0x427,12 A6 2F 11 EC 81 5A 17
3.640574013,0x1A4,AA 00 A5 01 5C 70 DA 15
3.640574013,0x316,81 ED DD 17 A1 75 8F 6E
3.640574013,0x427,45 72 B8 18 EE 61 9D BE
3.649840256,0x1A4,11 BC AC 01 CE C8 65 5F
3.649840256,0x316,BD 1C D0 CF 12 3F 4F 21
3.649840256,0x427,03 50 6E 8E D3 E9 5A 0F
3.661952199,0x1A4,48 93 B3 01 E5 59 E5 F4
3.661952199,0x316,92 20 C4 8F 6A 7B CA 8F
3.661952199,0x427,C7 AD 63 54 59 FD 85 AB
3.671806869,0x1A4,A1 8C B9 01 39 C1 2A 69
3.671806869,0x316,50 67 85 5A 9F BB A4 DF
3.671806869,0x427,9C C1 53 AA 03 E3 ED F0
3.679229994,0x1A4,FF A0 C0 01 F6 96 45 6C
3.679229994,0x316,6F 49 3B DE 18 BB 74 EA
3.679229994,0x427,C5 6E 97 B8 EF 91 2B 0D
3.688130477,0x1A4,E5 F8 C6 01 AE 14 A2 49
3.688130477,0x316,D4 79 B4 99 B1 A6 FC 4F
3.688130477,0x427,11 7C 05 5A 0D 91 85 1A
3.698711639,0x1A4,CC 77 CD 01 F6 C9 E5 81
3.698711639,0x316,E5 0C 76 36 8A 65 9C 27
3.698711639,0x427,C3 DE 1F A8 B8 C3 70 7B
3.709730666,0x1A4,81 1C D4 01 2F 01 E7 D8
3.709730666,0x316,32 33 B4 1B 0E 12 A1 59
3.709730666,0x427,60 64 6A D8 01 6A 67 8E
3.719695512,0x1A4,24 7B DA 01 BA 1F 69 1D
3.719695512,0x316,6C 1F 3A C3 1D 3F 50 47
3.719695512,0x427,D4 37 F8 92 F0 8F E5 39
3.729728946,0x1A4,4C 0F E1 01 8D 4F DA 6D
3.729728946,0x316,BD 16 5C D8 AE 72 9B 8F
3.729728946,0x427,DD E2 7B F9 56 75 76 C4
3.738343621,0x1A4,39 6C E7 01 8B 4A 29 9F
3.738343621,0x316,63 23 13 9D 1A 46 CB AC
3.738343621,0x427,AB EE 87 A4 3C 7F 86 8E
3.749197740,0x1A4,31 92 EE 01 37 17 E7 9B
3.749197740,0x316,C8 77 D8 ED 96 A0 67 A8
3.749197740,0x427,D9 8A 57 D4 E6 53 87 B1
3.759640668,0x1A4,42 74 F4 01 D6 79 69 07
3.759640668,0x316,77 BF 2F 2E 52 0C F5 45
3.759640668,0x427,0A 11 E4 B3 26 45 2D C3
3.771017357,0x1A4,C0 9E FB 01 07 E2 E9 EB
3.771017357,0x316,B9 BF FE 56 D0 AB DC 59
3.771017357,0x427,20 26 90 01 38 98 70 2E
3.778462956,0x1A4,8D 52 02 02 30 21 AC 24
3.778462956,0x316,57 6B FA 90 E7 BC 47 A8
3.778462956,0x427,99 CD 99 66 B2 59 D0 11
3.790535381,0x1A4,A4 E5 08 02 FF 25 B0 BD
3.790535381,0x316,84 8F 17 A2 AE 8F C8 F8
3.790535381,0x427,CE 24 D9 07 7E 6E 7D 17
3.799517695,0x1A4,32 2E 0F 02 A1 B6 CD 87
3.799517695,0x316,D1 F2 12 37 CB 46 4E 60
3.799517695,0x427,60 24 7A 6B 67 21 22 74
3.811099448,0x1A4,96 F5 15 02 62 F9 4B 28
3.811099448,0x316,A5 CC BB 5E 68 77 C7 4F
3.811099448,0x427,68 83 BA B8 C7 C1 0A 53
3.820721692,0x1A4,F0 B2 1C 02 A7 13 00 F1
3.820721692,0x316,AE CF 4D 91 1C 1F A2 98
3.820721692,0x427,97 BE BF 15 A6 B6 22 E2
3.828765881,0x1A4,A0 C5 22 02 B6 15 D4 27
3.828765881,0x316,D2 03 4C 28 B3 B5 22 C1
3.828765881,0x427,AC A4 2A 9E 03 3C BD 0C
3.840822908,0x1A4,BC 36 29 02 E5 86 E2 14
3.840822908,0x316,29 88 A8 45 0A DA 6F 71
3.840822908,0x427,79 D0 74 A9 6A 3B 8C 6C
3.849477738,0x1A4,5F 53 30 02 4D 55 69 9B
3.849477738,0x316,C7 CE 29 71 13 F2 07 6A
3.849477738,0x427,2D 43 EE 45 1A 87 2F 37
3.861331631,0x1A4,26 F4 36 02 B7 20 29 83
3.861331631,0x316,E6 24 23 1D 86 3F 5D 58
3.861331631,0x427,E8 D1 0E 6E AB 45 63 1C
3.868082540,0x1A4,3C D7 3D 02 0D B0 9F AD
3.868082540,0x316,70 46 B1 AD 60 A5 D7 97
3.868082540,0x427,CC F6 93 7C 53 27 E5 86
3.879252646,0x1A4,16 33 43 02 C1 92 F4 4E
3.879252646,0x316,E8 78 A0 0B 7F E5 73 38
3.879252646,0x427,49 FB 2F 65 68 A1 04 FC
3.890069846,0x1A4,50 5C 4A 02 CD 30 06 0E
3.890069846,0x316,EC C7 F7 01 F7 12 55 34
3.890069846,0x427,AB D1 29 4D 61 C2 00 F2
3.899175171,0x1A4,15 6E 50 02 C0 04 71 C4
3.899175171,0x316,E1 D1 21 23 6F 0C A0 C3
3.899175171,0x427,FC B9 69 41 01 35 19 4A
3.909558158,0x1A4,A2 D3 57 02 56 4B B7 1E
3.909558158,0x316,4E 96 FA 01 11 A5 54 7F
3.909558158,0x427,40 51 3C BF 3A 68 3F 6E
3.920307162,0x1A4,B0 55 5E 02 7C 50 12 21
3.920307162,0x316,67 46 55 61 17 51 57 88
3.920307162,0x427,DE CC 23 B4 26 89 E8 3A
3.928953943,0x1A4,6B 31 64 02 EE 81 08 8F
3.928953943,0x316,7D B3 56 D5 7F 34 05 AB
3.928953943,0x427,B6 22 63 CE 2F B3 AA 5A
3.941437474,0x1A4,23 8A 6B 02 C2 74 A6 65
3.941437474,0x316,DE 96 9C DC A5 6B F6 BD
3.941437474,0x427,30 52 D4 0A 73 16 AC 6F
3.949139686,0x1A4,DE 3E 71 02 55 74 B2 75
3.949139686,0x316,2C 4D D1 EB C6 CD EE 13
3.949139686,0x427,F3 3D B3 DC C6 BD 24 50
3.960762377,0x1A4,D0 F3 78 02 32 93 E5 6D
3.960762377,0x316,5A 52 CA 92 09 42 88 67
3.960762377,0x427,49 B9 A1 B5 09 53 E0 A3
3.971840257,0x1A4,C7 FD 7E 02 32 AB 1D 4A
3.971840257,0x316,98 00 7C 1D 83 32 B0 67
3.971840257,0x427,EA DA 56 05 E2 DC 58 F7
3.978397932,0x1A4,FC 01 85 02 7B E1 FF 2B
3.978397932,0x316,C2 72 23 CD F0 D9 96 F2
3.978397932,0x427,0D 75 3D 9E 0D E9 C8 75
3.991506642,0x1A4,66 A6 8C 02 95 48 8A B0
3.991506642,0x316,C9 07 76 EB C9 60 A2 5C
3.991506642,0x427,12 AE 8F 16 DD 57 CC 6F
3.998702627,0x1A4,81 20 92 02 B8 D8 19 1B
3.998702627,0x316,09 FD 49 3E 28 7F 88 6F
3.998702627,0x427,D0 44 C0 96 07 E1 83 66
4.009813250,0x1A4,D1 68 99 02 3F 37 22 14
4.009813250,0x316,4A F7 50 65 27 B0 DA DE
4.009813250,0x427,4B 27 6E 4F B6 10 ED BE
4.018472611,0x1A4,B3 57 9F 02 4E F2 B8 38
4.018472611,0x316,3C FC 43 55 CB 44 74 C7
4.018472611,0x427,DD BE 0A 2B 4C 99 8D 13
4.031710956,0x1A4,5C 08 A6 02 07 03 1B A2
4.031710956,0x316,90 D9 30 1D BE B7 D5 87
4.031710956,0x427,E7 37 8C 82 4D AC A3 31
4.039241357,0x1A4,5A 8D AC 02 AD E4 B6 C6
4.039241357,0x316,59 A8 70 59 09 AC E1 59
4.039241357,0x427,4E 84 35 BA 19 20 4E F5
4.050057827,0x1A4,87 9D B3 02 24 C0 3B A5
4.050057827,0x316,FE 43 A6 D0 41 00 CF 25
4.050057827,0x427,85 1D 7C 3C CA 65 51 1A
4.061885171,0x1A4,52 5E BA 02 2B 22 87 41
4.061885171,0x316,A1 67 80 32 9A 6E 6A 2C
4.061885171,0x427,EC D1 36 9A 6E 79 22 27
4.068586313,0x1A4,2B 78 C0 02 73 CF 57 C2
4.068586313,0x316,5C 70 CF A7 2F 5A 4A 13
4.068586313,0x427,C6 72 59 2D BD E1 87 F3
4.078312803,0x1A4,51 5F C7 02 35 40 C1 A0
4.078312803,0x316,19 74 7E 7E DC A0 C5 76
4.078312803,0x427,91 5C 23 C1 EF F7 50 90
4.090778340,0x1A4,06 4F CD 02 4E 05 58 94
4.090778340,0x316,74 74 EB 72 65 C3 5E AE
4.090778340,0x427,87 5F 95 EC 7F E8 CD E1
4.098182219,0x1A4,9B 88 D4 02 D9 1C 9B A4
4.098182219,0x316,1F E9 A2 A2 93 5B 8D FC
4.098182219,0x427,C7 A8 E0 9F 61 C6 BD 52
4.108505457,0x1A4,7E 48 DA 02 C3 B0 91 F8
4.108505457,0x316,E0 51 91 A0 92 7A EE 50
4.108505457,0x427,E3 24 A5 26 DB 4B 94 70
4.119018737,0x1A4,5B 35 E1 02 57 36 0B 78
4.119018737,0x316,2A 8C 34 71 85 74 A2 A1
4.119018737,0x427,D2 A3 85 4D 18 43 DC CB
4.128042928,0x1A4,67 03 E8 02 00 49 67 97
4.128042928,0x316,CD 4B 61 0E A3 E2 18 5A
4.128042928,0x427,89 D4 E0 81 BF 28 FE 12
4.139372385,0x1A4,88 E3 EE 02 69 C1 34 76
4.139372385,0x316,91 A0 B0 73 F6 A0 A0 09
4.139372385,0x427,B6 58 90 0E 54 96 65 5E
4.148226616,0x1A4,0A 12 F5 02 6D E1 7D 49
4.148226616,0x316,92 A4 A4 13 95 DC 08 A5
4.148226616,0x427,7E 7D 3F DD E8 D2 34 FA
4.161725788,0x1A4,A7 81 FB 02 F9 AB 1D 17
4.161725788,0x316,84 30 71 9D 6C 9D 15 98
4.161725788,0x427,52 32 CF 81 9D 71 6D 62
4.170041168,0x1A4,6F 45 02 03 C2 77 90 94
4.170041168,0x316,6C AD E7 8D 85 83 48 F4
4.170041168,0x427,3B 92 B4 CA E9 ED 29 BD
4.178124394,0x1A4,16 2E 08 03 EC 76 80 0A
4.178124394,0x316,6B BF 21 73 7B 7F B7 E8
4.178124394,0x427,89 18 50 CF B7 17 58 92
4.190995303,0x1A4,D8 D1 0F 03 33 76 30 30
4.190995303,0x316,FF 93 4F 52 91 A9 E1 9A
4.190995303,0x427,E4 D2 C2 79 93 9B 59 80
4.198952741,0x1A4,C9 D4 16 03 F2 4A 2D F5
4.198952741,0x316,7E F4 D6 0F 9D 7B 55 73
4.198952741,0x427,5B 19 7F 1A 58 85 9B CF
4.211524239,0x1A4,06 2D 1C 03 DD 59 5E D6
4.211524239,0x316,B1 89 EB 57 1C 9F 7D FB
4.211524239,0x427,57 62 DD B6 02 98 96 15
4.218142476,0x1A4,9B 1F 23 03 C6 95 68 A5
4.218142476,0x316,2B D2 2C 2C F0 37 05 0A
4.218142476,0x427,F7 21 6C 3F 2D B2 26 B5
4.228485778,0x1A4,13 ED 29 03 9E 42 B1 FD
4.228485778,0x316,51 F2 7D 70 5D 5B 29 86
4.228485778,0x427,A6 D0 D2 85 17 35 1C 9C
4.239485135,0x1A4,79 97 30 03 A4 6A 28 5D
4.239485135,0x316,3E 3A 73 5F D9 E7 FD EA
4.239485135,0x427,BF B6 6B 48 5E BB 2D 63
4.251295953,0x1A4,68 1C 36 03 00 53 43 C6
4.251295953,0x316,B3 3A 9F 56 AF 3D CC AD
4.251295953,0x427,5B 0C 0F 99 8E D3 67 0D
4.261731580,0x1A4,AC C6 3D 03 5E C8 81 A1
4.261731580,0x316,C2 CD B5 A5 6D 94 AB 55
4.261731580,0x427,74 99 DF 10 19 9D 66 54
4.271859580,0x1A4,A3 8A 43 03 5E AD D6 8E
4.271859580,0x316,CA 44 AA AD 2B DF F5 62
4.271859580,0x427,3E DB BD 48 B9 CB 82 40
4.278825122,0x1A4,CF 9B 4A 03 16 3F 00 DA
4.278825122,0x316,62 95 14 A8 56 93 E3 F6
4.278825122,0x427,3C 13 06 E8 B2 99 4A 9A
4.289489058,0x1A4,97 41 51 03 CE DD 7E 26
4.289489058,0x316,F8 36 57 55 61 50 DD 14
4.289489058,0x427,BB 6A 2E 95 A9 7B E2 A9
4.301413190,0x1A4,78 A6 57 03 43 E5 AF EA
4.301413190,0x316,EC DA 8D 59 C8 58 6B 4F
4.301413190,0x427,5E F5 BA F7 B3 33 F3 A7
4.311248939,0x1A4,2D 95 5E 03 98 B0 81 A9
4.311248939,0x316,C4 5B 57 64 C9 F9 02 21
4.311248939,0x427,22 9F 54 98 5E 25 76 B5
4.321761098,0x1A4,92 E9 64 03 30 25 B0 15
4.321761098,0x316,2F C2 40 4F 49 84 15 8F
4.321761098,0x427,1C 0E 6E 60 62 F9 BB A4
4.328325170,0x1A4,BE 5B 6B 03 17 0A 17 54
4.328325170,0x316,C1 E0 2C D0 85 17 B7 20
4.328325170,0x427,97 BF 8C AB 51 B9 EC B3
4.338152502,0x1A4,A8 A7 71 03 F3 B5 75 F2
4.338152502,0x316,3B 56 20 BD AF 25 46 FF
4.338152502,0x427,0E 52 77 AF F7 30 96 E9
4.349608037,0x1A4,CB B6 78 03 9C 88 EC 17
4.349608037,0x316,E9 E1 61 A5 CB 01 A3 AB
4.349608037,0x427,15 5C 64 6C 32 4D 2C 82
4.361373215,0x1A4,28 C4 7E 03 B7 C1 AA 04
4.361373215,0x316,69 33 D3 5C DC D8 11 4F
4.361373215,0x427,EE B5 25 2E 0D D5 7F F3
4.370753338,0x1A4,94 54 85 03 5A C5 7B 57
4.370753338,0x316,39 63 9A F2 3E D0 22 C4
4.370753338,0x427,4E 40 7C 7C 48 41 27 31
4.379661088,0x1A4,9C B9 8C 03 C8 77 FE FF
4.379661088,0x316,BC 7B 37 23 BC 7C AA 27
4.379661088,0x427,54 17 C1 13 EC 07 B9 4B
4.390730263,0x1A4,65 75 92 03 69 3E C2 C9
4.390730263,0x316,6A 5C E4 19 FB F3 F7 81
4.390730263,0x427,B2 0B 58 C5 93 6A 2E 8A
4.399776582,0x1A4,AB 69 99 03 E8 C5 17 BD
4.399776582,0x316,93 FE 38 E2 F4 C6 CA 86
4.399776582,0x427,C1 D1 A9 09 DB 31 74 A9
4.411337151,0x1A4,94 30 9F 03 C5 46 5B E0
4.411337151,0x316,39 BC 2C C4 7A 4F 37 9E
4.411337151,0x427,1C 6E 8C 21 99 24 E5 98
4.419150438,0x1A4,A1 B6 A6 03 E9 1B 7D 27
4.419150438,0x316,80 08 89 29 C4 EB 4B 2E
4.419150438,0x427,95 07 D3 D4 F6 54 5E B1
4.431007867,0x1A4,81 AA AC 03 FF FD EE 9F
4.431007867,0x316,3A 7D 1D CF 68 76 14 E7
4.431007867,0x427,52 C6 60 2A F3 72 9F B8
4.438608603,0x1A4,5F 5D B3 03 5C 6D 2F 0B
4.438608603,0x316,B6 07 2E 69 E9 B9 42 5D
4.438608603,0x427,C5 1E 26 AD 48 C4 36 B8
4.450357497,0x1A4,6C C7 B9 03 71 F5 36 F8
4.450357497,0x316,AA 01 B7 71 46 FB 4F 9C
4.450357497,0x427,6D 09 F1 48 06 B5 9C C0
4.459251838,0x1A4,C2 16 C0 03 E9 23 A7 C8
4.459251838,0x316,6E F1 EC 72 F4 9D E7 3B
4.459251838,0x427,74 F4 B4 88 82 25 3A 3D
4.469350020,0x1A4,A8 49 C7 03 49 57 31 F7
4.469350020,0x316,44 F9 01 CF FE 7C CC C8
4.469350020,0x427,02 68 11 78 A9 DC 6A E7
4.479067159,0x1A4,C7 FD CD 03 56 0B AB 31
4.479067159,0x316,2D D3 2A 5E 17 84 A5 AD
4.479067159,0x427,63 1F 77 F2 58 01 07 92
4.488126118,0x1A4,08 3F D4 03 D8 FD CA 70
4.488126118,0x316,A7 A8 30 76 CD EC F9 C4
4.488126118,0x427,20 31 22 48 04 23 33 C7
4.498377846,0x1A4,5A 64 DA 03 35 7E BE 80
4.498377846,0x316,D4 9A 07 87 09 5B 2D 6B
4.498377846,0x427,9F 59 5D F7 FF A4 7C 29
4.510684706,0x1A4,C0 C8 E1 03 FB 63 1F 33
4.510684706,0x316,18 53 1F CD 4A 39 CB 9A
4.510684706,0x427,08 16 6E 23 D7 0D 7D DF
4.520663184,0x1A4,F0 35 E7 03 CD A7 5B 0D
4.520663184,0x316,23 4F 24 A4 31 FD 07 7B
4.520663184,0x427,CE 20 C6 DF A5 C1 07 5F
4.530632846,0x1A4,DA 61 EE 03 C4 DC 2D EF
4.530632846,0x316,06 52 43 1A DB 5F 1E B6
4.530632846,0x427,6D 65 8C D8 35 A3 12 84
4.539729234,0x1A4,B3 04 F4 03 E0 E1 EA 1F
4.539729234,0x316,D0 E3 F9 48 09 D7 78 15
4.539729234,0x427,EA 9F 5B C3 BB 3A 0A 29
4.550358514,0x1A4,8D A6 FB 03 88 95 06 73
4.550358514,0x316,DA 25 C2 E7 C7 15 6B 83
4.550358514,0x427,2F A4 B8 25 4B 7A BF D4
4.561177737,0x1A4,B3 33 01 04 5F 8A 7A 17
4.561177737,0x316,AB 23 48 F2 57 DA 16 E9
4.561177737,0x427,9A 7B D7 38 E0 76 13 D1
4.571938684,0x1A4,B6 1F 08 04 C5 18 77 E2
4.571938684,0x316,45 68 7E 59 8D 68 33 EE
4.571938684,0x427,93 DB D3 06 18 AF 36 6A
4.579564436,0x1A4,5C 3E 0F 04 C9 01 7E 65
4.579564436,0x316,C8 89 83 80 B1 F0 BB 5F
4.579564436,0x427,A7 F3 5B 3C 50 C8 DB 62
4.590990782,0x1A4,A3 36 15 04 0C 18 E4 14
4.590990782,0x316,EF 46 FA 5F 51 5F 7B 39
4.590990782,0x427,86 4C 37 07 E3 54 95 51
4.601246002,0x1A4,5D 9B 1C 04 F8 82 5D 19
4.601246002,0x316,CC 41 D4 D6 F1 DB F6 B6
4.601246002,0x427,CD D2 63 A6 AF 96 D5 55
4.611378237,0x1A4,F5 EB 22 04 C3 7C 63 25
4.611378237,0x316,19 BA 39 23 FB 3C CE 09
4.611378237,0x427,9A ED 70 49 A3 79 DA EA
4.620679232,0x1A4,5D 41 29 04 6B CE F2 78
4.620679232,0x316,0B C6 31 B2 32 A8 C3 D4
4.620679232,0x427,F6 EA 87 23 E7 69 43 C2
4.628916385,0x1A4,CC 04 2F 04 FF 99 17 78
4.628916385,0x316,DD 8B D7 72 A0 76 87 9D
4.628916385,0x427,63 24 58 01 C7 46 E6 E7
4.641248068,0x1A4,F7 23 36 04 54 70 DD 04
4.641248068,0x316,03 3B 84 41 2D 26 35 37
4.641248068,0x427,4D 24 C0 D5 F9 EA 46 26
4.650241393,0x1A4,42 6F 3C 04 D1 A5 B2 F0
4.650241393,0x316,19 0F 2C BA F2 90 DF 9B
4.650241393,0x427,84 08 1C 87 93 6C 5A 6C
4.660965203,0x1A4,F6 BD 43 04 E6 3F B3 C6
4.660965203,0x316,69 06 C1 49 7F FD D5 3C
4.660965203,0x427,BA 3E 18 4D 05 74 31 1F
4.670979921,0x1A4,C7 4E 49 04 0C 5F 0A 3D
4.670979921,0x316,CC AF 79 6B 31 57 92 A3
4.670979921,0x427,CA F8 3C CB 68 83 70 9F
4.678829062,0x1A4,F5 65 50 04 31 21 14 10
4.678829062,0x316,C2 2E 61 1C 80 2A 31 D6
4.678829062,0x427,C6 B4 B7 E7 C6 CE F4 7F
4.688286191,0x1A4,CA E3 56 04 32 D2 3A 89
4.688286191,0x316,64 1B 35 04 8A CC C7 A1
4.688286191,0x427,F3 A9 EF 83 7E 4F 36 93
4.701122624,0x1A4,49 A8 5D 04 72 85 F2 B7
4.701122624,0x316,B9 73 C1 24 0C CD 90 4A
4.701122624,0x427,A1 99 E2 6D 3D 85 66 00
4.710667195,0x1A4,32 29 64 04 E6 26 52 5A
4.710667195,0x316,3F 9E 95 3D 75 04 17 92
4.710667195,0x427,9F 2C A4 6A E4 CD F3 2F
4.718067277,0x1A4,D8 3C 6A 04 CE 21 10 AB
4.718067277,0x316,CF CB EA 15 6A 15 03 86
4.718067277,0x427,E0 F4 82 F9 20 87 50 5C
4.728185908,0x1A4,99 6E 71 04 60 43 12 F4
4.728185908,0x316,E7 D4 AB 86 96 F4 48 8B
4.728185908,0x427,5E 3A E0 81 85 51 52 C9
4.739690513,0x1A4,DA 4A 77 04 D4 8D F3 81
4.739690513,0x316,19 E7 DC 8D 01 A1 34 05
4.739690513,0x427,9D C6 F4 63 21 A6 92 DF
4.750610218,0x1A4,D0 C5 7E 04 79 12 25 0B
4.750610218,0x316,2B 52 BB A2 67 A7 0A 63
4.750610218,0x427,4D 66 25 FB D6 BE 90 5F
4.758492320,0x1A4,35 39 84 04 F4 23 50 BF
4.758492320,0x316,78 73 28 04 02 81 6A 5B
4.758492320,0x427,B8 72 DC C9 47 95 4B 11
4.770780061,0x1A4,FC F9 8B 04 A8 6D BA 3D
4.770780061,0x316,CA 05 A2 BB 68 FE 37 A8
4.770780061,0x427,C8 72 D5 A0 1E B7 89 1A
4.779376478,0x1A4,2D 1D 91 04 BA 9D F7 94
4.779376478,0x316,DF 36 35 BC CA B5 B5 C1
4.779376478,0x427,86 F0 1F 55 9F 21 27 22
4.790592685,0x1A4,62 95 98 04 28 45 30 5A
4.790592685,0x316,81 8E C7 8B 7A 08 AB 56
4.790592685,0x427,FA 1D 42 D0 F1 40 8E A4
4.799090187,0x1A4,04 A4 9E 04 F0 05 94 D4
4.799090187,0x316,95 E3 75 C7 49 5B 47 AF
4.799090187,0x427,AB 86 F1 76 57 F7 16 FB
4.808935535,0x1A4,BB 07 A5 04 DE 04 81 7A
4.808935535,0x316,D0 70 B9 A1 42 C5 A9 2E
4.808935535,0x427,E9 4F BE CF EF B2 85 22
4.818591137,0x1A4,53 5B AB 04 93 BA 4E B7
4.818591137,0x316,EF 69 B4 C6 7E 1B 90 F1
4.818591137,0x427,25 7D 2A 75 13 C5 77 09
4.830745254,0x1A4,7B 0D B2 04 A8 77 9B 33
4.830745254,0x316,56 E3 36 0B 25 22 86 CA
4.830745254,0x427,75 74 10 33 AA 28 C3 E2
4.840491198,0x1A4,0E 59 B8 04 2D E3 CA 50
4.840491198,0x316,94 66 F1 EE 17 22 61 4F
4.840491198,0x427,C7 2D F0 83 F9 02 F2 65
4.848278141,0x1A4,39 25 BF 04 EE 73 BE D0
4.848278141,0x316,49 0F 04 8B 20 BA 30 79
4.848278141,0x427,CE 2B D9 40 81 FA 5F 09
4.858454142,0x1A4,73 AC C6 04 7F 45 9B A5
4.858454142,0x316,96 27 EC 30 4D 90 3E 49
4.858454142,0x427,DF A8 62 5B 53 1C B5 DC
4.871343844,0x1A4,BB 3B CC 04 84 E2 3C 0C
4.871343844,0x316,A7 F4 A4 DD CC 02 DE A7
4.871343844,0x427,29 04 F9 54 19 86 F1 45
4.879042626,0x1A4,0A 98 D3 04 5C B4 A1 CC
4.879042626,0x316,27 81 36 5E AD 0B DC 6F
4.879042626,0x427,60 63 B5 E3 BB D3 67 66
4.891713488,0x1A4,EC 69 D9 04 7D 94 92 70
4.891713488,0x316,70 F6 06 E5 07 CA DB F4
4.891713488,0x427,D7 26 FB 62 B0 1A CB 56
4.901907486,0x1A4,FD F2 E0 04 C0 40 D3 2F
4.901907486,0x316,B9 2C 07 7F 80 66 2B B1
4.901907486,0x427,63 B1 5D 7F AB 72 0A 5E
4.911242151,0x1A4,54 9C E6 04 57 41 1B CC
4.911242151,0x316,24 43 EF 84 AB CE 47 44
4.911242151,0x427,82 0A 18 CD 18 07 26 15
4.918553250,0x1A4,65 00 ED 04 8C 02 AC 6C
4.918553250,0x316,62 8F 34 14 32 45 3C 6E
4.918553250,0x427,03 61 3A 9A DB C0 BE FE
4.928413738,0x1A4,4E F5 F3 04 67 65 32 2E
4.928413738,0x316,CC 35 A4 8B BC 46 34 4B
4.928413738,0x427,93 E9 3A 52 54 DB 43 1A
4.941313829,0x1A4,70 65 FA 04 11 8F F2 53
4.941313829,0x316,94 00 32 A9 5E 0F AF 4B
4.941313829,0x427,3A 83 76 4E 0E 89 27 72
4.949665857,0x1A4,3D 69 00 05 A5 C1 B8 B7
4.949665857,0x316,6F F1 15 6D 43 3B A9 2A
4.949665857,0x427,2A 6D 94 B0 D2 FA A3 71
4.958129538,0x1A4,BC FB 07 05 EC 16 77 72
4.958129538,0x316,A2 C9 D7 0A 17 82 10 BA
4.958129538,0x427,86 C1 BA DE 6C 17 5F E9
4.968416118,0x1A4,B3 53 0D 05 15 E8 66 9D
4.968416118,0x316,31 CC 86 FF C3 42 58 6F
4.968416118,0x427,96 42 49 46 BD 42 B4 A3
4.979138058,0x1A4,4B 11 14 05 62 4A 9E CA
4.979138058,0x316,8A DC A9 F2 B5 04 AF 0E
4.979138058,0x427,DB E5 35 13 12 B5 D2 AB
4.988992377,0x1A4,8A 05 1A 05 C4 64 FD 67
4.988992377,0x316,5F F5 01 5D F6 9A 59 83
4.988992377,0x427,3E A0 14 CD 7D 50 F9 BF
4.998146436,0x1A4,80 DA 21 05 CE E3 F4 28
4.998146436,0x316,84 01 EA F3 F0 D4 F8 07
4.998146436,0x427,EC 31 8D 24 4C 64 42 D9
5.010869035,0x1A4,CB E5 27 05 67 3B 97 AD
5.010869035,0x316,B7 0F 04 C8 21 18 2C 70
5.010869035,0x427,D7 95 E8 08 62 9C 50 20
5.018231841,0x1A4,A5 34 2E 05 74 31 6A 3C
5.018231841,0x316,90 C8 4C C7 FF 64 29 A5
5.018231841,0x427,E6 B3 C7 5D 9C E6 B5 5C
5.029152332,0x1A4,E6 BE 34 05 DC 46 10 F3
5.029152332,0x316,F8 F1 36 91 80 67 4A 08
5.029152332,0x427,AB 7E E7 9A 3C B9 47 27
5.040793035,0x1A4,C9 02 3B 05 16 20 2E 73
5.040793035,0x316,5F 19 E6 F2 B8 87 F7 5E
5.040793035,0x427,DC 44 3C 5F 4C 01 A6 71
5.050998629,0x1A4,0A 81 41 05 76 C3 AE 13
5.050998629,0x316,AF 89 EC 92 82 FC 3F 23
5.050998629,0x427,D9 AE 8A 87 8C 6E F0 5D
5.061161080,0x1A4,34 8F 48 05 72 90 7B 50
5.061161080,0x316,DC 9C 49 A6 7B 36 58 47
5.061161080,0x427,9C 8C E6 3F 71 A4 E4 F5
5.068947554,0x1A4,F7 F7 4E 05 AF 41 A2 06
5.068947554,0x316,0B 30 55 BC 42 D8 A0 2F
5.068947554,0x427,58 58 C1 7F 40 F4 8A 84
5.078680411,0x1A4,CA 9A 55 05 F5 EB DD E9
5.078680411,0x316,6B C8 C9 8F B8 95 25 1E
5.078680411,0x427,C1 CB 03 43 85 12 64 C6
5.090481053,0x1A4,A6 59 5B 05 7F D2 3B B4
5.090481053,0x316,66 F4 3E 72 40 16 EE 36
5.090481053,0x427,BA C8 11 FF B3 FB A3 9C
5.101222412,0x1A4,E9 90 62 05 1F B7 A8 B1
5.101222412,0x316,8D 5C 9E EA D0 23 A6 FF
5.101222412,0x427,C1 4B BF 7D 44 E3 3E 33
5.110954825,0x1A4,87 2A 68 05 F5 18 BF 22
5.110954825,0x316,EE D2 52 DA 1A 13 F5 12
5.110954825,0x427,D8 11 B9 73 0C 35 33 2C
5.120963231,0x1A4,20 D4 6F 05 C3 68 9F B6
5.120963231,0x316,8F CE F2 71 D6 96 4C FF
5.120963231,0x427,2F 74 79 16 43 CB 7D CF
5.129657710,0x1A4,71 EA 75 05 C7 17 B2 F7
5.129657710,0x316,08 14 74 D8 38 28 90 FC
5.129657710,0x427,09 81 D0 51 67 8C F7 AA
5.140868417,0x1A4,23 DD 7C 05 00 72 A4 B5
5.140868417,0x316,EE D8 9F 10 EA 9C CC 8C
5.140868417,0x427,09 BE CB 8A A0 2E 55 4A
5.151635685,0x1A4,37 50 83 05 F2 F5 C9 4C
5.151635685,0x316,0D DD F2 D9 85 43 52 28
5.151635685,0x427,04 1F 39 B6 E6 F8 A5 B5
5.160464077,0x1A4,B4 22 89 05 B8 91 41 B3
5.160464077,0x316,08 4F 40 A3 7C 3A 91 2C
5.160464077,0x427,A3 AF 2F CB 66 C0 8A 5C
5.168580683,0x1A4,07 D1 90 05 0A E6 67 39
5.168580683,0x316,0F 9C 11 1F 97 A5 31 FC
5.168580683,0x427,0E 73 73 33 EB D0 C4 CA
5.181303079,0x1A4,44 6F 96 05 10 BE 9A 3C
5.181303079,0x316,8B E3 55 CA C9 38 78 7E
5.181303079,0x427,D3 8C BA 06 F3 B6 63 5C
5.188140708,0x1A4,5B 59 9D 05 AA C5 80 92
5.188140708,0x316,5F F6 70 5E B7 E8 A7 77
5.188140708,0x427,53 C6 BC CD F7 AB A6 FB
5.198043425,0x1A4,D8 BB A3 05 E0 AF 38 21
5.198043425,0x316,C4 A5 A8 9C A8 F9 5D E2
5.198043425,0x427,C9 37 12 16 39 DE D4 10
5.209192846,0x1A4,3F AD AA 05 E3 CF ED 65
5.209192846,0x316,F6 75 E5 FF D1 F5 88 B7
5.209192846,0x427,8A D7 07 B8 EB CB 89 7A
5.219492962,0x1A4,9D FD B0 05 73 DE 29 69
5.219492962,0x316,DD F7 E7 C4 A8 A2 D0 68
5.219492962,0x427,E4 5E C6 D2 01 AE 2C 93
5.231879826,0x1A4,A6 53 B7 05 72 6A 15 20
5.231879826,0x316,CA E0 ED F8 B1 B9 28 51
5.231879826,0x427,48 4D 70 A4 87 7A FC 12
5.240944047,0x1A4,49 87 BD 05 31 D8 40 77
5.240944047,0x316,69 9F 1B AE B0 B4 71 84
5.240944047,0x427,E4 1E 32 58 72 89 DA 20
5.249740146,0x1A4,1E FF C4 05 6D DD 3C D4
5.249740146,0x316,BC 4F BF C7 E6 38 22 8D
5.249740146,0x427,E4 88 C9 A3 82 24 79 96
5.260295020,0x1A4,D6 22 CA 05 50 56 8D C4
5.260295020,0x316,3C 1E 5D F7 D9 4D 08 21
5.260295020,0x427,69 12 C0 6E 52 AE BB 80
5.269663268,0x1A4,69 70 D1 05 06 1E 43 DE
5.269663268,0x316,58 89 2F 0E 35 07 D6 D4
5.269663268,0x427,F8 05 C9 1F 6C 57 A2 84
5.281598307,0x1A4,88 05 D7 05 36 1B DB 4D
5.281598307,0x316,70 F7 26 2A B2 AA 76 29
5.281598307,0x427,05 E5 99 52 88 FA 4A EF
5.290471274,0x1A4,7C CA DE 05 B2 6B B8 39
5.290471274,0x316,F1 F7 94 58 22 41 8E F2
5.290471274,0x427,84 16 DF F0 4F 7C D6 84
5.299452356,0x1A4,7E DD E4 05 D5 63 B7 48
5.299452356,0x316,94 1C 8F D8 A9 29 30 14
5.299452356,0x427,7D AB 27 40 A1 D7 40 32
5.311741943,0x1A4,FA 19 EA 05 C1 75 D3 F4
5.311741943,0x316,7A F1 03 8D 45 6C 42 46
5.311741943,0x427,03 29 0B 20 20 77 01 A0
5.321261992,0x1A4,C7 E9 F1 05 F9 2B 4B 9D
5.321261992,0x316,2F 04 92 88 83 EC EA 17
5.321261992,0x427,3D A2 A8 80 93 C0 17 A4
5.329638018,0x1A4,E9 B8 F7 05 15 C2 80 97
5.329638018,0x316,C8 27 0D F1 DE 3F A5 94
5.329638018,0x427,85 46 79 27 CD CD D3 2B
5.341845040,0x1A4,AD B7 FE 05 2E DE DD 9F
5.341845040,0x316,84 63 7B B8 CA 87 E9 E6
5.341845040,0x427,2F 62 EA 9A BE 3C 6E 56
5.348229010,0x1A4,DC 0B 04 06 90 A8 86 EC
5.348229010,0x316,83 45 49 90 B4 B5 8B 0A
5.348229010,0x427,08 AF 42 D3 BF C3 20 DD
5.361503031,0x1A4,3B 7C 0B 06 64 05 CB 14
5.361503031,0x316,79 62 A3 0B 61 F7 D3 F2
5.361503031,0x427,CD 4F 36 A4 DC B8 61 C5
5.369806640,0x1A4,92 47 11 06 43 7D C0 43
5.369806640,0x316,58 74 B0 A6 BC 89 F7 35
5.369806640,0x427,C3 6C 57 C4 74 95 77 92
5.379949085,0x1A4,6D 6E 18 06 88 5A 3C 9E
5.379949085,0x316,54 ED 94 A3 16 D1 C0 07
5.379949085,0x427,0A 6C 7F 7F B1 4C 95 E3
5.391518693,0x1A4,1B D2 1E 06 44 F7 AA 8B
5.391518693,0x316,F2 EB 27 4A 37 09 54 A4
5.391518693,0x427,9A 06 E7 F4 3D 0A 56 4D
5.399689147,0x1A4,88 45 25 06 81 51 B0 3E
5.399689147,0x316,F0 0A 00 CE CF 71 AE CE
5.399689147,0x427,47 8F 5B AF 02 AE F5 67
5.409741294,0x1A4,53 A0 2B 06 F5 77 1B 74
5.409741294,0x316,22 5C AE 12 A1 FA 48 B0
5.409741294,0x427,F8 75 56 0F D9 F5 77 28
5.418950440,0x1A4,6D FC 32 06 CE 2F 66 6A
5.418950440,0x316,D3 E1 F7 7B 78 AE E5 76
5.418950440,0x427,2A DA 3A 34 2E DC 16 57
5.430732823,0x1A4,4B 16 38 06 A5 78 C7 24
5.430732823,0x316,0F 68 05 50 22 49 8A DC
5.430732823,0x427,4C A1 E6 B7 0E B8 BE 51
5.440868582,0x1A4,CE 83 3F 06 72 19 EF FC
5.440868582,0x316,D1 E7 5B DC 6A 34 6A 58
5.440868582,0x427,6E 1E B2 F9 B4 4A 12 66
5.450687505,0x1A4,F0 E3 45 06 E0 F0 BA C2
5.450687505,0x316,EE B8 DB 5E EB BC D5 83
5.450687505,0x427,C0 5F C8 8F DB DE 2E 1B
5.458636167,0x1A4,3C 94 4C 06 59 88 E2 3D
5.458636167,0x316,09 BF 6A 77 8F 98 5D 1F
5.458636167,0x427,12 06 79 44 6D B9 18 73
5.471493140,0x1A4,AE 9C 52 06 9A 8E 10 24
5.471493140,0x316,16 A6 C8 18 EF 77 F4 0C
5.471493140,0x427,63 55 4B 4A 89 BE 04 F2
5.479965545,0x1A4,A2 A4 59 06 93 D7 39 DD
5.479965545,0x316,47 60 89 9D E3 E0 0A 6B
5.479965545,0x427,0A A4 8E 3F 64 94 72 F6
5.488454981,0x1A4,CC CA 5F 06 AF D7 FD E6
5.488454981,0x316,BC 13 E2 28 87 15 40 D0
5.488454981,0x427,6D D5 D2 53 3D 57 0A EF
5.498828955,0x1A4,35 4C 66 06 7F DF 9B B8
5.498828955,0x316,C0 15 0E 50 B2 F7 98 30
5.498828955,0x427,2C EC 5B C3 1D AA CA 28
5.508500831,0x1A4,83 54 6C 06 EA D9 F7 FE
5.508500831,0x316,CB 01 C5 83 1E 32 81 77
5.508500831,0x427,48 B7 AE 7F 47 1A 0B E1
5.518572462,0x1A4,48 82 73 06 8E A8 53 7F
5.518572462,0x316,D4 E1 EE 05 07 75 0D 17
5.518572462,0x427,E7 C6 FA F1 1B 85 AB 64
5.530059465,0x1A4,EC CE 79 06 2E 11 0D 75
5.530059465,0x316,76 C6 78 F7 76 64 A0 3D
5.530059465,0x427,66 B4 13 37 2D 0A 56 95
5.541007636,0x1A4,39 55 80 06 0F DC 74 0C
5.541007636,0x316,4C 37 F0 0C 04 F8 06 48
5.541007636,0x427,F1 62 B1 7E 7F FD F6 98
5.550791749,0x1A4,FC FF 86 06 9C FE C4 D7
5.550791749,0x316,F1 95 7D A7 71 4F 2A AC
5.550791749,0x427,40 61 78 78 5F CE 26 49
5.561883680,0x1A4,AB 90 8D 06 0E EA 17 02
5.561883680,0x316,DE 49 E0 D8 C3 ED 84 1B
5.561883680,0x427,4D 48 51 6E 66 8F 49 22
5.571951793,0x1A4,7E 9E 93 06 E5 7E B4 43
5.571951793,0x316,FF F7 3D BA 73 9A A3 5D
5.571951793,0x427,EC 1D 8C C3 BD A8 3B 67
5.580490598,0x1A4,01 12 99 06 7C 01 95 0B
5.580490598,0x316,77 84 8C 66 95 AB 18 0D
5.580490598,0x427,4F FA FD 91 FC 3A D3 8F
5.591426987,0x1A4,09 EE A0 06 A9 5B CE 5C
5.591426987,0x316,95 04 A0 8D 13 CD E1 49
5.591426987,0x427,06 FA D2 12 A6 C1 E7 62
5.601648906,0x1A4,FC E3 A6 06 A3 6C 4A 73
5.601648906,0x316,FE FC AF C3 3B 6F C3 8C
5.601648906,0x427,37 C6 9B 47 3B 9A 47 D3
5.610043706,0x1A4,5F 0C AD 06 9F C2 8C 9F
5.610043706,0x316,F9 9A 2E AE D5 52 6D 9C
5.610043706,0x427,28 66 6A 1E 6A 15 F0 20
5.621364682,0x1A4,04 07 B3 06 2B 1E C0 18
5.621364682,0x316,BF DF D6 64 12 ED 89 5F
5.621364682,0x427,68 62 7E CB CB 1D 9E FC
5.630255297,0x1A4,42 4B BA 06 28 11 CE 8E
5.630255297,0x316,FE EE 5E F0 15 61 98 5D
5.630255297,0x427,C7 65 45 C1 A6 B4 EE 24
5.641022948,0x1A4,10 75 C0 06 19 03 3B 9A
5.641022948,0x316,61 DA 55 82 CA 4D C1 66
5.641022948,0x427,10 1B 05 80 52 25 4E 0A
5.651227681,0x1A4,34 00 C7 06 05 44 F6 09
5.651227681,0x316,C8 D0 14 23 8B F4 AD B6
5.651227681,0x427,DE 27 42 55 D4 B4 D0 CD
5.661629721,0x1A4,FA 4B CD 06 0F FD F2 84
5.661629721,0x316,D1 33 FD 74 A9 F9 20 26
5.661629721,0x427,A4 E3 33 9B 4C 47 A4 E4
5.670032753,0x1A4,16 2F D4 06 DB AF C8 23
5.670032753,0x316,DC 91 F5 53 72 2E 6E EE
5.670032753,0x427,59 08 F2 9C 21 2F 8B 51
5.678320705,0x1A4,EF BB DA 06 E9 AB 98 64
5.678320705,0x316,33 FE 98 FD DE F9 D2 9D
5.678320705,0x427,9D 08 44 BD 94 C2 B4 D7
5.688245380,0x1A4,24 9F E1 06 C5 56 FE 97
5.688245380,0x316,10 92 1C 56 17 65 DF 81
5.688245380,0x427,E9 C5 0A D4 8C 9F 7C 82
5.700828548,0x1A4,56 6C E7 06 1E 97 66 7D
5.700828548,0x316,CE F8 6F B5 EF CD 1B 90
5.700828548,0x427,1D 13 BF 4C AA 8F 92 79
5.710429592,0x1A4,67 EA EE 06 DB 51 42 04
5.710429592,0x316,87 B2 4C 5E 2A 1E CC 54
5.710429592,0x427,7C 93 7E AC DC 0B 0F 1C
5.721381815,0x1A4,F5 98 F4 06 16 62 A2 6A
5.721381815,0x316,E4 80 6D 95 70 F9 C3 4E
5.721381815,0x427,86 1F F8 CB C8 99 15 E6
5.728700477,0x1A4,E4 D8 FA 06 35 E3 41 DF
5.728700477,0x316,EA A0 23 B0 19 37 17 A1
5.728700477,0x427,13 59 D2 06 88 11 CF 98
5.741269574,0x1A4,87 BE 01 07 6B CD F9 43
5.741269574,0x316,E5 F1 91 F7 50 CF D4 A7
5.741269574,0x427,44 65 6C C8 F1 B7 D8 F8
5.751968564,0x1A4,EF 8D 07 07 DC E4 16 94
5.751968564,0x316,07 D9 DF 93 DD 45 40 3A
5.751968564,0x427,87 AD AD B8 AA 9C 25 0D
5.759921974,0x1A4,13 C8 0E 07 14 B1 FE 7A
5.759921974,0x316,B3 AD A6 2B 18 17 34 86
5.759921974,0x427,46 CC 07 A1 39 70 9F B8
5.768363734,0x1A4,7C 01 14 07 47 96 4C C6
5.768363734,0x316,9C BA 56 D7 65 27 54 61
5.768363734,0x427,FC A0 D4 25 F2 64 58 D2
5.780753541,0x1A4,21 1E 1B 07 0E 98 00 3E
5.780753541,0x316,47 01 15 08 05 F7 93 92
5.780753541,0x427,F2 92 BD F2 A5 56 55 B3
5.788316527,0x1A4,EA 1C 21 07 F7 3D D7 30
5.788316527,0x316,5E 14 D9 04 56 E7 E7 70
5.788316527,0x427,87 26 4E 50 85 2F 35 6B
5.801178980,0x1A4,F6 32 28 07 FA C0 B7 69
5.801178980,0x316,1C A0 C4 B0 C6 3E 32 34
5.801178980,0x427,62 7E 0E 69 33 3E 77 80
5.811245562,0x1A4,A7 95 2E 07 74 D3 89 9C
5.811245562,0x316,D2 42 A7 EB A5 22 BB 78
5.811245562,0x427,2A FB 70 DF 1E 3C 2F D9
5.819519236,0x1A4,DD D4 34 07 23 06 37 BA
5.819519236,0x316,9F AA F1 0F 89 AF AD B4
5.819519236,0x427,A4 5F 59 23 46 6C C8 84
5.831617266,0x1A4,90 58 3B 07 85 46 96 8F
5.831617266,0x316,3B 72 36 53 EF FA 84 FF
5.831617266,0x427,18 B2 87 A9 55 85 76 7A
5.839507844,0x1A4,AA AB 41 07 A3 96 77 60
5.839507844,0x316,00 17 52 50 34 57 E9 F4
5.839507844,0x427,F7 AE 55 2C 4C 82 AC 75
5.851295235,0x1A4,08 F8 48 07 E5 03 7B 88
5.851295235,0x316,4E BE A2 57 CD 8F D8 8B
5.851295235,0x427,4A 8D B2 5A 12 B9 05 AD
5.859176926,0x1A4,5C 1F 4E 07 4A 99 1E DE
5.859176926,0x316,0F 83 8E B8 C6 5C 45 AE
5.859176926,0x427,BD E7 AF A4 1C 2C BC CD
5.870890153,0x1A4,21 FB 55 07 62 3D AD 43
5.870890153,0x316,97 FA 2D 9C 34 3A F3 7B
5.870890153,0x427,75 39 38 31 58 10 14 F5
5.878441493,0x1A4,D0 E0 5B 07 8C F6 6C 47
5.878441493,0x316,4D C4 DE 8E F4 70 6A 4C
5.878441493,0x427,C9 E2 90 39 52 32 05 F1
5.889355361,0x1A4,B3 AB 62 07 23 69 75 FB
5.889355361,0x316,C4 77 30 4C 4C AD 6B C5
5.889355361,0x427,D8 2C FC 49 49 63 74 B4
5.899584118,0x1A4,52 28 68 07 15 90 B3 B0
5.899584118,0x316,5B 1C 7A B4 58 4E 2F 7D
5.899584118,0x427,0D 95 29 51 A1 65 D4 7A
5.911553248,0x1A4,3A 2A 6E 07 59 1D 7C 8F
5.911553248,0x316,CB FC 06 EF 27 6F 3A EF
5.911553248,0x427,6D AF 9F CB 3D FF BE B8
5.921301272,0x1A4,28 50 75 07 87 90 AC 49
5.921301272,0x316,2D 24 33 1F 21 60 CF 92
5.921301272,0x427,9E 1D 37 AD B1 8E 0E 8B
5.928415963,0x1A4,4D A3 7B 07 A2 8E 50 E5
5.928415963,0x316,19 CD EB FA 23 14 00 65
5.928415963,0x427,77 2F 81 D1 FB BE 5A 58
5.939841494,0x1A4,09 3F 82 07 23 8B E7 C5
5.939841494,0x316,B9 4D FB CD 95 75 7F 25
5.939841494,0x427,FF 1A 5B 4A 85 DE C4 0A
5.951379329,0x1A4,41 24 88 07 9C 70 8F F4
5.951379329,0x316,BB F6 D1 B6 E3 45 3B 14
5.951379329,0x427,78 47 AB 58 37 E5 8B EC
5.961920540,0x1A4,8C 8F 8F 07 D8 C8 ED A7
5.961920540,0x316,ED 4F A6 41 62 93 51 BF
5.961920540,0x427,52 F0 A4 7A FA D6 C7 36
5.969842027,0x1A4,88 BA 95 07 9B A4 F4 D3
5.969842027,0x316,22 3E E0 89 26 F4 68 45
5.969842027,0x427,02 A8 DA EE B6 69 E0 8F
5.978644560,0x1A4,49 48 9C 07 1B FC 88 45
5.978644560,0x316,11 52 24 23 F6 45 F6 1B
5.978644560,0x427,8E 02 9D 9D E7 07 AB BD
5.991139956,0x1A4,17 86 A2 07 FE 96 41 3D
5.991139956,0x316,FE BA 11 3E 83 F6 FE 0C
5.991139956,0x427,1C 3D 7A AB AC 26 BA E7
5.998769370,0x1A4,D6 55 A8 07 F9 9D C5 39
5.998769370,0x316,E4 55 50 A3 45 2D 9B 3B
5.998769370,0x427,A4 0E 70 0D C9 92 A6 19
6.010383869,0x1A4,4E 1E AF 07 6B 1F 8E 54
6.010383869,0x316,19 C7 A4 B7 66 76 EF 78
6.010383869,0x427,93 4F BD 19 0C 99 62 AE
6.019253657,0x1A4,A8 EC B5 07 28 0A 31 23
6.019253657,0x316,21 92 53 01 A0 B3 EA F6
6.019253657,0x427,C3 E7 E3 8C 27 5B 58 FA
6.028269552,0x1A4,1A 7A BC 07 90 D3 6E 28
6.028269552,0x316,3A 16 2B 68 72 FB 23 A7
6.028269552,0x427,76 43 5E EF 83 1C 72 E1
6.038089031,0x1A4,3D CC C2 07 A0 73 C7 79
6.038089031,0x316,E1 10 3A 7A 24 B4 89 A6
6.038089031,0x427,E1 8B 0F 33 15 63 83 C1
6.049657140,0x1A4,18 12 C8 07 18 E4 88 49
6.049657140,0x316,F2 0B 38 52 DE FA 10 49
6.049657140,0x427,E7 90 59 A5 7D 47 25 0F
6.058185348,0x1A4,63 8E CF 07 4F 29 CB C4
6.058185348,0x316,C0 E5 E6 16 B1 0C FD A6
6.058185348,0x427,5F 67 FA 92 6D C8 72 3B
6.070552711,0x1A4,40 BD D5 07 4B 8F 1A BD
6.070552711,0x316,6E 3D 1E B9 09 6E AF D9
6.070552711,0x427,9E 90 C9 EF B3 60 8C 09
6.080982742,0x1A4,52 6C DC 07 1F 84 E5 EB
6.080982742,0x316,9F 0B D1 2C 8C 82 FA 6A
6.080982742,0x427,6A CE DA E1 27 46 6D D6
6.090921485,0x1A4,05 7D E2 07 5B 8D 15 EF
6.090921485,0x316,ED 2F 6D EB 6D 91 4D 09
6.090921485,0x427,BF A6 46 FF A1 69 11 D6
6.100000572,0x1A4,A9 6F E9 07 BC C9 B7 C9
6.100000572,0x316,AB 7A D1 7E 66 1E B2 2F
6.100000572,0x427,38 97 C5 EF 7A AC BE BF
6.110506101,0x1A4,FC 3D EF 07 3E 71 4E DF
6.110506101,0x316,04 F0 10 ED F5 81 1A 4A
6.110506101,0x427,96 3D 72 E0 3A 62 97 09
6.121466828,0x1A4,43 55 F5 07 95 6E 63 4C
6.121466828,0x316,ED F2 65 91 0C FC 4F 9A
6.121466828,0x427,DE 0E 78 1B 66 37 AF ED
6.129260141,0x1A4,C8 7C FC 07 FC 51 C5 55
6.129260141,0x316,46 08 D9 48 87 38 50 74
6.129260141,0x427,6A 9F 35 FD D7 0C 2D A4
6.140407221,0x1A4,94 BD 02 08 41 BD 39 86
6.140407221,0x316,55 0B 71 7E 70 8A A6 E3
6.140407221,0x427,43 80 45 F0 6C ED 5A 22
6.148669900,0x1A4,0E 0D 09 08 F8 14 14 81
6.148669900,0x316,9E 35 D0 77 AD A6 D8 45
6.148669900,0x427,7A 16 5C 31 2B 6D 0E CF
6.160727526,0x1A4,09 6B 0F 08 9B B6 A7 54
6.160727526,0x316,4C 39 99 29 46 A1 2A BB
6.160727526,0x427,29 6B 7B 75 35 07 F6 A5
6.171988422,0x1A4,60 1C 15 08 DF 0C F6 B7
6.171988422,0x316,0B BE AA 2F 8C 05 9B 03
6.171988422,0x427,81 FD 92 BC D2 FB 4C 56
6.179326857,0x1A4,F8 BF 1C 08 A1 B5 86 4B
6.179326857,0x316,30 1C 5A 91 95 8D A5 AC
6.179326857,0x427,4A 48 DD C1 B5 04 73 31
6.190749702,0x1A4,0D 3C 22 08 93 83 67 9C
6.190749702,0x316,C8 6A 2C DB 9A 88 83 A3
6.190749702,0x427,3B 98 A4 E5 8F 37 CE 67
6.198622549,0x1A4,F7 9A 29 08 D0 F5 7D 6D
6.198622549,0x316,F4 6E E9 83 73 00 F3 53
6.198622549,0x427,5B 72 34 16 FF 01 9D 66
6.211998495,0x1A4,15 5A 2F 08 80 28 6B 18
6.211998495,0x316,19 D2 4D 2F 8A B8 4F FB
6.211998495,0x427,D3 23 FF 23 96 6E 3A 7A
6.218246910,0x1A4,10 8F 36 08 B6 40 92 EF
6.218246910,0x316,85 03 80 3F 73 9E BF 01
6.218246910,0x427,EB D2 C2 42 73 EE 31 62
6.229001480,0x1A4,EC 1E 3C 08 59 42 5D 72
6.229001480,0x316,29 32 F6 C0 6E BD 59 44
6.229001480,0x427,52 A0 3B F4 E7 52 62 54
6.239651449,0x1A4,80 52 42 08 D5 25 1C 95
6.239651449,0x316,4B D4 0E B9 13 17 A8 92
6.239651449,0x427,CE 73 ED 02 B9 25 F5 42
6.251052968,0x1A4,10 CB 49 08 10 9B 0B 5C
6.251052968,0x316,47 48 59 B1 68 53 7E 3C
6.251052968,0x427,49 61 E7 0F F7 07 F4 AA
6.260158415,0x1A4,D2 FB 4F 08 41 20 24 77
6.260158415,0x316,4B DC 8A 4E B6 33 E3 28
6.260158415,0x427,04 62 C9 67 59 85 A2 AF
6.268335911,0x1A4,65 2E 56 08 E4 AC 50 EC
6.268335911,0x316,2B 7A 26 E5 15 F4 46 E3
6.268335911,0x427,4F 50 1C B4 98 4D 14 C5
6.280568519,0x1A4,27 40 5C 08 DF DE B6 B0
6.280568519,0x316,46 F5 0E 1E D3 95 82 A3
6.280568519,0x427,5E 85 87 EA 05 7F CD F0
6.288293851,0x1A4,9F 95 62 08 66 5B 17 5E
6.288293851,0x316,E8 17 58 9D 6A 93 89 38
6.288293851,0x427,D3 CF 18 38 94 94 15 F5
6.299338959,0x1A4,50 90 69 08 07 21 6A 7A
6.299338959,0x316,52 2B 37 27 61 7B 79 74
6.299338959,0x427,DF 8C 6B BF 11 7C 24 FD
6.311835568,0x1A4,30 B5 6F 08 AA E0 A5 5F
6.311835568,0x316,B7 DB 74 6A 37 63 B2 B3
6.311835568,0x427,E9 A1 9A 8C 9B 0E AD E9
6.320071555,0x1A4,58 30 76 08 4A B9 E1 C1
6.320071555,0x316,52 C2 9A 89 2B 8B 4F CD
6.320071555,0x427,D0 17 02 AA 7A C0 5A D3
6.328021736,0x1A4,E2 D2 7C 08 6E 3B 09 C3
6.328021736,0x316,F2 E4 59 3F 41 E3 2A AE
6.328021736,0x427,65 9C 36 C1 FE 4B 87 98
6.338953889,0x1A4,77 C7 82 08 32 20 91 C9
6.338953889,0x316,D0 73 F5 14 A9 9A 87 86
6.338953889,0x427,4D 13 5E 72 84 5A 36 87
6.349093265,0x1A4,56 04 89 08 E0 EE 9D 5C
6.349093265,0x316,29 8A FE 13 89 8C D0 EA
6.349093265,0x427,8C 5C 6D 90 3A B7 B9 1C
6.358698285,0x1A4,1F 60 8F 08 5E 89 2A D4
6.358698285,0x316,B2 BD 32 8C A3 AD 23 E7
6.358698285,0x427,9F 99 67 81 F1 8B C0 33
6.371026088,0x1A4,B3 93 95 08 6E 8F 62 89
6.371026088,0x316,D9 B9 5C 26 61 1B 1F 2A
6.371026088,0x427,61 84 FF 53 4E 98 BF DA
6.379077884,0x1A4,69 1A 9C 08 73 76 1C 71
6.379077884,0x316,EB E7 C1 1D 32 D4 27 AE
6.379077884,0x427,1E 31 95 34 8D EF 87 B7
6.390677742,0x1A4,82 2A A2 08 79 D4 23 7D
6.390677742,0x316,87 F3 47 17 DE 9C 1D E6
6.390677742,0x427,86 F5 A7 82 4B 27 0B 72
6.400203321,0x1A4,C7 71 A9 08 F2 25 3E 0E
6.400203321,0x316,B5 23 14 74 A3 1A C7 21
6.400203321,0x427,E3 35 64 83 CE 43 59 6A
6.411486638,0x1A4,AE BE AF 08 DD 7B 5C 90
6.411486638,0x316,62 D6 C7 0E 40 55 0D 8F
6.411486638,0x427,B5 6C 5E 76 2F 81 3A AC
6.419356502,0x1A4,36 01 B5 08 4E 33 E4 4E
6.419356502,0x316,3F E2 28 B9 A5 BF 92 05
6.419356502,0x427,08 E5 5C 65 B4 1B 24 41
6.428008531,0x1A4,24 14 BC 08 30 9F C5 00
6.428008531,0x316,F9 0A ED BE 52 61 C8 37
6.428008531,0x427,03 35 0C 94 2D 10 B2 12
6.440564673,0x1A4,CD 1C C2 08 95 6E 77 6C
6.440564673,0x316,30 0B 33 58 73 6C 4C B3
6.440564673,0x427,D3 91 52 10 F0 B0 89 8A
6.450260393,0x1A4,62 E3 C9 08 BF E9 6C 0F
6.450260393,0x316,62 D1 40 EF 00 80 EB E4
6.450260393,0x427,11 3D AB 11 92 7D 73 FC
6.458138589,0x1A4,4F EA CF 08 8A A8 D9 78
6.458138589,0x316,DC C6 1F 08 D1 C6 7E 49
6.458138589,0x427,EA 80 AB 68 8D 41 13 2E
6.469908937,0x1A4,62 5A D5 08 52 77 AB 22
6.469908937,0x316,74 48 0D C4 7A FB 3A A4
6.469908937,0x427,C8 0C 74 FA 7D B7 B2 BA
6.478602642,0x1A4,E3 71 DC 08 5B 74 BA F6
6.478602642,0x316,1C D7 9C 6B BF AB DC 5F
6.478602642,0x427,87 D9 2B FE 7A 70 2E E4
6.491983970,0x1A4,30 2F E2 08 58 54 D3 72
6.491983970,0x316,5B 6F 9F DE A1 0D C8 EA
6.491983970,0x427,16 E7 21 E8 D4 99 A3 60
6.500239165,0x1A4,57 4E E8 08 76 43 8B 14
6.500239165,0x316,82 6A C7 AE 7B 2A D2 F6
6.500239165,0x427,42 3C 6B A9 A0 C0 E2 DF
6.511231691,0x1A4,08 95 EF 08 A9 9E 0B 22
6.511231691,0x316,A9 02 4E A7 D8 BD 3B DC
6.511231691,0x427,99 72 07 59 54 BE 5E 1E
6.520528225,0x1A4,8D 72 F5 08 D8 34 2B FE
6.520528225,0x316,AB C5 89 89 88 7D 9F 64
6.520528225,0x427,97 39 62 87 80 D1 99 20
6.530426597,0x1A4,20 E9 FC 08 42 AE 8D FA
6.530426597,0x316,D9 39 02 39 85 DE B6 D5
6.530426597,0x427,26 A0 E3 00 7F F9 94 C1
6.541419285,0x1A4,63 FB 02 09 94 5D 7E FA
6.541419285,0x316,5E 84 61 4C 62 6C 87 76
6.541419285,0x427,85 7C 6A AC EB 8A 16 B8
6.548106913,0x1A4,11 C5 08 09 91 A7 93 6C
6.548106913,0x316,1E CD 2C 88 3B 43 18 61
6.548106913,0x427,FB BF C7 D2 A3 43 CB 3A
6.559386857,0x1A4,F3 F2 0F 09 C2 89 EB 75
6.559386857,0x316,B0 EC 9D 58 DC 08 B6 27
6.559386857,0x427,15 FB 90 46 3C 41 40 30
6.570633170,0x1A4,02 20 15 09 9D A4 0D E0
6.570633170,0x316,5A 2B 9B B9 FE 25 F7 C3
6.570633170,0x427,F8 62 E3 1C C3 64 3F 08
6.579315968,0x1A4,48 F6 1B 09 3F B7 02 A9
6.579315968,0x316,19 5A 53 6B 62 9B 6B 9D
6.579315968,0x427,7E 14 1C C4 E9 49 AD EF
6.591610269,0x1A4,AA DF 22 09 BB 36 98 E3
6.591610269,0x316,ED 5C 01 04 64 4E 9C 3D
6.591610269,0x427,EA C3 C1 34 12 FA 39 11
6.599188557,0x1A4,EB 5D 28 09 5C B9 0C 98
6.599188557,0x316,62 74 98 08 2C F6 49 72
6.599188557,0x427,47 6E 08 99 B7 BD 09 AC
6.610878017,0x1A4,81 91 2E 09 37 50 49 DF
6.610878017,0x316,28 0D 76 0C B2 E5 A6 3E
6.610878017,0x427,AA 19 94 BD 32 19 53 0B
6.620139358,0x1A4,A0 DC 35 09 F5 DD 5F 70
6.620139358,0x316,A6 A8 FD 3B E6 B2 2D 8A
6.620139358,0x427,67 F4 9E 37 F5 6B 1F C1
6.630083778,0x1A4,D1 6C 3B 09 04 1B AC C6
6.630083778,0x316,D7 1D 73 0E D7 EC DF 23
6.630083778,0x427,73 51 FF 80 4B EE 54 FE
6.641443988,0x1A4,73 2B 41 09 5F 02 F2 3B
6.641443988,0x316,37 5E D7 D0 F8 FE 98 EA
6.641443988,0x427,DC BA 44 BB 9B F7 7B 93
6.651843272,0x1A4,26 AC 48 09 AE 63 D5 93
6.651843272,0x316,E7 21 11 99 60 10 C5 C5
6.651843272,0x427,FC 0C 2B AC D1 83 81 D1
6.661922313,0x1A4,F3 1B 4E 09 29 BE A5 3C
6.661922313,0x316,1B 6F 40 4D 39 77 52 E0
6.661922313,0x427,22 B7 AC 24 53 8B 56 FC
6.669337654,0x1A4,67 AE 55 09 9F B5 70 85
6.669337654,0x316,DD 41 96 38 E9 14 DF 69
6.669337654,0x427,64 A1 ED 4C D6 7C 70 46
6.680141425,0x1A4,70 EB 5B 09 0D 14 85 8E
6.680141425,0x316,3F 39 D2 F2 10 7F 77 97
6.680141425,0x427,FC ED 34 E1 59 DC 36 BC
6.688561221,0x1A4,61 27 61 09 59 87 D5 2C
6.688561221,0x316,12 16 41 A0 78 91 C2 AD
6.688561221,0x427,77 04 5D 6D B5 3A 4C 8E
6.701122905,0x1A4,1A 01 68 09 8A 98 00 0C
6.701122905,0x316,5B 03 E8 F8 EE 91 2B 58
6.701122905,0x427,9C CE 0B F1 89 5C B0 A4
6.710453211,0x1A4,8F 1A 6E 09 90 59 93 61
6.710453211,0x316,7C 7D 2A C9 03 36 43 86
6.710453211,0x427,D8 94 98 51 82 44 41 B2
6.719940321,0x1A4,54 40 74 09 6E AC 83 68
6.719940321,0x316,18 20 33 26 0D 7E C5 4C
6.719940321,0x427,EB B1 5F 60 50 B1 12 2F
6.730072182,0x1A4,DB 69 7B 09 B0 AA B5 89
6.730072182,0x316,8A 87 38 79 4E 17 B0 3D
6.730072182,0x427,4F 68 6E D9 2A 2E B0 39
6.739466444,0x1A4,C1 0F 81 09 9C D2 87 DB
6.739466444,0x316,DE C0 23 B5 62 3C F4 24
6.739466444,0x427,BE 58 47 CE 1F D1 88 76
6.748805509,0x1A4,51 7A 87 09 3D 71 C0 0E
6.748805509,0x316,9D 86 F8 8F 4F 3B A5 69
6.748805509,0x427,F7 D5 C0 F7 6D 42 A0 6A
6.759822518,0x1A4,41 58 8E 09 26 8B AD 87
6.759822518,0x316,06 E7 53 22 5C 6E 6F 63
6.759822518,0x427,C9 F9 2B 3E 06 65 47 41
6.770773878,0x1A4,49 E0 94 09 84 1D 8C 54
6.770773878,0x316,DD 83 8E A5 B3 F5 3D 14
6.770773878,0x427,98 02 17 EC A3 3A 25 73
6.778317674,0x1A4,C0 BB 9A 09 4F EF FE 5E
6.778317674,0x316,63 B8 AB 17 12 69 1F 89
6.778317674,0x427,24 62 7E B9 67 F8 53 D4
6.788992168,0x1A4,56 67 A1 09 2E 81 31 0D
6.788992168,0x316,02 E6 B9 44 9E 14 8E 60
6.788992168,0x427,44 C3 75 AC 09 47 DF 9A
6.799162577,0x1A4,74 19 A7 09 DF C9 1F 0A
6.799162577,0x316,22 97 A5 DF 7D FE A1 12
6.799162577,0x427,31 78 2B 30 31 95 FD CD
6.811072412,0x1A4,54 89 AD 09 75 E2 6B 96
6.811072412,0x316,63 11 6C B9 7D 2E E4 AB
6.811072412,0x427,3E D3 10 8F 10 65 8E 37
6.819961763,0x1A4,28 94 B4 09 43 C1 79 35
6.819961763,0x316,95 D6 95 DE A5 4D 33 E8
6.819961763,0x427,25 26 3D 55 EB BA 9D 4D
6.831517734,0x1A4,3A 3F BA 09 63 D7 B3 E8
6.831517734,0x316,FF E8 EC 03 BF 08 39 36
6.831517734,0x427,D0 B3 E9 EF 8E 64 A5 30
6.839590553,0x1A4,EC B6 C0 09 B0 51 D1 BD
6.839590553,0x316,20 6F 08 1E 15 7A 33 BF
6.839590553,0x427,66 F3 E3 FF C4 D1 1B C1
6.848701085,0x1A4,F5 8E C7 09 2C D3 18 EA
6.848701085,0x316,3E 96 1A 3E 62 90 14 B2
6.848701085,0x427,15 0F BA 9A 93 2D 2A B4
6.859115201,0x1A4,34 F9 CD 09 A1 AD 89 65
6.859115201,0x316,41 BA 45 EA 2C CB 44 3D
6.859115201,0x427,9E 11 55 8D 75 5C 55 52
6.868116152,0x1A4,FE 13 D3 09 53 91 76 48
6.868116152,0x316,48 0C 73 61 B5 30 5C 77
6.868116152,0x427,76 4B 9D 88 1C 9A 12 A6
6.879976035,0x1A4,3C 6F DA 09 4D C3 F4 4E
6.879976035,0x316,F5 B3 F5 42 6D AB 11 5C
6.879976035,0x427,DA F1 47 83 C0 F6 FF E1
6.889834469,0x1A4,8C 90 E0 09 FA 0A 4C 77
6.889834469,0x316,8D 63 3E 19 CA 63 85 CD
6.889834469,0x427,AE AF 37 FB 8E 18 F0 B8
6.899604558,0x1A4,31 86 E6 09 A8 1D FA C2
6.899604558,0x316,7A 9F F8 D6 FA CE FA 51
6.899604558,0x427,5B 90 11 EA C3 29 00 34
6.910598241,0x1A4,95 84 ED 09 51 A8 1B 50
6.910598241,0x316,F1 53 F7 69 E7 01 B4 0B
6.910598241,0x427,D4 9E 01 90 18 AA 34 DD
6.920365742,0x1A4,49 6B F3 09 4B B7 C2 BD
6.920365742,0x316,E2 30 5B 25 C9 FC 26 04
6.920365742,0x427,97 17 C2 42 9B D3 A5 8D
6.929309641,0x1A4,19 51 F9 09 58 1D 83 95
6.929309641,0x316,E6 B5 42 94 CD B3 52 B8
6.929309641,0x427,82 65 E6 6A CB B8 91 4B
6.940758260,0x1A4,25 6F 00 0A FB 9F 39 32
6.940758260,0x316,2D 0D 72 54 23 80 E2 3A
6.940758260,0x427,E9 2D 3D 61 BF B9 DD 91
6.948633269,0x1A4,41 42 06 0A 83 29 E8 3E
6.948633269,0x316,C3 38 D2 7F B8 E8 F6 8C
6.948633269,0x427,20 63 94 A7 7A E4 86 F1
6.960651684,0x1A4,94 1B 0C 0A E7 9C 6A 56
6.960651684,0x316,89 2A E0 41 0A 9A 6B C3
6.960651684,0x427,66 D9 53 D2 A0 45 16 7D
6.969609120,0x1A4,FD 15 12 0A FB 17 3B B9
6.969609120,0x316,63 16 46 A4 C4 09 56 BD
6.969609120,0x427,0F AC 97 7D A8 E3 F8 75
6.981080107,0x1A4,36 5C 19 0A 02 F6 96 BB
6.981080107,0x316,F2 83 83 CB B2 37 28 5A
6.981080107,0x427,7A FF 54 2B 6B 52 D4 23
6.991371187,0x1A4,AA 77 1F 0A C1 75 EA 8B
6.991371187,0x316,6D 4C 02 7D 21 C1 1D 2F
6.991371187,0x427,02 EB B9 EA D4 64 AD E3
6.999940469,0x1A4,01 7B 25 0A FA D7 85 FD
6.999940469,0x316,EC 9F 4D A4 37 7A 0D F5
6.999940469,0x427,5C 10 09 0F AD 38 21 86
7.008405464,0x1A4,7F AC 2C 0A 55 31 CD D6
7.008405464,0x316,E7 28 C1 D8 57 51 07 13
7.008405464,0x427,04 D9 F7 F1 09 2E 68 D1
7.020595988,0x1A4,9B 2C 32 0A 74 70 6B 0C
7.020595988,0x316,F1 B5 AB C3 D1 5E A2 01
7.020595988,0x427,6E 89 92 69 0E A5 32 23
7.028029050,0x1A4,A9 02 38 0A C3 A9 75 A1
7.028029050,0x316,00 38 3F 3B CE 58 66 11
7.028029050,0x427,9B 10 09 B5 00 E1 A9 26
7.038276421,0x1A4,51 18 3F 0A 2C 03 FE 37
7.038276421,0x316,61 B6 77 81 93 0C BD 74
7.038276421,0x427,BD 14 8A 5F A7 A8 79 0F
7.048813970,0x1A4,24 73 45 0A 50 2E 42 A3
7.048813970,0x316,15 70 B0 AA 64 50 14 EF
7.048813970,0x427,75 36 D4 9D 4B 14 AA E9
7.061176349,0x1A4,7B 44 4B 0A C0 DB C6 A8
7.061176349,0x316,79 06 E4 7C 44 FF 06 04
7.061176349,0x427,E9 58 B1 01 C6 13 3F 88
7.069491479,0x1A4,27 83 52 0A 00 7B 4D 69
7.069491479,0x316,5E AA 08 03 22 2A 48 04
7.069491479,0x427,21 EA 87 87 56 9F E1 B8
7.080830303,0x1A4,B7 68 58 0A DF 21 26 89
7.080830303,0x316,28 16 3C FA 96 6B 64 49
7.080830303,0x427,0E 75 63 04 C1 3A 91 80
7.090007784,0x1A4,43 12 5E 0A 68 E4 A6 B2
7.090007784,0x316,7D 6C 8D AC A8 0B 3A 6E
7.090007784,0x427,99 01 61 CE A0 F5 90 F0
7.100375092,0x1A4,40 E8 64 0A 91 6E E4 2D
7.100375092,0x316,AB 6D 65 1B C4 3F 05 EB
7.100375092,0x427,EF 06 A8 18 2A 1F 3E 86
7.108040664,0x1A4,55 25 6B 0A 35 22 B0 3D
7.108040664,0x316,92 75 22 31 08 F5 A9 9E
7.108040664,0x427,D6 D1 C5 86 80 7A 9E 40
7.121741539,0x1A4,EB E3 71 0A E5 A6 BC 5A
7.121741539,0x316,DD 64 6F 44 88 F2 80 CB
7.121741539,0x427,05 01 9B 65 FF 9A 3A 14
7.129750735,0x1A4,EB 4E 77 0A 54 8A 94 F5
7.129750735,0x316,8C 69 F1 67 50 E0 80 75
7.129750735,0x427,BF FB A3 90 5B DF 42 3E
7.138318467,0x1A4,73 E9 7E 0A 42 14 7E B2
7.138318467,0x316,FF C7 D1 39 55 23 CB 4C
7.138318467,0x427,1A 5A 1D AF 43 E0 FB D3
7.150244337,0x1A4,9B D1 84 0A 7F 4F A3 14
7.150244337,0x316,5A 39 5B A7 AF 64 DE FD
7.150244337,0x427,21 40 B4 DB 8A 7B 5F A6
7.161486909,0x1A4,EB 37 8A 0A D4 79 1C 08
7.161486909,0x316,21 A6 EF 17 8B 51 C0 67
7.161486909,0x427,70 72 17 61 5C 2F 8E 60
7.169875886,0x1A4,72 D7 90 0A 62 78 DB 79
7.169875886,0x316,6A 8C 5D 0E 03 EC 01 A3
7.169875886,0x427,83 53 6B 02 F1 A8 ED B3
7.180580774,0x1A4,41 CB 97 0A EC EA 2A 15
7.180580774,0x316,24 B8 F6 7F 8B 88 67 D8
7.180580774,0x427,F6 B3 14 6F 18 A4 18 A5
7.188365591,0x1A4,C2 E2 9D 0A BE 26 CE 54
7.188365591,0x316,D6 FA DB 90 69 3F 32 FA
7.188365591,0x427,6F 49 A3 DB CB 8F 4D F9
7.198676117,0x1A4,17 A2 A3 0A 61 09 11 E5
7.198676117,0x316,A2 70 35 87 42 8F 4D EB
7.198676117,0x427,11 AC E4 0A 33 FA D1 3A
7.209292231,0x1A4,90 6D AA 0A 1A D3 B9 E6
7.209292231,0x316,8B E8 3C DE 76 C4 39 B1
7.209292231,0x427,43 C2 36 E3 00 C4 18 91
7.218154318,0x1A4,0A 63 B0 0A 48 7C 66 45
7.218154318,0x316,34 7C EB 0B AC B3 95 EC
7.218154318,0x427,74 79 08 13 CC B8 36 AF
7.230467191,0x1A4,53 20 B6 0A 88 86 C6 47
7.230467191,0x316,D4 49 39 E6 53 0F 04 8B
7.230467191,0x427,B7 2E 42 90 F8 D8 79 A8
7.238020557,0x1A4,5F 40 BC 0A 2D 2D EA 2D
7.238020557,0x316,C3 A1 C3 ED 84 9F B5 D9
7.238020557,0x427,A5 11 82 50 3C 2B 02 04
7.249856669,0x1A4,42 D8 C3 0A 7A 50 08 35
7.249856669,0x316,9F FF 47 96 FD BC E9 24
7.249856669,0x427,B0 BF 93 C0 D6 C9 18 D2
7.260713994,0x1A4,0D 41 C9 0A B3 A8 26 D2
7.260713994,0x316,53 BA F6 65 94 BF CA ED
7.260713994,0x427,EC 2C B2 13 07 69 9D 4C
7.268594053,0x1A4,E2 56 CF 0A 96 90 5F 90
7.268594053,0x316,F4 95 8F 3D C0 FB 12 91
7.268594053,0x427,AE A8 AB D5 00 0F 75 D9
7.281991349,0x1A4,71 C4 D5 0A DD 29 52 AD
7.281991349,0x316,78 B6 82 E5 BD 4C 62 8A
7.281991349,0x427,33 3F EC 54 D7 BE 43 62
7.290374649,0x1A4,CC 9B DC 0A 93 F0 5F BD
7.290374649,0x316,4C CD D3 23 1B 15 5E CA
7.290374649,0x427,33 E4 0C FD DC A7 76 B0
7.301005370,0x1A4,A7 C8 E2 0A 4D D6 13 14
7.301005370,0x316,C2 F5 33 80 A0 3D D6 BE
7.301005370,0x427,F8 40 6D F9 87 3F 8A 58
7.310876885,0x1A4,AF 0C E8 0A 87 EF 01 19
7.310876885,0x316,0B 04 E5 6F 0D CA 6D 3B
7.310876885,0x427,E4 61 B3 D6 90 EE 75 13
7.320260446,0x1A4,09 16 EF 0A A8 56 EC 9A
7.320260446,0x316,F5 8D DD C4 99 45 26 9D
7.320260446,0x427,86 99 71 F4 35 CF 79 98
7.329546178,0x1A4,A2 54 F5 0A EA 2C 0B F8
7.329546178,0x316,E9 B1 07 C6 8C 6B 8D 53
7.329546178,0x427,1F 8C 95 07 BB E1 55 A2
7.340426126,0x1A4,8D C2 FB 0A 5B 9C 96 C8
7.340426126,0x316,A9 1B 1A FE E5 41 57 73
7.340426126,0x427,2F 30 98 7D 0C 47 67 3A
7.350814140,0x1A4,58 71 01 0B 4A E1 93 8D
7.350814140,0x316,CE BC EE F0 CB FB 1B 60
7.350814140,0x427,44 96 8D 6E E5 83 8C 2F
7.359457376,0x1A4,7E 7B 08 0B 76 E9 FB 95
7.359457376,0x316,4C CB 21 A9 1D 72 4C 61
7.359457376,0x427,B4 0C F0 15 54 C3 AC C5
7.368033077,0x1A4,7A 9C 0E 0B 58 FD 9D 4B
7.368033077,0x316,19 58 4D CC 34 55 17 3F
7.368033077,0x427,FA 47 8E B6 85 55 D1 12
7.381739197,0x1A4,70 71 14 0B A6 D0 99 44
7.381739197,0x316,67 06 7B 27 EB AD 47 61
7.381739197,0x427,4D 79 30 B6 99 08 AD C8
7.389098701,0x1A4,1D 54 1A 0B AA B0 7E 27
7.389098701,0x316,9E 0C 5A BD 1D 44 BE 63
7.389098701,0x427,1D D3 11 51 BC D9 56 5C
7.401712823,0x1A4,DC EB 21 0B 1F E2 6D 17
7.401712823,0x316,50 79 54 01 79 D7 65 F1
7.401712823,0x427,B8 9D EA 4E B9 35 DA 71
7.411994359,0x1A4,8D 8D 27 0B 98 9A E7 C2
7.411994359,0x316,EE 69 0F 45 9C D6 2B 1A
7.411994359,0x427,A9 FA EB 21 89 1C 59 16
7.418200623,0x1A4,7E E8 2D 0B 6D AC 54 6E
7.418200623,0x316,51 6B E7 72 27 92 96 8E
7.418200623,0x427,CF 70 03 8E C4 52 2F 83
7.431634775,0x1A4,45 95 33 0B C7 67 71 1A
7.431634775,0x316,AA 19 B9 06 A2 42 F1 16
7.431634775,0x427,6A 20 9A 5A 6C 59 E1 8D
7.439384865,0x1A4,32 0F 3A 0B 2C 0C D0 98
7.439384865,0x316,EA 65 19 99 E5 F9 D0 C8
7.439384865,0x427,A6 DD 0D 53 67 A2 1C DD
7.451454201,0x1A4,D8 F3 40 0B 36 C1 28 03
7.451454201,0x316,1C 82 B6 4A E3 74 EF 69
7.451454201,0x427,EF D4 46 63 7F A0 77 C7
7.461099702,0x1A4,0F DE 46 0B BE 5D 8F B9
7.461099702,0x316,0A DA B0 E6 7F C9 3D 8F
7.461099702,0x427,FC AE BB E7 F3 90 23 FE
7.469091798,0x1A4,D2 8C 4C 0B BF 5F 24 3E
7.469091798,0x316,A5 FF 6B 92 58 1B 67 85
7.469091798,0x427,5E C9 69 2B 70 DE 70 AF
7.481176869,0x1A4,71 A7 53 0B 7C 77 64 2B
7.481176869,0x316,B7 05 8B 23 9A DF D7 44
7.481176869,0x427,49 F0 16 4D C1 4E B6 44
7.488390752,0x1A4,E4 5E 59 0B 1C FC 5B 25
7.488390752,0x316,B3 46 32 10 A9 1A CE 2A
7.488390752,0x427,B1 F1 46 6F E8 6F A5 46
7.501609331,0x1A4,E7 5C 5F 0B 44 90 BC 4C
7.501609331,0x316,52 95 F6 7B 14 D7 5C C8
7.501609331,0x427,59 1E B1 13 BD AE 72 5C
7.510364207,0x1A4,D6 64 65 0B 65 8D B8 F1
7.510364207,0x316,C2 86 20 3F DE DD 8C B8
7.510364207,0x427,2A 35 02 A0 8D E8 EC 7E
7.521918031,0x1A4,2E B2 6C 0B 88 01 DE 9D
7.521918031,0x316,C0 72 0F 32 9F 6B 36 75
7.521918031,0x427,9D 8A 62 1B 1F 71 AF 22
7.529856092,0x1A4,17 11 72 0B 9C 81 BB 01
7.529856092,0x316,28 18 E6 F2 D9 11 4C 65
7.529856092,0x427,E9 2F 0C 55 8D F9 73 D7
7.540817619,0x1A4,48 EA 78 0B D3 77 40 61
7.540817619,0x316,60 F4 D7 CD 5E 07 B9 DC
7.540817619,0x427,8D D8 5C 54 04 73 B2 70
7.549166878,0x1A4,E4 45 7E 0B 4F DD 3C 6E
7.549166878,0x316,18 00 C3 D0 88 34 D3 D2
7.549166878,0x427,29 BF 08 DC E5 59 AA A6
7.559091978,0x1A4,9F D5 84 0B 77 22 2A 98
7.559091978,0x316,B3 0D D9 22 A7 53 E9 4C
7.559091978,0x427,88 1C 17 52 B9 0D 6C 9A
7.568153984,0x1A4,1D DF 8B 0B 13 AD FE B1
7.568153984,0x316,CB 00 6B 33 E9 61 A0 7A
7.568153984,0x427,C7 50 6E 50 D1 A2 79 2D
7.580892992,0x1A4,DB 5C 91 0B 79 07 F3 65
7.580892992,0x316,4F 60 FE F7 82 01 B3 51
7.580892992,0x427,9E 58 9C 4A F2 B9 20 BC
7.591863188,0x1A4,9D C0 97 0B 4F E5 05 A2
7.591863188,0x316,AA A7 B2 7D 44 52 BF F7
7.591863188,0x427,1C D3 6C 93 FD 78 2F C8
7.599668304,0x1A4,CE 84 9D 0B D7 47 6D 53
7.599668304,0x316,09 29 45 60 17 C0 C1 47
7.599668304,0x427,D6 C8 05 D1 93 8C 2E C9
7.608245694,0x1A4,93 65 A4 0B 98 A8 71 5D
7.608245694,0x316,9A C0 27 1D E1 F3 9B EE
7.608245694,0x427,DF 81 58 90 87 18 26 33
7.618317254,0x1A4,CF 30 AA 0B 0F C1 4C FF
7.618317254,0x316,1E 59 AE 8B B3 B5 0F 2E
7.618317254,0x427,1C B8 84 AE 71 9B 82 C4
7.628812839,0x1A4,62 4C B0 0B 49 F9 E3 06
7.628812839,0x316,31 1C F8 F3 BA A7 2A BA
7.628812839,0x427,BC DF 2C 76 CF CD 66 F1
7.640966326,0x1A4,00 8B B6 0B 66 84 AB 35
7.640966326,0x316,7F 95 3E 70 4F 1E 35 CC
7.640966326,0x427,9F AE 94 4A 7C E2 CE D4
7.649201358,0x1A4,2D A7 BC 0B E9 61 B4 11
7.649201358,0x316,20 BA A7 D1 21 A1 08 D9
7.649201358,0x427,8B 2A B0 CB 32 1C 88 CB
7.659854745,0x1A4,D7 80 C3 0B 66 43 48 AC
7.659854745,0x316,EE 55 D2 7F 20 3E A1 23
7.659854745,0x427,96 4F 22 A2 BD 70 86 4D
7.671438693,0x1A4,67 19 C9 0B 3F BF AF 40
7.671438693,0x316,F2 22 9E A8 42 EE 75 27
7.671438693,0x427,68 BB 19 B7 13 1D 52 6C
7.680711985,0x1A4,58 EF CF 0B 6F 78 82 60
7.680711985,0x316,01 61 EF 12 58 09 F6 72
7.680711985,0x427,20 8E 9E FD 6A 31 12 99
7.688162968,0x1A4,01 20 D5 0B A0 F1 0D 95
7.688162968,0x316,B8 29 9B 66 49 4D CC 88
7.688162968,0x427,B9 5D B1 81 AD 37 6A EC
7.701726421,0x1A4,74 D2 DB 0B C6 50 A0 DE
7.701726421,0x316,0B D5 13 B1 1B C1 15 6B
7.701726421,0x427,0A 55 2C 8B 01 71 69 09
7.710758052,0x1A4,9B AF E2 0B 6E E6 EA F7
7.710758052,0x316,EB 1F 0A 5C F2 4D 9E B3
7.710758052,0x427,44 96 3F E5 C4 B1 F2 CF
7.718642894,0x1A4,BD AB E8 0B 62 95 04 98
7.718642894,0x316,C1 C9 5F A3 54 33 16 EA
7.718642894,0x427,4F 60 C1 15 79 A2 FF 1B
7.728175597,0x1A4,2E 2C EE 0B 97 10 8C 3F
7.728175597,0x316,DF 94 58 A8 FD 60 29 AA
7.728175597,0x427,AD DB E1 5A C3 28 95 2A
7.741555499,0x1A4,25 C8 F4 0B 8B 75 D8 9C
7.741555499,0x316,20 07 57 0B 65 34 2F 90
7.741555499,0x427,5E BF CD FB D0 C3 20 A5
7.749083059,0x1A4,57 CC FA 0B 3C FD 90 A5
7.749083059,0x316,22 59 4D 66 2F EF 80 F7
7.749083059,0x427,93 D1 AF C0 79 85 E3 54
7.760044834,0x1A4,E9 36 01 0C 86 CC D5 CB
7.760044834,0x316,A8 55 32 6E B1 2E 1F 1B
7.760044834,0x427,54 42 B3 02 83 47 3E 19
7.769141914,0x1A4,9D AD 07 0C 1F 10 D5 38
7.769141914,0x316,84 AD BB 82 9F C2 31 BF
7.769141914,0x427,39 EE CF 84 0D A8 D8 8E
7.780961193,0x1A4,D4 D8 0D 0C 4C C6 0A B0
7.780961193,0x316,9F A0 42 93 39 89 95 38
7.780961193,0x427,1F 8B 1E 72 D0 4C C6 5F
7.789721499,0x1A4,66 5E 13 0C 7E 4F 8B 76
7.789721499,0x316,6B 38 B8 C5 24 59 F7 AD
7.789721499,0x427,DF D4 AD 96 CC 7F C0 B0
7.800695794,0x1A4,90 86 19 0C 4D 38 97 26
7.800695794,0x316,5B C8 4F 58 3D 72 69 FF
7.800695794,0x427,F6 BC 49 06 D1 E2 96 7B
7.811635795,0x1A4,31 BF 20 0C 33 72 A1 4B
7.811635795,0x316,96 5D 7D 6A E1 00 A9 EB
7.811635795,0x427,2D CC 33 F6 83 94 FA 15
7.818438086,0x1A4,44 B8 26 0C 55 3D D1 D4
7.818438086,0x316,0F 27 D0 F0 6B 28 EB BA
7.818438086,0x427,01 D3 44 24 07 11 2C 59
7.829490559,0x1A4,BB 0B 2C 0C D3 37 D3 57
7.829490559,0x316,EB AD 90 74 2A EB C5 C8
7.829490559,0x427,C0 41 F5 34 05 C8 67 85
7.840920326,0x1A4,D0 09 32 0C 49 35 2A 59
7.840920326,0x316,AA C9 E5 79 B9 D2 FD 18
7.840920326,0x427,9F A4 2B 70 48 98 D4 B8
7.851333030,0x1A4,DF 13 38 0C 57 94 D3 73
7.851333030,0x316,2A 0D A4 51 7C 56 32 11
7.851333030,0x427,6B 1B DE 4C 33 59 70 0B
7.861443946,0x1A4,78 58 3F 0C B0 9C F5 B5
7.861443946,0x316,66 3A 76 1D 4B 23 C8 05
7.861443946,0x427,72 DC 63 D9 DD F4 D3 57
7.869577830,0x1A4,55 5B 45 0C 42 31 FF 1B
7.869577830,0x316,DD 00 59 AD C1 15 D0 CC
7.869577830,0x427,1F 1C 13 2A A8 65 0F EE
7.880702987,0x1A4,B8 E6 4B 0C 1A B8 90 BD
7.880702987,0x316,33 14 71 3E 35 2D 18 84
7.880702987,0x427,83 F7 A8 2C 3F FE 49 8D
7.890284578,0x1A4,61 A7 51 0C F8 BC BB 54
7.890284578,0x316,D3 42 52 8F 37 8B 26 6D
7.890284578,0x427,6D CE 5D F5 64 2E 49 76
7.901420023,0x1A4,88 E2 57 0C 25 B9 39 CC
7.901420023,0x316,40 30 B1 67 E4 F8 37 A1
7.901420023,0x427,43 3B 38 2F AB 0D B7 2F
7.908668934,0x1A4,61 6C 5D 0C C3 54 45 A8
7.908668934,0x316,13 5D A0 6E 13 E3 44 65
7.908668934,0x427,0A 25 79 07 E0 7B C5 BC
7.918301292,0x1A4,B6 1C 64 0C 7C AB 12 E2
7.918301292,0x316,A4 DA 83 32 1A 59 17 73
7.918301292,0x427,51 A0 9A 97 D3 2C F7 6D
7.928688068,0x1A4,F6 BD 6A 0C 48 A3 23 01
7.928688068,0x316,B3 8D 69 B4 AC E0 FC 36
7.928688068,0x427,BD 4A AE 34 48 9B 41 47
7.939267004,0x1A4,50 67 70 0C 24 99 29 B4
7.939267004,0x316,54 EA 08 CF 1A 2F C7 CB
7.939267004,0x427,82 2D 04 10 91 12 CD 93
7.950927909,0x1A4,04 6C 76 0C B5 2F AC CC
7.950927909,0x316,8A 09 3A DF EA 8E 71 89
7.950927909,0x427,92 99 DC 2F B9 9C A4 5D
7.960459013,0x1A4,4D BF 7C 0C BF 75 73 32
7.960459013,0x316,46 06 22 75 21 27 2C 1D
7.960459013,0x427,80 97 29 43 A7 16 B3 AB
7.969133074,0x1A4,AE BF 82 0C 6E D2 4E 7D
7.969133074,0x316,C1 54 18 87 02 4C 46 F7
7.969133074,0x427,C6 9E 9C A3 78 40 3B 50
7.978184559,0x1A4,8B 14 89 0C D6 DC 7D 63
7.978184559,0x316,75 B5 7E 9C 92 C3 7D 64
7.978184559,0x427,E4 F0 45 96 3A 50 3E 1D
7.989594172,0x1A4,DC 96 8F 0C 0E AF 1B 5A
7.989594172,0x316,D9 DA 73 D8 EF 59 36 75
7.989594172,0x427,01 7B 0B 9E 4B C3 2A 2C
8.001886406,0x1A4,7F 26 95 0C D1 51 70 AC
8.001886406,0x316,3F A7 BB B4 B0 FF F4 CC
8.001886406,0x427,23 58 25 4C 0E C8 2E EB
8.008341467,0x1A4,71 DB 9B 0C 33 46 15 97
8.008341467,0x316,1D 4E B2 15 01 68 0F AC
8.008341467,0x427,A6 66 4A 22 EE F0 2C 50
8.021640612,0x1A4,7D 2E A1 0C 3D 1A 13 3D
8.021640612,0x316,55 62 2D 4E 18 5D F0 1D
8.021640612,0x427,7E 01 DC 2E 87 FC 90 5F
8.029582977,0x1A4,B8 0E A7 0C DA 12 30 24
8.029582977,0x316,21 6B C5 82 24 54 72 63
8.029582977,0x427,CB B7 11 6B CA 5C AF 98
8.040440721,0x1A4,62 45 AD 0C 25 7D 26 93
8.040440721,0x316,FC D0 3A 62 0B 45 4C 6C
8.040440721,0x427,ED 8D 8D 2F 55 6B 96 7C
8.049433284,0x1A4,4B 3C B4 0C 1A B0 91 89
8.049433284,0x316,FC D1 84 B1 81 22 4E EB
8.049433284,0x427,EC C3 2F A5 EE 05 42 EE
8.061786064,0x1A4,CF 6A BA 0C A8 1D 59 2C
8.061786064,0x316,33 C0 0E 8E EF B2 B7 2A
8.061786064,0x427,19 2E 59 7D 7D 13 F1 49
8.071215199,0x1A4,56 79 C0 0C 40 B1 E5 2F
8.071215199,0x316,D3 50 88 50 D3 57 8C D7
8.071215199,0x427,BF CC 74 73 1C A7 91 9E
8.080680103,0x1A4,A9 77 C6 0C 7C DD 92 DD
8.080680103,0x316,B3 FD E9 5B 0D EA AB F3
8.080680103,0x427,73 0F 74 02 9D 54 0F 7C
8.090015823,0x1A4,68 F0 CC 0C C0 F0 F3 31
8.090015823,0x316,E0 FD B1 D0 50 2A 4A 62
8.090015823,0x427,C7 80 BD F6 D3 D7 C3 8F
8.100335462,0x1A4,CB 62 D2 0C 7D 94 2F A7
8.100335462,0x316,1E 58 B6 7E 5B 07 BD 68
8.100335462,0x427,F0 47 48 AF 5D BF E1 7D
8.108935702,0x1A4,84 C1 D8 0C F5 E3 CB B5
8.108935702,0x316,2F 26 03 D7 9D 44 A0 71
8.108935702,0x427,5E 69 1B 7D E8 1F D1 2A
8.120513083,0x1A4,F5 E6 DF 0C 00 E9 BD 90
8.120513083,0x316,B0 7C E6 07 80 D9 BE CB
8.120513083,0x427,56 9B D4 C2 3C 9F 74 38
8.131613363,0x1A4,80 67 E5 0C 89 B4 5E 08
8.131613363,0x316,CB C2 5C 46 9B 56 8F 39
8.131613363,0x427,EB B7 A0 89 22 4C E6 49
8.138288600,0x1A4,44 BE EB 0C EA 96 DE C7
8.138288600,0x316,B9 03 13 75 E9 77 CE 90
8.138288600,0x427,12 AD 15 BE 8A AE C5 C5
8.149865512,0x1A4,C2 4D F1 0C F4 DA CC 7E
8.149865512,0x316,E5 DA BA 8C 48 2E C4 82
8.149865512,0x427,5F 65 FB 1C 77 63 9D 92
8.159978115,0x1A4,A4 A5 F7 0C 09 5E 94 44
8.159978115,0x316,B3 CE 6D C6 AB 01 09 8B
8.159978115,0x427,60 A9 C2 D2 41 34 AB FD
8.170114687,0x1A4,37 A7 FD 0C C4 5A C3 8A
8.170114687,0x316,2D A1 96 D2 59 BE BC C1
8.170114687,0x427,B9 FC A6 0A 6B A1 8F C2
8.181955922,0x1A4,C5 16 03 0D 72 66 FD 70
8.181955922,0x316,E3 CE DD 8B 36 5D F2 37
8.181955922,0x427,3B F1 61 FD 11 F0 D6 6C
8.190318673,0x1A4,BD F6 0A 0D 55 C1 69 BC
8.190318673,0x316,B1 83 7F D4 5B 07 57 A7
8.190318673,0x427,A5 2D 58 C0 8C 3B 5E 3F
8.199832045,0x1A4,0C A7 10 0D AA 89 F3 DF
8.199832045,0x316,91 F4 D2 FF 5A 40 40 08
8.199832045,0x427,B2 A8 21 73 CA DB 47 43
8.208344383,0x1A4,2B 57 16 0D 5F 1D B9 DC
8.208344383,0x316,FF 1F 15 D1 A0 84 44 16
8.208344383,0x427,89 E2 66 70 03 AD 83 DD
8.219179878,0x1A4,CD 02 1C 0D B5 02 0D 1E
8.219179878,0x316,A5 CB 8F C6 B9 F3 D7 CF
8.219179878,0x427,31 7F A8 3C 57 93 BA 35
8.231515706,0x1A4,8E 36 22 0D 4F 34 D4 BC
8.231515706,0x316,22 2E 82 96 0C 0F 6B B0
8.231515706,0x427,53 F1 C2 59 FF AF 6D DC
8.240496500,0x1A4,AA F8 28 0D 0B 1E 3A 9C
8.240496500,0x316,87 41 FD A1 50 5B 9C 6D
8.240496500,0x427,7C C5 7D 2A C0 15 BC 9D
8.251004824,0x1A4,0E E7 2E 0D 7A E2 EB C8
8.251004824,0x316,99 06 E5 34 4C 7E 43 D0
8.251004824,0x427,B6 32 FA 34 37 59 31 CE
8.261683007,0x1A4,33 13 34 0D 7D 64 F0 91
8.261683007,0x316,0D 0B CF 59 E2 8D 43 88
8.261683007,0x427,19 30 F5 47 52 AA CB 98
8.271580801,0x1A4,51 BC 3A 0D 6C C7 1A 2B
8.271580801,0x316,81 F6 DA 52 0E C1 9F FA
8.271580801,0x427,0A DE 3C B4 8F 1B EA 4A
8.281561543,0x1A4,44 BE 41 0D 92 CC 9E 92
8.281561543,0x316,48 98 70 44 FB 4F D0 F3
8.281561543,0x427,F8 FD A6 DB 5C B3 B0 83
8.291909081,0x1A4,15 F6 47 0D A0 93 70 E6
8.291909081,0x316,51 8F E6 AD 35 B2 AF D0
8.291909081,0x427,28 AD 60 18 57 F4 B5 22
8.301679033,0x1A4,B2 39 4D 0D 5B 2B 06 C0
8.301679033,0x316,64 0C 23 C9 A9 5E 5E 69
8.301679033,0x427,3A 6D 34 EB 15 5C 2D 0F
8.310764587,0x1A4,CD 93 53 0D D4 AC FE 46
8.310764587,0x316,AC D4 F6 DD 8E D1 E8 A7
8.310764587,0x427,21 BE 7B 20 59 B0 90 B3
8.320062506,0x1A4,0E 57 59 0D 2D 07 F8 21
8.320062506,0x316,0A D9 EA 3F DB 35 70 25
8.320062506,0x427,06 F9 1D B6 11 EE 74 52
8.328163825,0x1A4,30 62 5F 0D 4F BF 5F 3F
8.328163825,0x316,CB EE EF C2 68 43 F3 D7
8.328163825,0x427,37 B5 1D AD 45 09 88 64
8.341753059,0x1A4,DD 2A 65 0D 39 5C 65 24
8.341753059,0x316,D4 28 D2 93 A2 18 E5 A1
8.341753059,0x427,A2 A5 CA 44 55 57 B8 A0
8.349902617,0x1A4,D5 A7 6B 0D 35 4B 0B 60
8.349902617,0x316,D5 BA B5 73 D0 08 55 13
8.349902617,0x427,D4 6D 35 A2 C7 D0 6A CB
8.359221076,0x1A4,93 E0 71 0D F7 98 D5 C4
8.359221076,0x316,59 0F D5 17 70 3A 21 67
8.359221076,0x427,96 3E FF 83 8D 0C F3 BF
8.369444012,0x1A4,7B CC 78 0D 87 18 D8 B1
8.369444012,0x316,39 B9 B3 EF DB DE 97 E0
8.369444012,0x427,C8 72 7B 5E 02 EF 66 74
8.381016632,0x1A4,EB D9 7E 0D B3 7B F0 7C
8.381016632,0x316,E7 3A C9 53 F0 09 FB 94
8.381016632,0x427,67 13 A2 00 30 BD 70 DE
8.391081157,0x1A4,EA BA 84 0D 35 F5 DF D8
8.391081157,0x316,40 CD 93 BB B8 21 D8 17
8.391081157,0x427,E8 5A 1E BB 77 D7 DE F8
8.399168244,0x1A4,2A EE 8A 0D FD E8 84 A2
8.399168244,0x316,42 54 05 AA C4 87 81 B2
8.399168244,0x427,18 7C B4 5B 07 90 A0 D9
8.408639947,0x1A4,8D 70 90 0D 79 8C B1 CB
8.408639947,0x316,BD 0A D0 88 17 B5 D0 65
8.408639947,0x427,C9 B3 C3 37 5D 46 D7 F7
8.419623437,0x1A4,1A 17 96 0D 24 37 29 D3
8.419623437,0x316,CB E5 3B 36 87 A3 A5 7E
8.419623437,0x427,86 D4 BE 44 41 4A A7 52
8.428499228,0x1A4,CE 53 9C 0D 5F 8E 99 48
8.428499228,0x316,36 1F 77 56 05 8B 1C 8C
8.428499228,0x427,96 75 F3 93 E5 9F 6E 21
8.440426633,0x1A4,67 B0 A2 0D B5 5D 38 DA
8.440426633,0x316,DD 1A 3F 7C BD 44 CE C9
8.440426633,0x427,D9 51 FF 57 DE 51 E7 E4
8.451421345,0x1A4,0E B9 A8 0D 66 14 23 C3
8.451421345,0x316,A2 8C 64 0C 72 EA C2 0B
8.451421345,0x427,E1 BA 7D 19 14 4D 4D A0
8.459615691,0x1A4,CF FF AE 0D 31 1D 32 D6
8.459615691,0x316,86 26 A7 75 CA 03 2B 04
8.459615691,0x427,E3 01 CE 1F 03 50 EF ED
8.468584322,0x1A4,32 0E B4 0D 9B 9B 71 28
8.468584322,0x316,BA 1D F8 70 70 5F DE 74
8.468584322,0x427,22 4C 2C 00 42 1C E9 FD
8.481767333,0x1A4,EA 91 BA 0D 4D 41 84 6D
8.481767333,0x316,2E 20 CB 33 69 CE E5 FE
8.481767333,0x427,A4 8E 47 B0 51 E9 CE E8
8.488703957,0x1A4,41 0E C1 0D 82 6F D4 E1
8.488703957,0x316,69 37 66 A6 D6 0E 47 4D
8.488703957,0x427,21 BF B2 28 B2 35 DA DF
8.498741647,0x1A4,30 1A C7 0D 49 88 68 E0
8.498741647,0x316,BE 23 26 46 13 21 E5 17
8.498741647,0x427,B8 13 93 A7 4D 7E 45 5C
8.510081923,0x1A4,03 83 CD 0D 0C 83 19 15
8.510081923,0x316,3D 27 31 5F C6 3F 1D AA
8.510081923,0x427,5A 74 5F E7 96 0B 1F A6
8.520715104,0x1A4,18 DA D3 0D 47 EE 41 0D
8.520715104,0x316,10 A4 76 65 18 9A 27 A0
8.520715104,0x427,80 DA 35 4E 8C 5F DA B9
8.529418342,0x1A4,E8 96 D9 0D 01 E5 56 C1
8.529418342,0x316,C1 D9 F0 3B 29 14 E2 6D
8.529418342,0x427,43 E1 CD A7 7E D4 58 17
8.538473991,0x1A4,19 8E DF 0D 28 F5 5D 18
8.538473991,0x316,39 31 47 00 2B C5 A2 36
8.538473991,0x427,3F 01 10 7A DE CA F3 13
8.549207559,0x1A4,06 9D E5 0D 3A 61 FB 97
8.549207559,0x316,F1 A4 E7 39 72 4C FA 84
8.549207559,0x427,1E 59 13 AE 2A E7 EF 71
8.561506681,0x1A4,23 A1 EB 0D 71 63 10 02
8.561506681,0x316,EE A6 12 B2 B5 79 F4 57
8.561506681,0x427,B5 0E 2E D1 FA 3B DF 1E
8.571899624,0x1A4,42 B8 F1 0D E0 42 3F DC
8.571899624,0x316,05 C4 1C 6C 0D 04 AC B1
8.571899624,0x427,0F 3B D6 21 2F 90 4A 7A
8.578977953,0x1A4,DF CD F7 0D 08 43 9C 3A
8.578977953,0x316,F6 DE 10 62 C9 66 DE 16
8.578977953,0x427,02 4F 13 BB FD 2F 53 CE
8.590783016,0x1A4,D6 AA FD 0D 7D 6A 6B 1A
8.590783016,0x316,6B CD 37 50 C3 85 18 5E
8.590783016,0x427,AF 7E 88 E1 5C FF 9B 4C
8.601155006,0x1A4,C7 E7 03 0E BA 01 FA 61
8.601155006,0x316,8B 81 01 C6 53 E1 38 D0
8.601155006,0x427,1B F3 CE C0 05 0E DF DF
8.611309824,0x1A4,00 DF 09 0E 8C 55 3E A4
8.611309824,0x316,7A 53 31 FE 1B DB 58 AD
8.611309824,0x427,C7 04 92 24 4F 6C 83 11
8.618048456,0x1A4,FD 63 0F 0E 65 DA 33 90
8.618048456,0x316,83 66 2B 02 B0 E1 3D 9C
8.618048456,0x427,82 B9 67 A6 D4 8A 03 2A
8.628124110,0x1A4,0D 5B 15 0E 3A 70 E7 59
8.628124110,0x316,3C 4E F1 B8 40 CD 8A 36
8.628124110,0x427,72 DA C9 A0 FA 8B 8E BF
8.638337950,0x1A4,7E 74 1B 0E 64 2E 7E EB
8.638337950,0x316,D1 D1 65 69 4B 28 B7 9D
8.638337950,0x427,FC CC C2 AF A1 11 40 71
8.650259673,0x1A4,08 81 21 0E F9 58 9D 37
8.650259673,0x316,C6 2F 31 16 89 1D 87 E5
8.650259673,0x427,FC 14 B8 19 A1 E6 D7 23
8.658807813,0x1A4,3A 47 27 0E 46 3B 87 1F
8.658807813,0x316,E5 50 EE 96 37 E1 E1 BA
8.658807813,0x427,4B EA 4F 62 53 3D FE 59
8.671668379,0x1A4,A1 77 2E 0E BD 6B EC 6D
8.671668379,0x316,EF 4F 83 50 03 00 84 CA
8.671668379,0x427,43 E9 CB 23 9D ED 6E 3F
8.678988350,0x1A4,2C 5A 34 0E 9C DA 05 A5
8.678988350,0x316,F2 52 91 15 C2 DF 87 3F
8.678988350,0x427,D3 66 AB 8D 02 13 DB 99
8.689799380,0x1A4,86 1D 3A 0E 92 3A 9F B8
8.689799380,0x316,AE 38 8B 9B F0 91 F0 48
8.689799380,0x427,0F 8E 6A C7 22 AD F7 F0
8.698540341,0x1A4,59 0A 40 0E CA F6 DD 06
8.698540341,0x316,E9 74 0F D9 B8 94 D9 D8
8.698540341,0x427,08 41 8D A8 FC 35 36 E0
8.711606347,0x1A4,15 E4 46 0E 35 17 98 34
8.711606347,0x316,F0 34 8B 84 39 8F 5F 9B
8.711606347,0x427,38 12 70 82 70 23 4B 30
8.718894774,0x1A4,52 AE 4C 0E 6F CB 49 64
8.718894774,0x316,CA A4 A8 4B E0 61 6B A5
8.718894774,0x427,12 3E F8 0D AB 38 A7 C8
8.729089476,0x1A4,F1 98 52 0E 7A 09 35 CB
8.729089476,0x316,21 5A 65 F4 EB 74 45 3D
8.729089476,0x427,2A F6 B0 7E B2 65 C9 62
8.739203920,0x1A4,C2 C4 58 0E A6 88 B7 3D
8.739203920,0x316,2E A4 E4 7F 1F 5D 59 A3
8.739203920,0x427,1E C8 0B 98 BE D7 2D 12
8.748811663,0x1A4,BD C8 5E 0E 48 73 83 E3
8.748811663,0x316,EF 58 4A FA D6 D2 16 03
8.748811663,0x427,67 55 A4 FC 97 EE 70 5C
8.758336721,0x1A4,72 AB 64 0E 16 5A 04 51
8.758336721,0x316,5D A1 C9 21 D1 D4 07 63
8.758336721,0x427,78 4E 5E DC 5C F4 C6 D6
8.771203197,0x1A4,91 60 6A 0E 6F B6 BD 6B
8.771203197,0x316,D7 AB 8B 5D 5B 00 DE 8B
8.771203197,0x427,46 4A D5 AE DC AC 3A 2C
8.778355183,0x1A4,DB 01 70 0E 15 6A 94 78
8.778355183,0x316,C6 07 57 F4 1B 09 C4 FC
8.778355183,0x427,6E C6 36 C5 E4 97 AF 12
8.789205425,0x1A4,A8 C1 76 0E 4F 74 5D 96
8.789205425,0x316,96 D0 49 11 4D F7 87 03
8.789205425,0x427,0F 93 1E 43 F8 ED 3A 37
8.798096936,0x1A4,D2 17 7C 0E 15 28 2E EC
8.798096936,0x316,02 E3 7A 0F 2B B1 DC F2
8.798096936,0x427,C4 E8 0E CA F5 B0 E1 65
8.810201131,0x1A4,80 3B 82 0E A2 43 57 49
8.810201131,0x316,51 02 EA A0 F4 DB 6E B6
8.810201131,0x427,B2 BE 44 80 34 52 61 C4
8.820017437,0x1A4,43 C0 88 0E 2E 6D 6F 6C
8.820017437,0x316,AA DC A9 B3 1D A7 FB 66
8.820017437,0x427,38 FD 19 15 69 40 FA A3
8.831671110,0x1A4,DE 4F 8E 0E 11 C8 A3 89
8.831671110,0x316,83 42 B5 9D C1 10 16 27
8.831671110,0x427,3B 20 08 47 36 9E 66 15
8.838112438,0x1A4,D5 0E 94 0E C5 C1 3A 14
8.838112438,0x316,4A DD E4 82 52 BB C1 EB
8.838112438,0x427,2A C0 04 34 0A 9A 6C F9
8.851810623,0x1A4,9D 06 9A 0E B1 CB C6 27
8.851810623,0x316,D6 DD 50 89 50 E8 A5 53
8.851810623,0x427,CE FA 06 64 E6 BE 20 96
8.858505818,0x1A4,8D 1B A0 0E 10 A8 62 C3
8.858505818,0x316,D9 86 A3 D5 2B E2 5B A6
8.858505818,0x427,52 AA 59 AE 36 C7 A5 A4
8.869434300,0x1A4,1F EB A6 0E 8E 44 67 4F
8.869434300,0x316,34 6C DC B2 CC 15 FF 6F
8.869434300,0x427,5D 8D DE BA 19 DB 13 F4
8.881671971,0x1A4,77 22 AC 0E 12 57 17 3D
8.881671971,0x316,9D EC D2 0E BA 39 96 3E
8.881671971,0x427,A6 0A 12 16 8C 67 B4 EC
8.891459717,0x1A4,15 51 B2 0E FC 4B B1 1D
8.891459717,0x316,5D 2D 10 74 8C 7B BF 9C
8.891459717,0x427,D1 70 DC 9B 12 5B 16 0E
8.901626076,0x1A4,33 A2 B8 0E F8 30 84 AA
8.901626076,0x316,3A A0 DF BD 85 1E 76 A8
8.901626076,0x427,48 C6 9B BD 40 21 F7 2C
8.908708925,0x1A4,27 D1 BE 0E F7 02 3E 03
8.908708925,0x316,6C F9 38 B5 F5 4F 20 23
8.908708925,0x427,98 7A 95 B3 89 DF E7 02
8.918600537,0x1A4,7C EF C4 0E FA EA 14 7F
8.918600537,0x316,A4 DE F8 F3 D6 AA C1 58
8.918600537,0x427,E5 AD E3 85 4D B7 68 84
8.929406539,0x1A4,B3 D7 CA 0E 68 CF 8F D2
8.929406539,0x316,D2 16 84 B8 59 02 5E 42
8.929406539,0x427,85 15 BE 2A D8 D5 32 5F
8.939331750,0x1A4,3F 86 D0 0E 40 58 F1 BF
8.939331750,0x316,A1 BD F7 C7 1E 14 9B DF
8.939331750,0x427,DD BF CD 44 D9 AE A1 BB
8.950384786,0x1A4,F4 13 D6 0E 11 F7 38 1E
8.950384786,0x316,98 74 7C C5 87 AD 5F E6
8.950384786,0x427,3C E4 83 07 53 48 C3 55
8.958172307,0x1A4,BD 9E DC 0E 0A 37 E8 6D
8.958172307,0x316,39 85 A0 45 5B 4F 1B 86
8.958172307,0x427,28 EA 59 10 06 AB 50 43
8.970318969,0x1A4,F1 D0 E2 0E 5C EA 9C F9
8.970318969,0x316,A2 71 9F 93 E6 FD A5 A0
8.970318969,0x427,91 DC BA 13 FA 86 03 7F
8.978013628,0x1A4,72 D7 E8 0E F0 99 C2 82
8.978013628,0x316,64 14 31 5C EC 41 31 0E
8.978013628,0x427,F3 70 E6 7F B0 00 FF DB
8.989288159,0x1A4,0B 73 EE 0E 33 BD B8 2A
8.989288159,0x316,57 C9 20 5E 80 77 45 28
8.989288159,0x427,94 49 4F 41 F8 E2 F8 C5
9.000198991,0x1A4,E4 F9 F4 0E 7C C6 EE E4
9.000198991,0x316,B0 EA EB 92 1A 28 93 AC
9.000198991,0x427,F3 00 08 B9 CB 80 86 1D
9.009048850,0x1A4,4A B6 FA 0E 62 C1 A3 BD
9.009048850,0x316,12 59 42 82 73 54 A8 00
9.009048850,0x427,73 11 46 0B EC 0A D3 DB
9.020873873,0x1A4,C5 E1 00 0F BD 4F 25 03
9.020873873,0x316,86 EC 9A 3E 07 72 C5 0B
9.020873873,0x427,73 90 C5 78 4F 90 2D 5D
9.031006639,0x1A4,58 F1 06 0F 8C F7 93 EB
9.031006639,0x316,EA F2 6B 26 2E 62 D0 2D
9.031006639,0x427,AC 81 60 EE 91 FB D8 F5
9.040487412,0x1A4,60 26 0C 0F 55 96 0D 09
9.040487412,0x316,EB 8B 88 8D E2 F9 98 CD
9.040487412,0x427,70 79 F8 E9 27 11 CA B6
9.049795213,0x1A4,93 46 12 0F C0 2B DC A7
9.049795213,0x316,75 C9 5B 6B F5 D5 79 39
9.049795213,0x427,EC 9D 61 52 0D 2D 8E 3F
9.059646253,0x1A4,CB CA 18 0F 2D 75 75 EA
9.059646253,0x316,08 CA 64 B8 E4 44 E7 51
9.059646253,0x427,59 29 71 45 11 8A 74 D3
9.070051541,0x1A4,22 68 1E 0F 59 2E 50 92
9.070051541,0x316,25 5B 70 5F 36 0F 91 1E
9.070051541,0x427,47 C1 85 80 EF 12 5F AC
9.081346422,0x1A4,32 9B 24 0F 04 EC 7B 0D
9.081346422,0x316,F8 82 E9 2D E4 A7 22 39
9.081346422,0x427,B3 18 E9 CD EA C5 09 84
9.091999906,0x1A4,63 F0 2A 0F E5 F9 C1 0B
9.091999906,0x316,48 8C 3E F4 D6 02 A3 66
9.091999906,0x427,B4 29 A5 11 76 7F 82 E0
9.098872360,0x1A4,66 69 30 0F DC 49 B4 DD
9.098872360,0x316,43 43 45 48 8A E5 05 C6
9.098872360,0x427,53 DC 47 D8 B2 E3 89 4F
9.111427548,0x1A4,59 FE 35 0F 87 5C 1D 16
9.111427548,0x316,C7 65 97 8D 45 51 ED 74
9.111427548,0x427,97 44 0A 02 CA 7F 71 5E
9.121012895,0x1A4,59 2F 3B 0F D3 F9 A5 4A
9.121012895,0x316,6F A3 55 90 17 77 D5 C8
9.121012895,0x427,09 00 CD 4D 04 DA 54 BD
9.130152098,0x1A4,65 6A 41 0F 1D FC 19 3E
9.130152098,0x316,42 E6 C3 76 22 2E 47 5E
9.130152098,0x427,84 0E 79 97 4C AB CB F8
9.139783849,0x1A4,9F E2 47 0F ED F9 6E FF
9.139783849,0x316,91 FB C9 C5 56 76 A0 C6
9.139783849,0x427,3E 34 07 32 96 B7 82 BB
9.151071413,0x1A4,A3 73 4D 0F 78 4E EB 8B
9.151071413,0x316,74 F6 AE C2 0E EC C4 CB
9.151071413,0x427,85 A2 C0 3E B6 84 8B 26
9.161910894,0x1A4,0F FB 53 0F D2 9A B1 EE
9.161910894,0x316,63 20 F8 68 95 FB 1E 06
9.161910894,0x427,76 BD A5 3B C9 B4 A2 8A
9.170071856,0x1A4,3C 39 59 0F 90 15 CD A2
9.170071856,0x316,6B 52 EE D6 A8 A5 86 B1
9.170071856,0x427,B6 16 90 E0 40 CE 74 02
9.178107620,0x1A4,0D 19 5F 0F DB B2 C3 55
9.178107620,0x316,E6 D0 5F 00 5E 2E 49 C2
9.178107620,0x427,A1 10 45 A8 1B 8C 53 60
9.190401423,0x1A4,C2 74 65 0F 3B FC F2 BC
9.190401423,0x316,D9 C3 2A BA 7D 04 B9 4E
9.190401423,0x427,2A 67 9C 1A 41 9E 87 34
9.198787981,0x1A4,02 EC 6B 0F 3F 79 AD FB
9.198787981,0x316,20 8D F8 3C 01 0D 79 6B
9.198787981,0x427,BF 9A F5 7D 6B 39 10 F6
9.208448892,0x1A4,96 48 71 0F 5D A4 F9 F8
9.208448892,0x316,18 B9 38 FF A4 96 72 24
9.208448892,0x427,49 DB 2E B6 0B A1 A2 47
9.220323387,0x1A4,10 98 77 0F 36 0C 3D 0B
9.220323387,0x316,B1 A3 D8 EB 43 C9 41 3B
9.220323387,0x427,AE A1 B4 E5 2E F7 72 D8
9.229088935,0x1A4,AD F0 7D 0F 3A 17 BE 69
9.229088935,0x316,ED B3 6A B3 87 98 44 E5
9.229088935,0x427,55 A2 5B 5F 4B 81 5D 75
9.241106466,0x1A4,3C 6C 83 0F D7 55 76 BF
9.241106466,0x316,3E 2A BC 15 52 62 AD 94
9.241106466,0x427,06 BC 77 18 CE B6 63 81
9.249609544,0x1A4,A4 F6 89 0F 16 91 20 A3
9.249609544,0x316,91 16 E9 D1 D6 34 F4 64
9.249609544,0x427,26 17 28 13 12 7B 86 97
9.261451553,0x1A4,1B B3 8F 0F 1F C5 F1 0F
9.261451553,0x316,A6 09 5B 6F C3 EC 95 A9
9.261451553,0x427,48 02 D7 F6 30 19 76 21
9.268248156,0x1A4,8A 12 95 0F B2 47 AB 4A
9.268248156,0x316,55 4D D0 42 02 7B D5 D9
9.268248156,0x427,85 6C A4 50 D7 15 11 ED
9.281829753,0x1A4,DB 54 9A 0F DE 8B 98 64
9.281829753,0x316,D2 C0 62 B3 22 63 F7 D4
9.281829753,0x427,FA 15 40 BC 18 39 85 53
9.290744013,0x1A4,0A 3B A0 0F 42 F0 E7 73
9.290744013,0x316,74 E6 9E 45 03 F2 CD 3B
9.290744013,0x427,23 B7 1E 13 DC CC 8C F1
9.298166994,0x1A4,86 F9 A6 0F D3 39 D8 22
9.298166994,0x316,3C F3 A9 C7 25 54 28 C5
9.298166994,0x427,0C 6D AF 95 C3 A4 E5 1B
9.309097404,0x1A4,6C FC AC 0F EB 62 0C 1B
9.309097404,0x316,96 7A 14 2A 64 CE 16 73
9.309097404,0x427,54 63 4F 77 59 7C 64 50
9.321725140,0x1A4,E2 34 B2 0F 4C 9A E8 1E
9.321725140,0x316,F3 59 32 89 C8 B9 B8 5B
9.321725140,0x427,1C 4D F2 F6 08 CA 34 C5
9.331245128,0x1A4,C8 A5 B8 0F 76 D6 B0 73
9.331245128,0x316,24 41 ED 4E E3 E1 9D 76
9.331245128,0x427,2B 8F D7 43 CA 45 3C DA
9.338240534,0x1A4,B8 A7 BE 0F C7 D2 25 17
9.338240534,0x316,34 7B 59 28 AA AB BE CE
9.338240534,0x427,55 4A A1 AF 7B 08 E1 4D
9.351173537,0x1A4,E4 13 C4 0F BD 88 67 B4
9.351173537,0x316,6C 98 66 B2 3C 08 72 9A
9.351173537,0x427,F9 0D 53 0A 29 9A 0B 37
9.359710531,0x1A4,1F 2A CA 0F C2 62 48 DB
9.359710531,0x316,19 49 EA 53 74 8C F8 25
9.359710531,0x427,96 BA 59 17 5C 69 0E B6
9.369739544,0x1A4,33 44 D0 0F 1D 10 E9 F7
9.369739544,0x316,1F F5 11 5B EA 46 70 65
9.369739544,0x427,E0 17 72 83 14 07 88 0C
9.381206861,0x1A4,C8 E3 D6 0F 3A D3 80 4C
9.381206861,0x316,7C 4A 9A 42 85 64 F1 D1
9.381206861,0x427,B0 FB 9C FD 9F 98 82 2C
9.388642976,0x1A4,E5 FE DC 0F 71 9A BC F3
9.388642976,0x316,B3 3F 86 67 B6 26 C7 DA
9.388642976,0x427,A6 74 C3 73 42 FC 52 8E
9.400513404,0x1A4,BC 11 E1 0F 0A B9 D4 8C
9.400513404,0x316,9E 57 F6 3F 70 EA 3F 18
9.400513404,0x427,6E 77 48 76 8C 99 16 1A
9.409204585,0x1A4,6A 2D E7 0F 97 1D 37 CB
9.409204585,0x316,1E 7A C9 23 93 8F 17 1F
9.409204585,0x427,E9 9B 0F 03 2E 8D C9 0F
9.421426579,0x1A4,FC 47 ED 0F 71 FE EC C7
9.421426579,0x316,C8 86 89 FB 19 E0 E7 38
9.421426579,0x427,D7 8D 76 21 AA D8 B8 32
9.431707533,0x1A4,C8 42 F3 0F 9B 87 8C 66
9.431707533,0x316,97 1A 4B 5F 06 64 B0 AF
9.431707533,0x427,18 2E 5B A1 97 E8 04 F0
9.441719330,0x1A4,DC 13 F9 0F 99 9B 83 15
9.441719330,0x316,22 2C 13 95 F4 E0 0B 96
9.441719330,0x427,E2 11 42 42 60 99 DC EA
9.448742454,0x1A4,8A 31 FF 0F 31 5C 32 13
9.448742454,0x316,4F B2 94 05 A2 F8 45 FF
9.448742454,0x427,45 3D 81 10 17 C4 9F 32
9.458291189,0x1A4,A6 FB 05 10 B7 65 5F A5
9.458291189,0x316,13 B7 84 71 96 32 2E CF
9.458291189,0x427,A2 7B F8 20 68 E9 8B 17
9.469743040,0x1A4,85 30 0B 10 EB 0A E7 D8
9.469743040,0x316,A2 AF 50 D4 65 3B 13 CF
9.469743040,0x427,31 74 E0 54 12 F9 5D 1F
9.478515753,0x1A4,57 25 11 10 3C 4E 39 F1
9.478515753,0x316,6C C3 03 76 A5 97 F6 0C
9.478515753,0x427,23 57 01 2B 96 E5 93 EC
9.488903205,0x1A4,24 13 16 10 07 56 E3 6E
9.488903205,0x316,60 F9 59 D2 DE 4C 74 B9
9.488903205,0x427,52 A2 1E 65 BC 23 02 7F
9.500181636,0x1A4,CE 26 1C 10 7A 8E FA 61
9.500181636,0x316,B2 0A E7 AE 75 DA 39 6D
9.500181636,0x427,E2 17 3D 2C 79 06 9C 5A
9.511017079,0x1A4,6C A2 22 10 11 A0 86 E8
9.511017079,0x316,AA 22 E9 2F 97 34 65 46
9.511017079,0x427,42 8C A4 47 13 CE 2D 72
9.520291641,0x1A4,E3 0F 28 10 47 B5 0C 26
9.520291641,0x316,21 C9 DE 08 A1 16 36 9D
9.520291641,0x427,AE 5A 82 9E 2E 37 F2 9D
9.531996172,0x1A4,4A C0 2E 10 83 09 B4 A5
9.531996172,0x316,1F 03 8C 4B 57 5C B7 7F
9.531996172,0x427,21 52 78 69 D1 C6 FD E1
9.540993974,0x1A4,A9 EE 34 10 67 C5 A1 7A
9.540993974,0x316,00 53 9C 0F 65 EB 74 16
9.540993974,0x427,28 66 9F 47 1F 4A 0D 62
9.551877826,0x1A4,4E E6 3A 10 3C F9 52 6B
9.551877826,0x316,A3 AA 0F 33 35 E0 84 A4
9.551877826,0x427,42 96 78 E2 1B 2A 15 CC
9.560485736,0x1A4,0F C0 40 10 AC 25 C8 3F
9.560485736,0x316,93 1E 79 A1 E9 80 7C FE
9.560485736,0x427,24 E3 5A CD 8A 15 2D 8B
9.569455412,0x1A4,3A 0B 45 10 B2 EA FF 04
9.569455412,0x316,20 8E 49 FD E6 64 EB 61
9.569455412,0x427,BE A1 2B C8 C5 75 9F B6
9.581835486,0x1A4,70 C5 4B 10 70 99 CC 7A
9.581835486,0x316,CE 84 65 8B 95 21 0C C8
9.581835486,0x427,7A F4 13 7C B2 9E 12 58
9.590353826,0x1A4,68 33 51 10 E8 82 CE 90
9.590353826,0x316,39 D8 9C 80 D3 AA 54 52
9.590353826,0x427,99 F4 6C 63 FE 45 3B 45
9.600506431,0x1A4,C1 69 57 10 10 10 AC 06
9.600506431,0x316,DF F5 A1 51 0B 9E DC 98
9.600506431,0x427,19 B5 11 38 71 6E 80 07
9.608583118,0x1A4,36 D7 5D 10 9D 56 89 CF
9.608583118,0x316,FF 48 4E C7 0D 34 EB 47
9.608583118,0x427,BD D5 FF 0E C8 F0 03 CF
9.618370663,0x1A4,21 FF 63 10 D8 4E C0 78
9.618370663,0x316,ED DF 88 87 D1 B8 80 5B
9.618370663,0x427,B8 C4 4F C4 2A 4C 80 95
9.628017240,0x1A4,94 29 69 10 74 4C 96 3B
9.628017240,0x316,95 BE 56 F9 FD 2B DD 28
9.628017240,0x427,6F 67 A2 19 50 8F 73 3F
9.638523085,0x1A4,42 44 6E 10 93 30 BC 3D
9.638523085,0x316,0F 1D 3B 44 07 E1 9F 88
9.638523085,0x427,63 10 F8 D0 8C 85 8E CA
9.649110675,0x1A4,64 84 74 10 31 F9 AF BC
9.649110675,0x316,85 07 50 0E 32 C3 98 C3
9.649110675,0x427,80 8C 13 FF FD 2E A3 F2
9.659472442,0x1A4,86 5B 7A 10 DF 8E 60 93
9.659472442,0x316,AD 8E B4 D8 C4 E8 8F FB
9.659472442,0x427,DB CB 21 CC 90 A8 6F 63
9.670844473,0x1A4,EF 79 80 10 80 A9 69 EF
9.670844473,0x316,FD 44 D7 D6 F8 B0 D5 FD
9.670844473,0x427,A2 65 60 D8 4F 64 78 2C
9.679559620,0x1A4,F4 E9 86 10 78 9D 8E 3C
9.679559620,0x316,DE 5B AF 97 F2 BB 68 51
9.679559620,0x427,1A CB 63 CE AA 74 F4 BC
9.689486750,0x1A4,82 A7 8C 10 09 36 D9 5B
9.689486750,0x316,E2 97 FA E9 DB A3 70 97
9.689486750,0x427,A4 8B 38 07 EA 7C 15 B4
9.699764572,0x1A4,F9 F3 92 10 58 D7 07 5A
9.699764572,0x316,85 35 93 F2 98 99 51 91
9.699764572,0x427,C1 83 48 90 D2 D0 60 24
9.710337974,0x1A4,70 E7 97 10 43 47 C8 F2
9.710337974,0x316,D0 14 30 30 83 C3 31 D6
9.710337974,0x427,94 F9 ED FC 43 73 76 CF
9.721381565,0x1A4,CC 43 9D 10 3A 54 6B F8
9.721381565,0x316,1D 92 02 7E 93 AD C8 8A
9.721381565,0x427,37 1A 1E 4F CB 49 F1 2C
9.731936847,0x1A4,DD 3D A3 10 F7 FD B7 09
9.731936847,0x316,80 1B 1B 17 5F 06 61 0E
9.731936847,0x427,47 34 8D 3B 95 92 06 9A
9.738907204,0x1A4,EE DC A9 10 39 00 1A 05
9.738907204,0x316,7C 54 C5 86 82 7C 5D 7A
9.738907204,0x427,25 CB 2C 00 CE 84 EC 54
9.749580465,0x1A4,90 3E AF 10 B6 EF 37 9D
9.749580465,0x316,6C 2B 93 33 F2 34 73 CE
9.749580465,0x427,5E C3 67 21 17 FC 3B 57
9.759686870,0x1A4,86 39 B5 10 91 02 6E 2D
9.759686870,0x316,A0 37 35 EB 3B B0 6B CD
9.759686870,0x427,76 00 23 D8 CB 79 43 DE
9.770549540,0x1A4,79 B7 BA 10 48 0F 3F 0F
9.770549540,0x316,74 15 9C 05 61 74 D0 25
9.770549540,0x427,DD 04 2C 96 B6 FA 66 B4
9.779411097,0x1A4,A9 33 C0 10 58 59 43 24
9.779411097,0x316,1D E2 3C C6 A2 4A 65 1C
9.779411097,0x427,B6 F8 B2 D8 C7 42 BB 86
9.788762103,0x1A4,9B D5 C6 10 C8 6B 69 5D
9.788762103,0x316,AF 2D E7 F5 60 6E 91 12
9.788762103,0x427,31 A5 A3 5F 54 9A 5C B4
9.801665459,0x1A4,29 E1 CC 10 54 FA 81 A9
9.801665459,0x316,30 C0 45 65 35 30 05 96
9.801665459,0x427,8C 3E DD 19 CD DD 28 56
9.809315880,0x1A4,28 7B D2 10 B3 1F 96 52
9.809315880,0x316,07 7F EE 22 4A 01 D2 F9
9.809315880,0x427,A2 2C 52 28 05 6C 7B BB
9.820965089,0x1A4,56 94 D7 10 3A 9B D6 6F
9.820965089,0x316,07 31 B6 CA 83 EF A6 A3
9.820965089,0x427,82 F3 ED F5 F5 23 B9 7C
9.830579405,0x1A4,9D AD DD 10 06 7C 39 51
9.830579405,0x316,CA 8B 98 2C 8A F0 09 B5
9.830579405,0x427,D4 88 FF F7 BC BE DD 8F
9.838141370,0x1A4,8C 2C E3 10 F3 D6 BC E3
9.838141370,0x316,A8 CC C8 ED 38 08 1C 9D
9.838141370,0x427,52 4B 78 C9 49 EB 58 5B
9.849052643,0x1A4,E9 12 E9 10 92 48 60 AA
9.849052643,0x316,E7 6F C5 96 B8 12 80 D0
9.849052643,0x427,22 D8 E3 2C F1 C7 DD 60
9.860157832,0x1A4,8A F7 EF 10 35 18 E7 BB
9.860157832,0x316,19 6F 41 B0 CC 7B 65 4B
9.860157832,0x427,1F E7 99 20 45 4A 7E 2D
9.870959973,0x1A4,66 AA F4 10 D5 D3 75 00
9.870959973,0x316,F0 C6 E3 F2 44 D3 B6 B3
9.870959973,0x427,F5 E1 DD F2 04 4D A5 92
9.881900827,0x1A4,AE FD FA 10 40 35 CB D9
9.881900827,0x316,C8 56 89 FE ED 23 55 C5
9.881900827,0x427,73 4B 16 F7 DC 8C 46 91
9.888817418,0x1A4,4B 3C 00 11 FF E8 9C 2E
9.888817418,0x316,D6 24 36 9A D1 A9 76 51
9.888817418,0x427,14 29 C9 EB 60 F8 0D CF
9.898244992,0x1A4,05 28 06 11 AE 79 83 9C
9.898244992,0x316,51 97 8C 38 03 E4 BF A3
9.898244992,0x427,AC E6 C7 90 CB F7 A6 1A
9.911284002,0x1A4,77 C5 0C 11 F5 FB 05 7F
9.911284002,0x316,2A 34 01 24 3B 74 C7 54
9.911284002,0x427,1A D2 CE BE C9 22 EB 13
9.921654436,0x1A4,1F 4D 11 11 48 8C C8 58
9.921654436,0x316,A1 3B 7D FB E5 F9 CB 51
9.921654436,0x427,7B AB FA 2A D5 22 DD A2
9.928401534,0x1A4,09 59 17 11 E6 62 8C F6
9.928401534,0x316,61 BF B6 16 90 6D 58 D2
9.928401534,0x427,83 C8 7E B5 FD BA 86 AB
9.939591170,0x1A4,D5 3B 1D 11 CE 7B B2 BA
9.939591170,0x316,84 B9 FB E2 50 AD F3 55
9.939591170,0x427,E3 56 56 72 DF D2 EA 02
9.948940298,0x1A4,68 F6 23 11 88 DE AD 35
9.948940298,0x316,F3 E8 E1 3F DF FC 73 B1
9.948940298,0x427,AC FF 5A 11 2C 22 B9 59
9.959141654,0x1A4,B8 55 29 11 AD 24 7A C9
9.959141654,0x316,C6 27 A8 1B 6B 06 6D B8
9.959141654,0x427,49 F6 53 00 4B 64 53 0C
9.969360120,0x1A4,04 C6 2E 11 E5 31 2F 70
9.969360120,0x316,43 A8 8A BB C5 64 6E 6B
9.969360120,0x427,BF 0E 17 F8 F6 27 95 2A
9.979689157,0x1A4,F9 FF 34 11 E6 28 FD 69
9.979689157,0x316,07 9F 3A 7E CD B8 BB E1
9.979689157,0x427,BC 4E F3 60 36 49 EA 59
9.989663945,0x1A4,02 3A 3A 11 43 C7 16 60
9.989663945,0x316,CB 38 F7 19 AE B1 2C D4
9.989663945,0x427,BF CE BF 7A 6A 35 EA C9
9.998996014,0x1A4,9C 6D 40 11 D0 71 FB 93
9.998996014,0x316,FF F0 A5 A6 B3 3F 1C C2
9.998996014,0x427,90 BE E9 AF 38 CA BF 39
10.009076241,0x1A4,6D DB 46 11 8A 92 87 73
10.009076241,0x316,5A 9E DE 12 DE 03 98 CC
10.009076241,0x427,F8 E3 83 D8 82 BD 8D 08
10.020330155,0x1A4,83 21 4B 11 FD D4 23 05
10.020330155,0x316,75 6E 97 51 EE 43 D9 42
10.020330155,0x427,20 21 A0 F3 C5 42 CF 1A
10.029873189,0x1A4,2B CC 51 11 17 BE 80 57
10.029873189,0x316,BF 03 8C 2B B4 76 4F E3
10.029873189,0x427,11 02 1E 60 71 09 31 29
10.039987577,0x1A4,F5 5F 57 11 C9 5B 33 13
10.039987577,0x316,3A 39 0B 8C C5 0A 1C F1
10.039987577,0x427,2D 77 EB E5 E1 ED 60 FA
10.048645739,0x1A4,63 B5 5D 11 E0 ED 83 56
10.048645739,0x316,AC 62 12 98 E5 0D 3B FC
10.048645739,0x427,18 D2 17 9D 6D 78 AA E4
10.059909644,0x1A4,4D A3 62 11 B3 6A 5A B4
10.059909644,0x316,A8 2B EF 07 B9 34 6B 6E
10.059909644,0x427,45 E5 43 F1 9F A2 54 A7
10.071332722,0x1A4,8D 41 68 11 FA 2A 79 9B
10.071332722,0x316,DB DE C6 E3 B9 C1 27 6F
10.071332722,0x427,18 F4 37 28 41 D4 B5 0D
10.078886331,0x1A4,29 08 6E 11 5C 9D C2 54
10.078886331,0x316,A9 F4 9E 34 C1 2C 72 F9
10.078886331,0x427,E8 CE A2 30 B2 90 C6 68
10.088620851,0x1A4,B4 7B 74 11 F2 4F DA 8D
10.088620851,0x316,2F 7D D7 B8 29 64 F2 EC
10.088620851,0x427,97 93 DF BA 05 A9 45 8A
10.099734454,0x1A4,4B 64 79 11 92 F1 1C A9
10.099734454,0x316,62 E5 11 48 F3 72 22 4C
10.099734454,0x427,EB F6 CF 3C 3B F2 8D 18
10.108681836,0x1A4,91 E8 7F 11 5F 3D 95 64
10.108681836,0x316,99 81 5F 92 BA B0 B6 8C
10.108681836,0x427,61 B4 00 D7 49 C9 AE 7D
10.118930465,0x1A4,86 AB 85 11 B8 07 F4 0D
10.118930465,0x316,D4 48 5F 5C B4 0E FA 00
10.118930465,0x427,95 95 77 6D E3 CF 6E 16
10.129058428,0x1A4,A1 97 8B 11 18 EF EA D2
10.129058428,0x316,46 28 7A A9 E1 F5 05 A0
10.129058428,0x427,9B B9 A7 99 41 CD F6 7A
10.141793884,0x1A4,5C E3 90 11 38 22 D4 18
10.141793884,0x316,48 9D 96 06 E1 DE FA 34
10.141793884,0x427,9D A8 BB 2B 81 76 60 A3
10.150646382,0x1A4,E3 27 96 11 03 74 20 FA
10.150646382,0x316,94 C3 F9 14 1B ED 3B 79
10.150646382,0x427,04 40 01 D8 39 FE 91 1D
10.159733852,0x1A4,80 3F 9C 11 DD AB ED C8
10.159733852,0x316,93 6B C0 65 CD D0 8F 78
10.159733852,0x427,CC 72 35 7D D4 B0 16 E5
10.170370348,0x1A4,D1 EB A2 11 13 54 D7 43
10.170370348,0x316,08 BF 54 17 E0 5A 51 A4
10.170370348,0x427,E7 D7 4B 8B 2A FA 34 63
10.179792144,0x1A4,33 60 A7 11 6E 33 FB 5E
10.179792144,0x316,29 A6 AF E2 44 64 A6 61
10.179792144,0x427,91 1B 91 5E 49 E6 C3 2F
10.190453862,0x1A4,19 54 AD 11 C8 03 6C 0B
10.190453862,0x316,58 5D 67 43 01 D4 92 70
10.190453862,0x427,DB 09 0E 77 49 3C 6E 43
10.200590580,0x1A4,8A 03 B3 11 1F CB 4A D6
10.200590580,0x316,9A 7A C0 44 EA 76 72 90
10.200590580,0x427,13 99 C7 0F F6 7F B0 26
10.209197296,0x1A4,74 7B B9 11 96 EB 4B B2
10.209197296,0x316,92 36 DF AA D2 80 C1 18
10.209197296,0x427,19 EA F0 15 C5 4C 0B AB
10.219300935,0x1A4,40 B6 BE 11 12 E5 E4 CE
10.219300935,0x316,F7 66 9C 8A 63 07 FB 69
10.219300935,0x427,78 28 80 F8 83 28 A7 C1
10.231979802,0x1A4,F7 4F C4 11 B0 46 3E 3A
10.231979802,0x316,DF DA B8 8D 7B A1 9C 0F
10.231979802,0x427,B9 7B 3E D7 9B 62 19 63
10.241104169,0x1A4,0F 01 CA 11 BE F3 C7 85
10.241104169,0x316,B9 78 2B 6B 94 60 33 F7
10.241104169,0x427,E8 78 17 89 13 AF E3 AF
10.250132917,0x1A4,0B C4 D0 11 07 62 B5 EF
10.250132917,0x316,5F 17 8E 79 4D 67 9D 92
10.250132917,0x427,71 11 B4 E1 0E 09 53 3C
10.260674609,0x1A4,3C 53 D5 11 60 92 81 4C
10.260674609,0x316,F5 65 36 14 1A E6 11 65
10.260674609,0x427,1A 68 1C E7 C1 CC 9B DA
10.269250493,0x1A4,05 BD DB 11 71 F7 E3 08
10.269250493,0x316,C5 B8 89 80 20 78 3B 92
10.269250493,0x427,0C 39 84 E6 0B 25 4E 84
10.278742526,0x1A4,31 50 E1 11 09 DE 4C 92
10.278742526,0x316,05 ED 72 AD FC D0 95 FB
10.278742526,0x427,1B 38 CA 9E 3D 21 BF 25
10.291182337,0x1A4,E9 CA E6 11 16 5D 02 F3
10.291182337,0x316,4A 1F D7 C1 AB 44 F4 72
10.291182337,0x427,D3 CB 41 2C 76 B1 F5 F2
10.299282475,0x1A4,7D 8A EC 11 BD 4F CB 2A
10.299282475,0x316,3A CC DF F8 F4 6E 3E 36
10.299282475,0x427,29 48 F7 CE 2A 7F 56 31
10.310104214,0x1A4,DA B9 F2 11 C7 CE EC 0A
10.310104214,0x316,2C 4C 62 6C 89 F5 0F 14
10.310104214,0x427,E3 E9 FF FC 87 4F E1 AE
10.321462971,0x1A4,8A EE F8 11 53 FB B0 33
10.321462971,0x316,30 09 4D FF 6E 8E 93 D2
10.321462971,0x427,B4 E5 91 A0 46 59 DB 25
10.330476477,0x1A4,1C 1C FD 11 1E 0B 55 98
10.330476477,0x316,33 D7 04 42 37 1A DB 51
10.330476477,0x427,97 7B 2A E9 22 6C 23 BA
10.340047318,0x1A4,80 4D 03 12 25 13 AE CE
10.340047318,0x316,07 B2 27 11 3F 6E 47 16
10.340047318,0x427,5D 77 5A 63 63 E2 6D 8E
10.350142831,0x1A4,94 0E 09 12 75 6C 53 8D
10.350142831,0x316,D1 0B 7D 53 EB B8 4B DB
10.350142831,0x427,DE 18 B5 46 D4 48 0A 85
10.359177582,0x1A4,F9 C9 0E 12 6D 1F CB EA
10.359177582,0x316,1F 7C 9B DF 1A 46 2A 03
10.359177582,0x427,F8 61 5B C9 6A 35 4E B3
10.371055858,0x1A4,6B B9 14 12 EA 62 6B 96
10.371055858,0x316,BF 9F C6 85 31 8D 1C C8
10.371055858,0x427,61 80 6A 6B E9 08 CE 1C
10.379194192,0x1A4,AF E5 1A 12 9D F5 4E 26
10.379194192,0x316,0A 6B F0 25 B7 4C 0C 91
10.379194192,0x427,FF D9 82 96 45 53 2A 95
10.390968629,0x1A4,30 05 1F 12 21 35 FF F6
10.390968629,0x316,C2 E6 8C F0 0E F8 A6 19
10.390968629,0x427,A6 17 C8 EC 2E E2 0A 1B
10.401108052,0x1A4,F7 0A 25 12 C5 3D 90 C7
10.401108052,0x316,62 82 DA 19 21 A0 26 C9
10.401108052,0x427,96 61 3D 49 F1 DB 12 DE
10.410627326,0x1A4,83 46 2B 12 25 94 50 E1
10.410627326,0x316,74 CF 07 58 EE A1 BD E0
10.410627326,0x427,EA 16 30 69 4C 75 9E 43
10.420550167,0x1A4,0B 23 30 12 3D 2A A0 A7
10.420550167,0x316,E4 48 4F 7C 60 1D 70 92
10.420550167,0x427,9F F1 E4 9B 5C 95 19 79
10.428550371,0x1A4,A3 59 36 12 04 48 15 2C
10.428550371,0x316,88 8A 81 46 3C 4D 29 67
10.428550371,0x427,51 87 D3 24 5E 45 45 9E
10.441747243,0x1A4,C7 D4 3C 12 79 C0 49 AE
10.441747243,0x316,B8 C8 93 B1 97 1D D7 66
10.441747243,0x427,F5 A6 ED 09 53 AC 52 65
10.449806501,0x1A4,AE 22 42 12 1C 5E 03 E1
10.449806501,0x316,A5 CB DC 54 78 82 C5 B0
10.449806501,0x427,3F FF D1 3C 50 55 9E 0C
10.461783360,0x1A4,DA 75 47 12 3B E6 A7 79
10.461783360,0x316,63 D7 BB EB B5 F1 C1 44
10.461783360,0x427,E9 D8 A3 E5 03 46 58 5F
10.469745559,0x1A4,9A FB 4D 12 2E 64 7E 56
10.469745559,0x316,30 34 40 D1 05 C8 2C CB
10.469745559,0x427,73 02 95 4D 98 5F 9A 4F
10.481382309,0x1A4,51 CC 53 12 ED CA C4 D7
10.481382309,0x316,B6 C1 DA 7D 45 46 B5 DB
10.481382309,0x427,F4 09 39 B2 66 76 52 AF
10.489452473,0x1A4,44 C6 58 12 26 8A F5 F8
10.489452473,0x316,72 3B 70 DE C5 6A 5B 3A
10.489452473,0x427,E3 16 67 22 5B 49 EC 4C
10.499602732,0x1A4,A5 71 5E 12 2A AC 64 BE
10.499602732,0x316,76 B2 6F 71 8F E3 26 C6
10.499602732,0x427,67 28 69 D3 05 6D 24 52
10.509180870,0x1A4,3C B5 64 12 2E 99 92 BA
10.509180870,0x316,15 9E B1 6A 81 E9 DF 9A
10.509180870,0x427,8E 14 43 A5 DB 80 DB 16
10.521128233,0x1A4,B3 8D 69 12 DE 56 14 71
10.521128233,0x316,14 B0 1D 36 7E BB D6 E9
10.521128233,0x427,3B A9 EF D2 0E 51 3C 68
10.530192510,0x1A4,FF 8E 6F 12 99 97 05 7C
10.530192510,0x316,06 27 6E C2 C0 6F 39 84
10.530192510,0x427,AA 18 00 DE 4D 94 B8 5F
10.539196748,0x1A4,26 32 75 12 3E 81 63 0E
10.539196748,0x316,00 B7 E8 83 59 1D 9F CA
10.539196748,0x427,1B 6B B2 28 04 46 CC 10
10.548023976,0x1A4,5E C3 7A 12 1C 57 A6 B5
10.548023976,0x316,D5 55 BD 81 B8 3F 44 67
10.548023976,0x427,4C F2 B9 22 A8 EC CF C7
10.561461097,0x1A4,C9 7D 80 12 04 9F 37 86
10.561461097,0x316,D4 F0 1B E1 1E 82 94 91
10.561461097,0x427,83 25 69 07 31 0D 7A 2C
10.568014146,0x1A4,FB F1 86 12 34 D5 0B E0
10.568014146,0x316,7F E5 3A D5 76 D4 62 33
10.568014146,0x427,9D 1A 44 D6 4B AD C0 0E
10.579424412,0x1A4,14 98 8B 12 04 58 77 08
10.579424412,0x316,F5 D1 D9 74 F9 73 F1 0C
10.579424412,0x427,9C 15 04 EB 83 8A 41 5C
10.589061435,0x1A4,E8 E3 91 12 AB DB F8 32
10.589061435,0x316,A9 63 23 46 D1 4F 4C 5E
10.589061435,0x427,F5 4E D1 D2 61 05 D7 76
10.600833147,0x1A4,57 F6 96 12 58 02 9E 65
10.600833147,0x316,8C 37 AA A2 BB 8C 4E EC
10.600833147,0x427,AE 21 B6 1F 6A 71 61 AE
10.608810851,0x1A4,4D FD 9C 12 BA A7 EF 3D
10.608810851,0x316,4D FB 59 5F AD 20 21 7D
10.608810851,0x427,A1 3D 13 98 AF D5 33 72
10.621214336,0x1A4,FA 1F A2 12 C1 A9 E4 F5
10.621214336,0x316,EF D3 D7 DE 84 39 7E 79
10.621214336,0x427,BF C8 3D 96 F9 34 24 8D
10.631346380,0x1A4,6C DD A7 12 F2 B3 20 58
10.631346380,0x316,3E 07 DC 29 21 7A 70 D6
10.631346380,0x427,34 6C FD E4 62 89 37 42
10.640050292,0x1A4,B3 EA AD 12 CF E8 B3 D4
10.640050292,0x316,56 82 58 B0 DB EC 23 17
10.640050292,0x427,98 4E FA 48 C2 FE 06 07
10.650408836,0x1A4,C2 F7 B3 12 5C EE B5 0C
10.650408836,0x316,B1 4C B4 29 C0 08 94 DA
10.650408836,0x427,03 81 7F 92 80 F2 A2 C7
10.660172065,0x1A4,2F D7 B8 12 29 95 DD 36
10.660172065,0x316,9B A3 6B DB DF 76 AA 38
10.660172065,0x427,50 B0 BA A5 45 F1 A0 39
10.670157269,0x1A4,81 6F BE 12 64 52 EC 34
10.670157269,0x316,4B A9 E2 44 7A 6D CE A6
10.670157269,0x427,B8 76 D5 68 36 66 66 83
10.679764081,0x1A4,B9 26 C4 12 1B 63 58 DD
10.679764081,0x316,1B FB C1 C7 1F 61 96 F7
10.679764081,0x427,7E A5 7F C4 41 A4 A4 AE
10.688547454,0x1A4,60 23 C9 12 2B 6F 5E 79
10.688547454,0x316,7F 13 59 E9 09 56 DF 21
10.688547454,0x427,72 24 BA A5 CD E0 56 2C
10.698334228,0x1A4,4C 70 CF 12 E2 79 05 CD
10.698334228,0x316,DA AD 2A 02 22 FE 48 39
10.698334228,0x427,F2 A8 9C 40 BC 6C BC 9B
10.710337887,0x1A4,69 16 D4 12 05 C6 68 F1
10.710337887,0x316,4B 9B 32 4E 1D 29 76 B6
10.710337887,0x427,E8 E9 8E F7 7F 27 99 B5
10.718424864,0x1A4,08 A1 DA 12 8B 35 7F 46
10.718424864,0x316,2C 9A 7E 6C 4C 5F 3E E5
10.718424864,0x427,EB B1 60 60 29 8D 01 DA
10.730679258,0x1A4,86 01 E0 12 E9 E4 80 75
10.730679258,0x316,DA FC 82 40 78 8C DC 37
10.730679258,0x427,7F 85 79 77 6B 61 59 4D
10.740581093,0x1A4,24 BA E5 12 7B 86 48 85
10.740581093,0x316,BE 08 06 D3 27 A6 A4 9F
10.740581093,0x427,FF C9 AB 65 56 F3 A0 95
10.751338365,0x1A4,44 20 EB 12 D8 87 E1 01
10.751338365,0x316,04 90 F2 82 93 9A DA FF
10.751338365,0x427,71 20 90 A9 23 97 6B F7
10.759729544,0x1A4,E6 74 F1 12 09 81 E1 D6
10.759729544,0x316,9E 85 CD 5F 49 A7 BB 8F
10.759729544,0x427,93 36 B8 A5 2F 7A 01 98
10.769644608,0x1A4,29 B5 F6 12 1C 83 5D 48
10.769644608,0x316,17 EB 68 4C 0B B3 35 AF
10.769644608,0x427,0D BD AC 1B 9E 35 53 7B
10.779294369,0x1A4,02 A0 FC 12 7E AF 16 56
10.779294369,0x316,63 39 05 FD 36 9B C7 46
10.779294369,0x427,79 04 FE A3 D5 2E 3C 53
10.789936333,0x1A4,A7 B6 01 13 40 EE E1 46
10.789936333,0x316,09 86 DA 42 51 74 F7 A7
10.789936333,0x427,CC 3D 0A B6 4A 94 C2 F3
10.800727642,0x1A4,E5 9B 07 13 B0 81 C6 A6
10.800727642,0x316,13 93 7D 4C D7 5D 38 30
10.800727642,0x427,26 C4 61 26 3B 5A 6D 84
10.811465675,0x1A4,36 21 0D 13 C9 6F 84 3D
10.811465675,0x316,E1 E3 51 E6 EC C8 88 0E
10.811465675,0x427,1D A6 30 CE E0 04 79 DB
10.818890175,0x1A4,DF B5 12 13 0B 0F 5E CF
10.818890175,0x316,59 C8 9B 99 9F FE 72 67
10.818890175,0x427,FC 83 18 A9 F3 5E D0 51
10.831344474,0x1A4,4D 02 18 13 8D 6B D2 23
10.831344474,0x316,02 04 A6 B8 86 3C 84 06
10.831344474,0x427,E4 54 C8 A7 44 D3 53 7F
10.841557050,0x1A4,9E 22 1D 13 DF BE AC 4B
10.841557050,0x316,8C C2 69 42 36 5B 2B E8
10.841557050,0x427,FF 1E 27 6B 09 CB 93 67
10.849972879,0x1A4,2A FC 23 13 98 79 9A BC
10.849972879,0x316,93 AA 0A 09 9D 0A 41 95
10.849972879,0x427,CB 01 44 B5 3A 2E A8 FE
10.860117869,0x1A4,6E 5F 28 13 E5 56 E6 D0
10.860117869,0x316,BA 47 9E 30 B0 CB D9 57
10.860117869,0x427,29 2C FF B9 AB 5E 9F B6
10.871728735,0x1A4,4D CB 2E 13 3D 8B B2 AF
10.871728735,0x316,80 D8 DD 88 F5 84 68 A3
10.871728735,0x427,77 03 EF C8 39 C8 C9 79
10.880314322,0x1A4,F0 1E 34 13 73 9D CF F0
10.880314322,0x316,86 92 FF AB CA 77 C6 5B
10.880314322,0x427,F4 62 DF 81 64 91 D9 4C
10.888658177,0x1A4,5D 65 39 13 F3 3E 84 2B
10.888658177,0x316,FE 18 34 D7 8C 6F 59 A8
10.888658177,0x427,5F F6 61 E0 1A 58 E9 8E
10.901413534,0x1A4,6A EB 3F 13 9A 6E 35 4B
10.901413534,0x316,B7 83 FC 18 7D 18 85 78
10.901413534,0x427,75 F2 C0 20 5E DC AC BD
10.909568049,0x1A4,F1 01 44 13 D0 D4 A5 B9
10.909568049,0x316,A8 9F EF CE CC B2 1C 8F
10.909568049,0x427,AF 9B 4E C3 D5 C6 A1 E9
10.918707529,0x1A4,41 91 4A 13 1C 92 69 F2
10.918707529,0x316,22 A1 01 AE 37 9B 4B E6
10.918707529,0x427,4A 02 EC 55 70 07 89 A7
10.930991201,0x1A4,6E 5A 50 13 27 9B E5 38
10.930991201,0x316,5A DA F3 5A DA 04 2C 39
10.930991201,0x427,A2 8A 84 BE C3 2E 16 DF
10.939394141,0x1A4,E9 23 55 13 0B 17 A4 6B
10.939394141,0x316,7D 4B C0 C9 DC 2D 08 E3
10.939394141,0x427,2A 33 D1 54 66 94 26 5F
10.951713468,0x1A4,81 02 5B 13 14 F6 E7 95
10.951713468,0x316,33 EF 46 4B 36 04 B9 76
10.951713468,0x427,58 27 E9 D9 31 ED 26 1E
10.959576488,0x1A4,B9 15 60 13 DA C5 BD 0D
10.959576488,0x316,BC F4 CB DD 2F D3 67 A2
10.959576488,0x427,7B 25 65 95 4A 66 8F 94
10.969171395,0x1A4,98 B5 66 13 FF 39 E3 9E
10.969171395,0x316,CF 31 3B 12 97 63 E3 78
10.969171395,0x427,36 6D B1 E3 6E 9F CD 31
10.978757103,0x1A4,09 49 6B 13 D9 41 AC 1E
10.978757103,0x316,3B 55 14 DE 68 35 42 AE
10.978757103,0x427,ED 12 B5 61 10 7F A3 87
10.991081361,0x1A4,E8 0A 71 13 AE 65 C1 69
10.991081361,0x316,58 01 D7 0D 2A F8 EF DE
10.991081361,0x427,29 75 AF DA AB 6A 99 26
10.998888296,0x1A4,82 5E 76 13 4E 82 0A FE
10.998888296,0x316,32 A3 46 33 B0 36 B9 57
10.998888296,0x427,EF CB C0 68 BB 96 B8 FC
11.008627401,0x1A4,FC 6E 7C 13 7D 7F 91 E4
11.008627401,0x316,34 4F 18 E8 BA 0B 95 FC
11.008627401,0x427,CE 66 23 75 85 56 AA 24
11.019531277,0x1A4,99 81 82 13 75 D9 C5 DC
11.019531277,0x316,4F 0C 36 B7 6C DC 2B 2E
11.019531277,0x427,7F B0 68 C7 62 0F B0 14
11.030867891,0x1A4,2F 19 87 13 07 34 27 55
11.030867891,0x316,15 5D 8B A1 B1 76 94 FC
11.030867891,0x427,F8 5A 44 2D 88 E7 3B 50
11.041987739,0x1A4,5B 86 8D 13 95 FA D9 0E
11.041987739,0x316,6B E7 34 01 AC C2 B9 73
11.041987739,0x427,0E EC 05 46 33 15 9A 35
11.051967865,0x1A4,1D 90 92 13 C4 DD 06 C6
11.051967865,0x316,36 BF 29 2B C9 03 87 93
11.051967865,0x427,DB 34 B5 C3 35 34 8F 28
11.061097901,0x1A4,82 EC 98 13 EA 94 03 C9
11.061097901,0x316,C1 44 79 C3 62 DB 9D C7
11.061097901,0x427,B8 E0 89 16 BA BF 20 21
11.071354885,0x1A4,5D 8B 9D 13 0F B6 07 6F
11.071354885,0x316,4F 3D 2C A2 A5 CB ED 6D
11.071354885,0x427,9E CB 44 67 96 9C D4 6D
11.080192798,0x1A4,A6 B9 A3 13 88 E7 36 7A
11.080192798,0x316,70 06 21 62 3B FF 31 01
11.080192798,0x427,C5 5D A8 09 0D FA A5 88
11.089929911,0x1A4,F5 CF A8 13 19 79 0C BB
11.089929911,0x316,D5 92 83 5F 61 B2 37 F3
11.089929911,0x427,D5 8E 9A 03 E8 87 5A E4
11.099244015,0x1A4,50 8F AE 13 E3 C5 C0 C1
11.099244015,0x316,48 79 4E D5 8C D4 F1 87
11.099244015,0x427,BE A2 C9 30 BA 26 96 04
11.111811897,0x1A4,D4 5D B3 13 65 42 0E 01
11.111811897,0x316,E5 8D 6E A0 18 6C CD BB
11.111811897,0x427,47 DF B2 3F A1 8C EC 39
11.121226923,0x1A4,7D D6 B9 13 18 19 82 E0
11.121226923,0x316,80 4E 27 58 45 47 E5 4F
11.121226923,0x427,FF 9B 01 21 06 16 4B 1A
11.128043446,0x1A4,27 5D BF 13 CA A8 DA 80
11.128043446,0x316,4A 1F B3 96 12 8F 5D 4E
11.128043446,0x427,CA D5 C1 2A 62 A6 B6 10
11.138603135,0x1A4,EB 6D C4 13 B3 32 B4 0B
11.138603135,0x316,8F FB 56 4C EB 7E CE F2
11.138603135,0x427,BF B0 73 4A 20 96 B7 74
11.151702170,0x1A4,22 31 CA 13 0F 9F 31 85
11.151702170,0x316,E7 B2 AB 98 FD 92 2C 86
11.151702170,0x427,44 5D 7C 56 36 AF 04 6F
11.161601481,0x1A4,44 44 CF 13 F7 D2 D0 AF
11.161601481,0x316,BE 47 D7 FE 3B 06 40 22
11.161601481,0x427,C9 56 BD 57 B0 F5 02 FF
11.171999940,0x1A4,50 16 D5 13 A5 59 7C 7D
11.171999940,0x316,A1 DD F7 5B 36 93 07 C0
11.171999940,0x427,4B B0 3C 30 30 CE 35 2A
11.179143286,0x1A4,EA A7 DA 13 79 38 2A E8
11.179143286,0x316,7C 82 0F EB F9 C6 DF CF
11.179143286,0x427,D4 AC 44 67 D5 5B E5 04
11.189927414,0x1A4,FA 9E E0 13 FB 1F 6D 39
11.189927414,0x316,64 BC 27 BA 9B 10 21 FC
11.189927414,0x427,B5 B3 96 21 1C 90 10 36
11.201253459,0x1A4,1D 72 E5 13 A0 1B 9C 05
11.201253459,0x316,09 1C F6 96 38 AA 2F 81
11.201253459,0x427,96 95 42 2B 32 8B 87 1F
11.208953140,0x1A4,FC EF EB 13 87 4F 0B B6
11.208953140,0x316,7F D0 89 A6 7E D8 C8 CA
11.208953140,0x427,47 A6 90 09 71 9C 0C 60
11.220166004,0x1A4,45 32 F0 13 2C 15 EC A3
11.220166004,0x316,34 66 7B 41 30 9E 70 C5
11.220166004,0x427,48 4A E4 88 DD C2 85 9F
11.228474733,0x1A4,EB 31 F6 13 53 68 0B 98
11.228474733,0x316,37 5D A3 FE 87 21 47 0C
11.228474733,0x427,4D DC 76 A9 A8 52 AD 1B
11.238611133,0x1A4,0E 35 FB 13 03 F6 0B D6
11.238611133,0x316,FE CB 0D 05 F8 21 59 0C
11.238611133,0x427,85 70 93 B0 FE 66 A4 1D
11.249530523,0x1A4,B6 CD 01 14 C3 94 BE 71
11.249530523,0x316,88 4F 58 61 1F ED A3 1F
11.249530523,0x427,C7 B2 1A 8C F8 74 B3 40
11.260946088,0x1A4,C0 09 06 14 BA A2 AD B3
11.260946088,0x316,70 56 33 27 89 50 9B 34
11.260946088,0x427,D9 1A F8 B1 88 A8 8C AF
11.268060068,0x1A4,9A 15 0C 14 7A C8 61 02
11.268060068,0x316,D8 F7 15 4D 5A 3B BE 6B
11.268060068,0x427,96 D9 62 A9 B5 D0 D9 19
11.279918011,0x1A4,DF 7B 11 14 74 FC 32 85
11.279918011,0x316,FE 38 1D 45 C1 AC 6F 9F
11.279918011,0x427,0B DA 0A 9B 55 CD 62 B3
11.288317074,0x1A4,0B 26 17 14 0A 2A 38 6B
11.288317074,0x316,1E A8 A5 D4 38 16 0C E6
11.288317074,0x427,CF A8 DB 1A 61 38 F7 82
11.299036181,0x1A4,26 10 1C 14 1F 74 21 9E
11.299036181,0x316,4B DA 23 1E 88 78 5F 48
11.299036181,0x427,2A ED 2F 1D 39 09 E6 C8
11.311563486,0x1A4,37 19 22 14 C6 D3 6B 7F
11.311563486,0x316,F0 81 DA 32 EC 8A E7 9B
11.311563486,0x427,8B C6 22 33 C1 50 28 C7
11.321987718,0x1A4,B2 91 27 14 56 1B DD D4
11.321987718,0x316,29 E7 EC 85 CD 5F 1E F9
11.321987718,0x427,A7 DA A0 33 E0 C3 A0 5B
11.328475757,0x1A4,4A 6E 2D 14 CD C8 E5 68
11.328475757,0x316,F4 22 9C 4B 89 3E 0E 29
11.328475757,0x427,18 7E 16 0A 71 D2 52 8C
11.338951732,0x1A4,36 1A 32 14 CB 21 0D E9
11.338951732,0x316,C8 6E 2B 35 AA 21 2E B0
11.338951732,0x427,AE 3C E1 EE D9 CA 0C 7B
11.348757542,0x1A4,51 70 37 14 90 89 08 3C
11.348757542,0x316,0F 70 B3 00 64 8B 43 03
11.348757542,0x427,3E 26 F0 AB D7 E3 C8 16
11.358982568,0x1A4,67 4A 3D 14 57 33 45 1C
11.358982568,0x316,69 C6 D1 D5 F6 AC FB 92
11.358982568,0x427,78 05 45 AB 19 9A 7D 7E
11.369212523,0x1A4,59 55 42 14 FE E4 0E F3
11.369212523,0x316,7B A8 0F 17 CF 07 8F C7
11.369212523,0x427,2E 1F FF 82 0C 5C 36 13
11.378329166,0x1A4,0C 77 48 14 0B 4B 3C B9
11.378329166,0x316,3B 2C EE 19 3D 9F 9F E7
11.378329166,0x427,09 25 82 41 85 41 F3 A4
11.390343558,0x1A4,0B 52 4D 14 0E A6 ED 74
11.390343558,0x316,CC 35 19 FD 74 BD 2F FA
11.390343558,0x427,16 1C C8 4B 9D B2 9D 43
11.399595623,0x1A4,94 E1 53 14 43 0E D2 0C
11.399595623,0x316,A4 13 8D 19 F9 75 2C D0
11.399595623,0x427,FC 41 B9 2C 26 AB C7 DF
11.410578664,0x1A4,39 09 58 14 52 F8 2C DA
11.410578664,0x316,5E 9C 62 4A 39 07 37 5C
11.410578664,0x427,EF 66 35 CD 44 92 40 AD
11.421407018,0x1A4,A7 92 5E 14 97 05 0E 6D
11.421407018,0x316,7C F8 10 BD 0A B1 AB 1D
11.421407018,0x427,CF D1 51 18 4C 40 EB D9
11.431893144,0x1A4,45 A8 63 14 7F 2D EA E3
11.431893144,0x316,34 63 BF 0B AB E2 79 02
11.431893144,0x427,AE 96 1C DA 76 D1 6D 23
11.441569943,0x1A4,8E A2 69 14 37 CF AE A5
11.441569943,0x316,58 B1 A6 2B BE 1D 23 54
11.441569943,0x427,69 EA 86 5B 1A C3 FF E4
11.448228120,0x1A4,FC 0E 6E 14 1E B9 80 F4
11.448228120,0x316,FC BE 2E 9F B7 EC AF 44
11.448228120,0x427,CE C5 E3 E0 4F 57 AA BB
11.461493083,0x1A4,5D A8 74 14 53 2A 64 5F
11.461493083,0x316,E8 7F A1 D0 3A AD BC 57
11.461493083,0x427,D4 87 D0 2E 1C 18 24 1D
11.468388690,0x1A4,F5 5A 79 14 75 CC 76 66
11.468388690,0x316,88 F1 59 F6 3F B8 DF 74
11.468388690,0x427,75 DA 96 45 6A FB F0 D5
11.480400765,0x1A4,09 40 7E 14 1B 72 9D B0
11.480400765,0x316,D9 9C C5 D9 D0 43 6E 7A
11.480400765,0x427,ED 2F C6 CC 0F 24 F7 6B
11.490918834,0x1A4,8E CD 84 14 C8 03 D9 E2
11.490918834,0x316,C6 43 02 CC C2 02 B2 2A
11.490918834,0x427,54 46 F1 1C 54 47 EC 21
11.499508573,0x1A4,56 30 89 14 3B 14 F6 B9
11.499508573,0x316,37 73 03 0F ED 1D 48 FB
11.499508573,0x427,26 84 45 F1 C3 4F 27 D8
11.511151559,0x1A4,1E 23 8F 14 3C F1 8C 1A
11.511151559,0x316,C2 CA 80 6A 20 28 46 E9
11.511151559,0x427,77 69 3B 97 2F 94 90 7B
11.520373517,0x1A4,88 39 94 14 DA 46 A6 91
11.520373517,0x316,2F 2C AB AD 14 70 2B 70
11.520373517,0x427,84 17 67 2E A6 AC 7F 9C
11.531748473,0x1A4,C3 58 9A 14 AE 4F 77 C7
11.531748473,0x316,6C 23 CD 5B 46 FC 81 9C
11.531748473,0x427,1F 80 60 07 13 C4 D1 DC
11.539128494,0x1A4,9D 0A 9F 14 45 6B 44 E1
11.539128494,0x316,82 53 AA D6 B3 EE 2E BA
11.539128494,0x427,FA A9 33 F9 3A 91 4A E4
11.550095485,0x1A4,AA A0 A4 14 AA 1B AB 7B
11.550095485,0x316,CB 33 9F EB 5F 9D F5 7C
11.550095485,0x427,71 78 E9 1C 1A 5B 39 E3
11.560021223,0x1A4,E5 EC AA 14 CB EB D0 70
11.560021223,0x316,BA D7 C4 0B 81 CA 36 10
11.560021223,0x427,92 0F F9 42 0C 59 AC A7
11.568969287,0x1A4,F0 E5 AF 14 E0 09 2A 03
11.568969287,0x316,63 94 5E B4 1E 06 4B DE
11.568969287,0x427,EA BF 8C AD 66 77 5A 86
11.580841257,0x1A4,0B C3 B5 14 5E 21 5E BE
11.580841257,0x316,EB 44 9F 93 06 39 49 B9
11.580841257,0x427,21 A4 A4 90 44 13 57 39
11.591775899,0x1A4,EA 5C BA 14 E2 C7 AC F4
11.591775899,0x316,66 EB 7A AB 33 56 86 DF
11.591775899,0x427,F0 DE 9A 56 74 B7 E3 84
11.600926124,0x1A4,E0 16 C0 14 AF 9A 30 B0
11.600926124,0x316,0E 39 59 B3 8C E9 44 9E
11.600926124,0x427,F3 C9 61 18 D2 1E CF 6E
11.609832830,0x1A4,5A 0A C5 14 0F DD 05 BA
11.609832830,0x316,E0 BD A2 3F 41 BE 5F 7B
11.609832830,0x427,DE 09 83 58 D8 F0 E8 A9
11.619567526,0x1A4,CC B4 CA 14 10 15 33 A4
11.619567526,0x316,24 46 87 62 CC 37 0E 26
11.619567526,0x427,2C DE CA D6 CF 6D 91 D3
11.629162210,0x1A4,DD A5 D0 14 D0 2A 5E E4
11.629162210,0x316,61 E9 DF FC D1 EE E7 9C
11.629162210,0x427,89 0B F8 0D 69 28 FB 02
11.641920188,0x1A4,23 C7 D5 14 2A F7 32 EF
11.641920188,0x316,70 64 2C 28 54 E0 6C 81
11.641920188,0x427,88 F1 4D D9 D9 51 23 78
11.651432046,0x1A4,47 3A DB 14 AB 09 EF 7E
11.651432046,0x316,EA 05 92 DE 80 E8 57 2A
11.651432046,0x427,58 5E 2A 13 74 B7 5D C0
11.658632552,0x1A4,13 A4 E0 14 D8 0E 15 52
11.658632552,0x316,14 16 AB 3D 35 86 B5 54
11.658632552,0x427,0A 6D 5B F8 4F 4E 35 47
11.668075186,0x1A4,C8 C8 E5 14 EB 1E C6 81
11.668075186,0x316,65 4B 03 39 07 47 ED 8C
11.668075186,0x427,8E 71 B0 A4 BA 64 EE 60
11.679699564,0x1A4,20 29 EB 14 A8 AE 2D D1
11.679699564,0x316,DC F5 28 3C F0 3D 2E 14
11.679699564,0x427,20 39 87 75 A1 5C B6 71
11.691651517,0x1A4,A3 75 F0 14 CD 6A B2 92
11.691651517,0x316,CA 96 B6 72 2F 78 88 16
11.691651517,0x427,6D 6E 49 DB 77 D2 9A 7F
11.698877914,0x1A4,7B 0E F6 14 88 68 E9 50
11.698877914,0x316,61 92 63 1E DA 3C 0D FB
11.698877914,0x427,0A DC 53 7F 11 FB C7 BE
11.710937149,0x1A4,02 74 FB 14 80 84 8C 04
11.710937149,0x316,36 D5 46 1A 4A D2 47 67
11.710937149,0x427,F8 04 8F 69 01 48 2C 09
11.721469109,0x1A4,46 23 00 15 13 BD 91 8C
11.721469109,0x316,5E 1F 0B 00 BD C1 6E D3
11.721469109,0x427,3F EE 44 17 24 4F B2 CA
11.729329832,0x1A4,CE 10 06 15 1A 64 92 F6
11.729329832,0x316,95 1E 7B 9E C8 B2 35 A3
11.729329832,0x427,BE 21 FA 4D C0 4E DE E3
11.740516185,0x1A4,16 6C 0B 15 01 07 F5 8F
11.740516185,0x316,04 34 F4 34 2E 9A 93 A7
11.740516185,0x427,96 BE E5 AB D7 0A CA 74
11.750546523,0x1A4,49 79 11 15 82 38 42 57
11.750546523,0x316,2D 03 04 5D CC 94 47 D3
11.750546523,0x427,F4 FA E4 0D DC F4 0B D1
11.758396581,0x1A4,43 29 16 15 10 30 25 D8
11.758396581,0x316,47 7D 57 74 6F 28 FC 54
11.758396581,0x427,BD 0B 66 8F BF 66 75 C4
11.770785322,0x1A4,52 75 1B 15 12 66 96 99
11.770785322,0x316,F6 49 1F 79 29 E7 76 B7
11.770785322,0x427,2B 1C 3C A8 1B DF 00 5D
11.779084252,0x1A4,72 1B 21 15 CE 2A D9 73
11.779084252,0x316,90 A2 30 1D E4 A1 F1 18
11.779084252,0x427,D0 CA 62 C2 B9 57 AE A8
11.788081747,0x1A4,38 6B 26 15 B9 FA 8F 00
11.788081747,0x316,1E 2E 63 57 52 63 EA 5A
11.788081747,0x427,34 45 73 D4 6F 9E 37 A2
11.799006484,0x1A4,3C 20 2B 15 7F 14 C7 CC
11.799006484,0x316,5C 6F BF 4A 21 73 35 8C
11.799006484,0x427,89 D0 A0 85 4E 47 B7 5F
11.811834610,0x1A4,2F 91 31 15 19 EF 37 1B
11.811834610,0x316,38 1D B8 0B 3C BD 99 E5
11.811834610,0x427,09 16 06 2A B2 60 0F 7E
11.818290422,0x1A4,55 7A 36 15 B9 04 64 D2
11.818290422,0x316,D5 E1 83 B7 87 31 15 BE
11.818290422,0x427,CF 18 B8 B8 4D 09 C2 68
11.828857213,0x1A4,53 D4 3B 15 A7 1A 19 41
11.828857213,0x316,1B C8 60 9C D8 E8 27 32
11.828857213,0x427,31 D8 02 30 60 32 E9 1E
11.840455766,0x1A4,0B A7 41 15 05 69 29 DA
11.840455766,0x316,5C DD 94 64 BA DF 30 37
11.840455766,0x427,85 F7 00 75 FA FA 15 D3
11.848742545,0x1A4,F7 2A 46 15 1F C5 C9 30
11.848742545,0x316,B9 69 7F B7 38 D0 82 56
11.848742545,0x427,25 89 96 1B 10 8A D4 C1
11.860552745,0x1A4,9D BA 4C 15 8E 72 E7 0B
11.860552745,0x316,67 65 37 ED 06 0C 1C A2
11.860552745,0x427,E8 2F 64 D6 AB 7B 11 AC
11.870992045,0x1A4,2D 53 51 15 F1 4A 8B 1F
11.870992045,0x316,57 4E AB C5 71 03 4A E4
11.870992045,0x427,FB 44 54 73 39 5F 17 75
11.880020563,0x1A4,31 9E 56 15 82 6C DD 96
11.880020563,0x316,93 E3 C8 F4 A8 17 13 81
11.880020563,0x427,61 81 77 22 72 2F BF F6
11.890724597,0x1A4,E5 3B 5C 15 44 45 1C 01
11.890724597,0x316,26 F5 C5 87 23 84 78 BC
11.890724597,0x427,51 30 6F 0C 88 3D A0 8D
11.900866449,0x1A4,01 5D 61 15 31 A9 CC 6E
11.900866449,0x316,12 A7 BC D6 8D 78 CA 95
11.900866449,0x427,D7 6D A1 7B D4 91 A3 EC
11.910697480,0x1A4,D3 1A 66 15 F9 F4 F4 C7
11.910697480,0x316,0C 4B D1 EB 68 A7 01 E9
11.910697480,0x427,95 23 5D 2D 26 F7 1A B1
11.921916485,0x1A4,FA 23 6C 15 00 58 74 2C
11.921916485,0x316,A5 B2 01 BB 52 D7 B3 D0
11.921916485,0x427,FF A0 DD 20 3C 83 82 1A
11.928975056,0x1A4,02 03 71 15 61 59 53 A8
11.928975056,0x316,40 62 BD 99 2A 5A 2D 9B
11.928975056,0x427,33 5B F8 E1 59 5A 64 52
11.938179133,0x1A4,57 5C 76 15 E7 CF A2 E1
11.938179133,0x316,3C 40 79 62 CC 9C 2D 6B
11.938179133,0x427,C4 8F C0 FA AB 02 E7 9B
11.949158977,0x1A4,E1 17 7C 15 A6 B2 48 B1
11.949158977,0x316,4A FC 2A C3 D4 93 8C 3F
11.949158977,0x427,25 61 0A 46 D0 CE DA 65
11.961897809,0x1A4,E8 10 81 15 2C 98 C5 57
11.961897809,0x316,13 24 72 F8 03 F5 4E 4B
11.961897809,0x427,23 B2 ED 73 52 2A 07 CE
11.969685461,0x1A4,06 A8 86 15 D5 C3 5F 23
11.969685461,0x316,F9 AF A9 69 D1 0A 3F 9A
11.969685461,0x427,CB 22 34 B3 86 86 ED E2
11.979991003,0x1A4,34 E7 8C 15 9E BD 25 83
11.979991003,0x316,33 92 85 4C D9 B9 D3 D7
11.979991003,0x427,93 21 95 B3 1A 03 3D 8C
11.990384595,0x1A4,6D 54 91 15 27 75 5C 50
11.990384595,0x316,D5 65 3D B6 8E 25 A0 BC
11.990384595,0x427,21 B8 7D EF 72 85 B7 8D
12.000669364,0x1A4,7A FA 96 15 0A C3 A3 37
12.000669364,0x316,86 77 6D 33 2D BB AF 35
12.000669364,0x427,64 72 C9 9F AC E7 E1 B6
12.008007919,0x1A4,F5 6A 9B 15 0E C2 C5 AF
12.008007919,0x316,E6 28 65 58 27 39 D3 EB
12.008007919,0x427,11 AF 20 AC 3D C6 F6 21
12.020126650,0x1A4,91 CD A1 15 9A 8A DC B5
12.020126650,0x316,A1 0F 6C A6 F2 5C A5 F9
12.020126650,0x427,F8 E1 54 F5 12 22 85 2D
12.028153484,0x1A4,09 29 A6 15 A0 B8 E0 8A
12.028153484,0x316,F2 6D BE B1 58 66 0A A3
12.028153484,0x427,4D 96 87 52 36 AD D9 B5
12.039962741,0x1A4,D9 32 AB 15 FF 26 C2 C2
12.039962741,0x316,BC 41 2C 5A 86 98 F1 8F
12.039962741,0x427,FF 85 F9 7A BA CA 32 95
12.048047342,0x1A4,3A 58 B1 15 68 0F 53 F1
12.048047342,0x316,01 D1 CA AA 93 A9 CA B5
12.048047342,0x427,68 D5 DF 6A 9A 38 9B AC
12.058487231,0x1A4,1C 53 B6 15 EB 66 D4 E4
12.058487231,0x316,18 4A 65 D7 B1 DA AD 88
12.058487231,0x427,6E 93 32 49 01 59 A2 E0
12.070279293,0x1A4,7C B9 BB 15 5D 83 21 6C
12.070279293,0x316,FC 0F ED CE B3 ED 44 03
12.070279293,0x427,EF A1 D1 85 1E A6 41 1B
12.079859276,0x1A4,34 3C C1 15 8A B7 80 61
12.079859276,0x316,BC 21 34 25 F5 AA 95 0D
12.079859276,0x427,2F C7 95 AB 98 A6 7D 0E
12.088939456,0x1A4,0A CE C6 15 06 B0 58 44
12.088939456,0x316,0C 20 0C C0 46 A3 18 C9
12.088939456,0x427,C4 0F 33 29 7E C7 C8 FB
12.101247373,0x1A4,FC A2 CB 15 2F AB F2 AE
12.101247373,0x316,24 C4 24 40 BC 54 7C 25
12.101247373,0x427,00 BA E1 D6 1A 62 E1 0F
12.108808501,0x1A4,EB D2 D1 15 92 A5 CB C8
12.108808501,0x316,09 55 8E 4B 29 67 39 34
12.108808501,0x427,75 88 EB C0 05 41 8A 8A
12.118556306,0x1A4,2F 3B D6 15 B1 9C D2 5B
12.118556306,0x316,A8 05 64 D0 C6 3B DD 73
12.118556306,0x427,31 21 3C 1A EE 4E B9 9D
12.128798358,0x1A4,FB 90 DB 15 C4 45 EF AC
12.128798358,0x316,18 61 4F BD A1 B1 D7 8F
12.128798358,0x427,71 40 66 DD 7B 35 6C 39
12.139422825,0x1A4,DA C2 E0 15 BC 9E A9 A5
12.139422825,0x316,4A 6D AF 8F 88 13 8E 63
12.139422825,0x427,99 0E D3 3C C7 CD CB 82
12.149926669,0x1A4,D6 5A E6 15 31 4A FD CB
12.149926669,0x316,17 95 7F CC 3C 7A 35 B2
12.149926669,0x427,DE AF A2 49 35 42 64 B1
12.161463326,0x1A4,23 40 EB 15 90 DF 06 0C
12.161463326,0x316,CD 1B 2E ED 3C 66 AF 61
12.161463326,0x427,15 C8 36 63 B5 15 A4 6A
12.169134718,0x1A4,97 6B F0 15 45 AD C1 C9
12.169134718,0x316,99 84 CF F9 CC E8 65 AF
12.169134718,0x427,4E 17 0A 50 7C D8 40 F7
12.181051707,0x1A4,B7 09 F5 15 06 FB C5 0D
12.181051707,0x316,9D B0 51 03 A8 27 61 BE
12.181051707,0x427,70 E4 57 40 2D 86 FD 33
12.190817063,0x1A4,82 21 FB 15 6B F3 6C DE
12.190817063,0x316,9B B1 EA C7 34 1B 46 DC
12.190817063,0x427,3A 0F C0 DE F2 A1 6C 71
12.200416868,0x1A4,36 CC 00 16 D6 8B BD 39
12.200416868,0x316,C2 2B 57 E9 7D F6 3F A2
12.200416868,0x427,14 92 62 B4 5B C5 A4 B5
12.208828455,0x1A4,6E 3C 05 16 24 48 24 5E
12.208828455,0x316,10 BD 4E C1 F2 6B A0 96
12.208828455,0x427,3F F8 EE 8B A2 0F 0B BD
12.218768667,0x1A4,A2 91 0B 16 3D CC 4B 32
12.218768667,0x316,94 8D B1 C6 63 FF 93 B9
12.218768667,0x427,B6 B2 DB F6 EC 10 89 31
12.231627788,0x1A4,2E 3B 10 16 E9 88 E5 72
12.231627788,0x316,82 C8 6B 2D D8 98 C3 FB
12.231627788,0x427,19 BB C2 AE 65 66 10 13
12.239655790,0x1A4,6A B2 15 16 20 C7 64 F6
12.239655790,0x316,67 D6 7D 2C 59 2B 2E BC
12.239655790,0x427,AD 77 8B 83 AD F8 8D 1E
12.251130273,0x1A4,3C 10 1A 16 43 01 67 0A
12.251130273,0x316,20 B0 B2 6D 6A E6 73 47
12.251130273,0x427,5A 3F 7D 8E D2 34 A5 43
12.258468096,0x1A4,4D 0A 20 16 11 A2 32 29
12.258468096,0x316,3A 1C 80 95 E8 62 94 D8
12.258468096,0x427,11 BD 48 41 A7 F5 71 01
12.271747507,0x1A4,4C C3 25 16 80 7D 61 77
12.271747507,0x316,9D 32 AE B5 F4 A2 FF EF
12.271747507,0x427,A0 58 A1 27 F7 8B 39 0A
12.278337408,0x1A4,D4 1A 2A 16 84 94 BA ED
12.278337408,0x316,AD E1 97 52 55 26 CD 98
12.278337408,0x427,B6 DC 04 0D D5 A4 0E C6
12.289136206,0x1A4,FE 93 2F 16 91 07 18 A0
12.289136206,0x316,BC 87 98 9D 94 05 D8 D7
12.289136206,0x427,1F A3 71 A9 75 7B 18 4D
12.300228794,0x1A4,10 BF 35 16 36 6C 37 CA
12.300228794,0x316,86 F5 9A 92 27 4C D7 8C
12.300228794,0x427,4A 7F AB 5B C5 50 A8 12
12.311339607,0x1A4,E0 48 3A 16 6B 9E 2A B5
12.311339607,0x316,2C 35 5F 51 8A 4A 80 86
12.311339607,0x427,3B 6E 4F 38 B7 25 FD F4
12.321825426,0x1A4,9E 0B 3F 16 26 74 46 85
12.321825426,0x316,57 03 74 11 4B 38 48 C9
12.321825426,0x427,C9 E0 50 81 2A 81 CC 28
12.328555407,0x1A4,41 78 44 16 1A 4D 07 8B
12.328555407,0x316,3D 30 7B 89 43 57 46 67
12.328555407,0x427,63 BE 89 17 C5 78 72 59
12.338234987,0x1A4,FE 6F 4A 16 EE 49 26 E2
12.338234987,0x316,F8 5A 9E 36 DC 49 D0 A9
12.338234987,0x427,6E 51 F6 54 C2 C6 C0 54
12.349291096,0x1A4,1B 3F 4F 16 79 B0 27 4B
12.349291096,0x316,A6 07 EC 37 36 67 47 F3
12.349291096,0x427,1A 0B AE C0 39 A3 47 9E
12.360096755,0x1A4,9D C6 54 16 96 3D 90 79
12.360096755,0x316,E9 36 23 FF 34 A1 B3 8F
12.360096755,0x427,26 3E DD D2 74 D6 8B C0
12.370447953,0x1A4,80 8B 59 16 54 88 38 A6
12.370447953,0x316,9A F5 40 02 EE 6A 5E 1D
12.370447953,0x427,22 8D 3F AB 12 EF 93 58
12.381415659,0x1A4,A3 3F 5E 16 34 70 87 3D
12.381415659,0x316,7C 14 8D E7 CE 6F 6B A4
12.381415659,0x427,DF 83 1B 9D 12 D9 29 EB
12.391443266,0x1A4,BF 7C 64 16 FD 74 6B 3E
12.391443266,0x316,1E 43 7A F5 3C 65 35 0A
12.391443266,0x427,9C AF BB AE CE 9F BA E2
12.400791329,0x1A4,8D ED 69 16 9C A2 A1 61
12.400791329,0x316,21 8C 7A EA CC 31 D4 CB
12.400791329,0x427,4A B6 EA F1 9E 14 06 1D
12.411780221,0x1A4,F4 C3 6E 16 2A EB AF 41
12.411780221,0x316,1F FE 4C 8A 31 77 56 B9
12.411780221,0x427,30 7B 67 48 47 1D 53 06
12.421422336,0x1A4,BE 4F 73 16 03 73 51 84
12.421422336,0x316,43 BD 75 D2 B3 1D 3F C5
12.421422336,0x427,15 40 FD 5F 35 C2 A9 83
12.428191519,0x1A4,CE 65 79 16 F9 7E 3C 82
12.428191519,0x316,5A 04 10 72 C3 3B 9F 7C
12.428191519,0x427,CF DC 39 0B A8 18 E3 4B
12.439369377,0x1A4,91 C8 7E 16 50 8D CA A6
12.439369377,0x316,F8 7D 48 31 4B 04 00 52
12.439369377,0x427,61 9A 8E 83 55 97 14 15
12.448174347,0x1A4,9F 02 83 16 C9 99 90 18
12.448174347,0x316,CE 62 DA 2A AC A9 BC F8
12.448174347,0x427,77 84 CE F4 CF 33 F8 C5
12.458994945,0x1A4,EE B7 88 16 4D 2D 80 88
12.458994945,0x316,D8 6A E0 01 B1 AF 7E A0
12.458994945,0x427,E5 C2 C2 10 54 C6 F5 35
12.470088887,0x1A4,3D 15 8D 16 6B DC 27 A1
12.470088887,0x316,D8 7C 09 C6 31 A5 92 36
12.470088887,0x427,41 6B 6D DD C2 B6 76 AF
12.479971559,0x1A4,9B FD 93 16 87 25 EE D5
12.479971559,0x316,9E F2 9A 1A D4 DC A0 34
12.479971559,0x427,93 42 AA 89 6C DF 28 D4
12.491119851,0x1A4,C6 F4 98 16 8A 5E EE E0
12.491119851,0x316,93 CF E9 F9 0F C1 CA BD
12.491119851,0x427,E0 F2 73 C6 F3 BD 6B 6F
12.501470606,0x1A4,28 08 9D 16 14 D0 16 D1
12.501470606,0x316,76 87 93 F0 13 7D 76 12
12.501470606,0x427,A7 3C 34 BF BE 8C A0 AF
12.510395118,0x1A4,DC 75 A2 16 41 AC 14 06
12.510395118,0x316,FA C8 8F 75 08 AE 84 B7
12.510395118,0x427,91 4C EB 54 E6 EA B2 09
12.519886905,0x1A4,18 C5 A7 16 0C 62 C0 12
12.519886905,0x316,3E 83 E4 0D EE E4 90 2D
12.519886905,0x427,11 A9 51 CB FF 0A 7D 40
12.528289012,0x1A4,46 9B AD 16 20 7E 08 12
12.528289012,0x316,83 BA 30 93 DE A4 55 D2
12.528289012,0x427,E3 FB 46 3A 85 6A 36 E9
12.538920791,0x1A4,BF C0 B2 16 2B 9F 5A 68
12.538920791,0x316,DD 1A 56 63 B5 F8 7C 73
12.538920791,0x427,2C EB 55 A1 D0 E7 89 67
12.551696038,0x1A4,8C BA B7 16 64 DE FF 50
12.551696038,0x316,79 F7 52 04 F4 64 B6 63
12.551696038,0x427,57 4E 5D AC 52 49 49 1E
12.561786403,0x1A4,D4 E7 BC 16 82 97 82 01
12.561786403,0x316,FB 47 34 A4 7B A4 64 B8
12.561786403,0x427,DD 24 4C 9E B7 56 30 10
12.571358268,0x1A4,21 A2 C1 16 9A A5 F6 BE
12.571358268,0x316,25 68 EA 95 09 FE A6 0B
12.571358268,0x427,21 01 6D B3 41 FE 26 D9
12.581206298,0x1A4,DF 38 C6 16 67 3C 92 5B
12.581206298,0x316,8B 89 94 ED 30 EC B9 80
12.581206298,0x427,EC B2 2B 1B 22 BB 32 4A
12.591098598,0x1A4,51 BF CC 16 79 BE 95 AF
12.591098598,0x316,EB 51 25 4D 39 E6 47 9B
12.591098598,0x427,CA 34 25 16 E9 86 11 48
12.598543835,0x1A4,23 03 D1 16 13 9D 3B ED
12.598543835,0x316,43 8B 0B 70 FF 51 A4 61
12.598543835,0x427,74 24 26 65 96 9C 76 D2
12.609846432,0x1A4,45 27 D6 16 9A C3 E3 07
12.609846432,0x316,BB 41 57 79 AC D0 04 28
12.609846432,0x427,FD 57 91 88 CC 1E 49 38
12.618023933,0x1A4,27 E5 DB 16 B4 43 2B BF
12.618023933,0x316,B7 16 18 64 B5 25 F9 CB
12.618023933,0x427,86 F3 27 CC BA B2 76 D9
12.631226542,0x1A4,5A 99 E0 16 70 B5 83 4B
12.631226542,0x316,E4 5B CB F5 33 D1 50 A2
12.631226542,0x427,6C 22 E2 24 40 6E 4D 4C
12.641168208,0x1A4,94 D0 E5 16 72 FF 10 E3
12.641168208,0x316,4B F9 06 EA BE 2F 22 F7
12.641168208,0x427,EA 3D 86 CB D5 D1 FC DD
12.651305693,0x1A4,FB 03 EB 16 85 6F DF A5
12.651305693,0x316,21 7B 85 5F 72 9E 17 F5
12.651305693,0x427,25 25 10 F3 76 BD DA 02
12.660539932,0x1A4,C1 C2 F0 16 BF B9 F0 DF
12.660539932,0x316,07 0D 19 8E FD 13 31 24
12.660539932,0x427,E0 56 8C 1F 04 A5 B1 0A
12.669154835,0x1A4,AF A2 F5 16 9F AF 9D 92
12.669154835,0x316,F0 5F BE 98 C0 89 E2 64
12.669154835,0x427,F8 CB 82 89 B1 A0 2A 8C
12.679660286,0x1A4,D3 3D FA 16 AF DF CA 15
12.679660286,0x316,55 3D 00 4E B5 06 C6 35
12.679660286,0x427,6A 5D 90 BF 5F 63 CE BD
12.688022622,0x1A4,B3 D0 FF 16 A9 07 D7 B9
12.688022622,0x316,61 A9 06 58 6C 64 34 36
12.688022622,0x427,91 B9 A3 69 1D 3D D7 E7
12.699041229,0x1A4,4F C4 04 17 02 35 F9 D9
12.699041229,0x316,58 A7 36 83 47 F0 77 24
12.699041229,0x427,15 4E 34 29 A8 25 1A 2F
12.710820125,0x1A4,7E 8F 09 17 83 2B EC 9D
12.710820125,0x316,A9 11 B2 D5 7C AF B3 40
12.710820125,0x427,F6 5C BF 31 34 E7 57 1D
12.719758690,0x1A4,04 7A 0F 17 45 35 C5 AB
12.719758690,0x316,71 85 B6 CC 34 17 3A 91
12.719758690,0x427,56 21 2D DA 4C 64 EC 0D
12.728708966,0x1A4,BD 8B 14 17 BF 46 44 C0
12.728708966,0x316,83 CA AF EE F3 A5 75 FD
12.728708966,0x427,CB 4C 8B FE B4 81 81 8C
12.741392367,0x1A4,E7 79 19 17 96 63 09 A5
12.741392367,0x316,F0 D1 B6 8C 50 9A B9 12
12.741392367,0x427,9C 36 68 4A 96 90 F3 AB
12.749701972,0x1A4,84 AF 1E 17 5B 10 2D 40
12.749701972,0x316,FC CA 23 19 8B F5 89 32
12.749701972,0x427,AA 37 C0 B9 B0 EA A1 94
12.759853776,0x1A4,A0 82 23 17 9E 1E 98 F3
12.759853776,0x316,82 A5 B2 54 7C 6B 6D 5B
12.759853776,0x427,28 B5 D2 20 B2 06 DA AB
12.768682441,0x1A4,CB 13 28 17 4E 58 0A 3C
12.768682441,0x316,94 8D 9C 19 6D BF FE 48
12.768682441,0x427,1D 96 98 9E BF FE DE 11
12.779669315,0x1A4,11 2C 2D 17 48 1F 89 31
12.779669315,0x316,43 6B 5A 51 DF 66 61 7C
12.779669315,0x427,F3 88 5D 73 01 7D 0E 54
12.791929332,0x1A4,1A 9E 32 17 89 E5 CF A8
12.791929332,0x316,BA BF 40 4E CE 78 86 B1
12.791929332,0x427,36 29 8C 95 27 5B 03 27
12.799591102,0x1A4,20 04 38 17 79 DC 1D 91
12.799591102,0x316,07 71 4F 5D 69 69 C5 CE
12.799591102,0x427,B0 35 FB 50 C0 AB 6A F5
12.808661646,0x1A4,AD 8D 3D 17 8C F5 2B 2B
12.808661646,0x316,98 A9 3C 01 18 D8 2E 50
12.808661646,0x427,7C 55 05 3F 7C 05 21 C9
12.821591037,0x1A4,9A E8 42 17 99 AE 52 B6
12.821591037,0x316,7E 98 64 BD A5 FE 0D A4
12.821591037,0x427,B0 D3 A5 6F 41 7D D4 46
12.830874803,0x1A4,E4 73 47 17 53 46 07 5C
12.830874803,0x316,EF DD 61 22 67 F7 F8 AD
12.830874803,0x427,E0 1A A4 BB 3A 4F E1 54
12.838174364,0x1A4,2C 20 4C 17 67 43 DE 7A
12.838174364,0x316,27 3B 7D 76 E5 FA 02 72
12.838174364,0x427,4D 7D D6 5B AE 20 57 C6
12.848089829,0x1A4,44 66 51 17 1B 28 AA 7C
12.848089829,0x316,76 5D 3A 8D A9 74 DC 1B
12.848089829,0x427,F8 45 FF 2C B9 DE 42 A5
12.859277618,0x1A4,77 F3 56 17 5D 3A FC 14
12.859277618,0x316,EB BE 7F D7 3C 72 D6 47
12.859277618,0x427,6D A8 D4 DB 17 D0 91 D3
12.869620772,0x1A4,3D 26 5B 17 EA 0A 2C E4
12.869620772,0x316,24 DF E2 89 FF 5C 49 32
12.869620772,0x427,9C 58 63 43 73 94 C9 BB
12.881232822,0x1A4,A6 E7 60 17 7D 18 6A A0
12.881232822,0x316,D1 09 93 13 8F 8C 38 BA
12.881232822,0x427,5A 69 4D 13 60 01 61 E4
12.888191776,0x1A4,6A F4 66 17 3C 8D 7E D9
12.888191776,0x316,19 70 D6 81 27 46 B2 A1
12.888191776,0x427,4E 58 FC 07 07 55 09 D0
12.900929250,0x1A4,7A C6 6B 17 97 D7 32 94
12.900929250,0x316,67 E4 B6 67 CE 4E EA C4
12.900929250,0x427,B4 9E 0C 97 E4 7B 77 36
12.909811662,0x1A4,EB 82 70 17 C9 4E 62 09
12.909811662,0x316,BE 43 35 8D 48 C0 B7 42
12.909811662,0x427,3E CE 20 8B 06 43 DC E4
12.918854283,0x1A4,45 A6 75 17 92 47 28 8A
12.918854283,0x316,E3 CD DB 78 17 86 66 A7
12.918854283,0x427,80 53 73 C6 B4 CF 0C 26
12.928455857,0x1A4,3A 4A 7A 17 91 C5 7A 64
12.928455857,0x316,C4 9F 2A 39 21 40 35 E4
12.928455857,0x427,DA 48 AB C5 35 13 F0 96
12.939836128,0x1A4,CE C0 7F 17 33 1C 6F DB
12.939836128,0x316,C2 EB 7E 4A C9 0A 46 22
12.939836128,0x427,78 A7 F6 76 BF 9B 49 80
12.948601069,0x1A4,46 5C 84 17 68 8C 2E 17
12.948601069,0x316,59 B6 93 65 1B 4B 26 5D
12.948601069,0x427,D2 08 8E 80 E9 22 B6 02
12.958192661,0x1A4,24 4C 89 17 D5 4A 27 3D
12.958192661,0x316,64 56 15 D9 B9 B8 C8 F6
12.958192661,0x427,B7 68 79 CE 36 BB 5A FB
12.971997894,0x1A4,2A 76 8E 17 F5 37 25 AF
12.971997894,0x316,0C B9 74 2A D3 41 D8 C1
12.971997894,0x427,23 76 9E 83 61 55 EF 23
12.980931210,0x1A4,D4 80 93 17 E9 CC C2 28
12.980931210,0x316,6B 75 DC 2D F1 C9 FC 90
12.980931210,0x427,5C C7 DE F2 0C 17 D9 90
12.990790883,0x1A4,62 4F 98 17 7C 2E 48 DF
12.990790883,0x316,99 84 BD F7 11 4D 6D 25
12.990790883,0x427,94 3D 65 BC 25 A5 64 BB
13.001099146,0x1A4,21 E1 9D 17 24 CA 6D F0
13.001099146,0x316,55 06 DA 5B 3C F4 58 0A
13.001099146,0x427,86 87 04 38 8B DA EF C2
13.008431823,0x1A4,A4 1D A2 17 4B F6 53 3B
13.008431823,0x316,44 AB 17 10 75 E8 AC 43
13.008431823,0x427,E0 4D 93 5E DF A5 E8 3B
13.021070004,0x1A4,60 7E A8 17 09 6D 28 AB
13.021070004,0x316,52 25 EF 34 5C 20 94 84
13.021070004,0x427,B1 BC 60 E8 04 27 9D CA
13.028972179,0x1A4,3D F8 AD 17 F2 11 5A 63
13.028972179,0x316,EB 91 3C 78 20 9F FB EA
13.028972179,0x427,5E 83 63 74 0C 64 AD E1
13.040215116,0x1A4,4A 53 B2 17 AB 31 37 0A
13.040215116,0x316,93 EE 07 FB C9 B7 05 A6
13.040215116,0x427,1F 53 F6 52 59 F4 6C 1A
13.049948524,0x1A4,0D 0F B7 17 9A C6 EB F7
13.049948524,0x316,C6 B1 78 85 11 72 31 A2
13.049948524,0x427,83 C1 63 D4 EE C9 03 46
13.058409765,0x1A4,4C 30 BC 17 7A CB ED BD
13.058409765,0x316,93 AE 68 43 90 30 21 94
13.058409765,0x427,83 86 5A 8B 06 04 F6 91
13.071646855,0x1A4,F0 6B C1 17 F5 C2 6C 60
13.071646855,0x316,F9 43 57 A7 FF 96 E6 60
13.071646855,0x427,E0 16 84 5D 98 1E 72 96
13.081325051,0x1A4,4B 10 C6 17 FB 2D F2 E5
13.081325051,0x316,1F 4D E1 D5 0A 28 ED 13
13.081325051,0x427,04 05 44 84 90 F7 67 40
13.090640439,0x1A4,3A 15 CB 17 9C 2B 01 F9
13.090640439,0x316,39 0A 41 E8 F5 EC 0F 39
13.090640439,0x427,FA F0 30 84 46 46 E5 67
13.099951013,0x1A4,07 86 D0 17 B1 6D 36 D1
13.099951013,0x316,3F DC 22 DE D9 09 54 58
13.099951013,0x427,82 F5 A2 7C 59 99 EB CA
13.108459324,0x1A4,1E 91 D5 17 45 B3 1D E3
13.108459324,0x316,34 92 AD 9A C1 62 B0 01
13.108459324,0x427,6D 63 78 80 0D FF CC E1
13.118518394,0x1A4,45 6D DA 17 8B 33 9D 70
13.118518394,0x316,AF 24 65 2A DB AC E0 3A
13.118518394,0x427,C6 0D BC 13 05 FA B8 83
13.128131749,0x1A4,BF E8 DF 17 C2 21 E3 47
13.128131749,0x316,20 FC 25 36 CA 27 76 26
13.128131749,0x427,E1 0C D9 2F 40 92 48 28
13.141400236,0x1A4,96 A4 E4 17 36 00 1E 9A
13.141400236,0x316,7E 26 A1 B7 C1 F7 23 D1
13.141400236,0x427,A7 E3 4A 1E 5B 7B 3E A9
13.151779045,0x1A4,21 FA E9 17 46 1F 24 6A
13.151779045,0x316,6B 02 A9 CF 37 9C 89 54
13.151779045,0x427,C3 AC 62 B8 D5 C3 03 1D
13.160940825,0x1A4,D0 AC EE 17 F2 D5 DB AC
13.160940825,0x316,BB 98 93 7A 9A 21 A1 7A
13.160940825,0x427,BE B1 F0 35 9C 12 3E 97
13.168975291,0x1A4,54 6F F3 17 EA C7 B2 A5
13.168975291,0x316,99 68 57 D5 C4 B0 30 69
13.168975291,0x427,18 06 BF 05 66 2D 61 3E
13.181351828,0x1A4,DE 81 F8 17 22 14 BD 20
13.181351828,0x316,19 03 D0 92 B8 18 A4 97
13.181351828,0x427,66 C2 3F 29 60 46 7D 22
13.191968234,0x1A4,A2 8F FD 17 55 8F 3C 83
13.191968234,0x316,89 69 08 0A E4 50 0B E4
13.191968234,0x427,A2 3D 80 92 83 F3 98 25
13.198202547,0x1A4,D8 3F 02 18 08 59 95 2A
13.198202547,0x316,CA 4D 1D 42 75 7A 25 EC
13.198202547,0x427,B6 F0 16 2E 6F 90 42 84
13.210386194,0x1A4,92 1B 07 18 39 FC CB 67
13.210386194,0x316,88 7E 6F 99 A7 5A 20 F8
13.210386194,0x427,C6 65 48 90 FD 3D 3B A3
13.218734461,0x1A4,53 48 0C 18 E5 F6 E5 E0
13.218734461,0x316,70 40 34 B8 5D 86 5C BA
13.218734461,0x427,C1 1F 68 A9 02 EF 40 D2
13.229875230,0x1A4,6D 7B 11 18 D7 3A 7F F2
13.229875230,0x316,39 9D F3 15 97 AA 72 37
13.229875230,0x427,C2 FD FE 72 E0 47 45 9B
13.238450876,0x1A4,77 8E 16 18 5D 8D AE 78
13.238450876,0x316,B1 87 07 DE CD 9E 4E 7B
13.238450876,0x427,C9 43 AA 2B 05 3A 28 38
13.250610012,0x1A4,1A B5 1B 18 3E 04 28 69
13.250610012,0x316,FD 90 D0 99 4D C8 88 24
13.250610012,0x427,62 F5 6B CB 0A 4C 28 95
13.260819455,0x1A4,3B 38 20 18 7E 3B 7A C4
13.260819455,0x316,A8 F5 8F 2E EB CD 8A 9F
13.260819455,0x427,88 BD DE A8 54 1C C4 82
13.270675221,0x1A4,EF A0 25 18 3B CF EF 2A
13.270675221,0x316,4F 4E 64 B9 0C E7 82 AF
13.270675221,0x427,FB 4D B9 57 CE 41 1F EC
13.279634024,0x1A4,82 9E 2A 18 1B 69 B6 98
13.279634024,0x316,91 4C 31 97 3E B0 9F 11
13.279634024,0x427,82 13 D5 3A 9A 75 D2 60
13.290138614,0x1A4,57 A1 2F 18 6A B9 D8 21
13.290138614,0x316,4C 40 CB 1B DB 72 3D 04
13.290138614,0x427,56 1D CD 33 1C 69 D0 85
13.298483868,0x1A4,75 33 34 18 83 74 CA E8
13.298483868,0x316,AF B4 1D 81 F8 BA 32 AF
13.298483868,0x427,9E AF 77 6B 0A 6F 96 D3
13.311794884,0x1A4,78 A4 39 18 35 C5 02 9B
13.311794884,0x316,09 06 A7 18 4E 8A 6B 2D
13.311794884,0x427,01 90 D2 79 D8 CB CF E6
13.320724060,0x1A4,C5 22 3E 18 BA 65 8D 99
13.320724060,0x316,DD 4C FE 09 9A 65 B4 E0
13.320724060,0x427,AC 96 AB C8 0E CB 0B 88
13.330078551,0x1A4,D7 2E 43 18 BE 2E 9C C0
13.330078551,0x316,2F 8E 15 1E 2F 4C DB 17
13.330078551,0x427,40 24 74 7B 4D F4 CD A8
13.340736811,0x1A4,1F 3B 48 18 0B 79 E8 E6
13.340736811,0x316,9D 50 7D 9A 7A A5 0E 8A
13.340736811,0x427,A8 77 D8 D3 1A A8 4E 00
13.351711154,0x1A4,C2 C1 4D 18 EF 63 0F F0
13.351711154,0x316,6E E8 5D C6 F4 10 B6 AD
13.351711154,0x427,1A 0D 34 A6 6A 93 76 6E
13.358781839,0x1A4,CB B0 52 18 BC F2 B1 6B
13.358781839,0x316,7F 0E D1 5E 51 7C F4 DF
13.358781839,0x427,78 C5 1E 0B 11 B8 98 B2
13.369409455,0x1A4,22 0E 57 18 F3 13 D0 6D
13.369409455,0x316,65 9C BF 3A 4B 66 3C F0
13.369409455,0x427,A8 8B 63 CD 29 71 6C 7B
13.378955395,0x1A4,8D 50 5C 18 B4 AA C7 C4
13.378955395,0x316,18 B7 98 61 00 89 BB 59
13.378955395,0x427,FB DA CB 96 E9 A4 FB CD
13.389182413,0x1A4,FC FF 61 18 7C 70 69 E8
13.389182413,0x316,10 3C F4 C2 08 1E 52 D6
13.389182413,0x427,E7 6D 5B B2 7C A7 7C 93
13.401433782,0x1A4,B3 F9 66 18 82 DF EC 6C
13.401433782,0x316,CD 29 46 22 EB 17 28 41
13.401433782,0x427,81 ED 25 7A 05 54 0F C4
13.410097771,0x1A4,E1 F6 6B 18 96 5A FB E8
13.410097771,0x316,F8 E9 EA DB AD 11 75 15
13.410097771,0x427,14 2A 84 48 EB AF 29 99
13.418745778,0x1A4,D0 C1 70 18 D8 F4 31 8B
13.418745778,0x316,05 12 9D 68 D1 81 FF 41
13.418745778,0x427,7F AE 63 30 21 72 66 01
13.429853544,0x1A4,38 C7 75 18 2F 90 5F BE
13.429853544,0x316,80 97 17 CA 76 3A D2 01
13.429853544,0x427,23 F7 F6 93 10 39 C5 85
13.439781269,0x1A4,F1 03 7A 18 DC 1C 0F 85
13.439781269,0x316,31 78 D7 01 4D F5 01 60
13.439781269,0x427,B0 55 90 A7 D6 51 96 34
13.451711285,0x1A4,0A 7B 7F 18 5A C3 E5 CD
13.451711285,0x316,43 EF DE 50 36 12 AA 68
13.451711285,0x427,82 B6 BD 5C B6 09 49 1B
13.461736151,0x1A4,AB 91 84 18 05 07 13 6D
13.461736151,0x316,3C AE CD A6 16 D2 DA 95
13.461736151,0x427,1D 13 EE 40 01 BF E4 42
13.471028705,0x1A4,99 C4 89 18 89 2B 3E 89
13.471028705,0x316,96 87 6E 6C 95 3A 8E 90
13.471028705,0x427,F1 D9 9A 5D 4D 36 A4 9C
13.478632034,0x1A4,AF 22 8E 18 9B 84 E6 FD
13.478632034,0x316,E6 2C 3C AE 04 8E BF 65
13.478632034,0x427,BA D6 45 C1 9C 44 25 34
13.491492191,0x1A4,0F 52 93 18 F6 BF 56 8D
13.491492191,0x316,85 5B A6 C8 7E 6D BC 8E
13.491492191,0x427,CF 01 83 7B 58 91 C0 2D
13.501626835,0x1A4,EB 46 98 18 E7 C5 20 8F
13.501626835,0x316,B7 AB 0E 8E BF B4 D7 7B
13.501626835,0x427,4B 92 F7 40 B6 E0 0E FD
13.509845968,0x1A4,0B D1 9C 18 35 F2 E0 93
13.509845968,0x316,1D BC 27 58 16 9C 31 C6
13.509845968,0x427,72 4B 9B B4 DC D4 EB 65
13.518759676,0x1A4,D8 3C A1 18 5C 75 58 23
13.518759676,0x316,86 35 E1 DA 41 FF 23 DD
13.518759676,0x427,DF C2 C6 A8 95 67 7C 1E
13.529759407,0x1A4,42 C0 A6 18 C8 4A D2 3A
13.529759407,0x316,B7 0A 54 72 32 D9 79 C8
13.529759407,0x427,00 13 06 B3 6C BB 01 F3
13.540673075,0x1A4,BF 67 AB 18 15 DC AB 19
13.540673075,0x316,85 BA E6 36 7F CD 22 82
13.540673075,0x427,DA 28 8B 66 C6 9C 3C C9
13.551114966,0x1A4,CC DC B0 18 01 C0 04 CD
13.551114966,0x316,00 90 F2 8C 2E C4 30 9D
13.551114966,0x427,A7 5A 72 B2 9A 9D 3F AF
13.558283147,0x1A4,6F 2F B5 18 1A 55 53 0D
13.558283147,0x316,5D 20 26 29 6C 4C 9C 63
13.558283147,0x427,7D 13 EE F6 62 CF C8 A2
13.571559909,0x1A4,1D BA BA 18 96 26 EB CD
13.571559909,0x316,D7 94 51 17 C2 DE C0 D2
13.571559909,0x427,85 3E 34 25 FA 46 BF 78
13.578641766,0x1A4,32 47 BF 18 6A AF A9 99
13.578641766,0x316,5D E5 74 6F 6B 63 90 16
13.578641766,0x427,B6 93 67 10 43 FF 59 43
13.589616028,0x1A4,5E EF C4 18 1E 0D EF 5E
13.589616028,0x316,FC 7B 7D 14 C7 50 E9 9B
13.589616028,0x427,70 55 AA 09 4B 7C 78 B9
13.598897583,0x1A4,7C 30 C9 18 16 5F 41 EE
13.598897583,0x316,7A CA 04 FC 51 A9 90 66
13.598897583,0x427,44 D9 2C 9D 97 19 FB A7
13.611946809,0x1A4,8A 9E CE 18 36 0C 56 49
13.611946809,0x316,B1 CC 2B B6 E3 E3 A9 F6
13.611946809,0x427,40 F6 F3 98 A7 E5 B5 0E
13.619922797,0x1A4,38 6F D3 18 0C 34 0B C6
13.619922797,0x316,A6 82 FA D1 87 91 DE 2C
13.619922797,0x427,A2 21 EA A3 12 ED 8E 7E
13.628756170,0x1A4,EB 78 D8 18 BE EA BD 02
13.628756170,0x316,F3 15 A3 33 FF CC BE D9
13.628756170,0x427,7C 90 29 A8 CD 2F 46 EE
13.638564003,0x1A4,34 0A DC 18 8B B1 A5 84
13.638564003,0x316,0F B9 37 49 17 E8 DA 31
13.638564003,0x427,4F 9F 9A 08 E1 90 B1 C8
13.648029147,0x1A4,26 CF E1 18 84 43 B3 82
13.648029147,0x316,B0 5C 0C 84 0A 9A CD B2
13.648029147,0x427,F5 C9 4E 3B 56 17 7D 9D
13.658502075,0x1A4,18 3B E6 18 AF DC 8C AC
13.658502075,0x316,72 4D 3B 09 B5 EB 17 5C
13.658502075,0x427,1B EC 3F 3D 45 55 AF A7
13.671081461,0x1A4,99 D3 EB 18 05 EE C3 F9
13.671081461,0x316,D4 4C 4E 28 81 54 3B 16
13.671081461,0x427,83 68 2F FF 71 CC A3 46
13.678438728,0x1A4,45 A4 F0 18 54 49 41 66
13.678438728,0x316,16 93 66 5A DD F8 6E AB
13.678438728,0x427,70 19 28 65 7A A2 CB 67
13.691226867,0x1A4,8E 59 F5 18 91 8A 47 33
13.691226867,0x316,24 C9 8A 84 77 0F EF 03
13.691226867,0x427,EB 26 A7 BC 03 91 20 B4
13.701211843,0x1A4,15 E5 FA 18 38 36 4F EB
13.701211843,0x316,03 1C 15 17 A2 1A B2 8C
13.701211843,0x427,A4 95 D4 48 EF 39 E4 B9
13.709999001,0x1A4,56 77 FF 18 04 16 22 8F
13.709999001,0x316,2A 07 3E EA 1F 0F 3B 95
13.709999001,0x427,24 C5 1C 59 98 20 F4 58
13.720330453,0x1A4,39 05 04 19 50 95 C5 D0
13.720330453,0x316,E0 37 C9 46 AB 80 EE 39
13.720330453,0x427,D1 A1 3A 9B B7 E9 8A F6
13.728761905,0x1A4,38 67 08 19 1A 16 6B 74
13.728761905,0x316,E0 B9 01 EE F1 B0 69 67
13.728761905,0x427,48 16 2D 93 6B D6 30 01
13.741077391,0x1A4,12 F1 0D 19 72 14 CF 2C
13.741077391,0x316,8F F9 39 68 F5 D1 98 81
13.741077391,0x427,99 49 41 1B 2C 6C 02 8F
13.750886286,0x1A4,13 E3 12 19 DB B1 CF 80
13.750886286,0x316,70 16 54 4B 3E 01 08 57
13.750886286,0x427,19 9B 6F F2 3E 4D F4 1D
13.760065017,0x1A4,75 9F 17 19 89 C1 66 83
13.760065017,0x316,69 E7 EA F4 99 31 F8 41
13.760065017,0x427,DE F1 48 E0 4A 09 B4 89
13.770034189,0x1A4,BB 6C 1C 19 FF 8E 1B CB
13.770034189,0x316,C9 3E 2C 93 CE 45 09 40
13.770034189,0x427,CD 8E B6 B1 14 49 59 71
13.779156196,0x1A4,00 69 21 19 50 55 88 60
13.779156196,0x316,54 D1 2B 90 31 2B CF 7B
13.779156196,0x427,F4 91 1C C5 FD 27 47 3E
13.788628125,0x1A4,FA C4 26 19 E5 01 F4 56
13.788628125,0x316,A0 BD 13 F6 B2 A4 8D C6
13.788628125,0x427,30 17 77 75 14 FD 7C AE
13.799418654,0x1A4,54 C6 2B 19 DC 95 82 E5
13.799418654,0x316,33 43 3A 96 C2 8E AD DC
13.799418654,0x427,9A 74 00 07 9E 65 62 7B
13.811831384,0x1A4,6E C2 2F 19 F5 79 00 42
13.811831384,0x316,79 3C 4B 11 BE DF F6 61
13.811831384,0x427,C1 A8 37 A2 47 5C E5 C9
13.820295527,0x1A4,2A C3 34 19 DD F9 6A 38
13.820295527,0x316,3C 2B 4A AD EF 46 80 B3
13.820295527,0x427,8C B3 DC 3A 8F 60 D7 CC
13.830680918,0x1A4,03 BA 39 19 84 BF 94 69
13.830680918,0x316,AD 16 98 F4 5E 84 64 5A
13.830680918,0x427,D9 9E 39 84 C4 7B 20 89
13.838418244,0x1A4,08 38 3E 19 36 D8 68 B3
13.838418244,0x316,07 8E 09 D5 BB E2 6A 43
13.838418244,0x427,96 CF 8D 3F 67 CF 8B 49
13.851595405,0x1A4,5F 77 43 19 67 51 20 66
13.851595405,0x316,62 77 77 AC 2C 94 B0 BF
13.851595405,0x427,72 F3 31 D2 75 D8 8C 57
13.860259121,0x1A4,F9 9F 48 19 47 16 F7 8D
13.860259121,0x316,EA FB 6F EE EB 3D B1 2D
13.860259121,0x427,D9 89 FF 79 7B F7 59 50
13.869671277,0x1A4,2A 76 4C 19 2B F3 F3 37
13.869671277,0x316,E8 E8 F1 E4 95 D4 DE 92
13.869671277,0x427,91 26 E2 44 29 F6 CA 2E
13.878645664,0x1A4,13 55 51 19 A9 18 04 BF
13.878645664,0x316,C9 1E E0 AE 6A 35 25 EE
13.878645664,0x427,94 01 F1 E8 2D D1 AE 30
13.888085958,0x1A4,B3 6B 56 19 6D 63 B3 BC
13.888085958,0x316,BB 58 1D 33 F0 DF 1F 3C
13.888085958,0x427,4A 14 45 BC 69 6A F7 3D
13.899763264,0x1A4,60 0D 5B 19 58 9B F1 43
13.899763264,0x316,DF 71 EF 34 40 58 AD 3A
13.899763264,0x427,49 82 E8 33 DC A8 BE D5
13.909333994,0x1A4,37 0A 60 19 0A 08 1A D6
13.909333994,0x316,CD 5D 5C 9E 2A 9C 24 5B
13.909333994,0x427,57 53 EF 27 39 83 68 C7
13.921092911,0x1A4,5F FD 65 19 4A 5B B0 1E
13.921092911,0x316,1A 73 91 EB F9 C2 17 14
13.921092911,0x427,F5 05 02 AD 22 FA AD F4
13.931650662,0x1A4,0D 29 69 19 C4 48 1F 7E
13.931650662,0x316,CF C3 23 9D CF 16 B2 01
13.931650662,0x427,37 82 A5 C3 EA 34 6A DB
13.940242784,0x1A4,64 09 6E 19 1E 09 3F F5
13.940242784,0x316,8C C1 D1 0A F8 38 17 D9
13.940242784,0x427,71 7E 77 7B 76 BC 06 5F
13.951747442,0x1A4,5D 10 73 19 95 29 BF 50
13.951747442,0x316,C2 04 0A 7E 49 45 EB E5
13.951747442,0x427,D4 A3 40 FC 46 61 88 E1
13.958271635,0x1A4,E4 C6 78 19 A7 B3 13 93
13.958271635,0x316,78 A2 67 DE 7D E7 54 46
13.958271635,0x427,6E 6B A5 7D B2 B0 D0 2E
13.971581012,0x1A4,22 4A 7D 19 04 B2 A6 C3
13.971581012,0x316,7D 6C 7F EA 74 A7 D9 82
13.971581012,0x427,B7 8D BF 47 43 6E DB 65
13.980056681,0x1A4,8D 12 82 19 DE 19 0B C0
13.980056681,0x316,78 54 A0 93 18 BA D4 20
13.980056681,0x427,88 A7 DC 0D 01 99 96 86
13.991891028,0x1A4,1C F4 86 19 F0 40 55 6C
13.991891028,0x316,35 2F 73 7A 2E 31 8D F0
13.991891028,0x427,B3 C4 6F 8A 84 06 56 08
14.001484899,0x1A4,21 37 8B 19 F8 ED E7 58
14.001484899,0x316,C7 A1 CA 64 D5 2E 43 DC
14.001484899,0x427,AD E3 B3 AF 68 A4 A1 C6
14.009895236,0x1A4,69 B7 90 19 98 CC 0A 75
14.009895236,0x316,34 60 FC F9 E9 72 D0 1E
14.009895236,0x427,E8 27 C0 B2 89 17 A9 84
14.020785871,0x1A4,B6 2F 95 19 7F 85 CE 50
14.020785871,0x316,53 1A 70 B0 D5 B8 27 02
14.020785871,0x427,58 A2 06 03 B4 04 92 AC
14.028911482,0x1A4,4A DE 9A 19 89 31 22 61
14.028911482,0x316,7A F4 BC 94 1B 9C CA 19
14.028911482,0x427,6D C9 4F 53 45 F8 91 5C
14.038827466,0x1A4,64 06 9E 19 CC AD A1 DC
14.038827466,0x316,FB BF 7B 42 E4 38 E9 2F
14.038827466,0x427,AD A6 6E 8C 0E 13 4A 43
14.051411461,0x1A4,D7 26 A3 19 1A F0 F7 44
14.051411461,0x316,EA 16 AA 78 7B 03 62 F5
14.051411461,0x427,7E 13 F3 9C 78 2B D5 57
14.060162547,0x1A4,8E 34 A8 19 77 F7 14 2F
14.060162547,0x316,58 64 AF 7F 46 85 87 6C
14.060162547,0x427,E0 74 E5 35 C6 AC 49 6B
14.069668052,0x1A4,0A E7 AD 19 D7 E6 8F C0
14.069668052,0x316,10 AF 4F 5F 3C C0 75 5D
14.069668052,0x427,55 1D B5 DA 8B 3C 8D 66
14.081869659,0x1A4,1D CD B2 19 B7 F9 62 73
14.081869659,0x316,60 38 0D 2E 51 E8 47 92
14.081869659,0x427,13 56 92 21 6A 99 B1 FA
14.088627714,0x1A4,A7 B4 B6 19 0E 7A 9E AF
14.088627714,0x316,B6 59 83 3A BC CC 6E D0
14.088627714,0x427,3F 10 91 19 AF 5C 87 B8
14.098145861,0x1A4,67 62 BB 19 09 AF D8 CD
14.098145861,0x316,42 BA 5D 3C FF C3 2A 8E
14.098145861,0x427,41 E3 A5 6E A7 0C 37 DB
14.109798879,0x1A4,DE 92 C0 19 FA 32 31 32
14.109798879,0x316,D4 03 56 25 30 41 CF CC
14.109798879,0x427,C7 B7 8A F5 EE 16 11 BD
14.119806591,0x1A4,19 C8 C5 19 7E AD 15 79
14.119806591,0x316,3B 48 40 CE 9C 78 7E 02
14.119806591,0x427,6C 22 36 2D 56 C7 E8 6B
14.131553562,0x1A4,B6 A4 C9 19 6A BC 6C 22
14.131553562,0x316,D9 22 DD FE 9B 5E AD E4
14.131553562,0x427,00 9E 71 D9 83 68 72 A1
14.140535006,0x1A4,B8 91 CE 19 2D 15 B3 88
14.140535006,0x316,55 A4 76 B8 2D 80 D3 50
14.140535006,0x427,54 94 0B C9 3E 24 93 7C
14.148618978,0x1A4,4B 0A D3 19 82 D5 3F 40
14.148618978,0x316,20 4E E8 8F 28 C9 C6 DB
14.148618978,0x427,63 9A 5D 91 4E AD 36 0C
14.160924777,0x1A4,DB AA D8 19 90 69 56 19
14.160924777,0x316,02 70 C7 B0 13 C6 D0 29
14.160924777,0x427,47 8B 5E 0F C2 DD 28 37
14.169963499,0x1A4,99 61 DD 19 F6 20 19 41
14.169963499,0x316,CC 7C FE 79 97 D9 C6 D6
14.169963499,0x427,6D A6 3E A1 94 3D A7 18
14.181862131,0x1A4,6E AF E1 19 51 A9 9D BE
14.181862131,0x316,06 0D AC 55 A0 3A 80 42
14.181862131,0x427,D6 01 68 5C 5F 0D 3D 5C
14.189016619,0x1A4,8E 19 E6 19 06 C3 B7 8E
14.189016619,0x316,AA 5D 8D EE 7F 33 5D CF
14.189016619,0x427,4A 99 F9 41 CC 93 19 58
14.198585395,0x1A4,A8 ED EB 19 B2 29 69 69
14.198585395,0x316,9D 6B 09 1F EB 10 E1 59
14.198585395,0x427,18 DE 0B DE 8B 56 F9 AD
14.208876011,0x1A4,81 CE F0 19 E5 07 07 9B
14.208876011,0x316,38 EB EE 32 0E B0 AC 93
14.208876011,0x427,A8 D1 6D 93 8E 95 5D A6
14.218694490,0x1A4,21 72 F4 19 EF 16 D7 89
14.218694490,0x316,A2 93 AE 2C 8F 32 B8 FA
14.218694490,0x427,4A 56 C2 C7 26 1E DC 48
14.230257240,0x1A4,18 6D F9 19 F4 1D 39 53
14.230257240,0x316,A6 5D 56 AC 1D 7E AC 82
14.230257240,0x427,DE 63 CC 7C 97 A5 55 C6
14.239617456,0x1A4,8F FA FE 19 0D 03 6A 72
14.239617456,0x316,D6 F3 BE E3 FB 83 12 14
14.239617456,0x427,71 DE 8D 61 A5 11 19 9D
14.249987991,0x1A4,ED 9B 03 1A D3 74 B8 76
14.249987991,0x316,D8 E3 B7 A1 7B 5F E3 F4
14.249987991,0x427,CE C7 14 25 2E 22 46 DE
14.259851112,0x1A4,F6 3A 07 1A F0 17 FD A3
14.259851112,0x316,FE 8C C6 CE 81 8B B6 ED
14.259851112,0x427,91 14 5F 56 47 2A FC 6B
14.271082652,0x1A4,4A 22 0C 1A 67 5B C0 9C
14.271082652,0x316,07 D7 56 92 42 2F 9F 67
14.271082652,0x427,98 8F 51 D9 80 F0 35 E8
14.279724508,0x1A4,0F 9B 11 1A EC AD 40 14
14.279724508,0x316,73 CC 78 29 1F D7 F7 57
14.279724508,0x427,A6 7D 6C 3A 43 5C 40 50
14.288143511,0x1A4,B8 EE 16 1A DD DD 2B A7
14.288143511,0x316,78 54 96 4A 07 F8 DE B5
14.288143511,0x427,14 12 79 44 67 82 FA 9A
14.298277824,0x1A4,97 68 1A 1A 74 8F 3C 65
14.298277824,0x316,E4 83 70 45 2C C5 3F E3
14.298277824,0x427,42 DC E4 71 02 EA ED C7
14.308664986,0x1A4,BB E2 1F 1A 51 38 53 F0
14.308664986,0x316,EB 5E F8 5C 49 14 76 BF
14.308664986,0x427,CD 5F 40 96 97 0A 5C 85
14.319407483,0x1A4,C8 B6 24 1A 07 1E 46 73
14.319407483,0x316,E6 2F FB 69 0B 5C D5 2A
14.319407483,0x427,6D 2A 13 2F B1 A0 AD DA
14.331583783,0x1A4,07 F4 28 1A 9F 9D 02 20
14.331583783,0x316,03 4B 4F BA 1B 87 10 3C
14.331583783,0x427,4E 4F 7A A9 2D F0 6B 40
14.339901392,0x1A4,4B 80 2D 1A 47 9D 6E BE
14.339901392,0x316,AA DF 60 B3 9D F1 EE BF
14.339901392,0x427,67 1F 7F 14 64 03 E8 35
14.349688659,0x1A4,F9 A4 32 1A 9B C7 A4 65
14.349688659,0x316,96 D1 5E 1A 76 35 76 18
14.349688659,0x427,D5 B2 54 10 88 B5 D1 EF
14.358801682,0x1A4,4C E4 37 1A 40 B4 22 79
14.358801682,0x316,66 27 66 8C 04 81 C7 0D
14.358801682,0x427,C4 D9 BF 06 5D E9 5B C5
14.368191240,0x1A4,C8 9C 3B 1A 74 BC 23 86
14.368191240,0x316,54 CD D6 C3 98 C1 FA FE
14.368191240,0x427,7D F3 4F 15 42 0D 9B 1A
14.378183505,0x1A4,5C 12 40 1A B3 F1 3B 9E
14.378183505,0x316,89 0F C0 27 42 6C 95 15
14.378183505,0x427,25 1D A3 A7 82 A7 7C EE
14.388975669,0x1A4,87 3F 45 1A 04 F6 CC 63
14.388975669,0x316,54 EA 32 4F 7E 12 B7 3A
14.388975669,0x427,CD 60 55 3F EB E8 D2 BC
14.399244159,0x1A4,02 B6 49 1A 36 F6 72 71
14.399244159,0x316,DB 09 61 A0 91 84 5C 20
14.399244159,0x427,6D 60 9B 21 E5 95 D8 86
14.410799675,0x1A4,E8 19 4E 1A 12 F7 AC 2B
14.410799675,0x316,D6 72 50 07 B0 EA FF 08
14.410799675,0x427,26 5B DE A9 8E F2 59 5B
14.421266706,0x1A4,76 21 53 1A 80 4A 4F EA
14.421266706,0x316,B0 64 40 53 54 E8 3E DD
14.421266706,0x427,E7 46 E5 79 DB FD 99 77
14.429568605,0x1A4,F2 63 57 1A 6A 30 F3 DE
14.429568605,0x316,3C B9 63 8A 6E D3 52 EF
14.429568605,0x427,BA F3 BC 45 8E 76 6D 8C
14.441342073,0x1A4,9F 5B 5C 1A F1 E3 96 22
14.441342073,0x316,FB EB 33 F8 AE FC CF F2
14.441342073,0x427,B2 69 97 B2 18 C0 0E 8A
14.449105958,0x1A4,F4 45 61 1A 12 B2 40 97
14.449105958,0x316,27 47 FB 98 9A 07 E0 74
14.449105958,0x427,92 54 8C A1 B9 AB B8 BF
14.461177951,0x1A4,D4 23 66 1A 1E 52 96 E0
14.461177951,0x316,8F 49 61 90 52 AD 5A 6F
14.461177951,0x427,33 76 01 86 6A 0C C9 A3
14.469563979,0x1A4,92 1F 6A 1A B4 13 A6 88
14.469563979,0x316,F7 F6 45 4F 1F 30 AF E8
14.469563979,0x427,8F 05 E0 58 46 86 4D 7B
14.478759900,0x1A4,B0 B0 6F 1A FE 16 25 3A
14.478759900,0x316,13 54 01 CE 30 03 ED 16
14.478759900,0x427,DD C1 1D 71 0D 73 D0 4E
14.491613793,0x1A4,CF F9 74 1A 5A 30 86 69
14.491613793,0x316,E4 B6 82 42 C4 1A DD 27
14.491613793,0x427,75 F4 B6 4D 48 C9 B3 02
14.501894413,0x1A4,5A 0D 78 1A 9B 0D F8 85
14.501894413,0x316,D5 BA BC D0 FC 84 1F C2
14.501894413,0x427,7D 05 13 D9 28 96 E4 22
14.509506926,0x1A4,90 D7 7D 1A 32 40 69 49
14.509506926,0x316,6C 5B 1D 78 A1 3D FC 88
14.509506926,0x427,E5 11 21 02 25 B1 11 B0
14.520745051,0x1A4,3A FC 82 1A 8E 3B EF 7D
14.520745051,0x316,BF CE 6B F2 B3 A8 66 C1
14.520745051,0x427,51 11 21 7A 63 46 B3 4C
14.530261503,0x1A4,89 83 86 1A 08 01 10 C4
14.530261503,0x316,34 02 31 6E 72 6B 47 CC
14.530261503,0x427,E8 F9 FC 4A F5 3C D5 98
14.539204052,0x1A4,97 EE 8B 1A 9E F2 F8 CB
14.539204052,0x316,B4 09 D9 01 77 A2 57 8C
14.539204052,0x427,12 20 A7 5F 08 30 46 30
14.549103063,0x1A4,86 85 90 1A 85 5F D5 E1
14.549103063,0x316,8B 7D 80 8F F1 33 E6 6F
14.549103063,0x427,E4 78 0E 65 34 31 F9 3F
14.558328585,0x1A4,89 07 94 1A FA 2C 06 B7
14.558328585,0x316,68 C1 B3 BC 25 A7 5F A5
14.558328585,0x427,6D E7 C4 63 50 C8 13 D4
14.569483452,0x1A4,EB 12 99 1A CF BE 78 38
14.569483452,0x316,EA AC 52 43 CC 16 47 14
14.569483452,0x427,50 E1 17 6C 5B 2B 15 A0
14.580310734,0x1A4,43 EC 9E 1A 98 8E 40 84
14.580310734,0x316,0F C8 B8 C3 14 1E CA CC
14.580310734,0x427,84 C5 F2 E8 E7 BC FB 9C
14.588889540,0x1A4,2B 3B A2 1A 3D 0A A5 B1
14.588889540,0x316,05 96 44 AF C8 F3 98 45
14.588889540,0x427,02 95 E0 48 C3 47 01 A6
14.601521625,0x1A4,F8 74 A7 1A C1 7F 2D 88
14.601521625,0x316,67 15 0E CF 24 85 D1 44
14.601521625,0x427,94 11 B4 69 06 CF 20 30
14.608463008,0x1A4,53 CC AC 1A 93 DA 86 11
14.608463008,0x316,A3 3C B2 2E FE CA F9 22
14.608463008,0x427,E9 EA 22 4A 45 50 40 1C
14.620356005,0x1A4,9C 66 B0 1A 14 5C 91 74
14.620356005,0x316,D0 83 23 9E B6 8D E8 73
14.620356005,0x427,03 95 AA 45 18 2C 52 B3
14.629929744,0x1A4,B4 CA B5 1A 78 73 F3 7D
14.629929744,0x316,19 F8 12 30 03 B5 15 52
14.629929744,0x427,C8 18 F7 04 C8 41 F3 26
14.640451034,0x1A4,E1 AF B9 1A 74 52 3F F8
14.640451034,0x316,EA D7 F3 88 AB 5E AA 05
14.640451034,0x427,2A 9B 99 2F 36 CA EA F8
14.650030760,0x1A4,64 98 BE 1A 88 A8 38 48
14.650030760,0x316,FB F8 E9 44 BB 91 02 20
14.650030760,0x427,CD 14 17 B7 86 12 3C 70
14.658004080,0x1A4,7A B0 C3 1A C7 A9 19 02
14.658004080,0x316,15 78 99 3B 54 26 17 17
14.658004080,0x427,EF 34 93 26 FE 01 C5 03
14.669006375,0x1A4,C9 3A C7 1A 76 A3 99 37
14.669006375,0x316,D9 99 87 57 1D 0C 95 6B
14.669006375,0x427,4E 7D C3 4F B5 4B 25 C9
14.681254282,0x1A4,89 90 CC 1A 35 DD 96 7F
14.681254282,0x316,4D 88 7A FF 0B E1 13 5F
14.681254282,0x427,72 06 B4 76 A5 51 6A B2
14.691824468,0x1A4,77 CF D1 1A 82 EC 1F 08
14.691824468,0x316,E3 2C 8B 54 25 80 89 14
14.691824468,0x427,78 A6 F2 D7 EA 53 25 C0
14.699167618,0x1A4,BE F1 D5 1A 16 03 66 25
14.699167618,0x316,70 87 58 0E 0D 94 39 44
14.699167618,0x427,69 30 91 C6 EE C0 75 64
14.711711740,0x1A4,74 44 DA 1A B9 A0 0E 8B
14.711711740,0x316,07 8A 5B 78 2B 95 7D 2E
14.711711740,0x427,9E 83 33 31 39 87 4C E5
14.718891776,0x1A4,65 1E DF 1A 3D 35 05 40
14.718891776,0x316,E1 57 37 D1 8E 0E AF 61
14.718891776,0x427,91 53 08 D4 D6 C4 3A 03
14.731066746,0x1A4,55 DF E3 1A 94 49 7F F9
14.731066746,0x316,CD 31 A5 C4 1C 6F F5 B6
14.731066746,0x427,57 FF BB 3F 61 1D 82 62
14.738733123,0x1A4,E6 05 E8 1A 79 C7 97 F9
14.738733123,0x316,6B E3 65 71 7B 05 46 3F
14.738733123,0x427,75 99 D4 BC 69 DF 99 FE
14.748966146,0x1A4,76 21 EC 1A C5 73 FD 32
14.748966146,0x316,30 42 F9 75 19 1D 3E BC
14.748966146,0x427,E8 FD 5F C5 55 C8 0D 18
14.760688964,0x1A4,97 5F F1 1A 06 7E 7F AA
14.760688964,0x316,DC F1 6B FB 9C CA 5C 35
14.760688964,0x427,5C 18 0B 79 E7 8F 9D 63
14.770439057,0x1A4,EB 00 F6 1A 2C 1D 12 F6
14.770439057,0x316,36 66 E6 4F 73 CD AB EF
14.770439057,0x427,E8 44 B4 52 51 C2 9A 28
14.780689526,0x1A4,87 E8 FA 1A D8 BE 6D BA
14.780689526,0x316,3C B2 CC 0A 0F 45 A6 BE
14.780689526,0x427,5B D1 FA EF 7E 45 B1 8C
14.790066420,0x1A4,5B 6C FF 1A 88 AA 44 1F
14.790066420,0x316,8E 1A D9 40 DC DC 31 7B
14.790066420,0x427,2D 0C 76 A3 BB 03 7F 4C
14.799394464,0x1A4,45 8D 03 1B D1 EB 44 5C
14.799394464,0x316,AC 7B 34 E3 64 9B 55 0D
14.799394464,0x427,28 AB 18 DD 6E 82 AC AA
14.811178982,0x1A4,7A F8 08 1B 26 7D 28 F9
14.811178982,0x316,2F E1 E8 1C D6 41 68 3C
14.811178982,0x427,7C 52 06 A2 CE 37 25 6F
14.820351977,0x1A4,E0 50 0D 1B 2E 7A DB 03
14.820351977,0x316,CA 20 D8 2A 59 2B 5D CB
14.820351977,0x427,06 7E AE 46 8B B1 AE 95
14.828980599,0x1A4,0F 5B 11 1B 5F B1 53 65
14.828980599,0x316,A2 53 05 CA 40 1A 3B 3E
14.828980599,0x427,09 3A 49 02 F0 90 05 F8
14.839089868,0x1A4,D5 13 16 1B B9 76 C1 94
14.839089868,0x316,5D D5 91 C8 AB 15 D5 B0
14.839089868,0x427,D1 56 AB 79 34 69 3B B0
14.850334368,0x1A4,4F 5E 1A 1B 51 8D AD 27
14.850334368,0x316,98 FB 13 5F C5 F3 52 C5
14.850334368,0x427,B0 27 E8 16 17 43 AC 3F
14.858712789,0x1A4,0A ED 1F 1B 93 B4 FA 7F
14.858712789,0x316,95 17 66 17 68 11 9A AF
14.858712789,0x427,73 82 5F 9E 9D D4 A2 56
14.871504667,0x1A4,18 1B 23 1B 06 18 3B F8
14.871504667,0x316,17 A1 39 FF E6 88 72 C2
14.871504667,0x427,20 AC 08 A0 07 97 5F 0F
14.879499679,0x1A4,40 6C 28 1B D8 34 03 5B
14.879499679,0x316,4B DC 02 A5 D3 32 67 27
14.879499679,0x427,B1 3D 8A B3 97 73 4E 89
14.891333124,0x1A4,31 88 2D 1B 02 05 7E 1B
14.891333124,0x316,73 3A 36 20 63 45 E3 7C
14.891333124,0x427,8E 90 90 3B EE D7 15 51
14.900160968,0x1A4,72 19 31 1B E1 0D F0 8E
14.900160968,0x316,1E 30 DF C9 CB 84 07 A5
14.900160968,0x427,D4 ED B6 C1 AA D0 E9 58
14.909406010,0x1A4,2A E9 36 1B 41 BD 4C E4
14.909406010,0x316,A8 E1 4F 70 66 43 B2 BB
14.909406010,0x427,94 2C 66 31 08 61 77 05
14.918904040,0x1A4,C8 AF 3A 1B 17 77 B5 60
14.918904040,0x316,76 DD B0 5B 3A 39 72 B9
14.918904040,0x427,CC CE 7D 22 FA A0 2D 40
14.931922644,0x1A4,13 C8 3F 1B D3 EB 1B 0A
14.931922644,0x316,BC C2 3C 7C BA 70 E5 B4
14.931922644,0x427,09 00 00 70 A0 3F 1C 8F
14.938773987,0x1A4,7C 6A 43 1B C3 9E F0 8A
14.938773987,0x316,5B 11 71 B2 58 AB 76 7D
14.938773987,0x427,21 26 95 30 7E 5D 13 91
14.950367658,0x1A4,E6 C4 48 1B 59 B7 2A 8B
14.950367658,0x316,65 8D 00 59 FD BF DC 52
14.950367658,0x427,79 B9 7E BB 62 B7 E8 77
14.960255474,0x1A4,E5 A9 4D 1B 19 16 1F DE
14.960255474,0x316,A5 53 D3 D4 BB 16 43 99
14.960255474,0x427,D2 F7 1A EA 62 B7 4D DC
14.971905575,0x1A4,01 0B 51 1B 14 44 0C 29
14.971905575,0x316,57 E5 A1 11 62 9F F8 87
14.971905575,0x427,F9 BF AF 27 DE D7 0A 73
14.979669315,0x1A4,07 34 56 1B 00 6A C5 D1
14.979669315,0x316,9D DB 6A 43 06 B0 A6 8A
14.979669315,0x427,22 19 FB 5D 31 85 3E 74
14.988809178,0x1A4,A4 2C 5A 1B 4E 8E A2 C6
14.988809178,0x316,05 AD 55 A3 2B 72 86 81
14.988809178,0x427,CC FF 08 61 6C FE D0 BB
14.999826290,0x1A4,D7 2C 5F 1B 20 DB 07 E2
14.999826290,0x316,0A D3 CA 04 4A ED A6 9E
14.999826290,0x427,19 2A 59 DB 33 08 34 5D
15.009914014,0x1A4,98 05 5C 1B 5D 40 C5 9E
15.009914014,0x316,AF 1D 21 3D 16 02 19 52
15.009914014,0x427,8A B0 93 B8 5C 2A 37 10
15.019085277,0x1A4,B4 A7 5A 1B 31 01 98 F7
15.019085277,0x316,E9 0D F9 89 51 3E AD D1
15.019085277,0x427,92 99 32 63 DD 48 9B 30
15.030370055,0x1A4,BE 6F 57 1B A5 C7 E7 AE
15.030370055,0x316,AA 61 5F 7F 54 26 07 C4
15.030370055,0x427,83 FE 2C 8D A2 29 75 27
15.038120747,0x1A4,DD 23 55 1B D7 25 7B 48
15.038120747,0x316,96 EA 95 52 11 F3 E8 68
15.038120747,0x427,A2 47 12 A4 29 2B 70 52
15.048011822,0x1A4,A5 60 52 1B BD 40 A4 18
15.048011822,0x316,6A 78 F0 85 39 15 AD A8
15.048011822,0x427,29 EE 11 11 84 FC 34 0B
15.059971488,0x1A4,4C 3B 50 1B 70 A1 13 F0
15.059971488,0x316,E6 E2 38 21 BD 45 BB 2D
15.059971488,0x427,10 39 9D DF 83 8E 01 08
15.071422769,0x1A4,82 73 4D 1B BB F7 67 1B
15.071422769,0x316,2A 3A 41 7C D1 C9 0D 31
15.071422769,0x427,42 EA 47 19 39 2B 25 08
15.081687655,0x1A4,B6 DA 4B 1B 4F D6 49 A4
15.081687655,0x316,C0 B9 17 D6 48 36 7B 63
15.081687655,0x427,06 87 6D A8 C2 B7 6A 7D
15.089613564,0x1A4,8E 3A 49 1B 9E 87 BC 9F
15.089613564,0x316,CE 50 89 B3 FD F5 1D 97
15.089613564,0x427,0D 30 85 41 28 E0 90 0C
15.100681972,0x1A4,97 60 46 1B DC 49 81 38
15.100681972,0x316,D1 C6 1F 9B EE B3 C4 B7
15.100681972,0x427,D2 CB 24 12 6D 9C 59 03
15.109456694,0x1A4,70 4F 44 1B B7 F6 C8 EB
15.109456694,0x316,0A DC 6F 35 B2 30 DF A7
15.109456694,0x427,26 C0 CC 7D AB DD AB ED
15.118518650,0x1A4,9A CA 41 1B 43 0B 03 D5
15.118518650,0x316,9D 0C 78 14 4F B9 D2 77
15.118518650,0x427,A6 A4 0F CD C0 0B 90 A3
15.131170893,0x1A4,2C 0C 3F 1B 5C A6 65 5C
15.131170893,0x316,33 64 DA 8E 8E 89 54 BE
15.131170893,0x427,D4 BF 30 F0 A8 42 F3 E3
15.139824229,0x1A4,B1 E8 3C 1B 70 54 70 D2
15.139824229,0x316,66 48 7B 5E BE F0 53 CB
15.139824229,0x427,AA EA 5B B5 13 C0 EC 0E
15.151777792,0x1A4,EC 43 3A 1B B4 57 EF 9D
15.151777792,0x316,5B 7E 0C 44 C5 E8 6D 87
15.151777792,0x427,B8 3E 68 0A 71 1B FB BB
15.159852593,0x1A4,D6 F4 37 1B FD F0 9E D5
15.159852593,0x316,5D B0 CC 4D 89 92 F3 13
15.159852593,0x427,B9 88 D1 F1 F2 39 45 37
15.170000154,0x1A4,52 03 35 1B B0 FC FC 84
15.170000154,0x316,B6 CE DC 18 A4 E3 E9 19
15.170000154,0x427,2B DE A4 B9 ED FE 23 3B
15.180716824,0x1A4,4F F0 32 1B EC 0E A5 62
15.180716824,0x316,5D 7A 80 30 B9 46 70 31
15.180716824,0x427,2C 85 B4 86 3C 0F 29 A8
15.189380115,0x1A4,01 EF 30 1B 4A 55 ED 91
15.189380115,0x316,65 4D 15 A0 44 94 8F F2
15.189380115,0x427,95 40 CC 2D 4B D7 F4 8E
15.200209659,0x1A4,88 33 2E 1B 54 5E E2 8E
15.200209659,0x316,A6 89 49 6A 6C F5 00 BF
15.200209659,0x427,24 FA 02 1B 6B 26 2B C4
15.211777663,0x1A4,C5 E1 2B 1B 15 AD 99 93
15.211777663,0x316,B5 7C A3 5B 69 8B AB AC
15.211777663,0x427,7D B6 6E 75 08 58 DA B3
15.219668787,0x1A4,A8 52 29 1B 5A C9 54 6D
15.219668787,0x316,57 C1 00 E2 74 74 A6 1A
15.219668787,0x427,F6 03 B4 2A 79 C3 DE CA
15.228440861,0x1A4,A4 77 26 1B 63 89 CA 8C
15.228440861,0x316,76 73 CC 66 DC 8B 33 81
15.228440861,0x427,49 3E 67 56 7E 02 54 A8
15.240241476,0x1A4,86 40 24 1B 88 B3 AD 88
15.240241476,0x316,A8 57 99 FF CC 13 94 99
15.240241476,0x427,D5 3E 69 71 24 2A FB EE
15.250368718,0x1A4,16 E9 21 1B 53 41 09 E7
15.250368718,0x316,63 FF AD 50 6F 21 D2 8C
15.250368718,0x427,A1 84 D0 FD 0A 95 31 FF
15.260486572,0x1A4,12 88 1F 1B 54 5A 48 D8
15.260486572,0x316,90 02 29 5F 6D 54 8F 69
15.260486572,0x427,2D 96 A1 C3 09 12 1C A2
15.271934252,0x1A4,07 05 1C 1B 71 E4 7E D3
15.271934252,0x316,F4 76 D2 B9 EF AD CD 52
15.271934252,0x427,93 FA C0 9B 59 FE 9F 3D
15.280618021,0x1A4,5C 40 1A 1B 5E 29 AE 8B
15.280618021,0x316,85 FE C3 36 31 22 04 60
15.280618021,0x427,20 74 05 C4 8D 71 DC 8C
15.290714232,0x1A4,E9 F6 18 1B CF AF 9C BE
15.290714232,0x316,29 FC 0B 41 0B 85 29 5C
15.290714232,0x427,88 CF 2E F6 C7 B6 D0 73
15.298291241,0x1A4,97 58 15 1B D9 0D B7 F5
15.298291241,0x316,30 BA A7 65 1A D2 0C 00
15.298291241,0x427,D6 AA EF B9 F8 AA DF 08
15.308856547,0x1A4,1F 09 13 1B CE D2 D3 48
15.308856547,0x316,B1 E9 83 98 AD 65 2C 04
15.308856547,0x427,08 0C 82 84 0A FA 94 22
15.321061961,0x1A4,DC 3F 10 1B 6A 4F EC E3
15.321061961,0x316,A5 7E 45 4D B1 7E AE 01
15.321061961,0x427,A2 AF E2 4C E1 45 01 FC
15.328939524,0x1A4,22 91 0E 1B B4 A0 FE 36
15.328939524,0x316,7F 7E 10 DB CD 97 9D 50
15.328939524,0x427,9E 38 8E 05 39 89 82 C5
15.338664537,0x1A4,90 A7 0B 1B 92 3F 7F F1
15.338664537,0x316,B7 6F 91 B0 28 B5 84 D2
15.338664537,0x427,64 20 A5 46 E6 ED 4A EB
15.351004162,0x1A4,5A DE 09 1B 2D B0 E2 82
15.351004162,0x316,85 30 6B 8E B0 4F 17 92
15.351004162,0x427,F7 40 09 ED 3F 27 55 92
15.359221815,0x1A4,7C 63 06 1B 83 33 23 18
15.359221815,0x316,1A 16 A9 09 BE CB DA 75
15.359221815,0x427,70 41 0C 5B AC A2 F6 27
15.368319825,0x1A4,32 B8 04 1B ED 43 D6 43
15.368319825,0x316,FB 24 F9 5D A0 7C BE E3
15.368319825,0x427,01 28 08 95 41 9F F6 3F
15.380904937,0x1A4,26 81 02 1B 2E 32 99 41
15.380904937,0x316,B8 8F A2 CF CB 9E E0 4C
15.380904937,0x427,10 18 87 17 5B 72 0B 92
15.389287022,0x1A4,83 2D FF 1A 4C 3D AE 91
15.389287022,0x316,5B 4D FA EA 24 F8 A9 37
15.389287022,0x427,91 DA F8 BB 5D 7B C3 13
15.400872863,0x1A4,D5 92 FD 1A AF 04 1F 53
15.400872863,0x316,FE C4 FB CA 4A 4B 87 7B
15.400872863,0x427,67 56 43 2C 92 AE FF 7C
15.411936855,0x1A4,3A 6B FA 1A 64 71 26 E6
15.411936855,0x316,E4 4D 89 B0 ED D6 ED B3
15.411936855,0x427,6D F8 83 93 92 C0 CB D1
15.418317447,0x1A4,C9 1E F8 1A 55 C7 69 18
15.418317447,0x316,60 12 61 98 9A CC 6A A4
15.418317447,0x427,8B 92 E6 4C 46 2F 91 09
15.428090852,0x1A4,EA 02 F6 1A 61 72 EF CE
15.428090852,0x316,13 54 87 93 8A 01 AD 61
15.428090852,0x427,2A 18 17 14 CD 11 B6 C7
15.440283061,0x1A4,55 F3 F3 1A 3F C5 FF EB
15.440283061,0x316,0F CD 59 C5 54 8F 9A 55
15.440283061,0x427,2E F4 11 59 CA 14 3A E1
15.451419878,0x1A4,DB 32 F1 1A B9 92 2E 6F
15.451419878,0x316,BD 2A A1 6A 72 9B 24 EE
15.451419878,0x427,DF 2D 2A DE 71 BE DB 1E
15.460342078,0x1A4,3E 54 EE 1A 72 48 38 C5
15.460342078,0x316,59 2B 0A 3A 42 DE 67 BF
15.460342078,0x427,48 89 1C A7 BE 66 77 D9
15.470206109,0x1A4,96 70 EC 1A D8 36 BC ED
15.470206109,0x316,15 5D ED 02 D7 6C 46 A2
15.470206109,0x427,0E E8 04 C7 EA 70 D7 A1
15.478288756,0x1A4,65 AA E9 1A 5B 54 DB 0D
15.478288756,0x316,D0 48 06 4E D6 FC 3D 86
15.478288756,0x427,94 EB 8A 0A 8E BA BE 51
15.489120770,0x1A4,AA D5 E7 1A BA 21 9E 90
15.489120770,0x316,4F E0 4A 26 CE 3C AB 53
15.489120770,0x427,44 64 9D 80 78 F7 A0 B2
15.500409124,0x1A4,FF 29 E5 1A 45 F3 37 27
15.500409124,0x316,C2 DD EE 0C E0 5B 73 AC
15.500409124,0x427,BA BB 48 BB A4 76 53 FF
15.510633299,0x1A4,EF F5 E2 1A FA 17 96 F8
15.510633299,0x316,CC E7 13 72 A4 22 BA C0
15.510633299,0x427,48 95 5A 98 EA E6 43 93
15.520357381,0x1A4,5A F1 E0 1A 32 AD 0F 17
15.520357381,0x316,90 9A DA 38 15 56 93 6E
15.520357381,0x427,76 38 2F 4A D3 6E 4F C9
15.529888826,0x1A4,2E 50 DD 1A 03 24 E4 25
15.529888826,0x316,32 24 D7 21 2D 1E 0F 56
15.529888826,0x427,35 AD 21 15 4E 9C D1 79
15.539171253,0x1A4,3A EE DB 1A 60 F7 CC BE
15.539171253,0x316,E6 A6 9F 0C 4C B7 53 8C
15.539171253,0x427,A7 66 31 66 E5 FF 36 43
15.550970734,0x1A4,83 BC D9 1A 3C DE 05 66
15.550970734,0x316,C5 7A 77 80 33 CF 3A 6F
15.550970734,0x427,73 67 19 C6 75 A4 A7 B2
15.560166007,0x1A4,6E 44 D6 1A EA 96 14 C3
15.560166007,0x316,F8 E3 86 22 A3 BC 1D 7B
15.560166007,0x427,D3 08 2E 8F 80 3D B7 32
15.568832230,0x1A4,0E 77 D4 1A F0 9C 33 65
15.568832230,0x316,E1 C0 F9 A6 54 BA 42 92
15.568832230,0x427,53 90 33 32 34 AE A8 8F
15.578928622,0x1A4,F9 F7 D1 1A CC 8D 40 FF
15.578928622,0x316,C1 B8 54 BC 54 1A 35 86
15.578928622,0x427,A6 F7 09 3F B7 5C 08 3E
15.588168151,0x1A4,9E 42 CF 1A A2 6C 29 44
15.588168151,0x316,F1 85 DA C6 B3 C9 18 6E
15.588168151,0x427,E0 1A CB 52 DD FC 4A AF
15.601738541,0x1A4,3E 50 CD 1A 61 EE 75 93
15.601738541,0x316,DF AC EF 16 EF C1 CE 1C
15.601738541,0x427,D0 A5 F7 AB 70 83 E0 69
15.609477239,0x1A4,2B 28 CA 1A 3A 2E 82 5D
15.609477239,0x316,3D B4 2A 59 8A EF C3 30
15.609477239,0x427,C2 E8 1B 52 DE C8 32 58
15.619010714,0x1A4,2C 55 C8 1A C5 F0 C8 A7
15.619010714,0x316,36 6B 32 06 58 D5 09 C5
15.619010714,0x427,B4 9B 08 4E 0D 50 54 2B
15.630522777,0x1A4,8E C1 C5 1A 8A 03 87 59
15.630522777,0x316,B5 A8 C0 9D 15 55 53 D2
15.630522777,0x427,79 12 7B FD 47 0A 84 CD
15.638255875,0x1A4,6E AE C3 1A A3 DD 88 9F
15.638255875,0x316,1A 5C 54 25 00 36 C2 70
15.638255875,0x427,56 18 7D 0B 80 3C 99 EC
15.651566123,0x1A4,0B B7 C1 1A 7F F9 C5 3B
15.651566123,0x316,F2 91 1E 33 CF B3 73 AF
15.651566123,0x427,38 B8 B2 5F 4B 0A EF 27
15.658113783,0x1A4,53 D7 BE 1A 86 1B 7E BA
15.658113783,0x316,4C C0 4E DA 61 EF F7 15
15.658113783,0x427,ED 64 C4 1C C7 38 55 BD
15.669200508,0x1A4,17 34 BC 1A E2 69 38 3E
15.669200508,0x316,B0 CA ED F2 07 04 FA 9E
15.669200508,0x427,46 28 3E ED 21 2A CE 25
15.679282293,0x1A4,D0 8D BA 1A 74 19 1B D5
15.679282293,0x316,8D 4C F4 D1 EB BA A5 49
15.679282293,0x427,61 06 84 03 F1 A1 E0 57
15.691862095,0x1A4,5E 90 B7 1A 48 58 E5 CD
15.691862095,0x316,ED B6 7C 1C 62 37 1C 4E
15.691862095,0x427,2F 3C 37 73 96 ED 9F 78
15.700150512,0x1A4,05 D2 B5 1A 70 DF F5 54
15.700150512,0x316,32 A6 81 35 A3 7D 71 BD
15.700150512,0x427,C8 B9 BA 89 F1 75 3D 36
15.708843007,0x1A4,48 53 B2 1A 16 75 E2 8B
15.708843007,0x316,A2 C0 F4 85 6E 46 17 C0
15.708843007,0x427,2A 69 37 42 04 29 7E 8C
15.721995755,0x1A4,05 9D B0 1A 0C AE 7F 9F
15.721995755,0x316,99 45 DC BA 2A 83 07 FE
15.721995755,0x427,29 58 2F 24 A8 2E F0 B1
15.730854370,0x1A4,66 9F AE 1A 32 20 13 AB
15.730854370,0x316,12 1C B5 04 6D 4B 69 60
15.730854370,0x427,D4 CF 3F 95 8A 41 F2 E7
15.738017002,0x1A4,52 FE AB 1A 34 4E DC 86
15.738017002,0x316,08 A3 21 0B 4C 96 65 41
15.738017002,0x427,8E 11 9A 2B 4A 5F 63 0F
15.751867432,0x1A4,88 1C A9 1A 15 D1 60 33
15.751867432,0x316,DE 41 08 CA B9 92 4F B2
15.751867432,0x427,85 F0 32 9E 85 B3 72 45
15.759433054,0x1A4,B3 FE A7 1A 0E AC 07 77
15.759433054,0x316,26 36 9E A7 05 16 F7 F1
15.759433054,0x427,5D 30 22 02 92 8D 0C 11
15.769668258,0x1A4,94 3F A4 1A 9D 31 0E A9
15.769668258,0x316,CA 98 74 45 1D 2A B9 A9
15.769668258,0x427,85 1B 22 DA A1 C4 B1 E9
15.781234725,0x1A4,90 56 A2 1A 54 52 37 5C
15.781234725,0x316,67 9A 41 DD F9 C5 9E 1B
15.781234725,0x427,32 51 E2 04 7A FD E0 4A
15.791335004,0x1A4,53 9C 9F 1A 68 A7 26 E2
15.791335004,0x316,12 CF 3F A6 AE 2F F3 62
15.791335004,0x427,C9 DD 2D 3B 4C B4 D3 FA
15.800625678,0x1A4,57 A2 9D 1A F0 B2 2F 82
15.800625678,0x316,6C 3D 03 FA 56 2A AE B5
15.800625678,0x427,FD A0 7F 19 C4 28 64 E7
15.808492963,0x1A4,F7 B8 9B 1A 98 D1 12 7C
15.808492963,0x316,94 D1 E4 DD 32 F7 DB 98
15.808492963,0x427,DE 5B 14 88 C2 85 88 16
15.819274458,0x1A4,CF 0C 98 1A 2D 7C E9 32
15.819274458,0x316,EB A6 2A 80 A7 A3 7F F7
15.819274458,0x427,62 96 3E 75 FA 37 89 8F
15.830171810,0x1A4,9E 45 96 1A 99 61 64 B6
15.830171810,0x316,93 44 80 05 A6 36 2D 0A
15.830171810,0x427,40 17 55 3F EB E4 19 EC
15.840179257,0x1A4,F4 C3 94 1A E1 BA 0F 4E
15.840179257,0x316,D3 D1 64 55 2A 3D 6C 7D
15.840179257,0x427,A5 D9 B5 64 FB 63 90 BE
15.850769601,0x1A4,0D 7F 91 1A C9 0A B4 04
15.850769601,0x316,58 91 C6 58 73 07 2F AF
15.850769601,0x427,D9 F9 16 5A B3 0F FA 5A
15.858537430,0x1A4,0B 23 8F 1A 36 40 65 4D
15.858537430,0x316,4A EA 77 3C 57 7D F9 FE
15.858537430,0x427,43 37 6E FA 5F BB 84 FA
15.870897331,0x1A4,05 04 8D 1A 62 F5 9F 46
15.870897331,0x316,FC 35 D8 CF 19 DE DF 0F
15.870897331,0x427,AD ED 33 A0 51 46 F7 41
15.881774024,0x1A4,79 FE 8A 1A 8B 9C 1D 63
15.881774024,0x316,06 64 F1 E3 43 D7 FC FF
15.881774024,0x427,4B 93 9A D0 5A 56 88 FD
15.888368958,0x1A4,A9 13 88 1A 43 F1 B2 F1
15.888368958,0x316,4F 81 10 8E 2C 4B F9 F2
15.888368958,0x427,AA C8 BA 47 B6 C9 BF 39
15.899194283,0x1A4,FB 58 85 1A 16 4C 7F 57
15.899194283,0x316,1D 48 AD E5 2B 98 91 64
15.899194283,0x427,18 AE 2C A8 16 84 23 23
15.909320489,0x1A4,E0 BB 83 1A 94 0C DA BA
15.909320489,0x316,65 53 D8 61 BF C3 4D 85
15.909320489,0x427,28 41 EA F5 C5 12 91 AD
15.919687691,0x1A4,ED 6A 81 1A 17 5D 69 DF
15.919687691,0x316,55 61 22 A0 E4 FD BF AF
15.919687691,0x427,44 B8 38 3A 8C 5B D6 6A
15.930585340,0x1A4,38 49 7E 1A CD 7A A9 92
15.930585340,0x316,9F 91 1A 27 42 CF 2C 6D
15.930585340,0x427,D4 1F 75 F8 11 51 F8 4F
15.938154472,0x1A4,31 6B 7C 1A 93 74 F9 9A
15.938154472,0x316,32 01 4C 54 72 C0 FC 72
15.938154472,0x427,D6 D4 CF 8A 83 D1 BB 21
15.948204207,0x1A4,67 0B 7A 1A 80 72 08 A7
15.948204207,0x316,5F C0 79 23 9F 6D BE 94
15.948204207,0x427,11 2A 96 8A B8 CF 1D AF
15.959208072,0x1A4,7C AF 77 1A 6B 9A CA 33
15.959208072,0x316,97 8B D2 DC 5B 27 5B 23
15.959208072,0x427,CB 84 1A 4F 9A A3 43 B0
15.968386537,0x1A4,62 D1 75 1A 94 7A 0D E6
15.968386537,0x316,B2 1D 18 86 20 1A D9 E8
15.968386537,0x427,5B E8 9F 22 84 B1 18 6E
15.981946983,0x1A4,B3 43 73 1A 6A 5C B4 E8
15.981946983,0x316,ED 83 CC F9 2E FF 21 C5
15.981946983,0x427,16 B5 28 25 CD CD FE A7
15.990379657,0x1A4,E5 0C 70 1A 83 A2 99 90
15.990379657,0x316,2E DC C7 EA 0A D4 75 28
15.990379657,0x427,86 6E 47 51 CD 42 5C 11
15.998246610,0x1A4,9A DA 6E 1A E7 2A 70 88
15.998246610,0x316,53 8D D7 F2 DE 40 2D B8
15.998246610,0x427,33 A1 4E 1E 4D 7C 23 2F
16.011585534,0x1A4,53 13 6C 1A 69 F2 EA D6
16.011585534,0x316,CD F6 2F E1 FE FB 40 25
16.011585534,0x427,69 E2 21 BA 75 38 8C 07
16.021570096,0x1A4,8C 8C 69 1A 00 80 95 51
16.021570096,0x316,F3 52 50 E1 E4 B6 0F F9
16.021570096,0x427,0F 89 FE 69 0D F4 10 F6
16.028649305,0x1A4,AC CB 67 1A B7 38 A8 4D
16.028649305,0x316,EC BD 68 71 62 47 E0 BE
16.028649305,0x427,3E 74 0B EF 76 D5 5A D2
16.040983040,0x1A4,B0 B5 65 1A 48 6E 08 A3
16.040983040,0x316,5E 79 E9 EE 3B D3 03 BD
16.040983040,0x427,61 81 17 46 4A A8 E6 26
16.048094993,0x1A4,46 9D 62 1A BF 6A 1C 30
16.048094993,0x316,6D 5F 55 1B B5 FD AC 21
16.048094993,0x427,E8 8B 4B 2F 27 ED B4 06
16.058765476,0x1A4,1B C2 60 1A E2 95 67 FC
16.058765476,0x316,7C D3 AA 9C D3 34 F0 9D
16.058765476,0x427,A0 1B 51 44 A8 E5 08 9B
16.071765046,0x1A4,75 BC 5E 1A F5 C1 C3 9C
16.071765046,0x316,81 01 1D 3B 2C 18 AB 98
16.071765046,0x427,92 50 70 3B CF 12 1D 3B
16.081906973,0x1A4,5D FF 5B 1A 20 79 AD 06
16.081906973,0x316,1D 8D F8 5B 63 80 58 14
16.081906973,0x427,EE 06 2A B0 71 B1 A2 C7
16.089863570,0x1A4,6D 9A 59 1A 40 80 53 22
16.089863570,0x316,0D 58 98 80 F6 83 9C D8
16.089863570,0x427,CC 63 CE 9A 7A E2 00 78
16.101685617,0x1A4,B1 E2 57 1A E8 1F 4A A6
16.101685617,0x316,A5 CD BB 5F 16 15 19 2F
16.101685617,0x427,95 27 25 DA ED 98 30 63
16.109739307,0x1A4,FD 60 54 1A 38 08 4E 79
16.109739307,0x316,BA 08 34 23 60 E7 ED 29
16.109739307,0x427,F9 79 79 31 00 08 ED 39
16.119652182,0x1A4,34 32 52 1A 84 4C 99 68
16.119652182,0x316,79 D1 B8 C3 EE 43 04 F8
16.119652182,0x427,62 F9 D7 03 4B 50 E9 EC
16.130375733,0x1A4,B9 75 50 1A D3 2D 40 F3
16.130375733,0x316,D8 40 BD 69 01 50 F9 38
16.130375733,0x427,DD BD 0B BE DA E0 DC AB
16.138121352,0x1A4,47 85 4D 1A B1 E6 EC 33
16.138121352,0x316,81 A5 FD C1 AF 2E 5E 34
16.138121352,0x427,77 4F EE 10 2B FF 54 2D
16.149056018,0x1A4,A0 A2 4B 1A 66 28 67 F4
16.149056018,0x316,CC 17 52 FC B3 FE 74 70
16.149056018,0x427,92 2A FC DD 27 9A F7 9D
16.158451126,0x1A4,C3 E5 49 1A 33 C5 17 B0
16.158451126,0x316,01 5C 2C 53 C1 F5 E4 DD
16.158451126,0x427,18 AA 21 75 79 E5 38 E3
16.168041168,0x1A4,C8 39 46 1A 0B 4A 74 6D
16.168041168,0x316,36 59 A5 67 0A 02 B6 C6
16.168041168,0x427,7F 20 B5 0A 35 4C A1 9B
16.181370297,0x1A4,02 B4 44 1A 98 31 07 D3
16.181370297,0x316,99 33 60 61 4B 16 5F B8
16.181370297,0x427,CF 0C 1A 50 9A 0F E7 64
16.188475246,0x1A4,50 95 42 1A 12 6C 6B F0
16.188475246,0x316,8F 5F 12 BE D0 4B 6A 92
16.188475246,0x427,2E A8 03 98 D3 BD 41 89
16.200108442,0x1A4,0E 82 3F 1A B3 62 32 A4
16.200108442,0x316,0E 50 33 E0 52 B8 40 B4
16.200108442,0x427,95 94 73 C9 B5 EB DB 09
16.211070821,0x1A4,55 42 3D 1A 0C 27 FC 1B
16.211070821,0x316,A5 AF 9C 73 09 6D F7 74
16.211070821,0x427,1B EF B6 D3 15 56 B5 E0
16.221135701,0x1A4,FF C4 3B 1A 90 2F B6 E0
16.221135701,0x316,F8 21 EF FE 31 9D E7 3E
16.221135701,0x427,76 B2 C9 84 D1 CA B1 89
16.230901332,0x1A4,6D C6 38 1A 2E 53 DC FB
16.230901332,0x316,4F 1B 34 BC E5 64 0C 0A
16.230901332,0x427,47 7D C5 8E 7E 81 2C 63
16.241636109,0x1A4,D8 E0 36 1A 7C 84 E1 C3
16.241636109,0x316,E3 2E 72 A1 31 73 6C F6
16.241636109,0x427,60 A0 9E 0C 3A 08 9A 30
16.249950812,0x1A4,17 BB 34 1A 45 9A 86 70
16.249950812,0x316,3F F1 E5 65 2B E1 67 E2
16.249950812,0x427,AE 42 F7 4D 52 B2 0F C6
16.259348035,0x1A4,7C F8 32 1A D4 B2 31 49
16.259348035,0x316,14 D9 1A 76 A7 DD 9E 2A
16.259348035,0x427,56 7B 26 6C 4B 17 5F 4B
16.271628286,0x1A4,33 5E 2F 1A 38 BC 45 EB
16.271628286,0x316,27 C5 F6 0D CD C1 A0 B0
16.271628286,0x427,73 1F 58 84 97 49 57 E7
16.278228283,0x1A4,C2 D0 2D 1A 33 1C AD 76
16.278228283,0x316,87 E6 73 D4 84 E8 66 A5
16.278228283,0x427,7B 7C A2 73 FA 20 27 17
16.289379119,0x1A4,5C 61 2B 1A F4 1B 2B 80
16.289379119,0x316,3F D0 F8 1C 79 7F 05 2E
16.289379119,0x427,94 EC 5A C7 CB E6 DF 95
16.299980157,0x1A4,6B 71 28 1A 4C AE F2 E4
16.299980157,0x316,48 89 34 B2 10 56 E1 8B
16.299980157,0x427,56 75 A3 22 3F 05 A0 64
16.311571208,0x1A4,C7 05 26 1A E3 55 CE 52
16.311571208,0x316,7C 41 6D 73 E9 A3 60 06
16.311571208,0x427,82 FC CA 2D AA 6B 24 74
16.319199562,0x1A4,39 EA 24 1A 99 B9 88 E5
16.319199562,0x316,07 35 6F B6 A8 D0 52 E5
16.319199562,0x427,DC D0 B1 33 F1 B1 EE E1
16.330767725,0x1A4,6F 1E 21 1A B1 03 16 17
16.330767725,0x316,B8 64 05 40 81 90 F6 52
16.330767725,0x427,AA 64 14 B1 D0 1A 09 A6
16.338816926,0x1A4,84 CC 1F 1A 8E E1 22 B6
16.338816926,0x316,71 85 E6 CB 2C 83 FB 29
16.338816926,0x427,D4 67 E7 B7 94 14 B7 BB
16.351577779,0x1A4,02 98 1D 1A 23 4F 58 17
16.351577779,0x316,C2 E9 39 1D 13 46 CB B4
16.351577779,0x427,57 C6 0B 73 F3 91 52 A2
16.359127654,0x1A4,BC DB 1B 1A 58 A6 D6 15
16.359127654,0x316,0D E4 18 86 9C 3E 10 B5
16.359127654,0x427,DF 8C 53 62 57 67 14 BA
16.369477462,0x1A4,09 57 18 1A 22 25 A6 F9
16.369477462,0x316,94 92 FC 82 0C C9 B0 9C
16.369477462,0x427,3E 12 23 F3 46 2F EF 28
16.381348799,0x1A4,28 15 16 1A D7 77 E3 8C
16.381348799,0x316,0A 76 6F 61 C9 6D 3D 0B
16.381348799,0x427,7D B5 AC C4 35 1E BF 2B
16.391261801,0x1A4,F2 65 14 1A BA 37 CF 55
16.391261801,0x316,45 0E C4 90 F1 DE 0D DF
16.391261801,0x427,F6 FA D6 A8 8B 1A D8 DC
16.399891896,0x1A4,FB 47 11 1A FF F6 80 29
16.399891896,0x316,59 E4 6A DE 28 FD 04 25
16.399891896,0x427,5A 36 CA 2D B9 75 E7 C4
16.408665847,0x1A4,8A BE 0F 1A 35 AF 22 0D
16.408665847,0x316,AE B4 69 6B 2A 2A DD 4E
16.408665847,0x427,71 97 3C 4F 5D E1 EB BA
16.418430435,0x1A4,9F F6 0D 1A 05 E0 01 F6
16.418430435,0x316,CD FA 3D 72 6E 85 ED 49
16.418430435,0x427,C8 36 5F A0 40 18 42 2E
16.429919108,0x1A4,6D 04 0B 1A C2 D7 06 E6
16.429919108,0x316,9B A3 AE 21 BA FE DE F5
16.429919108,0x427,E7 16 EE 33 24 88 E7 00
16.441464876,0x1A4,17 1D 08 1A C3 FA F0 C3
16.441464876,0x316,88 E1 CB 40 4E 0C 20 03
16.441464876,0x427,EF 9A 69 75 DE 85 64 7F
16.449220146,0x1A4,05 38 06 1A 85 04 A7 7F
16.449220146,0x316,45 E4 22 8B AC 57 B5 CE
16.449220146,0x427,26 DE 78 01 A6 D5 A4 9B
16.458495901,0x1A4,92 D1 04 1A 02 D7 53 7E
16.458495901,0x316,8C 98 E5 3C 5C 0B 85 37
16.458495901,0x427,6E AE BF 96 0E 11 D3 A8
16.468392862,0x1A4,CB 42 01 1A 91 34 28 74
16.468392862,0x316,17 AE FF 68 6F BE 1E 71
16.468392862,0x427,7E E1 53 14 33 54 E9 99
16.480909595,0x1A4,BB 4A FF 19 05 C5 AE 01
16.480909595,0x316,A9 85 A5 3E DC C0 D5 E1
16.480909595,0x427,64 94 1E 8C C9 68 32 47
16.488449929,0x1A4,B1 FC FD 19 4F 40 EE A0
16.488449929,0x316,08 82 BB 8E B1 79 F3 D1
16.488449929,0x427,88 BF 43 D3 EE BC 27 35
16.499154886,0x1A4,54 F1 FB 19 6E AC 51 2F
16.499154886,0x316,D6 1D F4 25 96 AB 18 0E
16.499154886,0x427,46 27 3D A7 27 5D 59 59
16.508587194,0x1A4,08 8D F8 19 E4 41 37 25
16.508587194,0x316,70 8E 94 DA 22 78 4D 08
16.508587194,0x427,12 49 C0 AA 48 E2 FD 93
16.518604441,0x1A4,3E 1D F6 19 8A EA 70 9A
16.518604441,0x316,4D AA 66 4C 2E B2 C3 54
16.518604441,0x427,E0 54 9E EB FB AE 73 16
16.530681998,0x1A4,D2 51 F4 19 8E 0F E0 1B
16.530681998,0x316,5A B0 BD 6A CC 6D 65 FE
16.530681998,0x427,DA AF A1 2D ED 43 4D 29
16.541281339,0x1A4,71 1F F1 19 C5 29 CD 48
16.541281339,0x316,DA 60 70 9C E1 5A 32 A9
16.541281339,0x427,4E 09 07 B1 25 29 29 B3
16.551830226,0x1A4,23 E3 EF 19 92 1C 81 92
16.551830226,0x316,48 FD 8C C9 4E D8 EA 8F
16.551830226,0x427,53 59 6B 2D D8 FE 5E F7
16.561280446,0x1A4,0C 05 ED 19 E7 67 D4 BF
16.561280446,0x316,80 22 37 94 B3 52 35 5C
16.561280446,0x427,37 76 75 EE 30 D0 2C 09
16.570898082,0x1A4,C0 1F EB 19 8E 33 BD C4
16.570898082,0x316,3A 90 9E 4C F9 73 A4 52
16.570898082,0x427,C1 90 5A 5E FF 82 C4 E5
16.580302588,0x1A4,56 2B E8 19 DD DE FC D1
16.580302588,0x316,73 9A 52 11 16 41 29 C2
16.580302588,0x427,47 18 65 6D CF 23 E3 D7
16.588218007,0x1A4,57 AC E6 19 40 FB 9E 10
16.588218007,0x316,B7 15 F7 4A ED 73 87 78
16.588218007,0x427,CA 97 71 22 1D EA 3C 1F
16.599005665,0x1A4,57 94 E4 19 AF 28 02 DC
16.599005665,0x316,2A 4B 40 46 90 02 47 54
16.599005665,0x427,99 ED EC 86 D5 09 EC 69
16.609632340,0x1A4,DD 36 E2 19 0A 6D B8 35
16.609632340,0x316,C5 E1 21 B2 71 5D 84 35
16.609632340,0x427,F1 8D AF 9C 63 2F E5 0E
16.619709635,0x1A4,3D 3B DF 19 C4 1C 45 92
16.619709635,0x316,FC 7C CF BA 91 AD B6 FA
16.619709635,0x427,CE BD 04 A1 AA 0B 69 87
16.629303330,0x1A4,9E 6F DD 19 39 86 71 16
16.629303330,0x316,55 56 D1 7B 2D EC 5C B9
16.629303330,0x427,84 A5 4B B0 72 BB D2 9A
16.639683825,0x1A4,4B 86 DB 19 51 7B C6 C9
16.639683825,0x316,71 BE 7C FC FC 36 F1 B4
16.639683825,0x427,79 1B 85 49 8B 62 53 6D
16.649820236,0x1A4,7A 3D D9 19 AA 49 09 D9
16.649820236,0x316,F9 64 05 51 90 14 79 42
16.649820236,0x427,0B 0A 80 86 00 8D 3C 93
16.659598635,0x1A4,24 EA D6 19 A5 ED 8C 9F
16.659598635,0x316,F5 21 96 5A 14 C7 56 ED
16.659598635,0x427,5B E1 34 21 AE 1B 42 9D
16.669830532,0x1A4,C9 CD D4 19 67 DE 13 7F
16.669830532,0x316,73 70 0B 85 F2 D9 AB BA
16.669830532,0x427,96 6B C1 A1 2C F6 6B 7F
16.680515256,0x1A4,95 C5 D2 19 17 CD D7 CE
16.680515256,0x316,73 66 0E 2E 77 C8 37 E2
16.680515256,0x427,0D 04 02 9C 3F A5 93 3B
16.691092062,0x1A4,4E F6 D0 19 EA 6C 5D 4A
16.691092062,0x316,5D A1 B0 FA 79 D9 8C 31
16.691092062,0x427,62 9B 67 00 B8 D2 42 1E
16.699671912,0x1A4,BF FF CD 19 BA BE 02 77
16.699671912,0x316,F5 31 1E A0 23 AA F6 CB
16.699671912,0x427,4F 61 30 1E 38 BA CA BC
16.711320581,0x1A4,04 1A CB 19 38 A2 13 35
16.711320581,0x316,C5 3F B0 CC 03 D3 84 9D
16.711320581,0x427,DD 9C BD FF 2E 54 25 6A
16.721882687,0x1A4,A9 99 C9 19 50 60 A5 0B
16.721882687,0x316,CF 68 73 55 44 AA 82 59
16.721882687,0x427,E0 63 77 8F 20 DE 58 CE
16.730980152,0x1A4,A8 6E C7 19 63 C7 5B 36
16.730980152,0x316,AA 60 E4 02 D2 8F FF A3
16.730980152,0x427,1F 00 81 33 57 F5 A4 B0
16.740465089,0x1A4,04 B0 C4 19 A3 81 21 41
16.740465089,0x316,BC 40 4A CA 4F B4 5D 11
16.740465089,0x427,96 2E CA 4E 7F 69 DF 4C
16.748192798,0x1A4,51 69 C2 19 7E 61 CC 8C
16.748192798,0x316,27 AC EC 52 BB 3F 5C C4
16.748192798,0x427,9D D1 91 01 E2 67 24 1D
16.760074949,0x1A4,22 EF C0 19 12 07 52 55
16.760074949,0x316,02 79 63 57 1F 7D 63 65
16.760074949,0x427,EC 0E 72 B9 96 D7 A4 91
16.770029963,0x1A4,5E BD BE 19 59 F4 C9 F5
16.770029963,0x316,94 3C 74 07 47 C1 00 D5
16.770029963,0x427,3B 07 F6 2C 58 01 AB 31
16.780814172,0x1A4,B9 9E BB 19 37 93 75 D5
16.780814172,0x316,83 07 83 56 D3 86 1A EC
16.780814172,0x427,09 30 27 AC EA D6 A6 7A
16.789822232,0x1A4,79 A9 B9 19 84 DC 78 79
16.789822232,0x316,0E DD 18 CC 75 58 1A 09
16.789822232,0x427,D0 76 49 A5 75 C4 C0 22
16.799087597,0x1A4,72 4A B7 19 5A 65 C7 27
16.799087597,0x316,0D 36 90 A0 8F 0E EB 75
16.799087597,0x427,26 EF 5D E4 D1 57 7F DD
16.810959024,0x1A4,71 B4 B5 19 AD 93 5B E5
16.810959024,0x316,0F BF C9 55 43 70 64 76
16.810959024,0x427,5E 81 B3 C8 43 39 6D D0
16.819375283,0x1A4,E4 D3 B2 19 C8 A4 83 ED
16.819375283,0x316,0F 07 1A BE EC 79 57 0E
16.819375283,0x427,5D 7D C9 D5 0B 0E 65 85
16.830032924,0x1A4,BD CA B0 19 AB 14 A0 90
16.830032924,0x316,24 40 97 B9 1E 5C 9E AD
16.830032924,0x427,4B CB C4 50 E1 17 20 8E
16.841221540,0x1A4,69 CA AE 19 38 BB CA 04
16.841221540,0x316,7E B0 50 35 E4 54 D0 93
16.841221540,0x427,2B 7D 7C AF 20 8E EB 54
16.850547744,0x1A4,FE 58 AC 19 F5 31 8B EA
16.850547744,0x316,36 E6 55 E3 E0 6B B8 CB
16.850547744,0x427,D8 3C 85 5A 76 56 F3 10
16.858852992,0x1A4,A2 93 A9 19 BE D8 38 26
16.858852992,0x316,66 3A CC 47 7B AE 3A D7
16.858852992,0x427,F7 F6 FA 07 4D B1 D2 56
16.871365473,0x1A4,87 70 A7 19 9C C7 0F 60
16.871365473,0x316,CA 03 63 A0 63 20 C6 88
16.871365473,0x427,B1 E7 A7 D7 E9 F9 7C 2A
16.880516929,0x1A4,48 DA A5 19 AD 70 0E 9B
16.880516929,0x316,86 9D BA 63 7A 10 F8 2F
16.880516929,0x427,89 7E 5E 98 A2 87 E9 1D
16.891177116,0x1A4,0E 03 A3 19 30 B1 47 C8
16.891177116,0x316,74 F0 64 C0 FF 87 EB 4E
16.891177116,0x427,1B 53 8C B4 B7 0E 9A DB
16.899373007,0x1A4,41 08 A1 19 51 13 B8 B5
16.899373007,0x316,65 C9 18 08 C2 DA 80 45
16.899373007,0x427,2D 5B F3 69 37 61 38 16
16.911370839,0x1A4,9B F5 9E 19 18 44 86 E0
16.911370839,0x316,5E 1F D6 3C EA 19 20 5F
16.911370839,0x427,0D 22 B0 73 05 53 57 D4
16.919409248,0x1A4,08 D4 9C 19 2C 13 79 4D
16.919409248,0x316,6F F1 54 37 2B FB 6C 86
16.919409248,0x427,63 BB 64 4D AF A2 CD 2C
16.931903809,0x1A4,4B 30 9A 19 7D 99 CC 5F
16.931903809,0x316,C1 16 F2 C8 86 B8 92 09
16.931903809,0x427,64 45 1D C7 A9 B8 BC 33
16.938342058,0x1A4,C2 8E 98 19 5B E7 B4 17
16.938342058,0x316,D6 2D 9B 71 48 DE 88 81
16.938342058,0x427,0C 20 62 06 A9 EB 8C CC
16.949600169,0x1A4,9A D0 95 19 F7 2E AB E7
16.949600169,0x316,26 8F 03 80 22 A4 71 27
16.949600169,0x427,7B B6 B1 30 FD D5 11 57
16.959728688,0x1A4,98 75 93 19 38 D1 C4 7B
16.959728688,0x316,F0 41 81 BB 5F 8A B6 DF
16.959728688,0x427,68 7B 0C 86 1C AB 73 4F
16.969486577,0x1A4,36 58 91 19 95 6B CC 53
16.969486577,0x316,EA FB AE 24 84 BB FC C4
16.969486577,0x427,E7 37 2E DF A7 03 27 19
16.981681646,0x1A4,64 AB 8F 19 37 46 76 FB
16.981681646,0x316,AF 54 22 F0 58 2F 22 84
16.981681646,0x427,1E 58 3D AD A1 EB 22 FE
16.991065771,0x1A4,72 C0 8D 19 6C 24 87 34
16.991065771,0x316,17 76 7D B9 D6 81 5B 09
16.991065771,0x427,0A 2B 99 75 29 FB 38 63
17.001494239,0x1A4,BC 8F 8A 19 87 33 64 DD
17.001494239,0x316,D4 64 B8 85 69 6D A7 1D
17.001494239,0x427,3F 58 0D 01 BF 78 9C 4F
17.009339463,0x1A4,0C A9 88 19 23 8C 45 0B
17.009339463,0x316,40 A9 E2 AF E6 A7 1E D9
17.009339463,0x427,06 3B 23 98 C6 34 33 DF
17.021872732,0x1A4,18 9B 86 19 3C 7A 52 55
17.021872732,0x316,DB 2D 85 77 97 AF A1 E3
17.021872732,0x427,FC D0 CF 0B 7D F2 64 1A
17.029557951,0x1A4,AB 94 84 19 77 62 24 C4
17.029557951,0x316,A0 31 B3 A8 B7 AC DC BE
17.029557951,0x427,FD BD FE 4F 22 44 C1 05
17.038657289,0x1A4,0D F6 82 19 A8 A6 2C C2
17.038657289,0x316,D8 98 E8 4F A4 BA 8B A3
17.038657289,0x427,64 FF 62 E4 6C 72 B8 35
17.051594699,0x1A4,4A 37 7F 19 27 9B 57 33
17.051594699,0x316,DD AB 4A 31 C8 7A 5C 49
17.051594699,0x427,09 81 D2 46 38 3A 43 88
17.061793202,0x1A4,F5 CC 7D 19 16 60 D5 C5
17.061793202,0x316,1B F4 EC 70 0F C9 CE AB
17.061793202,0x427,91 5D 1E 1E 93 AA CC 45
17.071992492,0x1A4,14 E2 7B 19 BE A8 51 28
17.071992492,0x316,3D 11 0D 46 D6 46 4D 1D
17.071992492,0x427,21 DD E7 03 67 05 53 F5
17.079445900,0x1A4,28 52 79 19 50 A2 43 8F
17.079445900,0x316,C5 7A 99 83 75 44 35 1A
17.079445900,0x427,42 41 E2 34 7E 29 E3 8A
17.090675606,0x1A4,02 73 76 19 54 3A A3 8C
17.090675606,0x316,26 3A 88 51 BE AB 63 45
17.090675606,0x427,6D 11 3D 24 A9 A7 7A F1
17.100867812,0x1A4,10 86 74 19 4C 21 D3 CD
17.100867812,0x316,5B 3B 84 48 93 19 F7 92
17.100867812,0x427,28 DB AC 3E 4D AD D8 2B
17.109057541,0x1A4,11 F9 72 19 94 70 B6 4F
17.109057541,0x316,D8 CB FE 9C 42 0B 6A E4
17.109057541,0x427,9E 97 B7 56 CA 42 63 8A
17.118290411,0x1A4,43 E4 70 19 20 64 FC 0C
17.118290411,0x316,B1 87 4C 21 8D 10 6C 07
17.118290411,0x427,64 20 82 78 C5 2B 3E E7
17.130014571,0x1A4,55 4D 6E 19 73 AF EA 0C
17.130014571,0x316,C3 06 1E 1B 0A 96 33 62
17.130014571,0x427,2E D4 C5 0D D4 EE 0B 16
17.139333417,0x1A4,F9 DB 6B 19 2A A8 54 64
17.139333417,0x316,5B D4 D1 2D 27 C0 65 B4
17.139333417,0x427,C0 68 9B 98 36 A8 2A E4
17.150571505,0x1A4,31 DF 69 19 B2 FD 24 A1
17.150571505,0x316,80 86 0F D6 77 06 AC B0
17.150571505,0x427,0D 9E 09 B3 4D 53 22 72
17.159014511,0x1A4,83 D7 67 19 EA 31 0A 5B
17.159014511,0x316,54 1C FC 4F 4F B7 13 55
17.159014511,0x427,A2 E0 43 D1 42 C5 B9 32
17.169950142,0x1A4,3B 87 65 19 53 AB 26 C2
17.169950142,0x316,4A 27 BE AB EF 45 2E CF
17.169950142,0x427,FE 77 92 88 98 90 1B 14
17.179534445,0x1A4,5E 37 63 19 58 92 3B EC
17.179534445,0x316,77 5E 78 C1 7B 92 B1 C3
17.179534445,0x427,B5 CF 37 77 C0 A3 5A 91
17.188851506,0x1A4,EB 55 61 19 AA 5A C9 17
17.188851506,0x316,08 01 17 D0 9D D7 66 CD
17.188851506,0x427,A9 BD 70 EB 2A 69 D7 B2
17.201713747,0x1A4,02 EE 5E 19 55 3A E6 18
17.201713747,0x316,0D 2A A1 74 5A D4 75 4F
17.201713747,0x427,CE F2 39 AF 23 9E F8 A4
17.208851227,0x1A4,95 B5 5C 19 E0 EA 38 C4
17.208851227,0x316,A3 3A 24 77 C7 B1 75 78
17.208851227,0x427,DA 4F 50 3B 46 F8 8B F2
17.219289476,0x1A4,FD 97 5A 19 B8 F1 CA 24
17.219289476,0x316,22 CE 70 DC CA A6 4C E5
17.219289476,0x427,B9 EA EF 9D EF BE 0F 42
17.229303375,0x1A4,76 4C 58 19 2D 04 0B 5D
17.229303375,0x316,3C 27 5F 64 1B 3A F0 2E
17.229303375,0x427,8D F1 19 B3 58 D7 D1 EA
17.241804550,0x1A4,F4 46 56 19 79 5F 90 54
17.241804550,0x316,A6 66 ED C9 73 D6 5C DC
17.241804550,0x427,A1 38 E5 E1 FF 8A 23 53
17.250554344,0x1A4,ED 5B 53 19 C0 3D CD 7C
17.250554344,0x316,EE 63 BF 07 0D C6 BB 10
17.250554344,0x427,48 83 AF 79 9F 2A E6 1C
17.261379063,0x1A4,8E 06 51 19 62 F1 88 7A
17.261379063,0x316,44 EF 13 76 54 23 84 D8
17.261379063,0x427,61 A6 B9 2B D5 04 42 48
17.269038619,0x1A4,A8 D0 4F 19 83 DC 3E 59
17.269038619,0x316,59 98 BC 9A 4D 1D 1E 93
17.269038619,0x427,A5 E4 9C 20 42 FD 08 82
17.278864619,0x1A4,EB C3 4D 19 43 09 DB 67
17.278864619,0x316,6C 25 4B D1 CD 99 DA B6
17.278864619,0x427,49 51 F8 CB 5F 20 63 1B
17.291789047,0x1A4,D0 32 4B 19 5F D6 5F 8E
17.291789047,0x316,A2 72 42 A6 0B 13 28 12
17.291789047,0x427,0F C1 DC CA 00 9D 57 4D
17.298231789,0x1A4,6F 03 48 19 BA 72 02 76
17.298231789,0x316,96 E8 9B 66 57 5D 2D 97
17.298231789,0x427,27 54 D7 69 26 45 13 3D
17.311755203,0x1A4,4F A7 46 19 81 89 62 3E
17.311755203,0x316,08 63 46 8C B5 8D B5 28
17.311755203,0x427,FA F7 50 F9 CC E7 7C 7B
17.321689524,0x1A4,A3 CB 44 19 CE 4D E9 10
17.321689524,0x316,03 0B 39 57 4E 18 4F 35
17.321689524,0x427,8D C7 5C D0 2A E8 AD B1
17.331829989,0x1A4,B0 D2 42 19 71 BF 5F 6E
17.331829989,0x316,F9 CC C8 C8 CD BA EE FA
17.331829989,0x427,3B 57 73 6F B7 C0 34 91
17.340218605,0x1A4,5B 3F 40 19 54 79 9A 57
17.340218605,0x316,1F 1D 66 8B F8 B5 B2 B1
17.340218605,0x427,16 9C 74 3C 16 54 4F 2C
17.350452146,0x1A4,EF F4 3E 19 08 3F 6B AB
17.350452146,0x316,3F E3 F0 13 85 28 47 BD
17.350452146,0x427,EC 0D 4D EE 09 A8 3F B6
17.359136202,0x1A4,E8 00 3B 19 2D 21 35 D6
17.359136202,0x316,C3 CD 93 7C 51 43 44 1D
17.359136202,0x427,C3 00 98 97 58 67 98 98
17.369580944,0x1A4,D7 2A 39 19 86 FA 4B 53
17.369580944,0x316,51 3A 1A 8E AD D8 FF 18
17.369580944,0x427,52 1A 70 D2 E2 B0 F9 71
17.378926527,0x1A4,52 BD 37 19 C8 6D DB 4E
17.378926527,0x316,04 C7 B4 F4 9B 18 E2 67
17.378926527,0x427,50 CE D1 11 9B 83 27 99
17.388392041,0x1A4,3D B0 35 19 21 7F 7D AF
17.388392041,0x316,21 AD 66 D0 66 06 AE 98
17.388392041,0x427,6D C2 76 C5 78 B8 E2 D1
17.399384418,0x1A4,FE 4F 33 19 CB 06 D1 53
17.399384418,0x316,78 20 8A 7E AD 01 1E A5
17.399384418,0x427,CD 8E 00 A9 81 4C BD 0F
17.408482043,0x1A4,D0 2B 31 19 B4 67 B5 37
17.408482043,0x316,13 1D 29 D1 1D 0C 90 23
17.408482043,0x427,64 92 23 E3 5A 34 AD 94
17.420413040,0x1A4,13 C9 2E 19 52 ED 46 C1
17.420413040,0x316,BA 99 D9 A2 03 A2 51 CF
17.420413040,0x427,A5 14 0C 00 78 D8 CF C1
17.428013504,0x1A4,FC CA 2C 19 FE 85 2F A9
17.428013504,0x316,43 0C 33 26 A8 21 F6 73
17.428013504,0x427,B6 61 00 88 0E F5 9F 4A
17.440164800,0x1A4,50 E7 2A 19 2D 23 96 9D
17.440164800,0x316,3D 50 F3 93 1C 10 79 72
17.440164800,0x427,25 35 17 32 76 3E A6 34
17.448618255,0x1A4,49 E2 28 19 A3 F2 9E E0
17.448618255,0x316,48 8C 0C 51 60 74 BB 4C
17.448618255,0x427,7F A2 FD 91 77 4D 5A CB
17.459999869,0x1A4,3A C1 26 19 FF 92 F7 AD
17.459999869,0x316,4F FF F6 4D 1D EC 22 EB
17.459999869,0x427,71 4A 7E F1 AE 07 CA EF
17.471216195,0x1A4,4F 45 24 19 4C 2A C1 B7
17.471216195,0x316,EB 61 8A FB FD 2A 45 EA
17.471216195,0x427,F8 B9 21 58 C3 98 83 FD
17.478610492,0x1A4,18 8A 21 19 6C 98 2D 95
17.478610492,0x316,68 1A 14 02 72 A8 8A 9C
17.478610492,0x427,10 21 86 FC A0 23 AB 82
17.489316898,0x1A4,58 7B 1F 19 DE B8 FE D8
17.489316898,0x316,78 7D A7 20 80 C7 3D DA
17.489316898,0x427,AF AF 4F 4B 66 23 FA 0F
17.500896158,0x1A4,3C 64 1D 19 9A E5 AC E6
17.500896158,0x316,68 BC 83 8C 5F 43 C8 F7
17.500896158,0x427,71 C0 99 0D 7F 44 37 00
17.511815474,0x1A4,0E 04 1B 19 8E 24 5E 8F
17.511815474,0x316,15 E3 1C D2 01 D6 8B FA
17.511815474,0x427,CF 74 F7 5B 57 30 15 1C
17.520515226,0x1A4,16 BD 19 19 69 DD 3E 48
17.520515226,0x316,4D 2E 9D DD 20 B9 FB 07
17.520515226,0x427,F0 C3 38 3C 32 E8 84 6E
17.530839265,0x1A4,30 D0 17 19 DC FA 14 97
17.530839265,0x316,C1 C4 EE 64 60 0B 0E A0
17.530839265,0x427,8A CA 70 51 4C CC 36 B6
17.539543238,0x1A4,0A 80 15 19 8B C1 F1 67
17.539543238,0x316,21 3F AE 61 65 9D 68 6F
17.539543238,0x427,BE E7 8C 8B BE 41 12 36
17.550820256,0x1A4,E1 C8 12 19 DF 9A 64 2C
17.550820256,0x316,51 2C 91 79 6D 04 9A 23
17.550820256,0x427,47 A2 2F 30 CC 1B 30 8E
17.558350275,0x1A4,40 D2 10 19 7A 52 E4 D7
17.558350275,0x316,FB DA AA EC B5 D3 3B 5C
17.558350275,0x427,6D CB 07 D7 0F F2 CF 6A
17.571605410,0x1A4,BC 0F 0E 19 08 3A D9 49
17.571605410,0x316,78 47 59 FF 3F 9B 6B DF
17.571605410,0x427,6B 73 89 AB 4B FD 23 20
17.580238140,0x1A4,C6 01 0C 19 F8 65 F8 02
17.580238140,0x316,06 F2 5D 12 71 D6 FC A5
17.580238140,0x427,2B 6D 05 04 07 EA DC 24
17.590516538,0x1A4,14 B0 0A 19 9D 10 88 E2
17.590516538,0x316,6F 75 98 7C 51 E2 6D A8
17.590516538,0x427,50 DF CD 6F 97 F6 97 F9
17.601083753,0x1A4,5C E7 08 19 08 33 C2 22
17.601083753,0x316,E4 80 AC 15 16 DE 20 23
17.601083753,0x427,C2 07 6A A4 9D 30 52 CE
17.610209331,0x1A4,E2 80 06 19 A0 F8 32 DC
17.610209331,0x316,20 4B BE 74 10 D2 C1 E4
17.610209331,0x427,9F 36 F7 C9 EC 1C 05 B2
17.621151466,0x1A4,6B E4 03 19 CD DC 28 EE
17.621151466,0x316,DD F2 FA 6C 7D 36 8D 9F
17.621151466,0x427,6D 33 07 2E 44 30 53 74
17.629202017,0x1A4,1A 04 01 19 69 6F 93 6C
17.629202017,0x316,91 26 53 8D 74 33 F0 D1
17.629202017,0x427,02 33 36 73 F7 A9 7C 62
17.641112275,0x1A4,23 6A FF 18 26 28 CA 39
17.641112275,0x316,58 00 90 2F 31 D9 BD 6C
17.641112275,0x427,23 50 C5 9A 9A EE E6 01
17.649692379,0x1A4,02 C7 FD 18 F1 36 87 7F
17.649692379,0x316,B0 23 C8 D8 A8 23 1D BB
17.649692379,0x427,42 A5 9B 3C CF 26 4E B6
17.658570849,0x1A4,8A 4C FB 18 E2 98 ED 44
17.658570849,0x316,AE AA 2C 69 FC 53 33 ED
17.658570849,0x427,4B 8D D1 8B F8 D3 8B 93
17.670657396,0x1A4,6F BF F9 18 06 F5 90 08
17.670657396,0x316,EE 81 6D FA D6 85 B1 09
17.670657396,0x427,23 40 72 91 D4 75 B7 7B
17.681352082,0x1A4,B6 2E F7 18 D8 2A 5B 5E
17.681352082,0x316,0B 57 F8 1C B4 7E 8C 94
17.681352082,0x427,9C BD 45 7B F8 71 34 F6
17.691257587,0x1A4,DC 6D F4 18 13 04 7F 14
17.691257587,0x316,41 D8 5F 24 49 6F ED BA
17.691257587,0x427,B0 07 36 BB 8F AD C2 86
17.700461786,0x1A4,EC D6 F2 18 9A 67 FE DB
17.700461786,0x316,C0 B0 D1 FB D1 27 26 C0
17.700461786,0x427,2E 03 64 C7 EC 17 88 47
17.711118769,0x1A4,36 11 F0 18 4F CE 56 84
17.711118769,0x316,DB 2E 07 14 EA B5 FA 85
17.711118769,0x427,3C 80 D1 E3 72 96 2D 9C
17.719542674,0x1A4,83 6B EE 18 8F 7A C7 3E
17.719542674,0x316,1C 96 F2 78 D8 1E 73 A1
17.719542674,0x427,16 24 DF BD FF A9 EA A9
17.729116301,0x1A4,92 7F EC 18 FE 0B 31 AB
17.729116301,0x316,26 2D FD 13 8C 79 1F AF
17.729116301,0x427,D5 5A 39 A2 0E D4 08 8A
17.740694987,0x1A4,89 2A EA 18 86 87 62 94
17.740694987,0x316,59 FB FF 4F B8 21 F0 9C
17.740694987,0x427,52 9D 82 0D 4B 5D 51 E7
17.748129200,0x1A4,5F A4 E8 18 97 F0 F7 88
17.748129200,0x316,F0 8D 4D C7 67 B3 C2 02
17.748129200,0x427,47 C9 07 78 71 9F 3B 74
17.759128846,0x1A4,AD E3 E6 18 DC 39 F3 E7
17.759128846,0x316,3F 9D 1F 78 C1 63 EF 92
17.759128846,0x427,36 45 DB BB CD 19 DE 54
17.768205852,0x1A4,35 B6 E3 18 67 9B 58 5A
17.768205852,0x316,E1 A7 E8 F5 55 83 4E FA
17.768205852,0x427,60 5B 58 CC E4 14 6C 4B
17.781765439,0x1A4,88 90 E1 18 BC D0 E1 2A
17.781765439,0x316,ED 23 0B 09 64 DF EE B1
17.781765439,0x427,5A D9 40 EC F3 B4 FE 98
17.790242592,0x1A4,C9 55 DF 18 2B 96 D7 4D
17.790242592,0x316,60 D1 1A BA 2D 2C F7 C8
17.790242592,0x427,F7 0D 4F 90 DC 66 AC 42
17.801401842,0x1A4,07 13 DD 18 EE CE 19 A1
17.801401842,0x316,7C 0C 21 79 FE 0D 01 94
17.801401842,0x427,E6 C6 48 2B E6 F3 A6 92
17.810733391,0x1A4,E4 F5 DB 18 63 94 04 A8
17.810733391,0x316,BD 8C 88 FD 99 56 B0 4A
17.810733391,0x427,3D CB 13 CF DB F0 C4 BC
17.821184608,0x1A4,40 3D D9 18 E6 01 FD 06
17.821184608,0x316,3A C0 6C 49 6F 3E 19 7C
17.821184608,0x427,F9 62 1F 15 E4 5C 77 20
17.830103392,0x1A4,32 BF D7 18 AD 3E AD 13
17.830103392,0x316,E9 50 F8 D9 21 AE A4 C8
17.830103392,0x427,4B 19 21 47 BB 69 86 40
17.841610695,0x1A4,6C 0F D5 18 0F EC A4 9D
17.841610695,0x316,DD C6 ED 47 EB A0 74 46
17.841610695,0x427,7C 9B 9C DB B3 D9 C7 41
17.850588042,0x1A4,E9 CE D2 18 4D 4D CE BD
17.850588042,0x316,6B 80 8E 1C 6C 0C 94 9A
17.850588042,0x427,23 7E B3 2C 95 60 FE E8
17.860642715,0x1A4,2C 3F D0 18 EB F4 2C BD
17.860642715,0x316,C9 D2 B0 26 80 6C BE A8
17.860642715,0x427,B6 DC 57 72 EF 09 A9 5E
17.868911797,0x1A4,D3 A5 CE 18 08 F9 E6 2C
17.868911797,0x316,02 73 E1 42 55 BC 53 C8
17.868911797,0x427,7C FB 65 B3 58 55 77 3C
17.879574218,0x1A4,BC 9E CC 18 CF 82 49 2E
17.879574218,0x316,C4 A4 A3 CC AD F4 02 87
17.879574218,0x427,54 FA AC DC F0 9E 78 08
17.889265349,0x1A4,C3 E2 CA 18 D8 1E EC FB
17.889265349,0x316,8B 55 9B 15 A6 F6 A3 F7
17.889265349,0x427,F6 52 23 25 C3 93 75 98
17.898879348,0x1A4,3B D0 C8 18 37 7D 5C D2
17.898879348,0x316,D0 64 76 27 A1 E2 6D D6
17.898879348,0x427,5B 77 F6 7E D6 F6 B4 C0
17.910722665,0x1A4,C9 9F C6 18 B7 F3 B6 69
17.910722665,0x316,CE D2 36 C5 7F 3B 17 62
17.910722665,0x427,89 1F EA 3C DC 7D 21 A9
17.920820665,0x1A4,EB F6 C4 18 88 13 DB B9
17.920820665,0x316,FA 17 38 A3 6F 13 D3 2A
17.920820665,0x427,28 B5 FA 35 93 E8 E7 93
17.931926254,0x1A4,E9 16 C2 18 A3 5E 82 D7
17.931926254,0x316,FC E1 56 58 63 4B E8 0D
17.931926254,0x427,32 39 6B A4 46 6C AF 43
17.938591667,0x1A4,05 65 BF 18 D3 C8 CC D1
17.938591667,0x316,86 CE B1 1D 18 29 72 0D
17.938591667,0x427,19 DC E7 2A B2 AE C9 76
17.948738858,0x1A4,A7 23 BD 18 21 56 EA 79
17.948738858,0x316,74 65 26 4D 8B 95 EC 79
17.948738858,0x427,C2 B8 03 BF CF A0 C0 F2
17.959659821,0x1A4,91 1C BB 18 0C 4A 26 EC
17.959659821,0x316,0B 49 53 88 43 3A D1 3B
17.959659821,0x427,F9 9F 3A 61 3B 82 FA AE
17.970619362,0x1A4,99 B6 B9 18 C8 A8 DB 63
17.970619362,0x316,E4 B3 7E 79 FC 66 3B 43
17.970619362,0x427,1B 8A 28 25 2A 0E CB 87
17.981096646,0x1A4,98 85 B7 18 CC BF 4A 6F
17.981096646,0x316,C0 74 09 03 69 49 EE 49
17.981096646,0x427,9B 74 5E ED 04 72 1C CC
17.990002187,0x1A4,92 E8 B5 18 27 05 CB 61
17.990002187,0x316,7A BE B1 AD 3D F8 D0 50
17.990002187,0x427,F5 14 36 F6 21 B0 BE 87
18.000276506,0x1A4,57 FB B3 18 0E F2 B3 F4
18.000276506,0x316,67 21 80 0A 2B DE EC 18
18.000276506,0x427,C2 2E EF EA 4A D7 02 88
18.008808157,0x1A4,B5 3A B1 18 40 7A 94 5A
18.008808157,0x316,A7 73 C8 F4 D1 10 20 D8
18.008808157,0x427,F4 84 89 6E 30 C8 48 9C
18.018838617,0x1A4,29 CD AF 18 DD CA ED A6
18.018838617,0x316,90 32 BD DB 41 7F C8 45
18.018838617,0x427,8E 6C C0 55 B5 17 34 45
18.030084066,0x1A4,E1 DD AD 18 FF 9A 64 CD
18.030084066,0x316,E5 AA 28 19 05 38 5E 41
18.030084066,0x427,8F 0A 83 A7 FD 9C 8C 95
18.038724562,0x1A4,3E A7 AA 18 73 36 0B 76
18.038724562,0x316,82 39 ED C5 FF E0 DF AC
18.038724562,0x427,0E 6C C4 BF F9 67 E6 3D
18.050071822,0x1A4,6C F7 A8 18 29 F9 00 AC
18.050071822,0x316,87 A2 B6 96 7E 4F 3F C5
18.050071822,0x427,45 A6 E6 31 60 98 1B 85
18.060626823,0x1A4,62 47 A6 18 F7 EF 7E AD
18.060626823,0x316,8C 14 B6 B0 1A 54 43 FE
18.060626823,0x427,84 04 0F 2E 9C 73 32 50
18.069908565,0x1A4,3F 56 A4 18 3D 3D B5 02
18.069908565,0x316,34 BE 3C AC 76 7E 2B 02
18.069908565,0x427,65 9A E9 D4 B3 4C 65 11
18.081403729,0x1A4,3E E7 A2 18 74 99 47 69
18.081403729,0x316,3B C9 02 19 1D B8 77 86
18.081403729,0x427,E0 AA 99 1A 09 E6 7C AF
18.090749941,0x1A4,A9 44 A0 18 EB FA FC 59
18.090749941,0x316,11 AB 2B 38 F5 06 AA B9
18.090749941,0x427,4C 27 86 48 70 43 7C 40
18.101898804,0x1A4,14 A9 9E 18 1D F6 B6 08
18.101898804,0x316,FE 3B 11 06 07 D1 90 9E
18.101898804,0x427,DE 76 89 17 0B D0 8F 0E
18.111380741,0x1A4,F7 E4 9C 18 49 77 19 98
18.111380741,0x316,85 4C 17 A8 C8 04 DB E4
18.111380741,0x427,64 A6 E0 D5 06 D3 81 37
18.121961353,0x1A4,8A 3E 9A 18 2B 4B 71 99
18.121961353,0x316,67 66 59 A3 44 A3 2D 1F
18.121961353,0x427,E4 68 44 B5 52 13 32 F5
18.131432303,0x1A4,F0 D1 98 18 CF 6A 1D 16
18.131432303,0x316,A2 B4 3F DB 0D B0 CC 9A
18.131432303,0x427,14 9A 41 21 EF CF 3E 60
18.140931346,0x1A4,77 7A 96 18 AF 2E 8C C3
18.140931346,0x316,FA A9 5F E6 36 28 DD A5
18.140931346,0x427,94 E2 E9 90 EC 84 9E CD
18.150990673,0x1A4,A2 28 93 18 FB FE 4C 2F
18.150990673,0x316,FB 5C 60 E5 FE 57 60 1C
18.150990673,0x427,5A 5B 16 B2 13 DC 2B 2F
18.160225838,0x1A4,7D 9C 91 18 4D D9 68 4B
18.160225838,0x316,9F 66 8A 77 64 13 15 A9
18.160225838,0x427,A3 A0 A9 EF 19 01 62 13
18.171133253,0x1A4,92 1E 8F 18 E1 E3 14 74
18.171133253,0x316,DE C3 35 EC 39 88 C8 FE
18.171133253,0x427,A5 12 C1 46 44 B8 F4 C4
18.181942912,0x1A4,A4 C8 8D 18 67 6D 35 B1
18.181942912,0x316,30 AA 44 E7 7E 78 E6 AA
18.181942912,0x427,94 E3 16 C5 0F 8F 26 C5
18.189434739,0x1A4,ED 9C 8B 18 AF CF E0 41
18.189434739,0x316,0F 9B 76 29 A9 01 DE C7
18.189434739,0x427,BD 78 F1 12 F2 4F FC 46
18.201417274,0x1A4,71 6A 89 18 8A 9E F8 0F
18.201417274,0x316,9A 1D FF 61 99 A9 7A 63
18.201417274,0x427,45 DC 28 55 10 24 F7 FE
18.210648062,0x1A4,F3 00 87 18 CA EC 1B 42
18.210648062,0x316,32 93 A2 F4 A3 B7 13 D0
18.210648062,0x427,6C 13 C1 43 73 C9 8C 2D
18.218871566,0x1A4,36 83 85 18 4A 19 C4 11
18.218871566,0x316,85 7A E1 7D 09 66 BB FA
18.218871566,0x427,E4 D4 B7 ED 14 0D 5F 33
18.228550500,0x1A4,9D BE 83 18 E7 B0 83 64
18.228550500,0x316,C0 62 AE 2D BA 62 3E A5
18.228550500,0x427,91 77 F7 7D 7E 19 C2 1B
18.238977704,0x1A4,A3 D5 81 18 67 DE 66 8A
18.238977704,0x316,D7 00 CA C4 73 A2 66 6E
18.238977704,0x427,71 2D E8 37 1B E5 2C 9D
18.251608156,0x1A4,6A CF 7F 18 43 2E 33 1B
18.251608156,0x316,0D C2 A0 E9 A9 7F 0B 71
18.251608156,0x427,B7 79 24 B7 30 94 4D 42
18.260136879,0x1A4,4D 06 7D 18 C8 A4 EC 08
18.260136879,0x316,4B DA AA 12 D6 8A 06 12
18.260136879,0x427,01 A3 43 92 2F 66 40 BA
18.270574794,0x1A4,14 15 7B 18 CF 03 F9 C6
18.270574794,0x316,9D 53 25 72 E8 C4 CD 04
18.270574794,0x427,01 D6 81 E5 97 5B 69 7F
18.279740808,0x1A4,48 50 79 18 A2 2E 22 A7
18.279740808,0x316,3A 03 ED A3 84 DC 38 00
18.279740808,0x427,94 1F D2 EE 83 98 AF 09
18.288573647,0x1A4,A2 9B 76 18 77 BF F6 63
18.288573647,0x316,6F 2E 35 44 51 BF CF 26
18.288573647,0x427,43 D1 36 B3 A3 CB 6F 54
18.298449576,0x1A4,FB 03 74 18 16 3A 2E 64
18.298449576,0x316,AE 9F 1B 93 A4 BA F2 00
18.298449576,0x427,FD 23 F0 83 D9 A4 25 B5
18.309972190,0x1A4,02 03 72 18 45 A4 5F C5
18.309972190,0x316,3B 2B 9D 7D 70 58 67 7A
18.309972190,0x427,A5 79 A1 6F 7B D3 66 67
18.318305164,0x1A4,F7 9A 70 18 2F F7 4E BA
18.318305164,0x316,43 7D EB C7 0E 4C F1 CF
18.318305164,0x427,89 C6 0E C9 9B 0D F2 11
18.331821508,0x1A4,2E E0 6E 18 50 19 D1 39
18.331821508,0x316,46 C0 D8 00 44 9A 69 62
18.331821508,0x427,4C 86 43 F4 D1 6D 73 B0
18.340601977,0x1A4,08 EB 6C 18 6F EE A2 C7
18.340601977,0x316,23 B3 68 7B DF 33 07 1F
18.340601977,0x427,30 E5 36 91 03 B0 09 89
18.348458349,0x1A4,A5 EC 6A 18 81 96 D9 FD
18.348458349,0x316,4F 12 E2 5B 18 4E 5C 55
18.348458349,0x427,7B C9 8C AE 12 24 86 4D
18.360312043,0x1A4,0E B1 68 18 E5 3C 21 0E
18.360312043,0x316,AB 9C DC A1 4E 6D 3C FF
18.360312043,0x427,77 7B 75 F5 3A AB A6 A5
18.370666352,0x1A4,6B F3 66 18 D2 ED 87 5D
18.370666352,0x316,CC 44 DD 88 56 A0 74 DA
18.370666352,0x427,05 37 FF F5 F5 5A 0E 57
18.379075768,0x1A4,DD D0 64 18 38 AD 57 D7
18.379075768,0x316,B0 EC AA 75 97 0D AD C2
18.379075768,0x427,CF DF 39 C4 3A BB 3A 4A
18.391258072,0x1A4,F9 BB 62 18 02 B4 FF 33
18.391258072,0x316,7E DB 36 2D D5 1A F2 8D
18.391258072,0x427,AC 9B 11 0A E8 ED AE F7
18.399141001,0x1A4,E9 8C 60 18 85 DE 25 A9
18.399141001,0x316,43 95 E5 30 45 C4 82 4C
18.399141001,0x427,4E 57 25 B2 33 E7 DD 63
18.408006236,0x1A4,D3 72 5E 18 18 26 55 1B
18.408006236,0x316,8E 1E 70 A1 D4 FC 57 B0
18.408006236,0x427,67 89 F8 5B 1E 7F 8B 7C
18.419516200,0x1A4,20 8C 5C 18 0A 65 9D E2
18.419516200,0x316,C6 9B FE A1 EA B3 1F 70
18.419516200,0x427,AF 34 3E BC D6 BE 80 30
18.429907337,0x1A4,22 4D 5A 18 FE 85 23 09
18.429907337,0x316,45 86 6E 31 72 4B 7E 06
18.429907337,0x427,36 D1 40 B8 28 FE 12 FF
18.438227090,0x1A4,85 45 58 18 8F 5C 0D 3D
18.438227090,0x316,30 58 3E 7D E0 44 86 63
18.438227090,0x427,E6 48 20 10 42 F4 F0 CA
18.451382494,0x1A4,64 9E 56 18 FA 5C B6 A4
18.451382494,0x316,71 73 C7 4E F3 4C EB 7F
18.451382494,0x427,77 4B B0 88 12 37 07 F7
18.458340090,0x1A4,49 6D 53 18 40 B0 D0 CF
18.458340090,0x316,23 CD 05 73 00 67 71 F7
18.458340090,0x427,E1 F3 EE FE 20 FD 33 04
18.470307368,0x1A4,19 A1 51 18 8A 63 DB 56
18.470307368,0x316,AA 95 59 0E E2 B9 74 56
18.470307368,0x427,91 DA AB C9 F8 3D 94 B8
18.479704602,0x1A4,A9 E4 4F 18 E0 5C CF 67
18.479704602,0x316,BB 82 41 1E 60 8A 30 36
18.479704602,0x427,29 59 9E CE 9C B5 62 A7
18.488426080,0x1A4,B8 3F 4D 18 3F 2B EB 85
18.488426080,0x316,8C C2 57 75 7F B9 A9 F0
18.488426080,0x427,13 82 96 AD C3 6D C5 DE
18.498698416,0x1A4,8C 33 4B 18 7F 16 5C 89
18.498698416,0x316,2D D3 21 26 06 8D B5 BD
18.498698416,0x427,24 00 50 94 BA F2 A4 3B
18.509121305,0x1A4,A6 BA 49 18 35 C9 70 12
18.509121305,0x316,9D D0 70 09 AD 16 47 BC
18.509121305,0x427,FE 45 3F 24 21 34 28 7D
18.518630565,0x1A4,C7 80 47 18 2A 50 E1 04
18.518630565,0x316,88 D9 A1 78 F9 DF 3C E8
18.518630565,0x427,4E 4C 03 EB 14 A2 4D 9E
18.528490150,0x1A4,F6 A8 45 18 8A 71 20 3E
18.528490150,0x316,0A 30 88 B3 E4 DD 16 A6
18.528490150,0x427,CF EB 6A 21 2E 70 AD 03
18.541985413,0x1A4,C9 82 43 18 ED 19 F6 A1
18.541985413,0x316,05 0C CA 0C AE F3 97 E7
18.541985413,0x427,D3 A8 AD 4E 33 F7 1B D2
18.549874025,0x1A4,C3 BB 41 18 E9 24 E8 18
18.549874025,0x316,61 83 C8 74 DB 4C 79 9C
18.549874025,0x427,BC 4C B2 2B 85 A3 D9 D5
18.558095875,0x1A4,83 8F 3F 18 AA 86 5F 10
18.558095875,0x316,37 5A 5B D1 7F BD 45 D1
18.558095875,0x427,81 85 38 1B 31 E1 3A 1D
18.571549612,0x1A4,CA CB 3D 18 72 70 50 98
18.571549612,0x316,43 BF 96 CC C5 D4 99 9D
18.571549612,0x427,F0 70 77 38 F7 FB 27 10
18.578688997,0x1A4,BA AA 3B 18 38 4A E0 33
18.578688997,0x316,D6 31 1C 6D 3F 1E 5C 56
18.578688997,0x427,96 D7 BF CF D7 46 FD D5
18.590579511,0x1A4,F3 FB 39 18 33 E0 E8 BC
18.590579511,0x316,01 7B AB AD 49 09 EA 66
18.590579511,0x427,B9 0F 01 53 91 E8 EC 1E
18.600208506,0x1A4,07 85 37 18 9D 6A 20 AF
18.600208506,0x316,E6 92 72 93 30 1B BF 8B
18.600208506,0x427,1E 05 28 23 F7 B6 53 52
18.610512384,0x1A4,F0 15 35 18 88 14 F6 F6
18.610512384,0x316,05 B6 08 CB 84 5C 96 36
18.610512384,0x427,4F 70 A4 C3 53 8F AB 0B
18.618753521,0x1A4,61 6F 33 18 BD 10 67 2C
18.618753521,0x316,95 92 E3 55 5C 4F 2F 10
18.618753521,0x427,3B 2D E9 1E 17 E0 1D 46
18.631404161,0x1A4,5A 18 31 18 7A CD EE C1
18.631404161,0x316,DF 8D 47 6A 67 61 05 2B
18.631404161,0x427,CA 70 40 B2 F5 8E B3 5E
18.640217913,0x1A4,0D 21 2F 18 69 D7 3D 2A
18.640217913,0x316,E2 19 4C 70 23 7E 5F 3E
18.640217913,0x427,45 12 F9 EC 94 05 FD 94
18.648483210,0x1A4,3D 3E 2D 18 13 98 24 22
18.648483210,0x316,2E 7E 97 19 30 67 82 CA
18.648483210,0x427,49 06 ED D8 99 81 D7 A1
18.658482304,0x1A4,72 F7 2B 18 E2 1F 4A 60
18.658482304,0x316,49 D5 14 C7 4E 8B 62 28
18.658482304,0x427,40 59 00 04 21 3B 2F E1
18.668523940,0x1A4,8F E6 29 18 A3 3C AA 14
18.668523940,0x316,47 20 A0 01 96 6E D9 01
18.668523940,0x427,3E 00 EE 2D DD 4F 17 ED
18.678967843,0x1A4,CA F5 27 18 8D FE EC B4
18.678967843,0x316,A1 77 D9 A6 37 B9 FE 97
18.678967843,0x427,E2 DE 0C E3 72 A1 A2 48
18.691675484,0x1A4,70 8A 25 18 7F 72 89 B1
18.691675484,0x316,32 8A B2 CE 82 49 D0 CA
18.691675484,0x427,7D AB C6 C5 07 F4 DB 79
18.700865469,0x1A4,5F 65 23 18 94 05 7C 20
18.700865469,0x316,9B EA C6 34 FD 67 A1 24
18.700865469,0x427,18 9E CB A3 68 F6 5C 45
18.708143733,0x1A4,4F 05 21 18 10 AB 4E 73
18.708143733,0x316,94 E2 7A 69 EC BB 3F 3D
18.708143733,0x427,18 A4 26 F0 2F 3D AF 2C
18.719752921,0x1A4,B3 37 1F 18 E7 84 11 B1
18.719752921,0x316,34 8B A1 09 B2 47 A5 98
18.719752921,0x427,BE 82 14 2E 6B 56 9A B7
18.729987704,0x1A4,C6 A2 1D 18 FE 4B AF 9C
18.729987704,0x316,E7 BB 46 F3 84 8E 88 16
18.729987704,0x427,C6 A1 8F A0 C7 6D 94 D3
18.739459174,0x1A4,8A 5C 1B 18 80 6D 1B 4D
18.739459174,0x316,67 EE 0C 59 15 8D 35 6B
18.739459174,0x427,9E 80 2B 01 E5 1B C6 8E
18.750536423,0x1A4,8A D6 19 18 DE 8B 20 31
18.750536423,0x316,04 FE 14 1E 73 0C 92 FC
18.750536423,0x427,6D 1F BB 87 A4 01 0F FA
18.759762947,0x1A4,A4 BC 16 18 56 9A 71 9E
18.759762947,0x316,57 90 A5 5C 4E F1 DB DC
18.759762947,0x427,C9 4C D9 C2 D0 C0 9D FC
18.771028142,0x1A4,6E 46 14 18 E4 30 EE 81
18.771028142,0x316,0D 7B 22 38 39 DC D6 76
18.771028142,0x427,41 6E 34 C5 E6 F5 5F A0
18.778970010,0x1A4,31 AA 12 18 B1 9C 46 35
18.778970010,0x316,97 E4 C3 46 72 EE 95 0D
18.778970010,0x427,67 91 97 31 E2 89 D8 1C
18.791321371,0x1A4,E3 D3 10 18 C6 1C 33 26
18.791321371,0x316,78 22 6C AF BA 13 02 D8
18.791321371,0x427,77 74 F4 F7 2A 0A 57 E9
18.798058522,0x1A4,A8 1E 0E 18 F2 21 5D 7F
18.798058522,0x316,D1 8E 23 2D 30 01 E6 28
18.798058522,0x427,A1 77 8E AB F0 4C 34 EC
18.809844160,0x1A4,CC 9F 0C 18 E6 C0 D4 0D
18.809844160,0x316,82 99 15 A5 D3 C1 3B 5D
18.809844160,0x427,0D FD F9 48 9B AC A7 35
18.819528235,0x1A4,1F A4 0A 18 7E 8E 5A 40
18.819528235,0x316,2B 55 94 55 7B DF E7 9D
18.819528235,0x427,1F 8D 1E CE 9D 41 DC E3
18.828388348,0x1A4,38 07 08 18 B3 7B 01 74
18.828388348,0x316,C4 DA 16 0B 4E 57 BB 1A
18.828388348,0x427,03 F6 8B BD 42 CB 6D 0D
18.839758949,0x1A4,99 B6 06 18 9C 77 90 89
18.839758949,0x316,62 F8 06 2D 5D AD 75 28
18.839758949,0x427,47 01 16 C9 8F D1 70 07
18.848702010,0x1A4,CF FB 04 18 E7 BA D0 83
18.848702010,0x316,01 71 B6 1D 06 D9 23 12
18.848702010,0x427,A9 E8 23 E5 08 9C 3C 3C
18.860068958,0x1A4,54 DF 02 18 2C C8 DF 71
18.860068958,0x316,BF 9F BB 97 82 44 6B 94
18.860068958,0x427,ED EB 72 53 61 ED 47 6B
18.871066073,0x1A4,17 5F 00 18 CB 13 41 BF
18.871066073,0x316,49 35 46 AD C0 C1 FB E5
18.871066073,0x427,E7 16 60 53 8D 6C E5 3A
18.880180979,0x1A4,88 EC FE 17 F3 AA 31 1C
18.880180979,0x316,C6 66 7D 53 E7 EC 4F 3A
18.880180979,0x427,3D BB 1A 19 FA C9 B3 3C
18.891907991,0x1A4,48 0B FC 17 02 DB 9F 69
18.891907991,0x316,7D DE B0 DE 33 4E 30 33
18.891907991,0x427,FF E3 22 60 AA 81 30 E4
18.898053448,0x1A4,DD 5A FA 17 E6 D7 D2 12
18.898053448,0x316,45 D1 92 78 2D 9B C8 95
18.898053448,0x427,E5 24 02 7C 1B 2F E9 0D
18.911056741,0x1A4,A7 13 F8 17 50 DA 94 6F
18.911056741,0x316,0E DF 1A 25 9B 99 56 37
18.911056741,0x427,8C 02 8A ED 5C D6 03 9C
18.919166373,0x1A4,29 48 F6 17 ED 63 95 2D
18.919166373,0x316,3E 14 28 63 E0 B7 9C 5F
18.919166373,0x427,B1 69 EB 22 13 76 2E 75
18.930927933,0x1A4,13 34 F4 17 08 23 B4 31
18.930927933,0x316,D8 22 CC A1 FC 90 CC 5B
18.930927933,0x427,F3 07 BE F9 6D B3 0A 45
18.941276848,0x1A4,D5 17 F2 17 91 F9 FC 55
18.941276848,0x316,5E F3 90 20 F8 59 37 08
18.941276848,0x427,8F B5 34 B1 91 15 94 91
18.948648229,0x1A4,DA 55 F0 17 92 AC D5 47
18.948648229,0x316,2B C3 F1 22 21 A8 71 1C
18.948648229,0x427,FC D2 05 DA 6D 41 2D 77
18.960492489,0x1A4,AF 6D EE 17 86 B7 10 6B
18.960492489,0x316,71 D9 D3 2B 7B 9D A5 C2
18.960492489,0x427,E0 98 F4 57 B6 52 48 38
18.969323606,0x1A4,D2 B2 EC 17 75 B4 8F 4B
18.969323606,0x316,57 E3 87 9A 2C 44 23 28
18.969323606,0x427,F2 BF 1F CA 4E A3 68 CB
18.981331357,0x1A4,98 EA EA 17 B5 16 E8 F3
18.981331357,0x316,DE 1A 8D 9C 70 F7 D3 E7
18.981331357,0x427,4A E4 80 2B 5F C4 FF 93
18.989251849,0x1A4,87 D2 E8 17 B0 64 81 8D
18.989251849,0x316,28 8B E1 DA 14 C5 CD 3A
18.989251849,0x427,87 2E 23 16 16 EB 64 69
19.001363130,0x1A4,F7 A1 E6 17 8F A3 92 85
19.001363130,0x316,CA 16 3D 7D B4 13 B9 DC
19.001363130,0x427,AA DB E3 FE 5B C8 68 37
19.008373836,0x1A4,0B D8 E4 17 1E 93 36 79
19.008373836,0x316,AE E9 44 D6 66 A1 77 76
19.008373836,0x427,21 BE 77 47 57 86 B6 03
19.021139174,0x1A4,98 71 E2 17 16 A4 98 6D
19.021139174,0x316,A0 37 76 BC 0C 9D 62 DF
19.021139174,0x427,6A BA 24 3F AE E1 71 3F
19.030597384,0x1A4,CB AA E0 17 8A EC 2A 6F
19.030597384,0x316,88 F3 57 94 BC A3 EF 38
19.030597384,0x427,D1 7C 4E E4 E3 4E 6F ED
19.041854842,0x1A4,77 58 DE 17 20 98 3D F2
19.041854842,0x316,D6 E0 22 26 46 D4 EB E9
19.041854842,0x427,F8 0D DE 92 66 D4 F3 E5
19.051863603,0x1A4,A1 C3 DC 17 99 18 F3 6A
19.051863603,0x316,77 57 ED FA F3 46 52 0B
19.051863603,0x427,19 49 41 0A B2 19 C4 FD
19.058919817,0x1A4,D3 B0 DA 17 50 1A C5 BB
19.058919817,0x316,68 63 C3 C4 52 52 14 81
19.058919817,0x427,49 5B 9B 08 5F 85 FA 6C
19.070802322,0x1A4,FA 97 D8 17 7C 2A F2 64
19.070802322,0x316,33 65 B1 7A E0 94 49 CF
19.070802322,0x427,2C E0 4A CC 57 E2 57 B2
19.081569570,0x1A4,EA 25 D6 17 D3 79 16 19
19.081569570,0x316,8C 32 D3 73 2E 00 CB 7E
19.081569570,0x427,52 29 92 3D 64 7C 45 15
19.089845025,0x1A4,60 00 D4 17 ED C3 C9 C0
19.089845025,0x316,30 27 2E 03 53 EC 72 B1
19.089845025,0x427,8B 58 56 BB 5B 1F 18 68
19.098659437,0x1A4,3C DE D3 17 F6 45 CF 37
19.098659437,0x316,E9 69 F9 21 88 79 C0 5B
19.098659437,0x427,E2 EB B8 4B 64 31 33 3D
19.110112307,0x1A4,6F BF D1 17 CC 4B BB FF
19.110112307,0x316,96 0C 3A 17 C7 FF 13 04
19.110112307,0x427,2A 0E D3 7A F0 EA 45 AB
19.120991834,0x1A4,96 C5 CF 17 03 E9 6B 29
19.120991834,0x316,53 C3 0B B4 5A 8F 93 75
19.120991834,0x427,9E C8 A0 DB CE 79 04 92
19.128634483,0x1A4,46 2E CD 17 DF BF 6A 95
19.128634483,0x316,1E F6 3F 06 41 B6 F6 F9
19.128634483,0x427,4C 72 70 74 72 04 B9 76
19.140971265,0x1A4,B7 FA CB 17 55 DB 7C 23
19.140971265,0x316,1B 82 CB DF E1 A5 00 B4
19.140971265,0x427,9B B2 C5 67 81 9A 58 2F
19.151445236,0x1A4,3C 2E C9 17 CB 04 1E DF
19.151445236,0x316,0E E0 D3 5E D6 AE 76 A0
19.151445236,0x427,B5 16 DC 76 E9 EC 32 B4
19.160989318,0x1A4,5B A7 C7 17 29 5E 59 00
19.160989318,0x316,80 09 42 DC F4 0F 97 A0
19.160989318,0x427,94 4D 19 12 9E 72 87 62
19.170138030,0x1A4,89 1E C5 17 A9 08 D5 B0
19.170138030,0x316,2B 56 39 55 1B 65 EA 87
19.170138030,0x427,D1 F4 5F 08 3C 52 ED 4B
19.180721688,0x1A4,0B EE C3 17 C0 44 BD C0
19.180721688,0x316,AD EA 10 45 39 BB B3 B2
19.180721688,0x427,74 50 33 F2 9F E1 CC 9C
19.191799274,0x1A4,F9 06 C1 17 4F 3B 42 93
19.191799274,0x316,B6 F5 62 CB 5D 8C 07 35
19.191799274,0x427,37 2C A6 C9 B3 37 46 AF
19.199607134,0x1A4,4D BB BF 17 05 27 D6 9E
19.199607134,0x316,8D 34 7F E1 00 16 F0 55
19.199607134,0x427,95 D1 5A BC A8 7E A7 EE
19.208800777,0x1A4,43 23 BD 17 10 C5 C5 83
19.208800777,0x316,2C A3 00 F2 96 07 F6 E8
19.208800777,0x427,81 0E B6 AC 90 7B 2E 5D
19.218678501,0x1A4,39 85 BB 17 96 34 33 0D
19.218678501,0x316,B0 4D 68 1C A8 56 09 62
19.218678501,0x427,DC 5C 97 5D AA 5D 21 77
19.228300008,0x1A4,A7 87 B9 17 91 BD 76 0A
19.228300008,0x316,0D 12 96 5D 9B 8D CE 5D
19.228300008,0x427,1F 53 DE 2C A2 A4 EE A5
19.239230818,0x1A4,22 E4 B7 17 B6 99 72 B4
19.239230818,0x316,B2 4C 27 11 95 D9 8D 8F
19.239230818,0x427,43 1E 97 B5 78 0B 09 C6
19.250118830,0x1A4,6E 0B B5 17 07 90 6E 23
19.250118830,0x316,61 4E 33 FB 9E F3 BD 55
19.250118830,0x427,79 08 17 3D 59 71 25 8A
19.259545775,0x1A4,AF 1D B3 17 67 61 27 A6
19.259545775,0x316,31 8C 7E 7A 87 F0 C4 BC
19.259545775,0x427,A4 FF 6B F0 13 3C 95 C0
19.270331137,0x1A4,2F B4 B1 17 4D 77 02 DF
19.270331137,0x316,6D D2 87 F5 33 8F ED B3
19.270331137,0x427,C5 0E B5 35 73 FA CF C0
19.280196935,0x1A4,4A 6A AF 17 28 6B C9 C2
19.280196935,0x316,0E 41 B6 39 AB EA 09 52
19.280196935,0x427,DB 4F 4B 5A 8E F0 DE E5
19.291073608,0x1A4,67 90 AD 17 00 B3 E9 80
19.291073608,0x316,F3 56 23 AE 40 15 45 6C
19.291073608,0x427,38 FF F2 46 2A 17 F1 0D
19.299167919,0x1A4,76 F6 AB 17 51 B9 70 5F
19.299167919,0x316,F4 C4 60 58 3E 2F D1 73
19.299167919,0x427,D9 5D 79 7C 92 08 5F 80
19.311968689,0x1A4,A8 AB A9 17 7F 08 5E D4
19.311968689,0x316,B1 E2 69 1F 7B A8 5C 78
19.311968689,0x427,24 1C B7 B5 49 E4 2A 88
19.321221067,0x1A4,B2 9C A7 17 09 0A 4C D3
19.321221067,0x316,2A 37 69 88 0B 6F 42 E6
19.321221067,0x427,34 D6 D1 4A F3 DA B4 73
19.331795995,0x1A4,9F A9 A5 17 60 CE 3E 5E
19.331795995,0x316,FD 7F C6 CC 2D D0 5D AC
19.331795995,0x427,33 76 03 F2 6D 11 77 B1
19.338164105,0x1A4,06 3F A3 17 E0 BD 63 FA
19.338164105,0x316,E0 3D DD F0 58 D4 14 E2
19.338164105,0x427,5F F8 CC 10 B7 F0 37 30
19.350754857,0x1A4,C2 C4 A1 17 4B 72 4C E2
19.350754857,0x316,14 3D 37 75 CC DD 59 16
19.350754857,0x427,2D 0C 86 14 BC C4 03 64
19.359811341,0x1A4,AF C7 9F 17 90 9C C6 2D
19.359811341,0x316,C0 CA D2 49 52 4C 50 F5
19.359811341,0x427,AA 80 E5 F4 AB D1 B2 13
19.369555329,0x1A4,F4 56 9D 17 6A 1E 2E 2A
19.369555329,0x316,E1 2E A4 46 8A A4 AD 1C
19.369555329,0x427,3C F9 73 B2 F6 50 E0 25
19.380833244,0x1A4,62 66 9B 17 98 0A 87 26
19.380833244,0x316,EA 8C FF DF B7 21 4A 34
19.380833244,0x427,FA C8 4B 85 48 23 BD F3
19.388462253,0x1A4,4D 2C 99 17 9E 07 CF 05
19.388462253,0x316,16 27 0D 4B 71 25 A2 6A
19.388462253,0x427,87 0A 36 F8 D3 FC B1 AE
19.399746677,0x1A4,20 7B 97 17 72 4C 85 EE
19.399746677,0x316,A7 8B CC 21 2B D5 51 79
19.399746677,0x427,E2 58 C1 58 40 A3 8D 6B
19.408031046,0x1A4,F8 CF 96 17 5F 83 DA BC
19.408031046,0x316,29 0A 0A A5 20 DD 7F 05
19.408031046,0x427,42 D8 A0 4A 8C 47 66 30
19.421630351,0x1A4,9E 75 94 17 13 31 A4 05
19.421630351,0x316,20 DF 2D DF 75 28 4F CD
19.421630351,0x427,1E DA 79 3B DB 1E BF D5
19.429609671,0x1A4,B9 FF 92 17 1D D9 05 85
19.429609671,0x316,F1 39 09 A5 2B 0F FC 55
19.429609671,0x427,12 A1 64 69 3A FC 25 94
19.440024716,0x1A4,7E 3F 90 17 92 EB DF A7
19.440024716,0x316,F4 9C 63 A5 5E 52 6D C9
19.440024716,0x427,28 D1 88 53 95 38 74 7C
19.451917322,0x1A4,D6 42 8E 17 EB 7E 75 AA
19.451917322,0x316,C2 A6 65 B2 5C F9 B8 87
19.451917322,0x427,3D 46 87 D7 0E 72 68 8C
19.459894344,0x1A4,36 51 8C 17 E2 F3 3F 75
19.459894344,0x316,15 57 D8 4D AB 67 37 91
19.459894344,0x427,F6 C0 C7 21 C8 CD F5 E5
19.470274798,0x1A4,49 BA 8A 17 E9 74 76 4E
19.470274798,0x316,C4 F6 F6 2B CE 72 0D CA
19.470274798,0x427,41 D9 8F 42 8F 61 0E 3A
19.478929083,0x1A4,57 5B 88 17 6C FD 34 5F
19.478929083,0x316,18 5F 81 F8 8B F4 C3 49
19.478929083,0x427,94 51 0E C5 36 96 73 D8
19.491948106,0x1A4,0E 18 86 17 46 80 F9 25
19.491948106,0x316,9E 21 66 5A C0 42 CD 48
19.491948106,0x427,EC 99 B7 74 70 6E CA F4
19.500885188,0x1A4,26 C5 84 17 FE 8C 5E 9E
19.500885188,0x316,3D E4 93 EC 91 86 29 29
19.500885188,0x427,9E 52 39 B6 B4 83 0A 89
19.511861577,0x1A4,93 EB 82 17 6C EF A9 2E
19.511861577,0x316,C3 08 24 F9 9D 59 E4 2C
19.511861577,0x427,C5 70 DE D6 C0 C5 46 B5
19.519227513,0x1A4,94 39 80 17 5A 26 9B E7
19.519227513,0x316,FB 4D 96 AA 75 8D 61 CB
19.519227513,0x427,A7 C7 4A 27 26 FD 47 29
19.528633500,0x1A4,1E 5D 7E 17 6D 4B EE 1D
19.528633500,0x316,CA E6 88 0A E9 E8 67 FE
19.528633500,0x427,1F 64 0E 51 E8 14 14 93
19.541193104,0x1A4,7A 91 7C 17 FC 13 DE 70
19.541193104,0x316,C7 0B AA 42 6B D5 A2 5E
19.541193104,0x427,18 2B 3B 2F CD 0F 85 34
19.548811014,0x1A4,F7 29 7A 17 4D C2 06 B5
19.548811014,0x316,4E 62 E1 08 2F B3 61 AA
19.548811014,0x427,FA 39 23 51 DB AF 5F FA
19.560734861,0x1A4,AE 5B 78 17 07 AC DF 25
19.560734861,0x316,7A 5A 77 5F C5 3F CC 72
19.560734861,0x427,6B B2 34 8A 65 1E B8 F9
19.570920764,0x1A4,30 FF 76 17 3D D3 9C 88
19.570920764,0x316,69 05 33 4D 5B F8 19 1F
19.570920764,0x427,A8 8F A1 EB 95 7F 61 06
19.580824717,0x1A4,9C 65 75 17 56 88 5A EE
19.580824717,0x316,6F C9 D9 7F 59 9B BD C4
19.580824717,0x427,D6 E0 37 25 A4 4D A2 F2
19.591188679,0x1A4,51 28 73 17 6D 0A 85 ED
19.591188679,0x316,77 CD F9 51 78 1B F3 27
19.591188679,0x427,6D 6E 19 01 D3 C2 5B F8
19.599224888,0x1A4,CE 01 71 17 67 32 D0 8B
19.599224888,0x316,4D FD C0 F9 EE 8E E5 81
19.599224888,0x427,E7 CE CE 54 99 C7 B1 A5
19.608947834,0x1A4,D0 75 6F 17 78 9D A9 4B
19.608947834,0x316,AD 35 52 79 49 C7 5E E5
19.608947834,0x427,2A 1D 32 4A C5 11 38 F8
19.618649260,0x1A4,A0 9B 6D 17 FE BC 10 C1
19.618649260,0x316,28 7C 0E FB 8D 17 7B FE
19.618649260,0x427,99 CF DF 92 8D 27 B9 AA
19.631690912,0x1A4,38 43 6B 17 3D 06 B1 CC
19.631690912,0x316,2D 03 B3 90 60 D8 81 BA
19.631690912,0x427,CF 56 29 E8 DD 55 1B EC
19.639787677,0x1A4,06 D4 69 17 D7 05 B4 56
19.639787677,0x316,CA EF 6B B0 64 B7 C0 1C
19.639787677,0x427,14 CB 4C BB 94 83 9E 7A
19.648175176,0x1A4,82 D5 67 17 3F BE 42 0A
19.648175176,0x316,BD 3E B1 23 56 F4 91 AD
19.648175176,0x427,D7 B6 0B 8D 9D 97 EB 1D
19.660549855,0x1A4,B6 79 65 17 0A 01 59 06
19.660549855,0x316,F6 37 D1 66 CC EB 15 9E
19.660549855,0x427,A8 B5 43 D7 C9 D3 69 38
19.669573733,0x1A4,39 44 63 17 CA 24 7E 5B
19.669573733,0x316,E9 D7 AC 17 CA C0 8C 53
19.669573733,0x427,3F AF 16 0E 20 CC AF 9B
19.681898669,0x1A4,F5 10 61 17 60 55 F5 31
19.681898669,0x316,46 C3 5B 95 42 5E C4 86
19.681898669,0x427,6E 6B DE 38 8E 2F 02 C8
19.690360195,0x1A4,0D BF 5F 17 96 58 60 C4
19.690360195,0x316,24 3C 26 47 3F 6C 1A 32
19.690360195,0x427,8D BF C5 05 EB 1F 66 15
19.700523344,0x1A4,57 63 5D 17 62 A5 75 D9
19.700523344,0x316,7B 8A 09 72 BC 06 54 AD
19.700523344,0x427,D1 35 EB AB B0 D3 26 F5
19.709034022,0x1A4,B5 55 5B 17 26 9E D0 F9
19.709034022,0x316,C2 81 04 83 26 F2 F8 64
19.709034022,0x427,44 7A C7 31 50 23 8F 7D
19.718359370,0x1A4,75 93 5A 17 CF 78 69 9A
19.718359370,0x316,49 61 E6 9A C8 52 F5 82
19.718359370,0x427,F7 CD 82 F1 E9 22 59 0E
19.728502964,0x1A4,B5 FA 58 17 BA 33 B1 AA
19.728502964,0x316,5A BF 6E 5C 7B 5C C6 65
19.728502964,0x427,FA C8 DF 25 CB 66 49 B7
19.738490834,0x1A4,40 E7 56 17 BF D8 79 6D
19.738490834,0x316,CD 11 A0 5E D0 46 D8 62
19.738490834,0x427,C4 DC 71 5F 96 EF 1E 03
19.748401519,0x1A4,BE D8 54 17 F7 B0 4C 58
19.748401519,0x316,4C 67 F2 59 5F AE DE 4E
19.748401519,0x427,03 FD 3E FA 75 45 11 72
19.759109016,0x1A4,15 3D 52 17 15 DC 9F 8F
19.759109016,0x316,33 DD 6C 16 38 CC 37 37
19.759109016,0x427,FD 98 54 BA 25 2E 47 E3
19.770666202,0x1A4,E0 6C 50 17 F2 C1 D4 BD
19.770666202,0x316,05 D9 1A FE E8 66 65 6A
19.770666202,0x427,48 55 BE CD 58 F7 47 71
19.781053993,0x1A4,48 EB 4E 17 F4 29 EE 29
19.781053993,0x316,4A 92 40 CE 66 40 5E BA
19.781053993,0x427,93 8E 69 F8 E2 36 D1 E5
19.789355213,0x1A4,4B 44 4C 17 03 E4 85 BA
19.789355213,0x316,02 5C 7C E5 A0 9A 08 6A
19.789355213,0x427,28 B5 BA 23 7D 15 E4 D5
19.800704589,0x1A4,C2 6E 4A 17 90 50 12 99
19.800704589,0x316,D1 34 09 16 47 8B C5 24
19.800704589,0x427,8A 51 31 35 48 8E A0 4D
19.808400745,0x1A4,FA 3E 48 17 79 A1 06 FD
19.808400745,0x316,17 2C 16 DE 1A 21 7A 86
19.808400745,0x427,AE 54 94 FC 38 DF DD 55
19.818594421,0x1A4,AE F6 46 17 47 1D E3 EE
19.818594421,0x316,3C CE C8 F5 4F BB 36 97
19.818594421,0x427,CF B0 90 C1 E6 9E 32 60
19.829364265,0x1A4,FA 8B 44 17 26 C6 B1 01
19.829364265,0x316,92 69 D2 68 32 CA 88 A3
19.829364265,0x427,6E CE 16 EA 4D E1 F8 45
19.838907673,0x1A4,31 97 43 17 DE C9 C5 2C
19.838907673,0x316,F9 D0 49 8E 7C 7E 4D 76
19.838907673,0x427,7F BF D2 B5 DB F6 62 91
19.849158680,0x1A4,61 A7 41 17 17 0F 35 EA
19.849158680,0x316,80 A6 0D 23 32 8B 02 33
19.849158680,0x427,DB 1D 9E 2F C0 8B 10 D5
19.858589146,0x1A4,FB A5 3F 17 19 42 1A 4A
19.858589146,0x316,08 39 CA 8D FE 04 97 7D
19.858589146,0x427,AC C6 CF 0A 39 F8 A2 D2
19.868078153,0x1A4,40 02 3D 17 14 68 4F 4D
19.868078153,0x316,23 60 A7 D5 45 35 D0 95
19.868078153,0x427,34 55 CD 4D 88 5E 7D 7E
19.881988484,0x1A4,17 0B 3B 17 58 34 67 BD
19.881988484,0x316,9B C7 A4 76 4F 28 7A 39
19.881988484,0x427,A8 FC DE 06 5A 5D 8D CA
19.888142613,0x1A4,6E 58 39 17 67 1D 6E 27
19.888142613,0x316,2C CD 3E 43 F7 E6 D7 4C
19.888142613,0x427,B4 28 BE F4 0B 6D FB A3
19.898516628,0x1A4,35 F4 37 17 8B A6 F5 A2
19.898516628,0x316,5F 75 F8 78 16 0F CA 1F
19.898516628,0x427,77 49 60 A7 E7 4D 79 AA
19.909673826,0x1A4,B3 1A 35 17 0D FD A5 49
19.909673826,0x316,54 C9 CA 6A F9 57 EB 2D
19.909673826,0x427,05 46 EC 7D 43 99 23 E8
19.920895049,0x1A4,B8 7D 33 17 65 AF 10 A5
19.920895049,0x316,19 F4 A7 3E 79 03 48 07
19.920895049,0x427,ED 06 8E 1E 06 95 C4 C3
19.930545519,0x1A4,0A B2 31 17 19 8A 38 7E
19.930545519,0x316,AB 9A 8C FE DE E6 7A F8
19.930545519,0x427,DA E0 14 11 1A F1 50 99
19.941122583,0x1A4,A7 62 2F 17 70 45 9C 5C
19.941122583,0x316,E0 B9 C0 94 DD 1F 01 7B
19.941122583,0x427,00 7F C9 90 92 2F A2 6F
19.949996044,0x1A4,12 EB 2E 17 80 7D 06 42
19.949996044,0x316,42 59 C4 A0 D2 FB 97 AF
19.949996044,0x427,D4 CD DD 79 79 05 69 F9
19.959575041,0x1A4,EA 0B 2C 17 BD D9 7A D1
19.959575041,0x316,5B 09 9D 1E 3C 2E 8A 5F
19.959575041,0x427,24 E5 34 83 68 16 A3 BB
19.970196052,0x1A4,2F 7B 2A 17 83 D5 7D 04
19.970196052,0x316,5A 46 64 D8 79 07 71 42
19.970196052,0x427,37 5B B0 29 26 4F E7 94
19.978243878,0x1A4,93 89 28 17 13 3E 69 25
19.978243878,0x316,11 9F D6 51 34 FA 06 76
19.978243878,0x427,70 66 D9 E0 6D FF 7A B1
19.989488997,0x1A4,03 F5 26 17 2D 9D 7D 5B
19.989488997,0x316,FA 9B CE 29 F3 16 8A 0D
19.989488997,0x427,6B B9 CD 45 2C 35 75 5C
19.999558562,0x1A4,0B 45 24 17 98 17 E1 A2
19.999558562,0x316,25 B0 7F E9 88 20 85 F4
19.999558562,0x427,F0 C9 21 5B 7B 94 78 0C
20.008954151,0x1A4,1E 04 22 17 99 7F AA 4A
20.008954151,0x316,7E AC 94 87 DB FF 91 A3
20.008954151,0x427,FD 78 B2 EF C8 E9 AA 13
20.018557532,0x1A4,37 C1 20 17 40 D9 9D 31
20.018557532,0x316,52 92 35 C4 23 92 C6 A0
20.018557532,0x427,D9 4E E9 2E E6 AE C2 C3
20.030795452,0x1A4,02 B8 1E 17 82 7F 48 99
20.030795452,0x316,0A 43 AC C0 60 6B C9 2A
20.030795452,0x427,4C BB 30 8B F3 5C 96 52
20.038486220,0x1A4,FF 6E 1D 17 B5 2A F3 50
20.038486220,0x316,27 9B AA D3 AC 95 51 D8
20.038486220,0x427,CC 01 5A AF A9 C0 C4 CC
20.048345561,0x1A4,38 13 1B 17 CB 55 7E 45
20.048345561,0x316,4A 3D 79 AF A6 FF AD B2
20.048345561,0x427,52 7C 37 B0 5D 49 CE 5C
20.059435352,0x1A4,CE 89 19 17 3D C5 CF 88
20.059435352,0x316,CF EF 7D 94 C9 61 04 5A
20.059435352,0x427,86 C2 C4 D2 CB AB CA 24
20.068641602,0x1A4,FD 42 17 17 69 1E 0F 23
20.068641602,0x316,93 D6 A6 84 9F FE 0A 48
20.068641602,0x427,B1 DB 7D 5F 68 F3 5F C7
20.079326328,0x1A4,A0 57 15 17 C1 78 78 69
20.079326328,0x316,30 C2 1E 57 F5 95 C0 EB
20.079326328,0x427,BE 66 29 E9 34 47 BC 29
20.090462120,0x1A4,8E 0E 13 17 5D BC C6 37
20.090462120,0x316,2F E9 90 27 86 B3 DD 80
20.090462120,0x427,FD E4 9A 38 34 01 E2 D4
20.101170921,0x1A4,03 15 11 17 76 1D 8C CB
20.101170921,0x316,9E 82 A5 E5 21 07 04 8F
20.101170921,0x427,04 A4 09 9D 76 16 8D B0
20.108191342,0x1A4,CA B0 0F 17 F2 B9 D6 F3
20.108191342,0x316,FE 2E 91 86 FD 06 98 D8
20.108191342,0x427,BC 6B 37 88 0A 7D 69 B6
20.118458207,0x1A4,EF BA 0D 17 A8 A1 C7 B3
20.118458207,0x316,86 51 9D C1 DE E6 75 CD
20.118458207,0x427,89 EC 2C 1D 53 34 D7 6A
20.129105747,0x1A4,FA C2 0C 17 AD 04 81 EA
20.129105747,0x316,CC F8 8E 13 1F 3F D7 1D
20.129105747,0x427,31 CF 9F D1 3C 6E 98 21
20.138159605,0x1A4,E0 94 0A 17 F6 F9 72 04
20.138159605,0x316,F9 B4 C1 7A EE 48 24 59
20.138159605,0x427,59 47 C3 4F FA B2 E8 B0
20.148381069,0x1A4,22 4B 08 17 83 6B 96 23
20.148381069,0x316,D3 72 29 D1 A0 D7 22 71
20.148381069,0x427,A8 1B C5 E3 0E 28 D2 FC
20.161692509,0x1A4,5C 80 06 17 C8 43 EB 85
20.161692509,0x316,B0 9A 7A C3 6D 39 59 F8
20.161692509,0x427,15 45 90 57 AD C4 15 2C
20.169768846,0x1A4,CE AB 04 17 AA C9 FF 4D
20.169768846,0x316,EB C8 5C 07 CB F1 94 BE
20.169768846,0x427,CB ED 87 D0 A8 5D 5C 1E
20.181617944,0x1A4,AA 71 02 17 92 6E F3 20
20.181617944,0x316,D9 3D 58 DB 9D FD B9 B1
20.181617944,0x427,57 A9 71 24 C3 DB 23 B0
20.188415893,0x1A4,3E C8 00 17 63 9F B3 4E
20.188415893,0x316,6D 8E 16 20 E4 23 B8 35
20.188415893,0x427,A8 FB 55 21 36 FF 29 FB
20.201454232,0x1A4,6E 74 FE 16 7F 06 C0 6C
20.201454232,0x316,1C 75 D9 B0 3E 85 55 C3
20.201454232,0x427,18 2C B6 C8 66 D3 99 1C
20.210803760,0x1A4,FD 75 FD 16 29 7F D0 04
20.210803760,0x316,3D 3C 52 C6 F6 20 F8 7B
20.210803760,0x427,A1 A4 E0 C1 0A 3C 66 6E
20.221239635,0x1A4,E0 63 FB 16 07 0F 44 32
20.221239635,0x316,83 EB 99 1B 6E 1A 65 08
20.221239635,0x427,14 AA 05 CB E3 EB E7 A8
20.229094724,0x1A4,49 5F F9 16 CB 64 DA 97
20.229094724,0x316,B7 01 2C 0F DF C7 15 78
20.229094724,0x427,A9 AF 71 1E 41 60 95 E8
20.239070123,0x1A4,F6 6C F7 16 1F 7F 14 0B
20.239070123,0x316,51 96 F5 10 D0 A8 38 4D
20.239070123,0x427,A1 F1 E6 AA 29 36 A1 02
20.250396566,0x1A4,F4 34 F5 16 B1 75 B4 18
20.250396566,0x316,36 74 49 C8 34 EF B0 1F
20.250396566,0x427,11 8C 8B EB E9 09 0F 9A
20.261219024,0x1A4,00 2C F3 16 35 27 6D 96
20.261219024,0x316,61 65 B3 E6 07 CD 34 33
20.261219024,0x427,9B DC 4D 2F F8 7B AC AB
20.270376192,0x1A4,45 1C F1 16 88 86 7D 07
20.270376192,0x316,30 50 3D 17 DF 38 43 25
20.270376192,0x427,7B 61 8A D8 20 D5 06 BF
20.279057665,0x1A4,A4 C0 EF 16 55 17 02 47
20.279057665,0x316,AF 01 E4 F2 A6 95 6A 94
20.279057665,0x427,C6 D0 0B 59 6B FE 29 5A
20.290495153,0x1A4,05 49 EE 16 4A 54 EA DA
20.290495153,0x316,B1 93 29 80 18 A6 E2 C7
20.290495153,0x427,4A 85 82 BA 7B B6 EA 9C
20.298585869,0x1A4,AC 14 EC 16 37 BB 41 81
20.298585869,0x316,C7 F1 FA 91 4E 89 7E 11
20.298585869,0x427,72 FD 5E 19 CD 6B D0 D1
20.311992879,0x1A4,91 91 EA 16 1F F6 63 C3
20.311992879,0x316,C1 79 94 03 DA F9 61 87
20.311992879,0x427,8D 2F 8D 37 64 6E 3F B7
20.320758620,0x1A4,11 42 E8 16 17 FE D9 F6
20.320758620,0x316,40 C4 27 48 61 58 F9 2B
20.320758620,0x427,72 35 D3 E6 BC 50 07 C1
20.328535599,0x1A4,35 1F E6 16 48 B3 1B 01
20.328535599,0x316,59 88 3C F9 C4 7E B0 B9
20.328535599,0x427,91 77 43 19 9E 79 9A EC
20.341114255,0x1A4,57 B6 E4 16 63 64 A4 EB
20.341114255,0x316,FF F0 12 81 78 96 EE D9
20.341114255,0x427,C9 80 2F B5 98 F4 86 79
20.348153007,0x1A4,5C 85 E2 16 98 D6 B8 B2
20.348153007,0x316,22 A5 E1 96 2F 67 64 2F
20.348153007,0x427,94 F0 8D 70 1B 2E 6C AC
20.359531205,0x1A4,A6 F4 E0 16 6B 9E 79 1B
20.359531205,0x316,E2 16 4C 2E 6A A9 B1 D5
20.359531205,0x427,09 A3 D5 5A F4 8C 36 FB
20.369929173,0x1A4,C7 73 DF 16 82 48 91 6C
20.369929173,0x316,3A A9 DA 36 21 F4 A5 83
20.369929173,0x427,39 FE 40 3A AC 07 57 68
20.378846764,0x1A4,ED 70 DD 16 A2 BA EB C2
20.378846764,0x316,CD 94 0F FC 13 AC 74 50
20.378846764,0x427,51 42 A5 1F 60 55 45 77
20.391839869,0x1A4,19 AE DB 16 FD DD 0C 85
20.391839869,0x316,20 27 CB 22 65 CC ED 7E
20.391839869,0x427,35 5E 24 C3 EF E8 7A 5C
20.401809411,0x1A4,C4 3E D9 16 3F 25 CC 49
20.401809411,0x316,F0 35 A0 8E 5D F1 DD B8
20.401809411,0x427,A5 52 65 0A 88 33 0E 15
20.408568274,0x1A4,1F 5F D7 16 54 F6 63 7E
20.408568274,0x316,25 FF 9F 1D F0 03 81 62
20.408568274,0x427,7E C2 9A 48 CE 65 FA 74
20.420637689,0x1A4,70 20 D5 16 53 ED 75 BC
20.420637689,0x316,5D AF DF 4F 7F 48 E2 AF
20.420637689,0x427,BB DE E6 F9 9C AF 51 D7
20.429585908,0x1A4,82 17 D3 16 4A D7 D2 39
20.429585908,0x316,9B 6E CD 8D C3 A5 43 68
20.429585908,0x427,C1 0F 64 4A A6 7D 26 FC
20.440733905,0x1A4,99 3E D2 16 59 E5 8E 6D
20.440733905,0x316,6B 36 54 30 42 86 55 DB
20.440733905,0x427,D5 E7 D1 11 EC A3 0E E5
20.450727101,0x1A4,44 98 D0 16 DD 78 6C CD
20.450727101,0x316,5A F4 C5 79 82 AD 67 F0
20.450727101,0x427,43 89 DB AD A0 A3 10 5E
20.461762260,0x1A4,5B 6D CE 16 DA EE 45 03
20.461762260,0x316,FD 54 AC FF B1 AD 95 AC
20.461762260,0x427,F6 AA DC 7D 07 73 0E AC
20.469248163,0x1A4,70 8B CC 16 0C 7D 78 65
20.469248163,0x316,92 97 24 70 84 33 CD 85
20.469248163,0x427,70 9E 96 A8 CE 53 30 AD
20.479684431,0x1A4,97 F2 CA 16 80 0F 85 1E
20.479684431,0x316,8E BC B3 24 2E 5D 12 65
20.479684431,0x427,32 50 8F 66 D3 F3 ED B1
20.490364393,0x1A4,3E C2 C8 16 6E 15 42 FA
20.490364393,0x316,80 76 0A 1A 65 7F CE BD
20.490364393,0x427,64 D3 DF EC 1A 23 76 E4
20.500587467,0x1A4,93 98 C7 16 DC 71 31 2B
20.500587467,0x316,9D DC 90 10 06 19 1C 5D
20.500587467,0x427,DC 32 A7 F9 50 53 F7 32
20.508728758,0x1A4,52 90 C5 16 EB 77 44 33
20.508728758,0x316,56 5A 4F 98 23 51 12 D8
20.508728758,0x427,F3 FA 9B FD 73 7C 7F 67
20.519578443,0x1A4,68 57 C3 16 32 58 9D 3B
20.519578443,0x316,F0 51 8E D6 2C 6A B9 6C
20.519578443,0x427,75 BD A6 B9 23 AE C5 7F
20.528131420,0x1A4,29 FA C1 16 28 0C CB C3
20.528131420,0x316,B1 87 A7 B6 7C C0 16 C4
20.528131420,0x427,6C 9E F8 94 D5 71 F9 97
20.539866640,0x1A4,77 8B BF 16 C5 11 9D C1
20.539866640,0x316,18 32 1C CA 73 4D 0D CD
20.539866640,0x427,AE 1E D2 A4 94 32 77 F1
20.550044316,0x1A4,E2 D5 BD 16 7A 31 29 5B
20.550044316,0x316,4F C0 CF 79 30 58 AB AA
20.550044316,0x427,AD 0C 69 9A 36 4C 3C F3
20.561053450,0x1A4,92 9D BB 16 13 52 CE FC
20.561053450,0x316,67 58 0A 7C C3 0F EC 82
20.561053450,0x427,69 60 65 47 03 4F BA 25
20.571917752,0x1A4,62 9E BA 16 44 F1 62 74
20.571917752,0x316,91 4A A8 1B 02 D9 47 1F
20.571917752,0x427,E8 35 2D 40 09 7A 45 7D
20.580913013,0x1A4,B9 55 B8 16 19 23 17 3B
20.580913013,0x316,7D EC DC A0 C7 52 41 F1
20.580913013,0x427,E2 B1 75 22 E6 F5 9B 07
20.588251322,0x1A4,8D 9B B6 16 63 5A E0 BC
20.588251322,0x316,72 BC 87 0D A3 5B 8F D4
20.588251322,0x427,21 6F 77 11 E7 C4 85 7F
20.598246275,0x1A4,01 73 B4 16 C0 03 D9 06
20.598246275,0x316,33 BF D9 F8 19 37 D9 2D
20.598246275,0x427,2B 3C F4 61 06 03 C6 9A
20.610840295,0x1A4,48 56 B2 16 8B 61 B3 53
20.610840295,0x316,DB BF 19 27 F5 31 81 4D
20.610840295,0x427,A5 36 39 9F 51 2C 8C 9F
20.620189602,0x1A4,10 52 B0 16 8F 98 9A C2
20.620189602,0x316,89 A2 96 13 13 94 3C A9
20.620189602,0x427,1D 7F 69 C0 38 5F 1B 85
20.631081880,0x1A4,05 9B AF 16 29 00 00 7E
20.631081880,0x316,26 72 F0 CA F5 34 4D 77
20.631081880,0x427,A4 CC B1 33 A3 F0 26 4B
20.641025751,0x1A4,31 F1 AD 16 CE 4F 76 7F
20.641025751,0x316,21 0C 81 7D A5 3A 3A 81
20.641025751,0x427,DF 7E FC 42 76 39 DD 8A
20.649372530,0x1A4,E3 31 AB 16 8D 2F 3A CF
20.649372530,0x316,04 7C 13 DC 92 1B 60 8A
20.649372530,0x427,76 4A EF 8B EE 0B 86 04
20.660589141,0x1A4,BF 50 A9 16 47 34 93 C3
20.660589141,0x316,39 D7 16 08 F4 45 9F FD
20.660589141,0x427,3B 1D 2F 6E 78 EA 4F E1
20.668003891,0x1A4,FF 73 A7 16 AD 92 7F 1E
20.668003891,0x316,44 91 35 62 4F C5 3A 73
20.668003891,0x427,84 F3 86 50 25 F8 55 DA
20.680639671,0x1A4,CF 97 A5 16 03 5C 4B 71
20.680639671,0x316,19 08 AC 75 02 0F 36 09
20.680639671,0x427,FA 7F 69 08 4F 4C 47 2D
20.689710559,0x1A4,F0 B2 A4 16 36 29 CF A8
20.689710559,0x316,42 99 40 DC 05 9C 85 C7
20.689710559,0x427,34 54 94 4D C4 B6 7B E2
20.698957234,0x1A4,DF 4B A2 16 69 5B 05 2A
20.698957234,0x316,8F 9B D1 7D 23 1E 41 6E
20.698957234,0x427,4F D2 6D 22 7A 5B FD 4F
20.710086610,0x1A4,8A A2 A0 16 71 C7 9A 63
20.710086610,0x316,87 D8 C9 7C F9 3B 96 C3
20.710086610,0x427,54 75 00 1C F2 7E A0 91
20.721857030,0x1A4,3E 69 9E 16 9F ED 94 7D
20.721857030,0x316,04 E9 FA A8 1F C8 C4 8D
20.721857030,0x427,63 AE 74 AF 92 9E 15 8A
20.731732432,0x1A4,A7 5E 9C 16 74 04 46 78
20.731732432,0x316,9F 4E D5 79 7B F8 EF 8F
20.731732432,0x427,3D C7 B6 DA B5 FE 03 28
20.741156520,0x1A4,87 1C 9A 16 DC C9 44 0E
20.741156520,0x316,BE CB 31 64 7B 97 6D 43
20.741156520,0x427,E5 13 A4 7E 87 BB 4E 97
20.749951893,0x1A4,64 FC 99 16 A9 59 B7 60
20.749951893,0x316,3F C2 EF 9D B8 4D 2E AD
20.749951893,0x427,F3 B9 4E 5A 89 6D 37 C4
20.758343547,0x1A4,A8 FB 97 16 02 E6 D0 48
20.758343547,0x316,F6 28 0B 52 5D 7B B9 0F
20.758343547,0x427,03 A4 34 07 5E 9C 28 97
20.768809013,0x1A4,1F E2 95 16 8F 96 D1 20
20.768809013,0x316,02 51 41 D6 40 0D CD 5D
20.768809013,0x427,27 FD 4F 59 AA E4 3E CF
20.778830294,0x1A4,C8 74 93 16 3C DC 7E 95
20.778830294,0x316,61 E8 E2 06 48 C1 E3 C3
20.778830294,0x427,28 0C 2F E4 E6 06 0A A0
20.790061291,0x1A4,69 96 91 16 C8 41 6D 61
20.790061291,0x316,D7 EE EB 18 B1 1E 9B 6D
20.790061291,0x427,17 4B 5B 58 50 24 F0 FD
20.798883951,0x1A4,E8 57 8F 16 EA 37 74 69
20.798883951,0x316,46 C8 EC 59 23 75 73 0E
20.798883951,0x427,63 06 47 A9 C4 C8 85 3E
20.809364088,0x1A4,65 A0 8E 16 6D 31 10 3C
20.809364088,0x316,98 C1 E8 A5 3B C1 E5 4F
20.809364088,0x427,CE 27 B0 97 D0 BD BE 15
20.820454829,0x1A4,37 41 8C 16 1B 32 20 B0
20.820454829,0x316,9E 9F C4 10 70 D9 72 DE
20.820454829,0x427,2E BE 0E 4E B1 FD 4D 1D
20.830339823,0x1A4,CC 93 8A 16 18 A7 76 2B
20.830339823,0x316,48 D8 0B 05 23 AF D5 89
20.830339823,0x427,B0 64 7C 53 6D 94 91 09
20.839262131,0x1A4,57 28 88 16 2E 78 63 A8
20.839262131,0x316,27 B8 05 DD 6B 31 27 6C
20.839262131,0x427,87 AF 6B 91 BE 4C C7 83
20.851849782,0x1A4,B7 CB 86 16 26 F8 D1 6B
20.851849782,0x316,A5 22 41 44 57 15 39 05
20.851849782,0x427,A6 55 2A B2 AB 40 3E 78
20.860516100,0x1A4,76 76 85 16 A0 49 B1 05
20.860516100,0x316,BD 14 5B FC 45 15 07 51
20.860516100,0x427,38 69 B3 60 9C B0 02 92
20.869010369,0x1A4,A1 C0 83 16 F3 34 8A 52
20.869010369,0x316,93 E4 91 92 A7 8C 04 19
20.869010369,0x427,65 7D EE CE 1C 12 05 7D
20.879045056,0x1A4,89 50 81 16 FB 75 DC B0
20.879045056,0x316,0A 18 D4 AC 5D 68 B6 34
20.879045056,0x427,A5 F6 01 56 E7 C9 29 7F
20.890857173,0x1A4,13 70 7F 16 4A A8 BB CF
20.890857173,0x316,E3 BD D0 C3 3D E9 D9 AA
20.890857173,0x427,55 0E EC 56 DA 14 A8 2A
20.900060996,0x1A4,03 5C 7D 16 C5 66 AD 4C
20.900060996,0x316,06 7A 03 5D D8 6A 2C F8
20.900060996,0x427,74 1D 9D 6F 03 74 A6 33
20.909899575,0x1A4,3E 3A 7B 16 96 78 AC A2
20.909899575,0x316,1B E3 EA D8 E6 17 5F F9
20.909899575,0x427,00 A3 82 C9 B3 3F 48 13
20.920281678,0x1A4,E3 2C 7A 16 24 82 AF D9
20.920281678,0x316,33 6B 2C 89 2F F4 CD 36
20.920281678,0x427,58 22 90 49 6D 34 E1 43
20.929894229,0x1A4,E4 03 78 16 43 2E 1D 4C
20.929894229,0x316,39 C7 08 FF 8E 40 D2 92
20.929894229,0x427,B0 43 EB 66 AF 76 FA CD
20.941457861,0x1A4,CF A9 76 16 24 F8 E3 9F
20.941457861,0x316,C8 E8 2D BE 20 A0 3B F5
20.941457861,0x427,73 8C 8A 17 AA A2 BB B7
20.948672638,0x1A4,A0 A1 74 16 09 79 04 94
20.948672638,0x316,42 76 40 18 3D 71 84 97
20.948672638,0x427,FA 04 3B 56 8A 3E FB 45
20.959722257,0x1A4,8B 97 72 16 D2 71 01 91
20.959722257,0x316,0D 81 1A CD A4 C9 F3 87
20.959722257,0x427,18 30 AB 79 D5 CF 56 6D
20.971549976,0x1A4,3C 77 71 16 AD BB E9 58
20.971549976,0x316,42 D5 AF CB 1B 18 A0 13
20.971549976,0x427,DA 1D CB A6 57 8E E0 D2
20.978923994,0x1A4,85 D8 6F 16 68 0E 30 81
20.978923994,0x316,9E 3F DB CD 7E D6 C6 4C
20.978923994,0x427,BE 38 D3 6E 4F 4C D8 A9
20.989622780,0x1A4,29 01 6D 16 69 E6 37 50
20.989622780,0x316,C9 3E 38 33 B7 7F 10 6A
20.989622780,0x427,15 32 FD 66 A5 E3 52 40
21.001867423,0x1A4,E7 A1 6B 16 E9 3C EF 83
21.001867423,0x316,32 CA 06 74 49 5F EB AB
21.001867423,0x427,E2 F2 70 C3 27 0E 2D 8C
21.010754679,0x1A4,69 DB 69 16 1B 70 82 E1
21.010754679,0x316,ED 2F C3 04 42 61 BA A0
21.010754679,0x427,EF 8A 0D B4 78 43 27 84
21.019284377,0x1A4,C1 8C 68 16 03 04 C1 2F
21.019284377,0x316,9A 00 AC 93 31 CF CB 7F
21.019284377,0x427,39 13 84 36 80 98 2A A9
21.031633629,0x1A4,E0 4D 66 16 77 A2 EB D2
21.031633629,0x316,02 58 01 BE 88 84 27 F0
21.031633629,0x427,7F AA A0 77 4D 73 97 44
21.040119377,0x1A4,C9 E8 64 16 52 24 4F A3
21.040119377,0x316,56 4B 60 88 A0 43 16 CF
21.040119377,0x427,8B C7 4A 9D 6B 70 4F DA
21.051510162,0x1A4,52 FE 62 16 84 64 26 E8
21.051510162,0x316,55 91 08 6F F5 4C 44 EF
21.051510162,0x427,D3 01 ED 90 F9 71 03 BA
21.060775856,0x1A4,57 3E 60 16 81 67 54 0F
21.060775856,0x316,AA 75 B3 85 46 AB 5D 33
21.060775856,0x427,C5 1A 41 5D 07 87 65 76
21.069097368,0x1A4,D0 87 5F 16 A9 25 89 3D
21.069097368,0x316,2C 60 85 26 54 44 16 BF
21.069097368,0x427,64 41 70 AF 8C C7 F9 C3
21.081089864,0x1A4,DB DD 5D 16 12 61 18 D8
21.081089864,0x316,B2 A3 75 6F 18 D1 06 69
21.081089864,0x427,2D 41 93 51 77 25 35 DC
21.089627798,0x1A4,FF ED 5B 16 AF 53 40 E9
21.089627798,0x316,8C 52 7E 10 60 12 49 A2
21.089627798,0x427,2A 61 1C 34 DF 4A 91 D8
21.101464877,0x1A4,D1 8F 59 16 0E D6 55 44
21.101464877,0x316,7D B4 DE D2 3B C1 7B 49
21.101464877,0x427,3A 0D 63 A5 A1 0D 1C 29
21.111536589,0x1A4,90 7C 57 16 0B B9 D5 AF
21.111536589,0x316,BD 5B EA 99 3B 01 73 3C
21.111536589,0x427,9A D4 E6 67 FD 3F 0D 3D
21.120699990,0x1A4,CF 2C 56 16 11 ED 63 26
21.120699990,0x316,63 68 21 31 F3 9E 17 07
21.120699990,0x427,8E C3 DE 3E 0D 20 0B CC
21.130811393,0x1A4,A3 44 54 16 3E 96 7F 4F
21.130811393,0x316,96 2B D3 76 94 04 42 7C
21.130811393,0x427,1F B1 50 8F 85 62 C5 FD
21.139436043,0x1A4,1C 68 52 16 04 72 09 6C
21.139436043,0x316,ED AE 9C A5 1B 0C D9 E7
21.139436043,0x427,A0 13 79 09 67 A6 B5 33
21.148424606,0x1A4,CA B7 50 16 82 73 D0 45
21.148424606,0x316,25 1E ED 22 78 D7 75 07
21.148424606,0x427,A4 4B 26 42 69 CD 27 CA
21.160964950,0x1A4,AB AD 4E 16 AE 10 1C 47
21.160964950,0x316,DF A4 9E A8 7C 13 FB 8C
21.160964950,0x427,1D 5E 0D 2D 8A 70 F0 A4
21.169800212,0x1A4,5A D1 4D 16 89 BD CF 0A
21.169800212,0x316,CC BC BA F6 5E 0E F4 B8
21.169800212,0x427,99 23 60 7C 9B 78 40 C8
21.181683185,0x1A4,4D BD 4B 16 9A ED 29 0E
21.181683185,0x316,66 B2 0D DC 0F 62 81 E5
21.181683185,0x427,13 68 7C 15 21 10 5C 50
21.188957101,0x1A4,DA 70 49 16 FC 5C 48 4C
21.188957101,0x316,49 F8 FE DD DF E3 46 10
21.188957101,0x427,48 13 8C E6 A5 AD 80 F4
21.200954324,0x1A4,C6 99 47 16 7C EE 92 E5
21.200954324,0x316,D3 06 0A 5D 69 B3 F2 AB
21.200954324,0x427,25 5F 4D A8 E1 80 BE E2
21.210078898,0x1A4,28 50 45 16 F2 E9 9A 65
21.210078898,0x316,F4 12 73 F1 A5 D1 FD D6
21.210078898,0x427,C6 6D 67 B9 4F 7B BE D7
21.218302304,0x1A4,1F C0 44 16 73 31 6D 3C
21.218302304,0x316,72 99 A7 1C B2 4F 2B 92
21.218302304,0x427,6B E8 06 BC 95 49 10 80
21.228280075,0x1A4,89 DB 42 16 39 6F E2 1E
21.228280075,0x316,BB 02 9F 85 59 22 0A AA
21.228280075,0x427,1D 23 38 D4 4F 63 96 94
21.238799768,0x1A4,25 DE 40 16 25 FE 6D C6
21.238799768,0x316,E6 6D 7A EE D3 72 77 86
21.238799768,0x427,21 7E 76 40 55 6B 17 7F
21.249661046,0x1A4,CA D7 3E 16 65 8B 1A 17
21.249661046,0x316,DE 9A F2 3C D8 E3 8D 99
21.249661046,0x427,CE 88 4D 1F 70 D6 EF C5
21.259784255,0x1A4,27 0E 3D 16 C3 A8 3B 50
21.259784255,0x316,D1 14 4C 54 02 DA 13 D5
21.259784255,0x427,25 67 96 95 9A 85 BB BC
21.268531248,0x1A4,8E CE 3B 16 BB A2 4B CE
21.268531248,0x316,03 74 95 BF 60 18 74 BE
21.268531248,0x427,12 70 66 3C 26 EF 7C EF
21.280185220,0x1A4,93 24 39 16 CA 65 CF 37
21.280185220,0x316,A7 65 EF 24 C9 29 58 1B
21.280185220,0x427,DF E8 D6 2C D5 D2 CF 36
21.291694934,0x1A4,A9 E7 37 16 E8 BB 48 46
21.291694934,0x316,FD 75 81 70 FB 4C 8B 68
21.291694934,0x427,5B 31 1A 41 89 02 E7 DC
21.301699273,0x1A4,22 39 35 16 83 20 51 0E
21.301699273,0x316,D2 23 88 7D F5 7C 91 88
21.301699273,0x427,6E AA EC 5F B5 25 1A B3
21.310696885,0x1A4,98 B7 34 16 FE 08 EB 1C
21.310696885,0x316,35 7C 05 51 42 F2 B5 8B
21.310696885,0x427,B7 EE 7C 6C 27 0A 90 79
21.319542438,0x1A4,67 F2 32 16 8C 93 10 3F
21.319542438,0x316,96 D5 9B F6 5C 8F 19 47
21.319542438,0x427,75 8E 22 E1 BE 21 C6 C8
21.331742244,0x1A4,87 6A 30 16 09 EC 18 25
21.331742244,0x316,17 70 ED 5C 6B 22 A8 79
21.331742244,0x427,D9 3A 36 B7 6E 29 24 5E
21.338208991,0x1A4,39 00 2E 16 27 52 E4 4E
21.338208991,0x316,80 1E 65 05 A7 C6 38 A5
21.338208991,0x427,FC 8A 80 F7 B7 1D BD E7
21.351808805,0x1A4,B8 AC 2D 16 48 45 E9 08
21.351808805,0x316,A8 C5 6A D7 8C 93 4C BD
21.351808805,0x427,9B 79 87 A9 1C 6B 87 CC
21.360680430,0x1A4,CB 6E 2B 16 BA 01 FF 0D
21.360680430,0x316,BD 90 D0 B0 17 7B DE EA
21.360680430,0x427,7C F9 EE C9 B6 E2 ED AB
21.369487208,0x1A4,35 65 29 16 BC 7C C3 40
21.369487208,0x316,71 93 7F 8D DD 0E 7B 62
21.369487208,0x427,6F 38 2C 4F 4E 2A 92 A3
21.380431203,0x1A4,80 2E 27 16 78 9F 5B B3
21.380431203,0x316,4B 12 E4 5C B2 4D 35 E7
21.380431203,0x427,A2 A2 EF CF 61 6F 6C AF
21.389604822,0x1A4,66 EA 25 16 2B E8 EF 88
21.389604822,0x316,A2 A0 F0 DD 1E 86 83 3C
21.389604822,0x427,5B C3 8E DB 58 4F 41 71
21.400729728,0x1A4,35 D6 24 16 40 83 03 02
21.400729728,0x316,30 F0 E7 E8 3A 94 F3 F5
21.400729728,0x427,F9 0B 9A 64 E9 1F 71 ED
21.408717963,0x1A4,40 BD 22 16 7B 3E FD EA
21.408717963,0x316,F6 A7 6A 41 8B 01 07 4D
21.408717963,0x427,32 A5 1A 17 3C D3 B2 EF
21.419102110,0x1A4,2A F9 20 16 44 FD B4 C1
21.419102110,0x316,F3 22 47 3C 44 E8 23 4C
21.419102110,0x427,96 E3 DB 35 29 BC 02 DC
21.428752782,0x1A4,AB 35 1E 16 D6 A6 04 29
21.428752782,0x316,D6 D1 77 EA 80 33 58 70
21.428752782,0x427,A9 54 A0 A1 68 FE 32 51
21.440579312,0x1A4,F2 C3 1D 16 11 78 EF CF
21.440579312,0x316,B6 21 49 C4 FC 54 F9 A4
21.440579312,0x427,3B 8B 02 68 99 B4 10 CA
21.448114701,0x1A4,4F 78 1B 16 EC 41 27 46
21.448114701,0x316,03 50 CF DD B4 13 81 14
21.448114701,0x427,EC 16 BD D2 00 79 8A C7
21.459480436,0x1A4,CB 4E 19 16 84 84 DF 7D
21.459480436,0x316,35 70 99 78 82 3A A8 BC
21.459480436,0x427,33 D5 B7 69 EA EB 2E ED
21.470242882,0x1A4,35 7D 17 16 65 48 2D 55
21.470242882,0x316,32 9C A6 B7 89 2D 20 6C
21.470242882,0x427,70 6C 73 E0 E7 D7 25 EB
21.481699680,0x1A4,B1 55 16 16 19 86 B3 19
21.481699680,0x316,65 EF 0B D3 F8 42 0C 29
21.481699680,0x427,8B BA CF B2 41 EF CE 42
21.491746925,0x1A4,93 23 14 16 64 71 FD 10
21.491746925,0x316,E7 41 13 5A D6 2B BE 6B
21.491746925,0x427,25 45 24 9A F8 EB AE BA
21.498094078,0x1A4,0A D2 12 16 64 E2 37 8C
21.498094078,0x316,02 83 DF BC 19 17 A7 53
21.498094078,0x427,46 F6 08 74 09 4A F9 B1
21.510149545,0x1A4,C1 77 10 16 A2 D2 10 C3
21.510149545,0x316,23 59 56 0D E4 01 31 A4
21.510149545,0x427,3A 68 3F A4 4D 8F 09 2F
21.518621336,0x1A4,02 ED 0E 16 F2 FC 82 71
21.518621336,0x316,F8 3D 80 CA 38 0D 1F A4
21.518621336,0x427,A2 F0 D6 22 70 93 C9 00
21.531428811,0x1A4,64 C6 0D 16 D1 22 38 33
21.531428811,0x316,51 06 D8 A0 03 5D 38 4E
21.531428811,0x427,7E 12 50 50 D6 3D 68 93
21.541878336,0x1A4,EB 28 0B 16 BA 3C 5F 1C
21.541878336,0x316,3B 0D 67 28 F4 04 E6 3F
21.541878336,0x427,0C 8E 30 84 48 20 AC B6
21.549897591,0x1A4,29 F0 09 16 69 EA 81 C4
21.549897591,0x316,51 9A A3 D4 87 B2 30 A6
21.549897591,0x427,8A A1 5E C3 88 C5 4D 21
21.561913466,0x1A4,0E 66 07 16 C1 70 11 98
21.561913466,0x316,8D 88 8D AF 80 7B 0A 69
21.561913466,0x427,E5 9A EA CA 71 B6 7D F0
21.571156351,0x1A4,3B 24 06 16 96 D7 94 73
21.571156351,0x316,E6 28 76 7A 25 14 9E DF
21.571156351,0x427,5D 3D 34 BC CF B2 2D 22
21.578101772,0x1A4,AE EA 04 16 04 1F 69 2C
21.578101772,0x316,3B D4 FD AF 8F 2F D0 97
21.578101772,0x427,83 1B A7 D3 AE 4F DC 53
21.591125011,0x1A4,2E E9 02 16 BE DE 23 48
21.591125011,0x316,28 A0 DB 32 6B 2B 9B 15
21.591125011,0x427,1B 70 1C 6A 5F 01 1B 5E
21.600096962,0x1A4,5C 4B 00 16 CF 08 BC 64
21.600096962,0x316,92 18 5B E0 94 0B 98 60
21.600096962,0x427,D8 9A DB F1 BC 86 AD D5
21.609485574,0x1A4,36 33 FF 15 A0 1D 05 92
21.609485574,0x316,2F FD 77 39 71 DD 4E 05
21.609485574,0x427,22 49 B7 F2 2F 5E E1 05
21.621486156,0x1A4,44 17 FD 15 2A D2 FB 8E
21.621486156,0x316,AF C8 A8 A5 21 3D AC 9C
21.621486156,0x427,8A A6 6A A0 D5 8E 8C 3A
21.631654514,0x1A4,C7 FA FB 15 1A 2B C7 16
21.631654514,0x316,A3 6C 60 F9 3B 7A 61 76
21.631654514,0x427,F1 92 C1 32 B5 38 04 43
21.638454016,0x1A4,DE D9 F9 15 84 96 11 DA
21.638454016,0x316,34 97 33 2B 8D 93 BE 0C
21.638454016,0x427,4C 39 AA 66 6F 83 35 9E
21.649156380,0x1A4,60 9C F8 15 8D 56 B3 99
21.649156380,0x316,51 B3 99 42 BA 53 35 26
21.649156380,0x427,13 B8 CC 16 4E A4 41 F5
21.661397603,0x1A4,E1 03 F6 15 49 2C 8D 2B
21.661397603,0x316,E7 8C 7E F2 AD D4 36 91
21.661397603,0x427,12 AF 0A 1E D0 08 9D 03
21.669773173,0x1A4,5A 15 F4 15 B7 4C 9D 86
21.669773173,0x316,13 90 66 6F 47 E0 FA C5
21.669773173,0x427,E4 66 84 EB C6 13 A4 ED
21.679488793,0x1A4,D7 32 F2 15 E8 24 C7 D3
21.679488793,0x316,31 B5 71 AC 05 8D 80 7E
21.679488793,0x427,46 D3 56 1E B4 C7 77 39
21.691316471,0x1A4,8E 1C F1 15 BD 55 01 34
21.691316471,0x316,9B 80 C7 30 22 7C 30 F2
21.691316471,0x427,84 E2 A7 DC FC CB 3B D0
21.700970237,0x1A4,D7 24 EF 15 A7 DE 25 44
21.700970237,0x316,37 E0 B7 49 E9 E3 16 BF
21.700970237,0x427,FA CD 81 7E FB 91 CF 61
21.711812136,0x1A4,4A BE ED 15 5B 3D 6A 6E
21.711812136,0x316,06 F3 38 DB BF 20 E4 34
21.711812136,0x427,91 06 9F 99 47 5F 2F 37
21.720630194,0x1A4,47 EA EB 15 5D 7D F7 D2
21.720630194,0x316,92 8A 70 48 27 8A 09 BA
21.720630194,0x427,49 3C 5C AD CB 1A 7A 30
21.731783499,0x1A4,75 BD EA 15 50 B8 2C 2E
21.731783499,0x316,08 09 95 68 EC E3 DE CA
21.731783499,0x427,C7 82 5C 25 D4 AC 5D 07
21.741388512,0x1A4,EA 15 E8 15 05 89 E3 F9
21.741388512,0x316,31 4A 05 43 36 C9 48 3C
21.741388512,0x427,C7 4A 20 9E 54 35 73 73
21.751547740,0x1A4,DF A9 E6 15 19 C4 91 3F
21.751547740,0x316,2C 94 A0 5E C0 22 39 95
21.751547740,0x427,AC 20 2C AF FD 3A B1 A5
21.760064769,0x1A4,48 3E E4 15 5A F8 F2 15
21.760064769,0x316,E1 58 A4 02 04 A0 08 78
21.760064769,0x427,F7 B7 19 22 70 EB 16 DF
21.771551810,0x1A4,9B 3F E3 15 77 39 72 F9
21.771551810,0x316,ED FD 69 B1 48 25 C6 65
21.771551810,0x427,E7 8F D5 AF 88 E5 53 36
21.778883121,0x1A4,48 2F E1 15 12 C2 2C 62
21.778883121,0x316,C1 2F 5D B5 A7 CB 5C 6C
21.778883121,0x427,83 51 71 BC 4C D5 E1 98
21.791932526,0x1A4,29 00 DF 15 EB C5 B3 12
21.791932526,0x316,6A 3B 64 18 E1 8C 97 8E
21.791932526,0x427,50 64 0A 0F 85 40 57 0D
21.800275811,0x1A4,B6 7A DD 15 07 40 5A EE
21.800275811,0x316,9B 91 1E 3C ED 06 8F 78
21.800275811,0x427,C3 88 81 E8 C9 83 B3 5A
21.811965146,0x1A4,C0 50 DC 15 4C 5B 3B 9B
21.811965146,0x316,1B 67 77 F0 95 FE B8 AB
21.811965146,0x427,79 10 9B F7 79 28 60 CD
21.820917232,0x1A4,9B BC DA 15 61 1D A6 B5
21.820917232,0x316,F9 C6 8C BF F7 85 52 CF
21.820917232,0x427,86 AA A6 0B 6C 56 5F 01
21.829371404,0x1A4,57 A8 D8 15 0C AA 29 81
21.829371404,0x316,17 E6 A1 9E AB 21 85 61
21.829371404,0x427,28 1F 71 4D 2E 01 3F FA
21.840409152,0x1A4,AA D9 D7 15 F1 D3 D7 AB
21.840409152,0x316,C2 61 F3 5E B1 5D DA 21
21.840409152,0x427,EE A2 D2 F7 64 EB 68 E4
21.851646445,0x1A4,95 59 D5 15 C2 2A 87 0A
21.851646445,0x316,46 CA 9A 94 87 56 EB 2D
21.851646445,0x427,50 79 A2 42 E3 5E 7C 2B
21.859481031,0x1A4,81 8B D3 15 3A C0 2A 7E
21.859481031,0x316,0E E8 29 EE 52 49 D4 56
21.859481031,0x427,65 D7 BD E0 EA 68 D4 77
21.868079454,0x1A4,88 7A D1 15 93 2B F3 16
21.868079454,0x316,5C B6 3B 51 2F 4F D3 B5
21.868079454,0x427,AC DA C9 87 6D 7A D4 6E
21.879050829,0x1A4,A8 B9 D0 15 E5 F7 A9 42
21.879050829,0x316,72 5C E9 1D E6 6F 32 50
21.879050829,0x427,0A 36 4E 0B 62 10 80 FA
21.888988443,0x1A4,A0 2F CE 15 56 44 CC 7F
21.888988443,0x316,24 64 26 DF A1 DF 2E F9
21.888988443,0x427,B0 B7 B5 D5 86 A8 EF 47
21.900142557,0x1A4,28 5A CC 15 5E C5 4F 5C
21.900142557,0x316,FA DE 1D ED 1B 1E 1A 6E
21.900142557,0x427,57 CE 6D 48 A3 6B 1D E7
21.910679485,0x1A4,21 E7 CA 15 2D 26 62 43
21.910679485,0x316,44 15 E9 9C DB F4 5F D4
21.910679485,0x427,5F DA F5 C2 59 51 3D ED
21.919583859,0x1A4,E3 A3 C9 15 6B 52 58 84
21.919583859,0x316,BD 71 21 50 78 F9 8E 6F
21.919583859,0x427,DD 23 86 E4 37 61 3C 2A
21.930654961,0x1A4,AA 6B C7 15 53 76 A3 BC
21.930654961,0x316,E1 D0 9B FE 12 2F C4 7D
21.930654961,0x427,4A 3B 80 C3 DA 85 36 F3
21.939344647,0x1A4,55 49 C5 15 94 B2 40 8E
21.939344647,0x316,F3 69 60 DA C6 14 40 EC
21.939344647,0x427,88 A4 4C A8 45 A3 FB A2
21.950004182,0x1A4,72 28 C4 15 83 28 A3 70
21.950004182,0x316,3D F8 9F 0D F7 0E 5D 30
21.950004182,0x427,7E 03 0C 26 2B 1D F8 0D
21.959763195,0x1A4,06 24 C2 15 89 59 E2 2E
21.959763195,0x316,B7 44 2E 09 6C 24 62 78
21.959763195,0x427,BD 09 9E 42 CC BC DE 29
21.968715481,0x1A4,73 FB C0 15 8F 04 96 77
21.968715481,0x316,37 DE B9 6F 75 C0 B3 1D
21.968715481,0x427,89 8A C5 FE E6 33 2A E5
21.980914887,0x1A4,10 65 BE 15 00 79 B2 7E
21.980914887,0x316,50 53 71 0A 2E 6F 07 71
21.980914887,0x427,ED E6 44 5B F4 36 23 FD
21.991292837,0x1A4,0C EF BD 15 77 29 94 8F
21.991292837,0x316,08 09 36 7C 7E BD 2F 75
21.991292837,0x427,69 7F 34 7E C1 33 CC 1C
22.001915882,0x1A4,B6 DC BB 15 79 73 42 B8
22.001915882,0x316,5C CD EB DD 19 D9 E6 25
22.001915882,0x427,DF CD A7 1F F0 AA 7F 59
22.011078065,0x1A4,5D B8 AD 15 66 E4 27 34
22.011078065,0x316,C3 97 40 DE 12 DB BB 48
22.011078065,0x427,4C 67 3F 2E F3 85 BF D5
22.018268514,0x1A4,9E 61 9E 15 3B D9 FB BF
22.018268514,0x316,4A A3 3C 82 0F 10 94 D2
22.018268514,0x427,CB AA D5 45 0C FB 30 90
22.028384681,0x1A4,D7 A9 90 15 0D 64 C3 A9
22.028384681,0x316,5C F4 EE 95 2B 98 5F 36
22.028384681,0x427,97 5C 63 95 F7 39 7D FF
22.038596945,0x1A4,0C 92 82 15 2B 62 0E 01
22.038596945,0x316,1A F2 A8 86 52 20 50 C4
22.038596945,0x427,6F 26 1F 92 9A C2 39 2E
22.048178561,0x1A4,4B 6F 73 15 0C 33 A0 EB
22.048178561,0x316,2C 7D AB 13 7B 2C 04 3F
22.048178561,0x427,B5 41 AC C4 04 30 84 7F
22.060192190,0x1A4,72 E0 65 15 15 63 24 18
22.060192190,0x316,87 87 2A E3 97 EA 22 54
22.060192190,0x427,EC 74 A5 06 ED A7 C6 48
22.070475606,0x1A4,48 7C 57 15 6C BC 38 FB
22.070475606,0x316,68 62 3E AE 68 CC 3A 1F
22.070475606,0x427,FC 4F E8 64 68 84 A1 5F
22.079396232,0x1A4,66 6C 49 15 0A AC DC ED
22.079396232,0x316,F7 24 83 F3 F6 65 27 1B
22.079396232,0x427,65 23 44 D6 97 68 D3 52
22.091341712,0x1A4,59 D4 3A 15 D3 51 64 07
22.091341712,0x316,6D 8F C0 14 76 D7 D1 75
22.091341712,0x427,5A B4 A8 D4 58 43 2C B5
22.100284028,0x1A4,B6 91 2C 15 91 C8 D7 7A
22.100284028,0x316,6B FB 3C 74 A2 FC DB A0
22.100284028,0x427,71 16 88 F4 97 0D F2 44
22.111501664,0x1A4,30 C5 1E 15 FE 19 73 A8
22.111501664,0x316,C5 75 7C 01 90 52 55 54
22.111501664,0x427,63 E1 42 F8 89 8E 39 0B
22.119199254,0x1A4,09 F0 0F 15 9A 4D 53 9F
22.119199254,0x316,13 EB 6D F3 1D 7E FE 73
22.119199254,0x427,FE A8 2D 53 0B 03 8A F2
22.131571867,0x1A4,13 8C 01 15 B9 46 F4 FF
22.131571867,0x316,C1 5D FC BB 3B 2E 29 E8
22.131571867,0x427,23 59 18 F5 8B 62 0A CC
22.140148373,0x1A4,06 5E F3 14 EB 20 1B 21
22.140148373,0x316,73 23 1C 36 B6 D7 FF DC
22.140148373,0x427,92 70 76 0C 12 E7 32 CD
22.151559543,0x1A4,E5 DA E5 14 8F AC 6F 48
22.151559543,0x316,0D 53 BB 52 3E 5C 53 CC
22.151559543,0x427,07 8B 37 0E 39 AD 69 BE
22.158979935,0x1A4,52 F9 D7 14 0E 6E 12 8C
22.158979935,0x316,09 BB AF F3 01 C7 2F 9A
22.158979935,0x427,12 D6 A2 61 43 6C B1 17
22.171024546,0x1A4,38 97 C8 14 FF 6B 52 41
22.171024546,0x316,AB 1D 92 2D 23 E4 75 3D
22.171024546,0x427,A0 78 0D F7 17 3A 58 C5
22.178330371,0x1A4,BF 6C BA 14 17 71 1F 66
22.178330371,0x316,84 0B D5 16 CC 46 40 05
22.178330371,0x427,2C 56 33 DA EC 15 4E 35
22.189755724,0x1A4,14 7B AC 14 14 ED 74 63
22.189755724,0x316,C3 D2 8C C7 89 70 03 67
22.189755724,0x427,ED 8E F1 48 5A CD AC A5
22.198307520,0x1A4,9C AD 9E 14 73 AF 55 F4
22.198307520,0x316,17 C2 70 A7 9D 5E 75 27
22.198307520,0x427,9E C5 DF 1E DD 8D 6D 4C
22.208388587,0x1A4,31 06 90 14 CB EA 14 CD
22.208388587,0x316,90 0A AF 6E 6C 3D 63 BC
22.208388587,0x427,BF 29 6D CE D0 84 F4 EB
22.221380041,0x1A4,9D CC 81 14 13 21 5B E7
22.221380041,0x316,66 AA 59 AF 23 DE 7F 9A
22.221380041,0x427,CB 00 9C 21 0D 53 EA 5B
22.231033880,0x1A4,CA 89 73 14 5D C3 9A 18
22.231033880,0x316,DA 6A 01 D5 80 A6 11 5E
22.231033880,0x427,F1 3D 3D 83 5A C3 2A 33
22.241390110,0x1A4,69 EF 65 14 8E 83 08 72
22.241390110,0x316,C7 6D AA E2 CE D5 59 63
22.241390110,0x427,8C F3 F7 79 E0 10 BB 44
22.250131729,0x1A4,25 82 57 14 64 EE AF 99
22.250131729,0x316,8C 5A 4E 6C DE CF 18 17
22.250131729,0x427,E2 5E A9 C1 81 57 2B 6C
22.258728164,0x1A4,9C 53 49 14 74 B7 44 5E
22.258728164,0x316,76 70 26 9D 01 04 B5 2F
22.258728164,0x427,CB 90 21 6F 85 A7 74 A1
22.268799133,0x1A4,E6 74 3A 14 B8 67 CB 17
22.268799133,0x316,98 26 5A 0A 87 58 6A 83
22.268799133,0x427,17 97 7C 57 06 57 28 F9
22.278995271,0x1A4,F1 90 2C 14 82 2C 2B AD
22.278995271,0x316,AA 26 67 39 20 CF C9 A5
22.278995271,0x427,8E 32 AD AF B9 D0 B0 B6
22.290219499,0x1A4,C1 A5 1E 14 9F 3B 40 EE
22.290219499,0x316,62 70 CD 7E DB BC FB 86
22.290219499,0x427,19 D1 2A A1 24 90 B0 A5
22.299207885,0x1A4,86 48 10 14 8B 10 7F 15
22.299207885,0x316,6B 83 6B 4A 2B 36 DD 77
22.299207885,0x427,1F 88 F6 6F 7E 58 45 14
22.311451826,0x1A4,A0 C3 02 14 78 08 32 CD
22.311451826,0x316,05 BD 44 7A 9F 92 E6 4C
22.311451826,0x427,E0 13 0B 26 06 A1 F3 FB
22.320215849,0x1A4,3C D4 F4 13 A7 32 2F AF
22.320215849,0x316,19 B1 24 E7 D7 94 E7 4C
22.320215849,0x427,13 08 6F D7 99 C1 A7 3F
22.331164580,0x1A4,6C 5C E6 13 E2 D4 7F 6D
22.331164580,0x316,25 AF A4 4B 18 8E 8B 91
22.331164580,0x427,80 EB 37 0C F6 F6 0D 8D
22.339914579,0x1A4,9F A2 D8 13 11 4E D4 EA
22.339914579,0x316,F7 56 8B 0B 4B 22 6F 83
22.339914579,0x427,21 C8 8D 1B ED 0F BA 82
22.350158844,0x1A4,F0 21 C9 13 C4 A3 BB 69
22.350158844,0x316,82 20 30 18 50 BA F3 76
22.350158844,0x427,4F CF 2D A9 7C 3C 66 B8
22.358005935,0x1A4,A0 C9 BB 13 98 48 15 D0
22.358005935,0x316,95 88 DD 40 94 45 FF 5A
22.358005935,0x427,BD 84 3E 41 E4 C6 E7 95
22.371653638,0x1A4,87 D9 AD 13 EB 08 C6 C4
22.371653638,0x316,4D BE E1 80 64 2F 2A 04
22.371653638,0x427,42 E0 2A 1D A4 77 92 BD
22.381480114,0x1A4,71 32 9F 13 15 3C 7F 76
22.381480114,0x316,E0 21 F7 2D E8 E6 42 C9
22.381480114,0x427,2A 31 A5 2E 2C F0 C8 D7
22.390531687,0x1A4,39 DA 91 13 46 13 96 0B
22.390531687,0x316,C7 87 52 15 54 76 8F 6A
22.390531687,0x427,DE 09 73 E0 38 27 52 B4
22.399887698,0x1A4,A2 A0 83 13 D6 C9 5E 50
22.399887698,0x316,EE 49 53 96 E3 44 5E B9
22.399887698,0x427,31 C2 7A 74 13 F8 E1 C1
22.409455039,0x1A4,97 26 75 13 32 C9 2F 73
22.409455039,0x316,B1 09 B2 9F AE 36 CE CE
22.409455039,0x427,42 EA DB 43 99 B0 61 57
22.421858417,0x1A4,E1 EF 67 13 02 62 09 EB
22.421858417,0x316,34 74 10 DF D3 8D 5C CF
22.421858417,0x427,33 CC EB 2F B2 93 08 36
22.429999881,0x1A4,34 E3 59 13 A8 42 06 14
22.429999881,0x316,23 50 3D BF D7 8D 70 FB
22.429999881,0x427,80 35 A3 9A 8C A4 62 42
22.438643360,0x1A4,7D 36 4B 13 59 84 64 AC
22.438643360,0x316,72 7C 38 1B 29 72 0D 6F
22.438643360,0x427,BC DD CC 88 95 17 96 04
22.450388044,0x1A4,9F 31 3D 13 77 62 1A 65
22.450388044,0x316,7D A0 DE 1D 2C EE 67 03
22.450388044,0x427,15 D9 F6 2B 99 92 E2 A7
22.458498665,0x1A4,20 87 2F 13 5C 3E CD 75
22.458498665,0x316,96 36 1A B1 20 15 B4 67
22.458498665,0x427,6D 66 68 DE BF 25 60 A8
22.471075542,0x1A4,07 EB 21 13 D0 F5 86 BE
22.471075542,0x316,85 4B 15 9A 6C 54 D5 B9
22.471075542,0x427,6E D8 99 7C B6 4C 84 4D
22.480165595,0x1A4,8D F9 13 13 3C 73 29 D0
22.480165595,0x316,E8 F1 52 F9 3F FD E2 9D
22.480165595,0x427,BA B8 58 5C 7F 3E CF B0
22.488145905,0x1A4,C6 5C 05 13 CF 72 90 F6
22.488145905,0x316,AB 10 B7 B0 EF 80 D3 AC
22.488145905,0x427,F1 89 1E 65 75 EF FC CD
22.498404941,0x1A4,29 E8 F7 12 9A 41 6F 16
22.498404941,0x316,7E DD 05 20 F6 D3 96 22
22.498404941,0x427,5A 5F 8D 03 CD 67 D8 30
22.511794375,0x1A4,33 4C E9 12 2B 4B E3 D0
22.511794375,0x316,35 0E 11 04 91 2E 2F B2
22.511794375,0x427,CA 05 74 F8 0E 42 2F 30
22.519799970,0x1A4,64 36 DB 12 19 5E DD 06
22.519799970,0x316,39 10 90 35 10 7F 2A 7B
22.519799970,0x427,ED 2B 0C A6 2D D3 28 25
22.531720600,0x1A4,6C 59 CD 12 E2 4E E5 3D
22.531720600,0x316,5C D5 8F 6F F1 30 93 D7
22.531720600,0x427,92 69 45 A0 33 4C B2 DB
22.538908714,0x1A4,38 32 BF 12 89 8B E0 89
22.538908714,0x316,0C C5 DF 30 13 3A 0A 16
22.538908714,0x427,16 F4 08 4D F4 71 0C C5
22.550736651,0x1A4,B0 0E B1 12 0F 2F EE 25
22.550736651,0x316,5F 59 57 79 F0 46 00 6C
22.550736651,0x427,A3 C9 95 05 CD 3E D0 1D
22.558213438,0x1A4,B1 E3 A3 12 15 B1 04 E7
22.558213438,0x316,CB 24 05 27 6A C3 20 BD
22.558213438,0x427,20 78 DD B3 E6 F2 FC 71
22.570688668,0x1A4,A9 FA 95 12 91 07 2C 7C
22.570688668,0x316,2A 84 B3 78 6C 53 06 05
22.570688668,0x427,B1 9E 1B DC A5 7F 13 73
22.580469835,0x1A4,84 63 87 12 14 FA 1C 3E
22.580469835,0x316,2D EA 8A 33 3E 12 7A 4B
22.580469835,0x427,CF 31 C6 91 9D E2 56 D4
22.589257848,0x1A4,37 71 79 12 D5 A3 48 64
22.589257848,0x316,73 3C 09 0D 97 32 77 55
22.589257848,0x427,81 0C 04 02 03 28 48 1A
22.599451015,0x1A4,BF 8A 6B 12 B8 3F FE D8
22.599451015,0x316,37 40 8D B6 A8 A7 89 6E
22.599451015,0x427,EF A7 BF FA 2B 64 6A 6A
22.608399917,0x1A4,4D EA 5D 12 DE 67 E6 7E
22.608399917,0x316,00 2A B1 BC 1E 25 23 94
22.608399917,0x427,D9 F0 88 98 BC F6 27 BB
22.621101265,0x1A4,B3 E6 4F 12 36 31 C0 FF
22.621101265,0x316,30 33 70 4A D3 F5 79 09
22.621101265,0x427,58 92 CC 7C FA 73 51 66
22.631565068,0x1A4,C8 1C 41 12 C3 47 6B 83
22.631565068,0x316,8D 59 4E 97 A6 50 80 B9
22.631565068,0x427,85 F4 8A 9C 95 92 6E EF
22.639075944,0x1A4,33 2E 33 12 91 DF B2 E7
22.639075944,0x316,B8 8B 12 D1 53 46 1D DE
22.639075944,0x427,CA 1C E7 7C 65 2D 5E 3B
22.651585777,0x1A4,2C BB 25 12 9C 57 8A 0F
22.651585777,0x316,03 3F 3F 87 F8 78 DE 04
22.651585777,0x427,6C 7D 08 6C 90 2B 8F 93
22.658294308,0x1A4,34 8E 17 12 39 2A A2 8D
22.658294308,0x316,8E 3A 42 10 40 BE 91 44
22.658294308,0x427,8A 99 93 E4 FE 01 F7 A5
22.670190496,0x1A4,28 85 09 12 C2 B7 9E E3
22.670190496,0x316,76 AD 2C 79 01 D4 EF 1D
22.670190496,0x427,91 7A AA 7E DE 0C 69 9F
22.678329357,0x1A4,C3 F9 FB 11 56 0A 6C A5
22.678329357,0x316,75 88 C5 58 E9 73 C5 72
22.678329357,0x427,73 4E 90 B2 0D C5 AC 6F
22.691557742,0x1A4,50 9A ED 11 FC 25 4D 29
22.691557742,0x316,13 13 BB 49 81 D7 E8 B9
22.691557742,0x427,B8 1A 34 31 26 24 20 78
22.700924795,0x1A4,F1 61 DF 11 AF 05 28 70
22.700924795,0x316,0D 1C 6B 3B FD 6D F4 81
22.700924795,0x427,A4 69 3E 38 19 CD 70 96
22.711645000,0x1A4,52 D2 D1 11 36 76 5A AF
22.711645000,0x316,12 BB D2 56 32 DD F6 EB
22.711645000,0x427,E3 3B 23 9A 8B F2 7B DA
22.721400797,0x1A4,02 ED C4 11 CF 4A 17 B7
22.721400797,0x316,89 68 2E A8 D9 78 ED 77
22.721400797,0x427,93 9B 93 21 DF A6 17 E2
22.728760090,0x1A4,3B DF B6 11 57 33 16 B9
22.728760090,0x316,F5 56 1D B6 69 5E EF 63
22.728760090,0x427,71 AC B5 F5 40 68 B7 6A
22.740241998,0x1A4,9B C7 A8 11 33 49 F2 F0
22.740241998,0x316,60 C2 50 AC 9D 40 0A A7
22.740241998,0x427,13 BD 0D BC 7D B5 39 5C
22.748939142,0x1A4,42 DD 9A 11 E2 47 EA 78
22.748939142,0x316,4B BF BC CC 99 A1 8F F8
22.748939142,0x427,C3 33 33 D8 03 85 7A 29
22.760715919,0x1A4,FF 0F 8C 11 51 9F 0B 35
22.760715919,0x316,B9 1D 4F 48 F1 8D D1 B0
22.760715919,0x427,4E 21 CF BF 0A AC 10 16
22.769897212,0x1A4,3F 36 7E 11 EB A9 9E 7B
22.769897212,0x316,D9 78 0C 21 54 CE 5C 2C
22.769897212,0x427,E0 65 11 33 5A 33 04 28
22.781250047,0x1A4,FB 5D 70 11 7D E2 FF 7D
22.781250047,0x316,9A D3 D4 19 80 AA 21 CB
22.781250047,0x427,79 F3 7D 6A 4E 08 6C F1
22.790488034,0x1A4,97 87 62 11 4F C4 64 7E
22.790488034,0x316,7C 21 BC 4D C2 89 16 3C
22.790488034,0x427,AE 65 9D 35 D8 71 8C 8E
22.798495772,0x1A4,D1 6C 55 11 6E 95 CF FF
22.798495772,0x316,E7 34 A4 04 C7 72 D9 5B
22.798495772,0x427,03 10 83 E1 41 50 C4 42
22.809794018,0x1A4,25 3A 47 11 EC 24 4B AD
22.809794018,0x316,38 5E 9A 28 C6 1B BA 2C
22.809794018,0x427,E7 71 F4 D3 03 AE 05 DC
22.818091571,0x1A4,3B 2A 39 11 4F FE E3 80
22.818091571,0x316,B9 2F 2F 08 A2 76 8B CE
22.818091571,0x427,50 63 4C 10 F3 C8 75 56
22.831236243,0x1A4,94 24 2B 11 71 17 2D 1D
22.831236243,0x316,98 9A 18 9E 6A 5F 08 3A
22.831236243,0x427,30 69 E5 1E 2A 04 DE 8F
22.840629663,0x1A4,F0 54 1D 11 BE 6F 82 7C
22.840629663,0x316,AA A1 00 42 DE AF 60 FE
22.840629663,0x427,DB 7C 1F 57 BF 46 EE C8
22.848580231,0x1A4,8C 12 0F 11 3E B0 F5 C4
22.848580231,0x316,51 FB F2 0B 47 F0 24 C5
22.848580231,0x427,62 D7 B1 E0 57 04 99 8E
22.859146778,0x1A4,2C 4E 01 11 A5 13 75 E5
22.859146778,0x316,3A A0 B3 26 C5 F4 78 DA
22.859146778,0x427,BA B9 AC B0 05 85 AA DF
22.870646268,0x1A4,7D 6E F4 10 35 B7 B2 9A
22.870646268,0x316,66 6D 63 AB 26 0D A9 1A
22.870646268,0x427,E6 F3 D6 B4 70 75 E8 0C
22.881453436,0x1A4,CE C2 E6 10 06 9A 3E F2
22.881453436,0x316,3C 69 15 70 96 67 8A CC
22.881453436,0x427,4C D7 06 75 62 0A 70 F6
22.889582704,0x1A4,3E E6 D8 10 96 C5 79 C1
22.889582704,0x316,BD F6 65 1C 4B 4D 83 F9
22.889582704,0x427,94 BA 1B 1B 0F 5F 1A C8
22.900838203,0x1A4,65 7B CA 10 D2 67 12 9C
22.900838203,0x316,67 64 3B C8 ED 46 BF DB
22.900838203,0x427,89 B9 87 F2 09 06 14 1A
22.910038638,0x1A4,B3 1E BC 10 C9 38 FE 8F
22.910038638,0x316,57 82 BE 0A DB C9 DE 81
22.910038638,0x427,8C 38 FC 1A D3 8B C3 2A
22.918360769,0x1A4,8F D6 AF 10 31 23 39 1E
22.918360769,0x316,58 4D F1 DE 14 31 94 34
22.918360769,0x427,1B 5D 36 E9 3A 56 94 5C
22.930057348,0x1A4,EA 48 A1 10 21 19 75 BA
22.930057348,0x316,7E 92 C8 4A BA 31 4A B5
22.930057348,0x427,4F 51 07 71 2E 1E 10 C3
22.940186379,0x1A4,D2 70 93 10 71 8D 96 7F
22.940186379,0x316,4E 85 88 BB 47 9C D8 DE
22.940186379,0x427,F1 58 6B 19 C6 EC 7F 27
22.949986532,0x1A4,80 E2 85 10 B7 DC 1D 5D
22.949986532,0x316,A1 D6 A8 55 62 85 B4 D1
22.949986532,0x427,72 0E 45 23 2F D8 7B 1F
22.959569621,0x1A4,22 87 78 10 BE 15 AF 33
22.959569621,0x316,77 69 69 70 CE 1B 3A F8
22.959569621,0x427,CF 94 6E 6A 5D 8E EB C4
22.971248163,0x1A4,8D 5B 6A 10 39 B9 AF 01
22.971248163,0x316,88 08 CD 3E 38 54 B6 D5
22.971248163,0x427,13 24 24 CF 0A 00 42 79
22.979252097,0x1A4,94 C0 5C 10 F2 FD 68 49
22.979252097,0x316,7A 2B 49 81 38 D0 D7 2B
22.979252097,0x427,F8 E2 D1 15 B6 99 19 44
22.989181903,0x1A4,27 FD 4E 10 8D 54 17 B7
22.989181903,0x316,29 89 3D C1 03 01 3E 6A
22.989181903,0x427,42 20 53 5C 93 01 23 A1
22.999273207,0x1A4,11 21 40 10 2E E5 D5 3E
22.999273207,0x316,04 FE CF 26 1B 20 D2 C0
22.999273207,0x427,83 D8 E5 C0 16 29 97 87
23.009580144,0x1A4,98 FC 33 10 93 F8 86 C9
23.009580144,0x316,D9 22 6A 3A A6 98 53 23
23.009580144,0x427,48 B6 40 CD 87 55 C7 6D
23.021541471,0x1A4,17 33 25 10 DA 5C 03 EB
23.021541471,0x316,D8 7E C8 68 DD 9A E7 E5
23.021541471,0x427,30 D7 70 75 46 D2 AB F3
23.028034773,0x1A4,3A 43 17 10 CF C0 22 84
23.028034773,0x316,06 63 6B CB FC 91 A4 AE
23.028034773,0x427,AD 3E 9D 5C 2E F6 98 F1
23.038302422,0x1A4,0B 8B 09 10 5E D6 4C 71
23.038302422,0x316,4C 03 45 25 36 AC 28 C5
23.038302422,0x427,B6 FF 8B 02 EE 51 B6 B7
23.049239272,0x1A4,CB 31 FC 0F C8 F6 70 84
23.049239272,0x316,C9 93 92 F1 A7 12 D0 11
23.049239272,0x427,6E 06 B4 15 1F 11 9B 56
23.059289307,0x1A4,43 08 EE 0F 52 97 D2 66
23.059289307,0x316,1C BE 60 FB AF 36 BA C5
23.059289307,0x427,AB 2E 11 2A 6A 5C 1F 6F
23.070039896,0x1A4,77 63 E0 0F 05 19 AD 64
23.070039896,0x316,B3 6E 5A C2 8D F9 7E 09
23.070039896,0x427,33 4E 01 A9 2B 32 2A EC
23.080990944,0x1A4,9C 19 D3 0F EF CB A4 26
23.080990944,0x316,28 F8 0A E7 53 2F 16 93
23.080990944,0x427,F5 9F CC 0E 59 B5 4C FA
23.091534543,0x1A4,7E 08 C5 0F 7C 5D E4 FA
23.091534543,0x316,7C 62 9F B6 CE E6 8F CC
23.091534543,0x427,AD 75 0D A9 75 4D 35 E0
23.101457673,0x1A4,C0 31 B7 0F 24 52 00 F9
23.101457673,0x316,89 98 B4 4B 89 97 57 6B
23.101457673,0x427,0E A8 E9 66 24 AA C2 E2
23.110164790,0x1A4,19 8A A9 0F D1 FF 66 B3
23.110164790,0x316,AF 69 B9 8D 17 BC A0 DF
23.110164790,0x427,1E 1D E8 4D B0 91 B7 B8
23.118204163,0x1A4,79 6C 9C 0F AC 54 4E 50
23.118204163,0x316,79 5A C3 E8 6C B2 1A 58
23.118204163,0x427,6A E1 05 02 50 81 B6 D3
23.128899530,0x1A4,F3 B5 8E 0F DE 10 74 E6
23.128899530,0x316,FC 5B 1D 87 67 3E 43 9C
23.128899530,0x427,7C A6 A2 EB 54 BC 98 25
23.141640266,0x1A4,99 89 80 0F 42 7C 68 67
23.141640266,0x316,01 72 39 72 E1 46 D5 A4
23.141640266,0x427,3B A2 83 34 52 6D 38 E3
23.150862295,0x1A4,AA 74 73 0F 22 09 D6 9F
23.150862295,0x316,FC C0 D0 C9 84 88 41 9E
23.150862295,0x427,02 E7 EB A6 48 56 30 71
23.159202320,0x1A4,06 75 65 0F 13 58 62 58
23.159202320,0x316,76 A9 3E E3 49 29 D4 CF
23.159202320,0x427,CD 84 14 C8 6A F0 14 A6
23.170380815,0x1A4,97 AF 57 0F E5 A2 80 C6
23.170380815,0x316,76 F9 81 32 93 8E 87 E1
23.170380815,0x427,B3 29 31 4D 42 6F 93 15
23.180825751,0x1A4,9F E0 4A 0F D1 3D 95 89
23.180825751,0x316,14 54 A1 55 D8 9D D6 63
23.180825751,0x427,37 11 A0 B9 14 8E 08 B8
23.188026982,0x1A4,E0 0F 3C 0F 40 87 3F E1
23.188026982,0x316,ED E7 41 20 90 80 3D 85
23.188026982,0x427,A1 BA EE FD 73 3A 71 8A
23.199873296,0x1A4,10 7F 2E 0F 27 4E B7 36
23.199873296,0x316,FC 05 C3 17 08 E9 FC 82
23.199873296,0x427,60 D6 41 8D 3F C6 EF 4F
23.209316523,0x1A4,72 44 21 0F 77 B2 38 57
23.209316523,0x316,A4 C9 CD C1 1E 49 BC A2
23.209316523,0x427,49 8D F7 28 BC F7 FE 05
23.221414450,0x1A4,1E E1 13 0F C1 F7 EB E3
23.221414450,0x316,73 E4 ED CB 8B 06 39 8A
23.221414450,0x427,F0 50 AE 97 0B 85 39 42
23.230198424,0x1A4,9C 71 05 0F 7E F5 0C D5
23.230198424,0x316,61 34 2F C6 15 26 CF 4D
23.230198424,0x427,9F 82 FC B9 EF 12 39 6C
23.239040757,0x1A4,28 10 F8 0E E5 AC 59 81
23.239040757,0x316,A3 EB 45 1C 1D 72 63 BB
23.239040757,0x427,93 9A 58 0F 30 03 72 D7
23.248941101,0x1A4,00 8B EA 0E 35 66 7F 42
23.248941101,0x316,DF 62 82 A0 BB 7A EB 81
23.248941101,0x427,FA C3 BE 5A C4 35 B2 1F
23.260145631,0x1A4,A5 38 DC 0E 8A E9 AD C1
23.260145631,0x316,0A 79 A5 A6 65 DB FB F0
23.260145631,0x427,77 9A EF 1F B4 6B E0 72
23.269562463,0x1A4,ED 2D CF 0E 4B 1E 8B 92
23.269562463,0x316,81 C5 A2 BC 51 AA 55 01
23.269562463,0x427,C1 73 01 74 90 69 C7 56
23.278048746,0x1A4,F1 A5 C1 0E CA DF 70 3C
23.278048746,0x316,05 E1 2D CE 2A 00 EA BE
23.278048746,0x427,E9 1B 2F FD 2B 55 E3 94
23.288495867,0x1A4,C3 FA B3 0E 02 1D F3 B6
23.288495867,0x316,D5 64 F3 E4 77 95 02 F0
23.288495867,0x427,83 DA B3 A0 FC 8D 5F AA
23.298704113,0x1A4,E5 9A A6 0E FE DF 30 D8
23.298704113,0x316,DA E4 75 98 E0 CC DC 3B
23.298704113,0x427,D1 B1 AF 59 1B 7A 98 4C
23.308496039,0x1A4,65 51 98 0E AC 6C BB AA
23.308496039,0x316,F6 F2 E7 C8 40 08 A9 D0
23.308496039,0x427,C5 B3 00 B7 77 C6 A0 92
23.320447932,0x1A4,30 9F 8B 0E E0 2B D5 23
23.320447932,0x316,A6 B4 DF B6 72 B3 AE 60
23.320447932,0x427,91 DF 08 85 8C 9B CD BC
23.328527246,0x1A4,EE E5 7D 0E DF 26 F0 1A
23.328527246,0x316,4F C7 ED 53 C7 2F 36 84
23.328527246,0x427,59 23 16 95 36 4D 4B 31
23.339583980,0x1A4,16 D2 6F 0E 4F 05 4F C7
23.339583980,0x316,78 07 7C 5C 36 A2 4D 74
23.339583980,0x427,1C BB 15 19 85 83 84 25
23.348989820,0x1A4,0A 11 62 0E CF 28 FA 6C
23.348989820,0x316,03 7D 14 D4 7D 4D 7C 69
23.348989820,0x427,50 7D FA 14 E3 9A 9D 17
23.358668880,0x1A4,AD EC 54 0E 71 60 C5 6C
23.358668880,0x316,67 58 75 E3 73 D4 4B 21
23.358668880,0x427,BB B8 EB 79 46 1C FC 36
23.368238407,0x1A4,5B CF 47 0E 7F 92 FC 13
23.368238407,0x316,DA 10 8A 5E 48 3C 44 AD
23.368238407,0x427,EF AF B8 86 E5 DD 1A 67
23.381192831,0x1A4,6C DC 39 0E 72 8E 18 8F
23.381192831,0x316,51 94 D9 84 83 0E 61 C7
23.381192831,0x427,D6 76 10 65 8A 5C 3C DF
23.390552573,0x1A4,47 6E 2B 0E A8 EE 94 95
23.390552573,0x316,68 25 B3 7F 21 1E EF A2
23.390552573,0x427,9D 65 65 6C 4D 65 1B FF
23.398798701,0x1A4,77 14 1E 0E 6A 79 63 B0
23.398798701,0x316,67 59 58 EE 75 55 A4 F2
23.398798701,0x427,3F 90 52 7D 74 CD 51 BB
23.411602007,0x1A4,A9 62 10 0E 41 6C BB 6A
23.411602007,0x316,12 55 E5 D2 62 10 B0 29
23.411602007,0x427,14 DF F3 24 21 2F 7B 81
23.420062837,0x1A4,6A 32 03 0E 15 85 19 7C
23.420062837,0x316,A3 F6 0D B6 97 AA 2C 75
23.420062837,0x427,2B 63 1F 21 A0 EE D0 F7
23.431204735,0x1A4,D3 BA F5 0D B5 1F 60 83
23.431204735,0x316,1E 5F FF DC BF CA 75 87
23.431204735,0x427,21 0F 39 1E 0A D5 C8 B1
23.440273786,0x1A4,DD BD E8 0D 5C 37 97 74
23.440273786,0x316,99 D4 2D 79 27 F5 58 08
23.440273786,0x427,D7 61 1A BF 61 A5 26 28
23.448039145,0x1A4,F9 8A DA 0D 8C 5F 1C 8F
23.448039145,0x316,BF 8B 8C 5E 9D 5B F4 EB
23.448039145,0x427,2B 97 AA F3 D7 73 67 1E
23.460434083,0x1A4,A6 78 CC 0D D7 7F 31 DA
23.460434083,0x316,B2 4F 9B 68 A4 FD 3E 1C
23.460434083,0x427,27 1A F1 1E 8A 2F 9D 5E
23.471230627,0x1A4,C6 2C BF 0D A5 9B 22 4A
23.471230627,0x316,3B EE 4F 0A 0F BF D4 85
23.471230627,0x427,F4 F6 3E 27 97 5A 24 1E
23.481831583,0x1A4,02 7C B1 0D B9 89 0F 4E
23.481831583,0x316,45 7E B3 FD 44 98 DC 5F
23.481831583,0x427,ED 73 A2 4D BA 5B 42 4B
23.490145501,0x1A4,C9 9D A4 0D 47 8D 29 07
23.490145501,0x316,66 53 8C CA B4 16 93 24
23.490145501,0x427,3C 46 63 24 05 A0 A6 C8
23.499707008,0x1A4,54 9D 96 0D DF 43 F8 6B
23.499707008,0x316,18 65 74 0C 6D 7A D3 EF
23.499707008,0x427,95 C2 ED E4 BE 39 1F 4E
23.510337075,0x1A4,DD 40 89 0D D6 4B 92 48
23.510337075,0x316,BE 58 30 37 87 24 DE 2E
23.510337075,0x427,3C 2E B2 D1 12 61 5A BD
23.519714504,0x1A4,CB 94 7B 0D 3A B1 88 00
23.519714504,0x316,AA E1 50 1F 8E 67 2B 8C
23.519714504,0x427,A3 0E 41 59 CA E8 4B 11
23.528703415,0x1A4,17 46 6E 0D 97 4F 70 0B
23.528703415,0x316,80 34 E6 6A E1 60 2E 7B
23.528703415,0x427,2C 00 B4 92 45 9F 48 4F
23.538088863,0x1A4,7E E8 60 0D 7C CF CE 73
23.538088863,0x316,4B 3A 79 E6 83 95 7B 56
23.538088863,0x427,D3 82 06 C8 15 1A 97 60
23.551650536,0x1A4,2F 83 53 0D 69 2B 9F D5
23.551650536,0x316,6A 1D 54 B8 8F 47 6C D5
23.551650536,0x427,A7 CA 0F 9B 72 CF FF 21
23.558798024,0x1A4,69 3C 45 0D 4F 32 76 23
23.558798024,0x316,47 34 38 81 53 0F EF A2
23.558798024,0x427,9A E9 FF 75 77 61 FD C2
23.569168679,0x1A4,80 92 38 0D 98 FA CE AA
23.569168679,0x316,E1 8F F6 72 1A B9 23 26
23.569168679,0x427,7B D2 C8 DD 35 4E 55 BA
23.578548938,0x1A4,E2 5F 2A 0D AF 58 DD 16
23.578548938,0x316,46 74 C0 CC 66 F4 F0 9F
23.578548938,0x427,D8 D2 1C AA 4B 8F A3 9F
23.591383167,0x1A4,FD 66 1D 0D 53 D7 21 63
23.591383167,0x316,AF 3D 9A 3B 0A 6B 76 E6
23.591383167,0x427,11 BF 38 65 A5 90 C8 56
23.599535926,0x1A4,CE 9C 0F 0D 2A D7 BA 0B
23.599535926,0x316,8C B2 44 F5 11 35 A2 AB
23.599535926,0x427,7F DE D9 E3 B6 C0 6E 71
23.608939304,0x1A4,E9 C7 02 0D E0 0D 02 47
23.608939304,0x316,2F C9 5A A5 18 E5 A9 16
23.608939304,0x427,33 22 AF DD E3 BA 65 2A
23.620413200,0x1A4,F8 9F F4 0C 83 8F 59 06
23.620413200,0x316,2E 40 6E 92 49 D6 4E A1
23.620413200,0x427,DC 0F D1 CB 43 42 87 C5
23.628236821,0x1A4,4F 17 E7 0C E3 AA 10 4F
23.628236821,0x316,4C 9A A0 8F 56 2F 29 A5
23.628236821,0x427,CC 26 B0 1F 64 8F D7 A4
23.639285040,0x1A4,2E BF D9 0C 1A 86 CC 15
23.639285040,0x316,C7 E0 42 31 44 E9 85 F4
23.639285040,0x427,8C 63 63 9E 99 A7 B5 8A
23.649134622,0x1A4,B8 CE CC 0C 43 11 F3 C1
23.649134622,0x316,ED 2C 89 0D 38 24 11 F5
23.649134622,0x427,25 89 FB 91 18 A8 91 85
23.659445705,0x1A4,63 3F BE 0C 51 9B 24 C0
23.659445705,0x316,2B 5E D0 79 B5 EF AC 80
23.659445705,0x427,C2 E5 98 E5 2A 2B C7 04
23.669611461,0x1A4,C0 E0 B1 0C 66 5C 83 A8
23.669611461,0x316,7E 9C A9 EF B5 F0 27 88
23.669611461,0x427,CC A9 03 2E FD 52 5E F6
23.679796055,0x1A4,F3 73 A3 0C A1 F1 63 46
23.679796055,0x316,EE E8 68 C9 E1 A2 AF 34
23.679796055,0x427,D6 1B CB 3E 84 99 66 D4
23.688108939,0x1A4,95 5C 96 0C 19 4B C3 D6
23.688108939,0x316,82 69 3D E3 A5 91 5D 94
23.688108939,0x427,C8 05 B9 71 D2 7C AB 15
23.700869867,0x1A4,59 60 88 0C B2 54 96 88
23.700869867,0x316,74 D6 5A 9B CC C6 07 52
23.700869867,0x427,89 39 DC 66 83 B1 C1 96
23.708165759,0x1A4,50 0C 7B 0C 57 2D D1 7D
23.708165759,0x316,94 59 AA DC CC B6 10 EF
23.708165759,0x427,9B 94 F4 05 94 64 07 57
23.720363096,0x1A4,A2 5F 6D 0C C8 C5 35 2E
23.720363096,0x316,07 46 39 6A 78 98 28 06
23.720363096,0x427,13 EB 11 DC CA 91 24 87
23.728157080,0x1A4,A9 F9 60 0C C3 78 CB 61
23.728157080,0x316,6A 67 D6 41 87 6B 4D 17
23.728157080,0x427,8C 59 59 1D 52 43 D3 FA
23.740166004,0x1A4,C0 ED 52 0C F4 0B B2 8A
23.740166004,0x316,6B 45 0C 2B 97 CF 0C 49
23.740166004,0x427,CC 6D DF 24 11 64 C3 2E
23.751533286,0x1A4,62 05 45 0C C9 9D AF C4
23.751533286,0x316,CB E5 F1 16 EA 71 7B 27
23.751533286,0x427,CB 10 8A 4E 4D 11 C1 F3
23.760016172,0x1A4,A1 44 38 0C 81 4A B9 AD
23.760016172,0x316,D7 1A 50 2B 6C F8 14 0F
23.760016172,0x427,F2 42 4E 9D D3 2D 0C F6
23.770555790,0x1A4,5C 40 2A 0C 69 05 74 2E
23.770555790,0x316,EE B0 F4 06 AC DE 9A B6
23.770555790,0x427,03 F9 F9 0E AA 52 4B 4C
23.778333695,0x1A4,C1 16 1D 0C 1A 4D 47 19
23.778333695,0x316,C8 3C EE 51 7D 4B 78 24
23.778333695,0x427,7B C1 AE 69 DD 5E 9C E4
23.789676927,0x1A4,F5 EF 0F 0C 51 FB 07 42
23.789676927,0x316,5B A1 21 60 4D 39 0B F1
23.789676927,0x427,21 DC E6 D3 00 BB 45 E6
23.799383199,0x1A4,2E A5 02 0C 6D E2 47 0D
23.799383199,0x316,C1 EF DA 33 27 EE 57 3D
23.799383199,0x427,31 D6 8B C0 7E 4B D5 98
23.811206379,0x1A4,6A 00 F4 0B 87 AE 8A 3C
23.811206379,0x316,8F E6 33 7E F9 00 35 82
23.811206379,0x427,32 A1 9C C0 51 C0 21 81
23.820198207,0x1A4,DC 8C E7 0B 6E 10 09 F3
23.820198207,0x316,01 F9 75 1D 17 07 F0 44
23.820198207,0x427,C3 93 85 0F 4A 7F 7E 51
23.829149555,0x1A4,D6 AC DA 0B FA 57 99 8D
23.829149555,0x316,CE 29 36 68 9C DE C1 10
23.829149555,0x427,06 AA F2 7B 9F 69 66 07
23.840840976,0x1A4,41 83 CC 0B 31 C3 2F A2
23.840840976,0x316,06 6A D6 3B 10 8B EA E9
23.840840976,0x427,E3 1C DB E2 57 77 C4 04
23.850712416,0x1A4,02 A7 BF 0B 52 E0 D7 8D
23.850712416,0x316,EE 46 A6 F6 FC 69 0F 96
23.850712416,0x427,62 2F D3 AC 79 85 FC 19
23.861108506,0x1A4,4B 92 B1 0B A4 8B 52 C3
23.861108506,0x316,B3 4E 01 8E 57 0A CC A6
23.861108506,0x427,1D CC 03 C9 94 71 25 20
23.871326000,0x1A4,6E 1B A4 0B DD 8B 78 91
23.871326000,0x316,25 80 20 68 AA E4 2B 72
23.871326000,0x427,95 04 7B 15 52 AA A5 D8
23.878886786,0x1A4,17 B9 97 0B 17 56 1C 80
23.878886786,0x316,76 C0 15 34 73 ED 6A C8
23.878886786,0x427,89 0C C9 F7 76 2A 72 24
23.890300128,0x1A4,57 EE 89 0B 72 42 5A 8A
23.890300128,0x316,38 31 3D FC FD 63 0E 2B
23.890300128,0x427,F0 B3 32 C8 2A E7 C2 3E
23.901974257,0x1A4,4B EF 7C 0B C2 6B DE F3
23.901974257,0x316,77 0A 7B 6C FD 2B 1B F6
23.901974257,0x427,7A 96 57 E9 25 75 1E 8E
23.908992459,0x1A4,2E 5D 6E 0B CA E2 B2 0A
23.908992459,0x316,FC 9A 41 00 2A 6B 09 D0
23.908992459,0x427,C7 6F F3 76 81 98 0B F6
23.920918399,0x1A4,9F B5 61 0B FA 27 E8 9E
23.920918399,0x316,8D 40 0C 4A 5F DD 2E A7
23.920918399,0x427,79 5A DA F8 82 86 D9 2A
23.931611418,0x1A4,E2 94 54 0B 74 A1 67 0F
23.931611418,0x316,76 4D FA EE 7A C9 FB EB
23.931611418,0x427,15 8F 70 7B 6C 2E F7 45
23.938830033,0x1A4,73 DC 46 0B 3A 42 3A 40
23.938830033,0x316,D3 AA E8 D6 F4 55 14 AE
23.938830033,0x427,93 BD 51 61 B3 50 CE FF
23.951537693,0x1A4,4D 86 39 0B 83 0F AA D7
23.951537693,0x316,7B 50 D8 A1 04 0E 77 36
23.951537693,0x427,A2 FD CC 95 50 14 37 D7
23.958763701,0x1A4,2E E2 2B 0B 4C 04 04 48
23.958763701,0x316,2B E3 A4 0B 20 94 52 29
23.958763701,0x427,EB 17 3B BD 5E 13 BA 88
23.971422515,0x1A4,4C 1D 1E 0B 56 46 E7 11
23.971422515,0x316,97 A2 F6 4C AC 91 F7 16
23.971422515,0x427,AE B3 32 65 72 43 CC B2
23.978333269,0x1A4,19 6B 11 0B 2D 86 9B D4
23.978333269,0x316,B1 1E C0 23 7B 6F 9E B9
23.978333269,0x427,BC 69 75 8E E1 BF B2 FF
23.988061028,0x1A4,3A 94 03 0B 69 E9 D6 E0
23.988061028,0x316,19 17 95 6E FE 46 FA 35
23.988061028,0x427,D3 24 46 9C 4B E6 3B 81
23.998381886,0x1A4,B9 4A F6 0A 17 94 53 CD
23.998381886,0x316,EC 5D 7C 51 90 57 49 E2
23.998381886,0x427,BF 2B 9E AE 1C 4A 06 F2
24.008637205,0x1A4,AA F1 E9 0A 5F 7E 9A A2
24.008637205,0x316,05 86 E8 42 B6 B5 C9 FA
24.008637205,0x427,D0 8D B0 C0 46 5F 2F B5
24.020886460,0x1A4,0D 55 DB 0A 7A 30 E4 45
24.020886460,0x316,FE 27 F5 3E B0 FC 8A A9
24.020886460,0x427,85 53 A7 FB 76 E2 56 52
24.029405298,0x1A4,0F 0D CE 0A 8F 72 EB 35
24.029405298,0x316,D7 68 B5 75 59 8B 80 F5
24.029405298,0x427,46 BA 79 99 36 C6 15 54
24.038950365,0x1A4,D1 5B C1 0A 72 19 FD E9
24.038950365,0x316,0E C2 1C B1 BE D9 3B 22
24.038950365,0x427,B4 4E 7D A5 06 16 19 EC
24.049479319,0x1A4,9E 2F B3 0A CA 72 D9 9B
24.049479319,0x316,33 CD FD 79 CF 71 18 01
24.049479319,0x427,69 19 C5 E6 68 BE 73 02
24.058028872,0x1A4,B9 7C A6 0A 5A DB 6C 2C
24.058028872,0x316,69 0D C5 69 C0 4B 48 8E
24.058028872,0x427,87 4B 30 E5 35 2A 4D B2
24.070265340,0x1A4,88 72 98 0A E8 93 2D 7D
24.070265340,0x316,14 EC 30 C3 C0 F4 8D 64
24.070265340,0x427,A5 FB C2 89 BA 2A C6 14
24.081822936,0x1A4,FB D5 8B 0A B9 BD 70 E0
24.081822936,0x316,30 3D 2B A6 53 66 B9 A6
24.081822936,0x427,04 8E D8 13 28 EC E4 89
24.088265244,0x1A4,32 2D 7E 0A 7E 9C 7F E4
24.088265244,0x316,A8 72 03 D5 D4 15 E9 D0
24.088265244,0x427,B2 D5 EE AB DD 1A F7 71
24.098219160,0x1A4,F9 4E 70 0A 0D 2A 98 1F
24.098219160,0x316,C5 DC 5D 5A BC 8C D7 F8
24.098219160,0x427,91 6E 12 D0 F5 34 5A 60
24.111526225,0x1A4,D3 DD 63 0A 7F 82 EF 99
24.111526225,0x316,9C A4 A3 5B AA 1D 02 63
24.111526225,0x427,61 1A 5C 2D 27 42 D2 D6
24.121254569,0x1A4,DD 68 56 0A 61 B1 D6 CF
24.121254569,0x316,03 91 70 B2 AE 05 DA FB
24.121254569,0x427,07 8F 28 02 4C 86 F0 1F
24.128132154,0x1A4,95 04 49 0A A6 D1 D7 5E
24.128132154,0x316,69 F0 AD EF 47 D9 67 31
24.128132154,0x427,72 D7 CF 71 23 A2 65 02
24.138214742,0x1A4,B9 95 3B 0A F7 B6 3E BE
24.138214742,0x316,43 69 10 05 F2 E0 27 C2
24.138214742,0x427,E4 6D F8 47 46 CF 38 AE
24.150077352,0x1A4,C1 C8 2E 0A 59 FC 8D B5
24.150077352,0x316,9A 28 9A 5B CE E8 06 31
24.150077352,0x427,BD 0B 08 17 B0 C7 F7 D0
24.160741377,0x1A4,DF 94 21 0A D4 80 0F A0
24.160741377,0x316,B1 1B 9D 4D 98 40 F4 CE
24.160741377,0x427,94 5D C2 B7 67 22 9D 38
24.171159064,0x1A4,06 54 13 0A 34 16 E9 FA
24.171159064,0x316,A7 3E 6A 7E 7A BE A0 F7
24.171159064,0x427,B3 83 ED 5C 24 77 6B 09
24.181866510,0x1A4,07 A6 06 0A 73 9F 2A 7E
24.181866510,0x316,32 CF 8D E7 51 78 3C B4
24.181866510,0x427,F2 DA FB B4 5C 95 24 9B
24.191907572,0x1A4,6F AE F9 09 33 A0 D3 01
24.191907572,0x316,72 BE 32 32 FE B1 F8 FB
24.191907572,0x427,DF 25 35 D2 7F 8C 70 A3
24.199551736,0x1A4,79 E7 EB 09 D9 FD 66 1C
24.199551736,0x316,90 D4 B2 DE CF 3F 00 47
24.199551736,0x427,07 AF B0 91 56 57 15 80
24.208113536,0x1A4,AA 86 DE 09 08 63 A4 2B
24.208113536,0x316,4C CB 41 8D 6A ED 9A 31
24.208113536,0x427,A6 2B EB A8 FC F7 22 BD
24.219014012,0x1A4,54 2D D1 09 49 B2 13 AC
24.219014012,0x316,10 B1 B0 AE AD 68 5C 9A
24.219014012,0x427,C6 07 AD 90 57 75 EF 2C
24.231193548,0x1A4,4E 79 C3 09 5D F4 91 96
24.231193548,0x316,65 C1 D4 20 85 1D F8 BE
24.231193548,0x427,98 12 A7 10 F2 4F 9F 20
24.238484044,0x1A4,E1 BF B6 09 C3 02 FE EE
24.238484044,0x316,86 2E E5 91 4C AB 00 DB
24.238484044,0x427,E9 EC 5B 3A 25 6B 89 E1
24.249054710,0x1A4,65 91 A9 09 A0 1D 99 BA
24.249054710,0x316,A8 B6 41 C8 B6 5B 3A 46
24.249054710,0x427,D4 2E 1D 31 45 B7 00 D9
24.259570215,0x1A4,60 03 9C 09 4D 07 EB 05
24.259570215,0x316,1E 86 F0 FD 6E 84 45 F8
24.259570215,0x427,B1 84 67 B1 6D 01 80 AD
24.268643387,0x1A4,E8 DA 8E 09 58 06 4D 9D
24.268643387,0x316,6B 6F BF 40 55 11 41 AE
24.268643387,0x427,BB C2 63 8F E1 F7 12 E2
24.279867008,0x1A4,A1 80 81 09 D9 1E 80 00
24.279867008,0x316,5F 95 19 F0 D1 5F 57 6D
24.279867008,0x427,D1 5D 16 A4 75 44 50 AC
24.290378941,0x1A4,E8 4F 74 09 80 5E 68 A6
24.290378941,0x316,59 E1 46 0D 7D 8E 96 DA
24.290378941,0x427,03 88 52 F0 7B 14 B0 52
24.301197403,0x1A4,17 7A 66 09 96 C4 26 D8
24.301197403,0x316,56 4C BF FE CA 04 29 68
24.301197403,0x427,72 32 27 46 17 E4 28 1F
24.311401252,0x1A4,57 D9 59 09 BE FF AE 84
24.311401252,0x316,5A 3A 72 77 17 FC DD 7E
24.311401252,0x427,2A 6B 89 5C E6 F2 6A 84
24.321966730,0x1A4,4C 3F 4C 09 2F 80 20 0B
24.321966730,0x316,60 E0 40 E2 77 E4 A1 B8
24.321966730,0x427,D7 FD 7B 39 09 E0 05 0C
24.329128566,0x1A4,7F 9E 3F 09 7F B4 1B EB
24.329128566,0x316,00 30 89 6B 55 0A 4C 88
24.329128566,0x427,52 96 E8 72 D8 3B F5 50
24.341853859,0x1A4,60 1E 31 09 3C DD 50 64
24.341853859,0x316,CB D6 D1 31 DA 47 AF 55
24.341853859,0x427,92 6D F1 14 F7 21 4E E1
24.349885223,0x1A4,36 C5 24 09 F4 A6 C3 CE
24.349885223,0x316,72 C6 7E 06 C0 FB 81 FD
24.349885223,0x427,5C 24 C9 BC A2 C1 C2 39
24.360898586,0x1A4,58 79 17 09 E1 47 86 B0
24.360898586,0x316,EF 7B 7F 6C 8D C9 30 F5
24.360898586,0x427,18 86 0E 13 FA 32 C0 EA
24.369053876,0x1A4,52 F6 0A 09 FF 84 66 32
24.369053876,0x316,E3 76 1B 2A DE 10 48 54
24.369053876,0x427,1A F9 90 4F 65 8D 16 10
24.379121365,0x1A4,1D 30 FC 08 44 50 13 A0
24.379121365,0x316,A9 0A C3 18 3C AB 22 07
24.379121365,0x427,58 14 DF 7A AB 34 94 6E
24.390686432,0x1A4,BF F5 EF 08 FC 67 26 06
24.390686432,0x316,B0 18 B0 97 4E AB 16 CC
24.390686432,0x427,D3 01 55 A0 0E 25 60 EF
24.400275143,0x1A4,C6 D9 E2 08 54 81 2B D7
24.400275143,0x316,CD D5 1A 40 D4 74 45 3F
24.400275143,0x427,F0 71 9B 1B BF 4F 3C 79
24.410540637,0x1A4,F4 1B D5 08 5B 17 74 F5
24.410540637,0x316,3A CC 3E 57 3F DE 1F D5
24.410540637,0x427,D0 4F EF 0D AD 97 56 D2
24.419070457,0x1A4,8E 0D C7 08 78 6C 09 85
24.419070457,0x316,C6 DD 4A CB 84 3B 9B 3C
24.419070457,0x427,81 55 8C F1 CF 48 AA 12
24.430812598,0x1A4,76 84 BA 08 6B 49 97 99
24.430812598,0x316,E2 E9 9B 9E C3 77 43 70
24.430812598,0x427,DE F6 9B C3 C5 E0 7D 18
24.440493169,0x1A4,34 DB AD 08 FB F3 4A 72
24.440493169,0x316,B1 0C 35 94 0A 9F F4 1F
24.440493169,0x427,0F 9A E5 15 2C 82 7A F9
24.450449439,0x1A4,F6 2D A0 08 2F CB AD EA
24.450449439,0x316,0F 36 89 08 AF F7 9C 60
24.450449439,0x427,B1 14 33 50 02 87 DC E3
24.460090492,0x1A4,2C 5A 92 08 03 48 80 B1
24.460090492,0x316,73 B0 A5 10 1B 81 5B C8
24.460090492,0x427,9B 2F A6 20 D5 60 DF 0F
24.469220787,0x1A4,0C 2C 85 08 AB 3D 69 CD
24.469220787,0x316,97 90 21 71 16 A4 06 0E
24.469220787,0x427,57 35 2D 4D 03 5E 59 9C
24.480401318,0x1A4,84 AC 78 08 18 00 8D 6E
24.480401318,0x316,64 A1 D7 10 59 5F 11 1A
24.480401318,0x427,43 DD 74 AD 34 40 48 0E
24.490848571,0x1A4,2B 89 6B 08 64 2F 5D 0D
24.490848571,0x316,4C AA 7F 4B BA F7 94 D9
24.490848571,0x427,14 11 A7 61 94 B3 D4 66
24.500379228,0x1A4,DB 54 5D 08 9D 80 07 9E
24.500379228,0x316,A4 AB 80 C0 CF 5F 3E 69
24.500379228,0x427,0D 3A AD 3B 7D 4B 55 DD
24.510393193,0x1A4,9A CD 50 08 FA F2 97 C9
24.510393193,0x316,9B AC E3 A8 B3 FF BE 9F
24.510393193,0x427,51 1C B7 02 72 C2 12 74
24.520658013,0x1A4,3E 95 43 08 2F 68 D6 76
24.520658013,0x316,81 E9 8F CB 7E 56 98 6D
24.520658013,0x427,AD A0 43 E1 E0 20 C6 9E
24.528999771,0x1A4,D4 E4 36 08 A5 59 ED 19
24.528999771,0x316,FB 1A F1 56 45 C9 A2 A6
24.528999771,0x427,9A 8F 05 F0 9F A9 FF AC
24.541457495,0x1A4,55 0B 29 08 3D 1B A6 06
24.541457495,0x316,EF 5F 3E 74 60 10 68 84
24.541457495,0x427,1D 80 04 54 BB EF 7A 96
24.548440488,0x1A4,A6 74 1B 08 ED 51 A6 1B
24.548440488,0x316,98 DE 49 1A 20 58 25 03
24.548440488,0x427,4B 65 5D 98 1E CA 9A B6
24.558763968,0x1A4,27 98 0E 08 D6 68 C7 97
24.558763968,0x316,D0 31 17 CA BA 52 3D D7
24.558763968,0x427,F4 B8 90 31 BE CA 84 E7
24.568386233,0x1A4,C4 07 01 08 FB 54 40 20
24.568386233,0x316,16 45 2A A3 C3 23 47 82
24.568386233,0x427,4E F7 9B 41 32 EB FA 5A
24.581109284,0x1A4,7F 1D F4 07 10 FC 3C 7B
24.581109284,0x316,21 E5 80 B9 77 15 F0 9E
24.581109284,0x427,3F E6 D2 71 33 AD 98 2F
24.588464336,0x1A4,A0 3D E7 07 AC 84 3E 23
24.588464336,0x316,64 DE 09 CC 35 39 48 0B
24.588464336,0x427,AD 59 7C 0F 9E AF AF 20
24.600582064,0x1A4,3F 66 D9 07 D9 40 A3 95
24.600582064,0x316,2A BE 93 6F 41 35 5C 83
24.600582064,0x427,E4 9B B1 F5 30 23 D6 A6
24.608150525,0x1A4,6B A1 CC 07 52 16 95 5B
24.608150525,0x316,51 08 AA 4F 2F 21 6B 95
24.608150525,0x427,22 E7 9D E2 C7 64 88 8A
24.619767263,0x1A4,51 E2 BF 07 DC A8 47 25
24.619767263,0x316,AE 99 BC 25 9C B5 32 78
24.619767263,0x427,5E 49 05 4F 2F CD 73 9A
24.630882206,0x1A4,B0 50 B2 07 B5 2A 83 4A
24.630882206,0x316,60 A4 6B 5E 2D AF 63 F8
24.630882206,0x427,CA A6 11 02 04 B7 86 84
24.638421481,0x1A4,14 ED A5 07 DB 81 5D A8
24.638421481,0x316,E3 17 A5 AD E4 87 04 25
24.638421481,0x427,90 5E AC 0E F3 6A C5 3C
24.651596785,0x1A4,26 D2 97 07 55 07 B6 D1
24.651596785,0x316,26 06 CE D5 01 1C 38 8F
24.651596785,0x427,65 E8 D3 DB 46 BE FA 0D
24.658163082,0x1A4,F9 32 8A 07 0B 55 04 58
24.658163082,0x316,88 33 06 32 3F 9C FC F9
24.658163082,0x427,A2 92 4B 33 09 66 FB A3
24.668119485,0x1A4,6D 78 7D 07 3B DB 85 33
24.668119485,0x316,97 0C 07 C9 E7 E8 82 11
24.668119485,0x427,64 F2 6F 57 56 9B 79 30
24.681362051,0x1A4,D5 E1 70 07 00 1E C9 79
24.681362051,0x316,8C 34 DD B1 FF 7D 1C B1
24.681362051,0x427,90 52 5F FB D0 AE A7 77
24.689664088,0x1A4,A8 05 63 07 98 08 42 B1
24.689664088,0x316,66 F2 C5 54 AB 3D 1D DA
24.689664088,0x427,0F BA 12 94 12 BA EB 90
24.700530051,0x1A4,A0 6B 55 07 64 D8 ED 55
24.700530051,0x316,7E EF B8 9D F6 A7 B4 4C
24.700530051,0x427,47 9D 2F 6B CE 60 20 54
24.708466481,0x1A4,78 2E 48 07 D4 4F D7 1A
24.708466481,0x316,42 24 4D 74 DC 72 48 E0
24.708466481,0x427,52 72 08 CA 19 59 19 E9
24.719078383,0x1A4,C7 1A 3B 07 11 50 F5 7E
24.719078383,0x316,DE FB 2A 38 35 14 82 EB
24.719078383,0x427,96 4A F2 00 D1 3C 86 A3
24.730159711,0x1A4,16 2C 2E 07 1F E7 76 B1
24.730159711,0x316,C5 3C F3 3A E6 F3 6E 77
24.730159711,0x427,E0 38 B9 9F DB 3E 90 36
24.738178455,0x1A4,07 5A 21 07 E5 2E 12 7B
24.738178455,0x316,ED D6 0D BC 21 7B B2 C4
24.738178455,0x427,64 D2 DC F3 DF 13 8D D0
24.750455475,0x1A4,80 2C 14 07 10 55 A9 CE
24.750455475,0x316,5C F9 75 BD 83 C1 3B 60
24.750455475,0x427,E0 9C 8F 34 77 E2 7A 66
24.758638578,0x1A4,E8 A5 06 07 0A 43 7A D3
24.758638578,0x316,D7 A5 68 FD 4A C1 B8 01
24.758638578,0x427,BE 95 E1 5C D9 49 88 02
24.770615950,0x1A4,9C 0B F9 06 F4 75 9E 5B
24.770615950,0x316,8A 3B AF 07 E2 44 00 8E
24.770615950,0x427,B3 0B 7D 1D B3 74 74 24
24.780115373,0x1A4,E3 33 EC 06 30 96 BE 70
24.780115373,0x316,9E 6C C4 31 85 24 9F A1
24.780115373,0x427,1B 8B EF 95 00 48 A7 E9
24.788426581,0x1A4,09 F4 DF 06 06 03 23 5C
24.788426581,0x316,AD 58 3D 0B 7D DE AD F9
24.788426581,0x427,40 79 99 07 71 B7 F9 32
24.798032581,0x1A4,A4 A8 D2 06 FB D5 BA 48
24.798032581,0x316,5A DF 94 2C 38 C8 0C 38
24.798032581,0x427,E7 68 A8 E2 58 5B 12 43
24.810501989,0x1A4,3C AE C5 06 0A E9 9D 2C
24.810501989,0x316,69 47 FE 56 18 00 F8 D8
24.810501989,0x427,7B 09 F4 8D 9F 83 F7 3E
24.818167378,0x1A4,28 E4 B7 06 AE 3D 2C 32
24.818167378,0x316,66 80 80 05 F3 68 13 2D
24.818167378,0x427,B7 13 C7 D7 F0 93 04 43
24.831213579,0x1A4,24 4A AA 06 3D 9A E7 19
24.831213579,0x316,D1 D8 5F 05 AE A0 D9 D4
24.831213579,0x427,EF 84 6D AD 64 64 22 23
24.841835258,0x1A4,F4 14 9D 06 E8 81 A5 A7
24.841835258,0x316,19 F8 93 C9 96 1D 90 E2
24.841835258,0x427,14 77 68 1C 43 49 A0 56
24.850322245,0x1A4,8A 2C 90 06 EA 1D D2 35
24.850322245,0x316,2B 39 19 4E AD C3 C9 74
24.850322245,0x427,4E 77 7A 3D 03 C5 A0 5E
24.858483731,0x1A4,23 97 83 06 AB 58 52 5F
24.858483731,0x316,44 50 31 A9 78 3C DE 2B
24.858483731,0x427,1E FA EF F0 AC AB E4 86
24.870346119,0x1A4,BC 58 76 06 91 C2 8C CC
24.870346119,0x316,1A EF 68 FF 62 48 8A 9F
24.870346119,0x427,EF B7 B4 E1 98 25 08 6F
24.878816794,0x1A4,76 06 69 06 F4 4D 00 B6
24.878816794,0x316,D3 94 BC 10 19 94 55 1E
24.878816794,0x427,EC 82 F9 24 66 24 FA E1
24.888100652,0x1A4,E9 73 5B 06 9E C2 7B 21
24.888100652,0x316,7C 71 7E CB 3D 52 8C 30
24.888100652,0x427,78 06 12 31 7D 81 55 88
24.898067413,0x1A4,16 6C 4E 06 4B 2D C1 B1
24.898067413,0x316,19 32 CF 5F CA 46 65 51
24.898067413,0x427,C9 0D 7C 99 00 58 F6 6D
24.911155864,0x1A4,59 76 41 06 A7 43 DA A2
24.911155864,0x316,12 CE 9A 3E 06 8C C7 EB
24.911155864,0x427,A9 72 D3 0B C2 5D 59 C3
24.919896347,0x1A4,F1 02 34 06 0F FD 5A 96
24.919896347,0x316,DD FF 68 30 CE 47 BC DA
24.919896347,0x427,1C 74 14 89 74 8F 4F 4B
24.931691177,0x1A4,FE 6C 27 06 53 7B 08 26
24.931691177,0x316,47 E0 E2 53 3A A4 46 3F
24.931691177,0x427,54 61 A2 0D EA 3B 24 A1
24.938890443,0x1A4,16 39 1A 06 4D E2 B2 47
24.938890443,0x316,1D 32 73 DF 19 96 5F 20
24.938890443,0x427,B8 13 FC D9 CF F2 1D 82
24.951638488,0x1A4,A2 08 0D 06 82 69 86 95
24.951638488,0x316,3E 09 C6 E2 9E 7D 2E 7D
24.951638488,0x427,E0 97 90 35 CE 3C 30 BA
24.958078188,0x1A4,83 22 FF 05 F1 D1 DF C8
24.958078188,0x316,D7 A6 7D 78 33 CB 7E CA
24.958078188,0x427,B9 47 DB A9 C9 32 69 9D
24.969879803,0x1A4,1A 85 F2 05 B5 EC DC 2A
24.969879803,0x316,A8 83 34 82 49 8F 5B 63
24.969879803,0x427,21 B9 55 C0 E5 69 E6 E1
24.978321283,0x1A4,E3 68 E5 05 61 77 4A C0
24.978321283,0x316,78 36 58 82 11 E7 CF 5F
24.978321283,0x427,CD 72 A3 7F 48 21 D6 84
24.988256686,0x1A4,75 38 D8 05 C0 D8 D2 2D
24.988256686,0x316,28 00 63 52 34 8A 65 B6
24.988256686,0x427,06 84 B6 5F D2 92 85 86
25.000281585,0x1A4,D0 62 CB 05 07 5B B9 7B
25.000281585,0x316,67 D4 34 B7 EF 27 AC F4
25.000281585,0x427,A1 B0 AA 7E F2 36 48 79
25.010699343,0x1A4,EE A1 BE 05 9D A6 C8 94
25.010699343,0x316,D4 66 A4 66 69 E3 5A A3
25.010699343,0x427,71 CB D2 EB A6 5D 66 CA
25.019467816,0x1A4,9F E2 B1 05 7F 2E 55 A6
25.019467816,0x316,7C E9 5E 09 60 08 0B 35
25.019467816,0x427,C1 DF 32 38 B2 28 17 E5
25.030295120,0x1A4,22 D7 A4 05 E5 84 BB 73
25.030295120,0x316,78 98 F8 DC F0 A0 00 3C
25.030295120,0x427,65 B3 59 65 38 C2 F5 37
25.039963929,0x1A4,FE F3 96 05 23 4C CE 6C
25.039963929,0x316,A1 6D 82 E3 5E 82 88 60
25.039963929,0x427,68 54 45 92 EC DE 3E 28
25.048290564,0x1A4,39 DB 89 05 EA 98 A9 D7
25.048290564,0x316,F4 7F C5 5F 0B D4 28 41
25.048290564,0x427,7B F9 F0 8C B4 C2 B2 15
25.058464136,0x1A4,AB 78 7C 05 49 59 6A C0
25.058464136,0x316,78 DE 82 15 5A 44 88 4B
25.058464136,0x427,B3 19 CB 71 5E 6F D1 84
25.068506975,0x1A4,F2 D0 6F 05 F8 EA EC 3A
25.068506975,0x316,66 8C 7E 95 A5 57 88 0A
25.068506975,0x427,FE D3 1A 77 A9 9B 23 83
25.080929686,0x1A4,19 1A 62 05 F3 9A 1C 56
25.080929686,0x316,06 0B 15 6D 2F A5 7E 73
25.080929686,0x427,E3 6B B1 77 E2 B0 B8 6E
25.089877238,0x1A4,1A 21 55 05 3B 43 15 5E
25.089877238,0x316,37 01 F4 CD 6B FB 5E 7F
25.089877238,0x427,26 40 28 51 9E 9A E4 45
25.098395820,0x1A4,B4 0F 48 05 85 EE 53 06
25.098395820,0x316,02 05 F8 2D 4B 7F 12 71
25.098395820,0x427,15 B0 D9 3B EA FD FF 43
25.108555714,0x1A4,D7 F9 3B 05 CE 6C 6D 13
25.108555714,0x316,BE 83 ED 5B 15 1F C7 E6
25.108555714,0x427,3C 61 19 15 17 85 65 4B
25.120296057,0x1A4,17 DB 2E 05 66 AA 73 80
25.120296057,0x316,2B 45 46 83 DF 60 F1 8B
25.120296057,0x427,EC 88 C6 A4 93 3A 02 14
25.130784993,0x1A4,01 FE 20 05 0C C9 C3 46
25.130784993,0x316,B7 0B 36 ED FD 45 4D 3A
25.130784993,0x427,F5 56 31 19 8B C6 5B 1E
25.141147678,0x1A4,38 E8 13 05 2A 7C 38 5C
25.141147678,0x316,1A CF CC 09 37 5D C8 8B
25.141147678,0x427,1B 4B 47 33 6B 27 71 55
25.149523198,0x1A4,CD 69 06 05 6F D5 D3 AC
25.149523198,0x316,45 28 49 54 BE 8C 01 40
25.149523198,0x427,B1 C4 7E 4D BE 2B C6 BE
25.160223021,0x1A4,67 DA F9 04 CE 4A BB C4
25.160223021,0x316,F1 6E FC AE B4 4B 6F D8
25.160223021,0x427,21 4F 43 46 49 F1 CD 30
25.171098094,0x1A4,EE FE EC 04 8B F9 A1 9A
25.171098094,0x316,8F A5 7C FF FD 20 4B 23
25.171098094,0x427,F7 79 97 FF 7F 3A E1 DA
25.181461955,0x1A4,07 32 DF 04 69 EC 57 B7
25.181461955,0x316,D6 E8 64 BD 02 48 0A 8B
25.181461955,0x427,D5 E6 91 E9 D7 C5 D9 42
25.189568236,0x1A4,BB 46 D2 04 E9 B4 23 C5
25.189568236,0x316,8B 56 AA 4C F0 02 27 48
25.189568236,0x427,4D D5 82 D2 E4 E5 BC 58
25.200007991,0x1A4,D9 17 C5 04 21 0F 31 FF
25.200007991,0x316,BD 2A 60 67 B5 EE 20 F2
25.200007991,0x427,AF C9 DF 67 C0 80 65 D2
25.211149085,0x1A4,D7 D9 B8 04 27 94 FF C1
25.211149085,0x316,68 4C C2 A7 32 45 0B 03
25.211149085,0x427,EF 40 D5 78 90 82 72 A7
25.220354549,0x1A4,F2 D4 AB 04 05 1A 41 FD
25.220354549,0x316,AB 6A DB C2 0D C6 94 F3
25.220354549,0x427,EC 49 37 26 07 30 8F DD
25.228782260,0x1A4,0D E8 9D 04 8B 95 42 3A
25.228782260,0x316,9A D7 17 3A 72 8A 2C B9
25.228782260,0x427,82 72 C7 BF 93 5E BA 35
25.239868830,0x1A4,0B C9 90 04 63 48 D5 3B
25.239868830,0x316,4B 21 0D 84 C1 DE 45 96
25.239868830,0x427,78 A2 35 C9 78 31 78 8D
25.249516099,0x1A4,37 78 83 04 31 3C FF 77
25.249516099,0x316,3B 70 F6 B8 53 5E 7C D0
25.249516099,0x427,87 62 1E 76 3C 77 35 57
25.259462594,0x1A4,3C EF 76 04 DC F5 FB 15
25.259462594,0x316,18 AC 25 50 45 75 86 D8
25.259462594,0x427,2B B6 16 30 44 60 C5 6D
25.269997258,0x1A4,35 4F 69 04 43 4F 22 F1
25.269997258,0x316,68 47 AC B2 9F 97 ED 6A
25.269997258,0x427,AB 58 A7 35 8F 62 4D 70
25.279835225,0x1A4,49 5C 5C 04 C3 8B 5A DA
25.279835225,0x316,E8 5E F6 8E 84 E6 B4 07
25.279835225,0x427,AC 59 EC 5F F4 3D 92 23
25.290533046,0x1A4,E7 97 4F 04 03 18 AE DF
25.290533046,0x316,94 42 DB 20 5A F6 39 4E
25.290533046,0x427,C0 A5 7F F1 EF CA E0 BC
25.301527681,0x1A4,DC 76 42 04 0A E8 F2 7F
25.301527681,0x316,0A 77 76 CF 4E 45 AA A8
25.301527681,0x427,84 9C 94 D5 7D 28 CB 5A
25.311756828,0x1A4,2B 97 35 04 3A C1 B9 39
25.311756828,0x316,1A 3D 4D 6B 73 F1 FB 6C
25.311756828,0x427,B2 26 8E AF 00 1C AC C0
25.318721499,0x1A4,04 2C 28 04 FF 95 49 C3
25.318721499,0x316,99 2C 55 C7 D5 D3 C5 B0
25.318721499,0x427,99 6A A0 89 25 06 B5 4C
25.330459071,0x1A4,79 F2 1B 04 52 B0 42 96
25.330459071,0x316,C5 0B F3 05 1C C1 4C 91
25.330459071,0x427,AA 35 0D C9 25 D9 3E 08
25.340799126,0x1A4,4D A4 0E 04 93 55 9E 23
25.340799126,0x316,1A 4F 58 27 79 9E 2C FA
25.340799126,0x427,C5 0D E0 F3 BC A6 87 FE
25.351140293,0x1A4,63 4C 00 04 3B F5 74 91
25.351140293,0x316,00 26 3D A1 5C D1 94 CC
25.351140293,0x427,F5 63 5E 9A FE A9 EB E9
25.361092224,0x1A4,26 39 F3 03 65 B7 E9 92
25.361092224,0x316,71 17 F0 DD EC 18 11 64
25.361092224,0x427,42 8F EC FA FF 17 9E 61
25.370976250,0x1A4,F0 C0 E6 03 F6 85 DD F2
25.370976250,0x316,0E BB 00 64 C5 3F 4F 10
25.370976250,0x427,F4 5F D4 88 03 54 ED 62
25.378902569,0x1A4,B9 F6 D9 03 57 07 8B 79
25.378902569,0x316,2F B9 CF 1B 9E F2 2E 54
25.378902569,0x427,49 BC CB 91 05 94 41 F6
25.388971080,0x1A4,A1 D1 CC 03 67 B8 95 A3
25.388971080,0x316,E5 ED 0D E5 CD 3E FD 4D
25.388971080,0x427,E8 AC DE 17 D1 6B E2 2B
25.400195069,0x1A4,A7 44 BF 03 62 4C C5 AC
25.400195069,0x316,60 4C 8B 8D 3E 8F 79 2D
25.400195069,0x427,5F 07 35 08 AD DA 93 D3
25.409434235,0x1A4,A0 E9 B2 03 A9 0E 76 9A
25.409434235,0x316,53 C3 15 7D 7B E3 DE 06
25.409434235,0x427,CE 0D CB 2F D8 94 F1 32
25.420890723,0x1A4,0B 2A A5 03 1E ED 4D E9
25.420890723,0x316,A7 CF 86 F6 FC F4 C9 62
25.420890723,0x427,87 45 A8 48 86 5B B5 34
25.431916637,0x1A4,D9 78 98 03 43 E4 85 4A
25.431916637,0x316,92 92 D9 A8 E2 CB 3E 86
25.431916637,0x427,00 2C EA 11 F2 D6 64 74
25.440624677,0x1A4,78 40 8B 03 AA FE 5F 5E
25.440624677,0x316,1C 7E BE 84 7E FB D3 02
25.440624677,0x427,24 C5 FC 2B 81 55 A7 53
25.451173349,0x1A4,C5 C7 7E 03 F0 77 E9 E8
25.451173349,0x316,B9 33 2E 69 AA 79 1F 64
25.451173349,0x427,B8 79 33 28 27 1B 56 FD
25.458217764,0x1A4,36 B7 71 03 8A 2A 0F 21
25.458217764,0x316,3D FC 54 89 B9 20 1D 6B
25.458217764,0x427,A5 AA 6E 7A 90 9A 3E BE
25.469245331,0x1A4,96 73 64 03 C4 09 95 63
25.469245331,0x316,B5 38 81 F4 A4 82 51 E7
25.469245331,0x427,6D 7B 9E DD 6B DA DB 34
25.481103937,0x1A4,FC 3D 57 03 17 C0 D5 DE
25.481103937,0x316,9D 3F A7 34 0B 3F 4C 4F
25.481103937,0x427,05 B4 A4 6E 81 A3 61 D1
25.488417012,0x1A4,F5 09 49 03 D1 D9 2F AA
25.488417012,0x316,02 2F 8B 79 4D E3 A5 28
25.488417012,0x427,D7 B3 8C 9A 4B 30 39 93
25.499088228,0x1A4,D9 69 3C 03 8B B8 70 4F
25.499088228,0x316,7C DF 65 96 30 07 F6 33
25.499088228,0x427,E3 33 A2 80 7A 5F 7E B7
25.509046352,0x1A4,50 68 2F 03 43 2B 7E 75
25.509046352,0x316,C5 4C 83 46 5F CA A2 33
25.509046352,0x427,E7 CD E7 01 07 C1 B7 FD
25.520145694,0x1A4,51 76 22 03 07 77 1B 72
25.520145694,0x316,3A 57 60 10 C9 D8 17 D3
25.520145694,0x427,E9 63 34 66 94 5B D7 9A
25.529197082,0x1A4,64 A2 15 03 12 EA 30 3F
25.529197082,0x316,36 88 9E 86 1C 3B 32 54
25.529197082,0x427,54 96 09 E9 07 FF B8 91
25.538690839,0x1A4,2B D5 08 03 E7 76 AF 7D
25.538690839,0x316,55 F7 CF 75 97 35 73 76
25.538690839,0x427,B1 6F 7D 93 E5 75 01 0A
25.549902652,0x1A4,83 15 FB 02 5C 81 52 17
25.549902652,0x316,25 96 B4 49 30 DC 73 A5
25.549902652,0x427,D7 D3 88 E1 70 C2 3C EB
25.559975414,0x1A4,C5 82 EE 02 C6 B1 C6 58
25.559975414,0x316,D4 F1 47 B3 62 38 B7 D7
25.559975414,0x427,02 8F 2E B6 36 3D D7 CA
25.568839968,0x1A4,8E 99 E1 02 8C 7F 1E 64
25.568839968,0x316,F4 5E EF 9C 53 48 CC D2
25.568839968,0x427,4D 29 5B CF 83 5E 8F D9
25.579943749,0x1A4,92 13 D4 02 CC E5 40 6A
25.579943749,0x316,B8 4C C7 3F A8 D4 F8 2D
25.579943749,0x427,DB 14 64 E6 F9 FA 23 9E
25.591584896,0x1A4,37 E0 C7 02 BA 92 9C 6E
25.591584896,0x316,C0 39 34 75 A3 67 79 62
25.591584896,0x427,92 5B 2C E9 20 78 B9 A8
25.598661596,0x1A4,F2 34 BA 02 0A 57 D2 B2
25.598661596,0x316,3F C5 90 91 7D ED 74 18
25.598661596,0x427,6D C7 BF 64 F7 61 DA B2
25.611411340,0x1A4,28 91 AD 02 3A 98 2D 0B
25.611411340,0x316,0E AB 5C 3D 4B DE B2 E2
25.611411340,0x427,C4 AE DB DE 0A 3F 6E 28
25.619639911,0x1A4,BC 33 A0 02 D3 2D EF E1
25.619639911,0x316,8E 0F CA A0 F3 2A A9 89
25.619639911,0x427,A2 46 B9 4A 7F 07 AA AA
25.631367873,0x1A4,9B 65 93 02 39 20 16 11
25.631367873,0x316,D3 02 B3 B2 C6 60 FE B9
25.631367873,0x427,50 D2 EF B8 C3 DA F8 E6
25.640391312,0x1A4,DD 03 86 02 17 F4 A2 E8
25.640391312,0x316,BA 33 55 7E 71 86 49 69
25.640391312,0x427,B4 40 0D FE 28 4F 09 C3
25.648153036,0x1A4,F1 DD 79 02 55 F8 08 1F
25.648153036,0x316,ED 0D CD FE 90 39 65 5E
25.648153036,0x427,42 B5 97 13 6C B0 61 C1
25.660876326,0x1A4,21 FF 6C 02 3D 05 20 81
25.660876326,0x316,AF E7 3B C4 72 02 8E C7
25.660876326,0x427,D4 98 75 53 45 0E FC 68
25.671366832,0x1A4,7E 8A 5E 02 53 E5 32 2A
25.671366832,0x316,23 50 B5 40 7D 56 16 35
25.671366832,0x427,AF 72 8D 81 D7 35 6D 0B
25.679916777,0x1A4,CD 9B 51 02 A7 FB D6 06
25.679916777,0x316,90 F0 BC 12 5F C3 8C A3
25.679916777,0x427,DC D0 C9 B1 49 91 F5 AC
25.688024725,0x1A4,33 B5 44 02 AC 56 3F 76
25.688024725,0x316,47 69 93 61 A7 F3 F9 57
25.688024725,0x427,0A 11 F7 BE 27 44 3B 66
25.701106292,0x1A4,EC F2 37 02 F9 6E C4 31
25.701106292,0x316,EE 72 8C 65 A3 99 AB 09
25.701106292,0x427,1C AF BF 02 83 B2 27 40
25.710833983,0x1A4,B0 D8 2A 02 33 8D 87 B5
25.710833983,0x316,37 7D C9 EA 03 64 F0 22
25.710833983,0x427,28 81 BD 53 93 7D 98 AB
25.718122753,0x1A4,6E 3B 1D 02 C7 CB D8 76
25.718122753,0x316,61 2E 19 7C 11 7E 1B 76
25.718122753,0x427,D5 FD 77 11 25 E8 21 15
25.728818366,0x1A4,1B D0 10 02 28 A2 32 A8
25.728818366,0x316,27 F4 06 3E 8C 47 AD B6
25.728818366,0x427,5D 68 34 F3 42 A8 0E 70
25.738174844,0x1A4,20 CD 03 02 6D 8B 85 78
25.738174844,0x316,C4 7B 07 D2 AB D7 75 47
25.738174844,0x427,6E A4 70 D7 3F 51 4F 29
25.749994992,0x1A4,12 BA F6 01 06 AA A7 D6
25.749994992,0x316,5F FB 9F 04 38 9A 63 9B
25.749994992,0x427,F0 5B BB 19 D9 60 5F 2D
25.760593758,0x1A4,79 10 E9 01 8D 62 C8 1F
25.760593758,0x316,C1 12 DF 88 D4 6F CF BD
25.760593758,0x427,8E B6 0E 64 AB C2 1F 2B
25.770314932,0x1A4,54 A1 DC 01 22 5B E0 AB
25.770314932,0x316,7B 92 7A C3 E6 B2 DE 02
25.770314932,0x427,45 FB 68 AD 5A DC F3 45
25.778718607,0x1A4,98 8B CF 01 46 F6 CE 70
25.778718607,0x316,CC 96 AB 5B B8 7D 8D 2D
25.778718607,0x427,23 D8 77 37 1B B9 E3 B6
25.790160247,0x1A4,94 60 C2 01 77 2E 87 E4
25.790160247,0x316,30 B1 CF AC 0C BC 44 88
25.790160247,0x427,05 B0 56 37 EB B8 2A 71
25.798264387,0x1A4,30 B5 B5 01 0E BD 39 0C
25.798264387,0x316,55 F0 24 D6 CE 9F 81 A2
25.798264387,0x427,39 3D BF CF D7 19 DB 85
25.809779263,0x1A4,E4 5F A8 01 B3 37 9C A9
25.809779263,0x316,85 AC 66 B7 7B 68 F8 A8
25.809779263,0x427,9D 70 A2 E5 3C A9 50 1A
25.821920298,0x1A4,0D 91 9B 01 E3 8F BA B0
25.821920298,0x316,80 56 EE 4E 81 1C A9 71
25.821920298,0x427,0F 16 6B 0D 7A FC 23 99
25.828715114,0x1A4,01 C6 8E 01 17 4A 75 0C
25.828715114,0x316,49 A4 BC C5 40 FE 9C 60
25.828715114,0x427,4D 99 61 C4 C6 1A A5 33
25.840212363,0x1A4,12 2F 81 01 25 53 EC 3F
25.840212363,0x316,10 B7 E8 5F 38 42 A4 E8
25.840212363,0x427,95 FA 10 3D 2B 43 32 33
25.848577380,0x1A4,E7 19 74 01 78 18 1B 04
25.848577380,0x316,56 66 F3 6B 40 59 27 07
25.848577380,0x427,9C 26 42 FD A0 33 BA 03
25.861113826,0x1A4,AA 46 67 01 34 07 0E D2
25.861113826,0x316,8F DC 30 31 C2 D3 11 AE
25.861113826,0x427,98 45 40 AB A3 01 2C 10
25.871217679,0x1A4,65 22 5A 01 36 54 70 F5
25.871217679,0x316,DF 7F DD E1 C9 FC BA 18
25.871217679,0x427,D3 38 03 CC EE CB DB D5
25.880554986,0x1A4,31 6A 4D 01 1B 08 03 AA
25.880554986,0x316,6A 5F FA 2A 53 D1 58 B9
25.880554986,0x427,E9 9B C3 2A 6D 67 44 0B
25.889709664,0x1A4,49 01 40 01 F6 34 33 83
25.889709664,0x316,DC 2A 91 1B A5 C1 CC D0
25.889709664,0x427,10 8B BF 53 E0 20 9B 52
25.899547273,0x1A4,4F C7 33 01 72 13 75 A0
25.899547273,0x316,E3 2F 86 30 CC 97 EA 9F
25.899547273,0x427,63 C5 05 35 1D 14 30 EF
25.910766273,0x1A4,65 06 26 01 B9 E8 22 65
25.910766273,0x316,C7 45 5D F0 35 90 89 6D
25.910766273,0x427,36 02 ED 1E 98 19 7F 3B
25.918735823,0x1A4,18 49 18 01 D7 4C 1B 1B
25.918735823,0x316,1F 96 48 5B FC 3B C8 52
25.918735823,0x427,75 76 72 2C 3F AF D6 03
25.928440689,0x1A4,1D 9D 0B 01 CB 11 6C A7
25.928440689,0x316,97 1E F5 50 26 36 11 03
25.928440689,0x427,AA BC A1 63 B4 F5 77 36
25.938011977,0x1A4,F6 56 FE 00 66 39 58 38
25.938011977,0x316,76 71 E6 10 97 2D 70 A8
25.938011977,0x427,57 67 A9 D0 B3 FF 48 47
25.950989139,0x1A4,92 CB F1 00 B2 86 B8 9F
25.950989139,0x316,8F 78 75 5E 3A 95 3F 0B
25.950989139,0x427,25 9F 3C 11 8B 82 AD E2
25.961155811,0x1A4,AC 9A E4 00 6C A4 3D 69
25.961155811,0x316,23 59 31 4D 78 D6 7D C4
25.961155811,0x427,31 7C 4F 99 D1 36 E4 7F
25.971350054,0x1A4,DE 9A D7 00 38 B9 8F FD
25.971350054,0x316,8C 74 10 1A 5D 70 68 B6
25.971350054,0x427,4F 31 43 89 1C 00 90 CA
25.981884689,0x1A4,4A 75 CA 00 B7 DD 16 EC
25.981884689,0x316,89 13 B8 D9 45 6C B7 91
25.981884689,0x427,9C BE E4 2B 54 26 7F 40
25.990303768,0x1A4,69 4C BD 00 07 2E 41 18
25.990303768,0x316,A9 E4 90 99 F2 E1 08 53
25.990303768,0x427,7F 12 3E FB 02 F4 80 A1
26.000448723,0x1A4,5B B9 B0 00 4F 06 79 63
26.000448723,0x316,64 E3 8A AD 00 88 AF EC
26.000448723,0x427,AE 08 ED F8 FF E3 7A C5
26.011222390,0x1A4,D1 AE A3 00 65 CB 07 22
26.011222390,0x316,BF 00 01 55 C9 7E E2 2C
26.011222390,0x427,1A 86 A6 A2 90 D6 FF C2
26.018423449,0x1A4,D4 A9 96 00 DA 32 08 B0
26.018423449,0x316,8B 48 66 51 72 9E 5F FA
26.018423449,0x427,EB 74 FF D9 5D 43 97 AA
26.031649191,0x1A4,96 E5 89 00 54 90 48 11
26.031649191,0x316,A4 74 C9 55 B3 A1 84 04
26.031649191,0x427,F6 D6 C8 9B 5D 99 7F E9
26.041486400,0x1A4,B0 FA 7C 00 4E DE EB 72
26.041486400,0x316,8B 17 E3 61 F8 9B D2 82
26.041486400,0x427,9C D5 FD A3 73 84 E7 BD
26.048986214,0x1A4,61 3C 6F 00 C8 22 E0 80
26.048986214,0x316,BE 56 64 96 1F 93 62 B4
26.048986214,0x427,5B 87 06 FD 60 15 67 03
26.059888505,0x1A4,84 0F 62 00 78 3D 6E 05
26.059888505,0x316,DF 06 C9 9D 9A F5 49 C2
26.059888505,0x427,2B 56 93 E5 17 25 C2 1F
26.071072601,0x1A4,22 B4 55 00 21 78 84 3C
26.071072601,0x316,98 E2 E7 BC 4B 09 B2 6D
26.071072601,0x427,7D DB DA C1 4B 03 59 3E
26.078371616,0x1A4,E3 FF 48 00 30 E1 52 14
26.078371616,0x316,6B 1D 57 0F 0B D6 36 23
26.078371616,0x427,C3 C7 E0 5F FE 89 AC 7F
26.088273895,0x1A4,60 F1 3B 00 63 0B B7 33
26.088273895,0x316,22 E2 D3 26 61 04 31 60
26.088273895,0x427,C4 98 52 34 4A A9 5C A4
26.099047325,0x1A4,3C 41 2E 00 9E C2 F1 3C
26.099047325,0x316,9B 8A 64 EC 0A D0 AD B9
26.099047325,0x427,9E 74 1B 99 FF B3 11 FD
26.108685450,0x1A4,4C F6 21 00 55 0A 98 71
26.108685450,0x316,62 DB 3F BD E3 D2 98 E0
26.108685450,0x427,B8 04 25 54 AB 52 5F 22
26.121351975,0x1A4,73 4B 14 00 BF 36 4A 51
26.121351975,0x316,F7 1A C3 A4 61 EC 76 C9
26.121351975,0x427,28 BA AF C2 22 B7 23 0A
26.130851947,0x1A4,6C EC 07 00 38 14 B2 CA
26.130851947,0x316,2E DD 41 FA 25 74 36 6A
26.130851947,0x427,C4 5E E6 A5 4F CC 0D D0
26.139144239,0x1A4,88 31 00 00 C1 1A 24 C0
26.139144239,0x316,2D C4 10 06 94 66 A0 3A
26.139144239,0x427,DB B8 D0 D8 C0 92 9D BB
26.150706598,0x1A4,EA 20 00 00 A8 0C BD 57
26.150706598,0x316,82 07 04 3E 8E 73 B0 34
26.150706598,0x427,C5 55 10 8A C2 CA D7 0D
26.161068738,0x1A4,CE 09 00 00 E0 F4 EC EA
26.161068738,0x316,85 D5 3D AA 58 3A 06 FD
26.161068738,0x427,07 15 93 3F 06 F2 2B CD
26.170892037,0x1A4,BC 28 00 00 38 47 3F B2
26.170892037,0x316,26 4C 31 B8 F0 17 F2 38
26.170892037,0x427,85 07 AA 9B 60 A5 69 DF
26.181572464,0x1A4,B1 0F 00 00 3E 2F 7F 85
26.181572464,0x316,59 CD 56 52 0C D6 FC 2E
26.181572464,0x427,35 90 3E 71 49 6D 39 A1
26.188342707,0x1A4,13 03 00 00 5C BB 8A 10
26.188342707,0x316,31 96 AF DE F5 44 DC 7D
26.188342707,0x427,15 88 EA 11 D9 23 23 F4
26.199378131,0x1A4,6C 6A 00 00 00 E0 56 0D
26.199378131,0x316,65 DF 65 A2 30 89 F4 FD
26.199378131,0x427,01 71 3B 24 62 C2 32 F0
26.210684059,0x1A4,4A C3 00 00 07 C4 24 20
26.210684059,0x316,26 8B 7D 17 C1 04 76 2C
26.210684059,0x427,61 A4 B6 97 53 3E 81 8C
26.220720290,0x1A4,32 E4 00 00 41 65 94 CB
26.220720290,0x316,D3 46 8B EE 94 CF 51 34
26.220720290,0x427,08 D2 7E 3C 5F 93 E6 81
26.228005685,0x1A4,EE 96 00 00 7D 0D 1E 6D
26.228005685,0x316,D3 E2 98 B9 9E 2D 92 77
26.228005685,0x427,84 09 BC 4F D2 4F 06 2A
26.238720624,0x1A4,AE 9C 00 00 95 BC 91 32
26.238720624,0x316,FD 66 B3 3E 0E 5D 8C 6C
26.238720624,0x427,8E E0 2A 2D 12 11 19 9B
26.250343908,0x1A4,E0 75 00 00 02 02 98 4D
26.250343908,0x316,15 E3 0C 49 93 61 90 93
26.250343908,0x427,8E E6 C1 72 EF E0 BC F7
26.258835022,0x1A4,DC ED 00 00 30 04 8F 33
26.258835022,0x316,17 AB 98 45 51 EB C7 DC
26.258835022,0x427,0E 8D 02 C8 E6 00 2E 7B
26.268474108,0x1A4,20 ED 00 00 AA 99 75 F3
26.268474108,0x316,BD 60 F9 F8 CC 8F 0D 5C
26.268474108,0x427,84 59 F3 65 F9 17 B2 60
26.279125962,0x1A4,18 B7 00 00 C6 AD 80 78
26.279125962,0x316,A1 05 FE 70 3C E3 35 6C
26.279125962,0x427,5D DA 5A 81 62 42 01 9C
26.288723716,0x1A4,9F 3F 00 00 EE 4C F5 6E
26.288723716,0x316,D8 9F A4 C2 BD A6 E7 27
26.288723716,0x427,0B 8E D1 D1 F5 73 29 F4
26.298190210,0x1A4,09 A8 00 00 5C 66 64 7B
26.298190210,0x316,B8 56 12 05 74 CC 0D C3
26.298190210,0x427,30 B2 A4 61 8C E8 69 6D
26.308420990,0x1A4,B4 82 00 00 91 BF 4E 15
26.308420990,0x316,E1 89 44 C2 69 91 0D E8
26.308420990,0x427,D4 8D E9 EB 9E F9 DB 4C
26.318847394,0x1A4,C4 EF 00 00 8D C9 85 89
26.318847394,0x316,F1 D0 1D 27 BE B7 87 8D
26.318847394,0x427,68 9E 05 BA 74 A1 FA 2C
26.328073768,0x1A4,DF DE 00 00 D3 2F 65 61
26.328073768,0x316,FA D8 B1 76 F6 01 4C 4E
26.328073768,0x427,45 55 1F 74 98 7B 81 48
26.339469686,0x1A4,5A A0 00 00 77 8B E8 8F
26.339469686,0x316,55 7A 24 9B 5D 9D 18 7B
26.339469686,0x427,15 A3 6A 12 2C D5 4E 55
26.350710433,0x1A4,06 E9 00 00 25 49 01 B7
26.350710433,0x316,E0 52 21 78 71 6D 1A 32
26.350710433,0x427,8A 05 9C 27 65 9F 87 EA
26.359466962,0x1A4,46 51 00 00 05 FA 11 01
26.359466962,0x316,41 1B 49 03 31 6E 95 DC
26.359466962,0x427,C4 DC 2D 80 6D 70 F9 BA
26.369120275,0x1A4,1A 3C 00 00 22 5C CF 5F
26.369120275,0x316,24 E9 CF 7D E0 EE 90 67
26.369120275,0x427,00 17 FA EC B3 30 73 6A
26.378970694,0x1A4,4F 84 00 00 21 C3 07 65
26.378970694,0x316,87 34 72 F8 CB 6C 00 BE
26.378970694,0x427,8E 6C 86 5F C0 46 50 62
26.391664967,0x1A4,CA 38 00 00 AB B0 CC 4E
26.391664967,0x316,C2 C4 1B A4 F8 3E CE FC
26.391664967,0x427,4B 6B 9B 96 29 6A 3C 12
26.398920217,0x1A4,97 4D 00 00 37 55 8F E2
26.398920217,0x316,24 8F F0 09 E5 AC 12 FE
26.398920217,0x427,CF 30 EE EB 0A C2 DD 1F
26.408680482,0x1A4,0F F5 00 00 F9 0A A0 EE
26.408680482,0x316,82 B9 CB 90 C0 94 90 29
26.408680482,0x427,79 F0 B8 31 4F BF 50 C3
26.418305924,0x1A4,C2 38 00 00 15 4D 04 F5
26.418305924,0x316,90 9D 58 41 AB F9 71 C5
26.418305924,0x427,F0 00 C0 E9 73 60 67 C0
26.430074338,0x1A4,41 11 00 00 F2 73 3C 59
26.430074338,0x316,8A B1 75 82 7E 71 89 B5
26.430074338,0x427,28 52 16 7D 41 08 8E A2
26.438399570,0x1A4,5A D7 00 00 75 14 41 5E
26.438399570,0x316,E3 E6 4A B2 D7 BA C5 0E
26.438399570,0x427,2B CC A1 A6 93 31 A5 62
26.448274558,0x1A4,56 55 00 00 40 E8 8D 6C
26.448274558,0x316,54 7D 54 BC 97 BF 2D 3F
26.448274558,0x427,6D D6 0A 3E EF 38 4C 7A
26.461313172,0x1A4,F7 7C 00 00 C4 5C E5 EB
26.461313172,0x316,6B 0D 29 D0 8C A5 85 5C
26.461313172,0x427,E1 1D 86 A1 33 0C E1 B4
26.471710137,0x1A4,7C 3A 00 00 43 CA 3B 07
26.471710137,0x316,B8 7C 8D B2 F7 B7 69 AA
26.471710137,0x427,25 94 34 A5 8D BE DB 25
26.479452758,0x1A4,8C 91 00 00 64 D4 FD 9A
26.479452758,0x316,6B BB 99 74 9B 5D BB F1
26.479452758,0x427,99 5F 5A AE 82 DE B9 25
26.488804811,0x1A4,59 05 00 00 81 93 56 3F
26.488804811,0x316,5A 75 26 9A 21 35 0E 94
26.488804811,0x427,25 BD A7 F3 8E 75 A0 A9
26.501569792,0x1A4,12 96 00 00 A7 4E 53 29
26.501569792,0x316,00 8B 28 03 2D 0F E2 1D
26.501569792,0x427,FB 6E 5E C5 60 5A A1 17
26.510359868,0x1A4,30 3A 00 00 BF 09 2C B6
26.510359868,0x316,BE D5 B8 EA E8 9C 64 62
26.510359868,0x427,D1 7F CD 65 18 FD C0 B4
26.521006278,0x1A4,1A 9C 00 00 E2 9A 61 F9
26.521006278,0x316,B0 A6 A7 E6 1D B5 91 14
26.521006278,0x427,ED D7 BE 84 63 6D F2 E8
26.528110247,0x1A4,7F B8 00 00 A3 F0 41 E0
26.528110247,0x316,48 1D 46 6C 67 6A 73 2A
26.528110247,0x427,AF 77 6A D4 F8 72 47 6D
26.538882078,0x1A4,56 2B 00 00 7F 37 1C B1
26.538882078,0x316,E8 42 5E 4D CC 63 2A 80
26.538882078,0x427,F9 19 BA F7 9C E1 7F 88
26.548783982,0x1A4,D4 8A 00 00 66 8D FB E2
26.548783982,0x316,28 6F FE 61 EB 52 09 96
26.548783982,0x427,F3 B3 D7 4E D2 0F E3 BB
26.560895726,0x1A4,FF 34 00 00 BC 5D A1 C0
26.560895726,0x316,EA C7 5B E0 29 46 A0 EC
26.560895726,0x427,0F 68 47 BA F1 2C 92 DE
26.569259311,0x1A4,E8 68 00 00 A5 62 F9 1B
26.569259311,0x316,74 B5 DC A2 08 AE 96 92
26.569259311,0x427,90 3A D5 C6 49 2F 2B CC
26.580850962,0x1A4,99 20 00 00 73 3F 71 D0
26.580850962,0x316,E3 DE 88 24 0F 95 DE 44
26.580850962,0x427,3E C6 AC BF 65 77 A3 35
26.591102717,0x1A4,CF 95 00 00 3E F3 8F BF
26.591102717,0x316,5B 60 E1 65 E3 40 F2 B2
26.591102717,0x427,12 AA DF 4E D1 C2 A4 01
26.601641595,0x1A4,FD B3 00 00 3D 2D 1C 2B
26.601641595,0x316,F1 E4 FE D0 6B 93 E1 7D
26.601641595,0x427,3E 74 67 00 17 84 CC 18
26.610642751,0x1A4,C7 21 00 00 17 10 14 C6
26.610642751,0x316,D3 CF 41 B2 5B 89 F7 6A
26.610642751,0x427,BB E8 63 86 BF 2D B6 6A
26.621582281,0x1A4,7C B3 00 00 C1 AA D0 49
26.621582281,0x316,E5 A7 A8 BB 71 B6 52 6E
26.621582281,0x427,C7 AF AE 2B A8 A2 28 2D
26.628807072,0x1A4,50 27 00 00 BD E9 B7 2F
26.628807072,0x316,EF 6F 3C B4 0A 96 63 22
26.628807072,0x427,2B 79 B1 32 7D 61 89 7C
26.639653496,0x1A4,60 86 00 00 7F 4B AB 80
26.639653496,0x316,63 CD CF F2 E8 92 38 1C
26.639653496,0x427,53 81 5E 73 22 F3 2C 91
26.649996634,0x1A4,18 95 00 00 75 35 6B 36
26.649996634,0x316,9D F9 85 2F 1D DC 70 33
26.649996634,0x427,DB 72 19 0F 4F 7A FA BF
26.658181213,0x1A4,83 5A 00 00 89 54 26 CF
26.658181213,0x316,E2 9D 58 C2 4A 5D 1F 31
26.658181213,0x427,18 E3 64 42 21 6C A2 FB
26.669092170,0x1A4,D3 61 00 00 46 32 22 DF
26.669092170,0x316,71 9E A6 68 F7 B5 D3 70
26.669092170,0x427,1F 6A 78 A0 7A 7E B8 E9
26.681136226,0x1A4,AC 15 00 00 9F 3B F4 1B
26.681136226,0x316,BC F8 4C DE B9 50 ED A2
26.681136226,0x427,02 3E 87 2A 4F 6A 6E 14
26.690349443,0x1A4,42 47 00 00 EA E5 F0 15
26.690349443,0x316,4B D1 B2 60 C7 21 EB 1F
26.690349443,0x427,4D E3 D9 46 CB 80 73 10
26.698464586,0x1A4,BA 44 00 00 C0 3B 98 07
26.698464586,0x316,2C EC EC 95 E2 8C 1A 3C
26.698464586,0x427,2B 77 57 7A 74 B2 35 7C
26.708726997,0x1A4,E3 EB 00 00 7D 54 B2 C2
26.708726997,0x316,C3 A0 CE 19 F6 05 6F 02
26.708726997,0x427,9F 65 A1 0F 33 DE 1D 44
26.721345446,0x1A4,19 E1 00 00 28 E3 88 F4
26.721345446,0x316,33 9B D9 01 85 8F 52 AA
26.721345446,0x427,03 25 1B 95 17 7B 09 CA
26.730930596,0x1A4,81 96 00 00 5D 4B B7 0A
26.730930596,0x316,A9 A0 CA 18 74 93 08 36
26.730930596,0x427,74 B7 B7 85 DC 85 B2 CA
26.741016256,0x1A4,73 EB 00 00 56 A2 2B 60
26.741016256,0x316,6E 37 5D 9A D7 93 23 85
26.741016256,0x427,76 45 A5 FC DE 6C 49 F6
26.748249133,0x1A4,C2 BF 00 00 9F D0 0D 44
26.748249133,0x316,3C F7 9F EE 04 A8 65 7C
26.748249133,0x427,D5 B7 25 79 18 F6 C4 C1
26.761842446,0x1A4,89 98 00 00 0F 18 B8 9A
26.761842446,0x316,3C AC F0 6D 68 27 28 56
26.761842446,0x427,18 C6 EB 5E 75 60 8E AE
26.770962083,0x1A4,BB 03 00 00 63 EC D3 57
26.770962083,0x316,EE A2 DB FF C0 81 B2 50
26.770962083,0x427,C8 E5 1C D1 0E 3B 56 3D
26.780612917,0x1A4,0B CA 00 00 A4 4C 78 5C
26.780612917,0x316,03 92 42 AA ED 37 02 66
26.780612917,0x427,73 29 E1 60 8D FB 5D 9C
26.788421385,0x1A4,A6 61 00 00 AE 97 AD F9
26.788421385,0x316,54 BB 24 5B B8 00 82 DF
26.788421385,0x427,B7 9B 8B 54 62 B9 67 CE
26.799156301,0x1A4,42 39 00 00 0F 28 CA 00
26.799156301,0x316,13 A9 F8 74 F9 CE DB DE
26.799156301,0x427,A4 54 C4 B2 97 E9 DC 66
26.809056830,0x1A4,BA 07 00 00 3B 29 DE D5
26.809056830,0x316,A0 09 52 E3 91 3B CF EC
26.809056830,0x427,12 87 8C 23 02 FE 92 06
26.818954728,0x1A4,53 B8 00 00 3F 04 76 1F
26.818954728,0x316,56 21 77 DE 09 53 D7 87
26.818954728,0x427,00 2F 8B 47 94 CB 78 F3
26.828993509,0x1A4,88 01 00 00 DE 5A 5E C0
26.828993509,0x316,72 3B A7 D0 A6 29 A0 3F
26.828993509,0x427,F8 6B 51 5E 3D E7 B0 73
26.839566271,0x1A4,E7 4B 00 00 2C D0 A9 AF
26.839566271,0x316,B1 1A AC A8 C0 B0 AE DE
26.839566271,0x427,72 AB A6 79 7A 67 D1 83
26.850071663,0x1A4,17 AA 00 00 BD BA 04 A9
26.850071663,0x316,08 81 1C 30 A8 11 CD 00
26.850071663,0x427,7B 62 76 FC D3 C4 58 A3
26.861224102,0x1A4,35 CF 00 00 58 D4 22 F1
26.861224102,0x316,41 CD 07 D0 7B 9F 7A 52
26.861224102,0x427,2C E2 41 04 BF 3A 3F A2
26.870671735,0x1A4,5C 6F 00 00 26 67 99 DF
26.870671735,0x316,75 8D B6 0B E2 8B 37 F8
26.870671735,0x427,D7 1B BC CE 2F 3E 5E BC
26.878098836,0x1A4,80 9E 00 00 5C C8 8C AD
26.878098836,0x316,72 0C BE 71 F6 7F CA 3B
26.878098836,0x427,27 D2 54 9B 90 8F 0A 7C
26.889117819,0x1A4,DE 39 00 00 C3 83 3C BD
26.889117819,0x316,08 DA D2 9C DD FC 40 CB
26.889117819,0x427,3A 9D D4 14 0E 6A 2C 59
26.898823139,0x1A4,C3 EB 00 00 A1 DB 67 F0
26.898823139,0x316,4E B3 75 EE 27 AD 04 F1
26.898823139,0x427,50 D3 4B EE 2E 20 E3 79
26.909618609,0x1A4,AE 9B 00 00 AF E7 88 A8
26.909618609,0x316,DB E7 6A DB 11 6A 12 B3
26.909618609,0x427,42 5E BB E7 5F 77 B7 19
26.919732235,0x1A4,4B A0 00 00 F4 16 86 62
26.919732235,0x316,83 9A 3A 4B 20 BE 6F 9B
26.919732235,0x427,21 90 F0 31 49 D4 41 B6
26.931508033,0x1A4,6C 3A 00 00 A9 0F AF DE
26.931508033,0x316,6A 49 22 85 24 DF 50 E0
26.931508033,0x427,10 8E 67 92 41 B6 EC C8
26.941724279,0x1A4,7F 6A 00 00 09 66 77 B7
26.941724279,0x316,98 DD 2F 81 4E 7D 20 08
26.941724279,0x427,9A 85 BB 20 28 04 78 7F
26.951410764,0x1A4,1C 72 00 00 F0 85 4B 16
26.951410764,0x316,8F 29 25 4D AF 28 15 D5
26.951410764,0x427,33 CD 4D AC C2 D3 0D FF
26.958222349,0x1A4,39 A9 00 00 80 6C BA FC
26.958222349,0x316,E3 F5 F1 DF 88 67 80 77
26.958222349,0x427,E0 82 05 2B 4D 08 7B E5
26.968698943,0x1A4,5A D8 00 00 A0 3C 7E F4
26.968698943,0x316,80 1D 9D 1D DF 65 6F 7B
26.968698943,0x427,CD E9 A2 A9 50 36 69 8A
26.978236831,0x1A4,61 BA 00 00 3A 94 4C 3E
26.978236831,0x316,D4 17 2E 36 78 7F A1 2B
26.978236831,0x427,28 28 D5 C0 1E BD B7 F1
26.989524356,0x1A4,05 0E 00 00 81 3C 2D B3
26.989524356,0x316,E5 00 E5 16 9F 0F 00 1B
26.989524356,0x427,9E 2C 55 6F ED EF 4C FE
27.000459232,0x1A4,AB 62 00 00 26 14 7B 07
27.000459232,0x316,D7 2D 05 29 E9 2B D3 ED
27.000459232,0x427,02 CE D0 ED 5C 8E 95 53
27.011500313,0x1A4,30 F9 08 00 6F 63 2C 62
27.011500313,0x316,BA D0 2C C4 39 88 C5 47
27.011500313,0x427,50 90 6A 38 1D DA 1B B8
27.018350596,0x1A4,B9 F1 10 00 7D 90 7A AA
27.018350596,0x316,C0 F2 EE 79 13 C2 95 F3
27.018350596,0x427,FC 45 C3 E5 60 86 AC AB
27.031557946,0x1A4,8D 5B 19 00 CD A8 5C AA
27.031557946,0x316,E9 EE C0 22 4B 70 38 EC
27.031557946,0x427,7C D4 D7 88 D2 36 30 A2
27.039392227,0x1A4,25 C2 21 00 C2 02 F1 7D
27.039392227,0x316,D8 30 27 17 28 8A A8 CB
27.039392227,0x427,D6 CA 18 B1 32 74 32 55
27.049310721,0x1A4,F8 7F 29 00 35 5D 4B 39
27.049310721,0x316,90 21 89 EE 0D E8 72 93
27.049310721,0x427,C8 AF 2E C4 10 45 81 EC
27.059526941,0x1A4,7F 20 31 00 AC 04 8E 10
27.059526941,0x316,4E 4D DC A4 1E A5 DD 57
27.059526941,0x427,88 BF 83 60 6F B6 00 E9
27.068562204,0x1A4,B6 53 39 00 80 23 33 BE
27.068562204,0x316,A7 A8 6A BC D6 70 9B B9
27.068562204,0x427,F3 D8 B3 61 26 47 67 A7
27.078833147,0x1A4,44 CF 42 00 50 20 FB C8
27.078833147,0x316,B4 AC D8 8F 51 07 5C F7
27.078833147,0x427,B7 0E 2C DB 1B C2 DC 6F
27.088008926,0x1A4,14 6A 4A 00 0C F8 BD 3B
27.088008926,0x316,A9 A0 3A 39 27 FB 53 42
27.088008926,0x427,86 DB 9D 1D A1 6F 7D 4A
27.099540870,0x1A4,0E 38 52 00 BA 90 83 1C
27.099540870,0x316,68 D7 D1 16 E4 D3 19 57
27.099540870,0x427,0A BB 96 BD 68 73 9A 97
27.110769248,0x1A4,8B 09 5A 00 01 04 2B 30
27.110769248,0x316,CB 44 9F BE 5C 6A 27 F1
27.110769248,0x427,30 23 B9 1D C8 93 A5 92
27.118460811,0x1A4,8E 03 62 00 48 6E 9E 20
27.118460811,0x316,E0 DA 73 DA 8C 2A 39 50
27.118460811,0x427,40 D7 3D F4 69 77 54 61
27.129096160,0x1A4,7E D2 6B 00 B0 A6 A6 BC
27.129096160,0x316,70 00 6E 00 90 84 90 4F
27.129096160,0x427,F2 B0 D7 0F 7A 28 0E 97
27.140833931,0x1A4,FE 47 73 00 27 83 9A 30
27.140833931,0x316,A5 C3 DC D8 50 81 5D 63
27.140833931,0x427,B7 6A D7 FA 35 81 77 6C
27.151050820,0x1A4,72 1F 7B 00 5B AA 72 C5
27.151050820,0x316,DB 33 72 5D 1D 26 2A CC
27.151050820,0x427,3C BF E6 AD 21 B8 15 EF
27.159671786,0x1A4,3F B4 83 00 EC AD 55 20
27.159671786,0x316,30 6D 0E 85 F9 0B EB A9
27.159671786,0x427,06 9D 03 9A 55 18 3D 97
27.171709557,0x1A4,F1 44 8C 00 10 37 49 1B
27.171709557,0x316,40 31 33 65 D4 2D 5A 02
27.171709557,0x427,E7 90 CD 89 D9 65 34 DA
27.180236788,0x1A4,23 10 94 00 81 8A E0 50
27.180236788,0x316,5A 1C 0B 25 99 12 EF D0
27.180236788,0x427,AB 3B 61 F1 CA A0 FC 4B
27.190969595,0x1A4,BB D4 9C 00 B7 1B 0A 38
27.190969595,0x316,8E 08 F5 7F DC 3A 13 AE
27.190969595,0x427,96 4B AE 74 14 AB BD 25
27.199038356,0x1A4,38 A3 A4 00 A4 6E 8C 48
27.199038356,0x316,2C C8 57 25 D5 51 3F BF
27.199038356,0x427,79 6C 54 AA F0 6A 60 D9
27.208857112,0x1A4,D3 74 AC 00 37 82 E7 D3
27.208857112,0x316,1C A2 F5 B3 60 C2 CA 08
27.208857112,0x427,58 38 50 99 24 A7 F4 51
27.219705535,0x1A4,3B 82 B5 00 13 D8 9B 80
27.219705535,0x316,13 9A 86 FD FD 16 48 B0
27.219705535,0x427,62 56 9B 1F 5F FC 00 46
27.228534575,0x1A4,46 78 BD 00 4B DA 00 D9
27.228534575,0x316,A4 A4 DE B4 63 D3 EF 92
27.228534575,0x427,F8 BC 70 7A 40 44 8E A1
27.240911940,0x1A4,F3 D9 C5 00 70 72 38 37
27.240911940,0x316,2D FE B9 7E 5C 6C 9F 4A
27.240911940,0x427,DE 8C 42 B4 2E 43 6C F7
27.251202734,0x1A4,15 FA CD 00 67 57 0E 0F
27.251202734,0x316,83 2C 2C FB 2D EF 69 CF
27.251202734,0x427,13 F6 48 55 59 7E 17 27
27.259480504,0x1A4,58 40 D5 00 3A FF 7D B7
27.259480504,0x316,3E BD EA 35 B6 1C 1B D9
27.259480504,0x427,2B 7B 8F BB B1 FE 36 EF
27.270616030,0x1A4,CC 98 DE 00 08 4D 9E 39
27.270616030,0x316,63 E6 4D B3 EC 82 58 BC
27.270616030,0x427,38 FC 74 0D B4 12 54 EC
27.281545869,0x1A4,CA F1 E6 00 91 79 AA C6
27.281545869,0x316,0C 45 D4 2D F5 DA 55 DB
27.281545869,0x427,C6 1A CD 7C CC 96 36 BA
27.290016780,0x1A4,2C 85 EE 00 0E EF 91 4C
27.290016780,0x316,E7 F3 00 FC 1A A3 A4 D0
27.290016780,0x427,CA A0 C4 A8 60 7F 91 E9
27.299574361,0x1A4,FB 7D F6 00 05 E3 C0 28
27.299574361,0x316,A6 51 B6 FD 72 56 85 05
27.299574361,0x427,9E FC 45 8C C1 D3 6C 64
27.308023796,0x1A4,E1 82 FE 00 AA DC 24 6C
27.308023796,0x316,BC C4 8A AD B9 28 32 79
27.308023796,0x427,F8 3C 85 FD 7B A8 2A 59
27.318502060,0x1A4,90 8E 07 01 D9 58 30 64
27.318502060,0x316,19 B6 1C 64 A0 01 63 12
27.318502060,0x427,0F D0 20 87 E2 96 0C BA
27.330850002,0x1A4,16 4D 0F 01 2C 03 49 48
27.330850002,0x316,D9 B7 45 B2 85 E8 4D EC
27.330850002,0x427,8B 8F F1 31 99 DB 7B B3
27.340493758,0x1A4,60 58 17 01 BA 62 4A 8C
27.340493758,0x316,89 45 CE 64 77 EF E9 18
27.340493758,0x427,18 B5 82 21 69 8F CB 52
27.348925855,0x1A4,32 89 1F 01 FB 28 91 CA
27.348925855,0x316,5D 06 94 94 91 B3 A8 DD
27.348925855,0x427,51 2F 19 CE 54 06 DB 0D
27.359419024,0x1A4,3C 21 27 01 DD 55 40 EF
27.359419024,0x316,56 87 A7 B5 5C CB D7 4D
27.359419024,0x427,9E D9 20 75 C4 17 96 A7
27.368017625,0x1A4,76 E1 30 01 87 96 C0 93
27.368017625,0x316,E0 31 37 23 E4 4A 1F 71
27.368017625,0x427,28 24 2A B2 E1 4C 81 7B
27.380447344,0x1A4,5F 52 38 01 B4 15 B0 E5
27.380447344,0x316,D4 1C 13 25 54 3F B3 35
27.380447344,0x427,B3 CA D7 37 52 6F EA CD
27.390978298,0x1A4,33 FF 40 01 40 73 16 32
27.390978298,0x316,FC DB 3D BC 91 88 B7 A6
27.390978298,0x427,25 82 56 02 10 D4 BA 5C
27.398045822,0x1A4,F5 59 48 01 79 13 2C DB
27.398045822,0x316,E2 E6 5F 93 E4 40 19 1A
27.398045822,0x427,4B 3C A6 AD 93 7A 16 C9
27.409566222,0x1A4,B1 4C 50 01 42 1E C2 DB
27.409566222,0x316,B5 78 C9 25 CF F5 65 60
27.409566222,0x427,13 4B 4D F3 54 43 92 FB
27.419834675,0x1A4,92 26 59 01 E0 1F F0 AD
27.419834675,0x316,33 09 77 D7 23 A8 10 2B
27.419834675,0x427,17 60 0D ED E0 BD 6B 0E
27.431171345,0x1A4,87 95 61 01 11 8B 07 5B
27.431171345,0x316,E5 77 62 F9 EF EB 4F 79
27.431171345,0x427,9C 6B FC 2D 63 A9 EF F1
27.440649567,0x1A4,1E D0 69 01 57 71 0A 1E
27.440649567,0x316,EC 6A F3 FA 4E 8F F3 83
27.440649567,0x427,43 CF 6C A6 AB 01 A7 56
27.449451012,0x1A4,57 90 71 01 EF EB 0E 6F
27.449451012,0x316,F2 06 40 F8 D6 92 08 26
27.449451012,0x427,D2 45 81 A0 75 10 F9 B8
27.460366805,0x1A4,9F 26 79 01 C6 62 B8 3E
27.460366805,0x316,11 C1 B3 08 EF D7 69 1E
27.460366805,0x427,7A B3 A8 3D 77 83 8A 65
27.469592945,0x1A4,38 96 82 01 F3 10 7D 4D
27.469592945,0x316,F3 B9 1F B0 30 A5 9D 98
27.469592945,0x427,91 BD 5D F4 BD 1B 28 2C
27.479574806,0x1A4,A6 B3 8A 01 5C 71 C5 BE
27.479574806,0x316,17 5B 18 60 C9 17 9E C6
27.479574806,0x427,9C 77 19 B1 DB EB BC FD
27.489450748,0x1A4,D5 6E 92 01 E1 58 B5 AB
27.489450748,0x316,1E B1 94 A8 9C C1 F0 16
27.489450748,0x427,D0 5D 19 C7 03 53 B3 76
27.499163599,0x1A4,6B CF 9A 01 D1 3C 75 D1
27.499163599,0x316,0A C7 7A A6 B2 5D D1 61
27.499163599,0x427,E4 8E 74 46 F1 9B E0 A1
27.510176084,0x1A4,9B D1 A2 01 93 45 F3 71
27.510176084,0x316,49 E2 08 5E 44 60 F8 02
27.510176084,0x427,63 58 B8 1E 15 4F DB 1D
27.520166628,0x1A4,AC B2 AB 01 72 C5 3E 1F
27.520166628,0x316,72 6B 3D 7D C9 66 33 A4
27.520166628,0x427,5A F7 35 AB 25 0B 92 E8
27.530857342,0x1A4,B2 E0 B3 01 CB 57 95 39
27.530857342,0x316,FF 14 E5 05 64 D5 3B 96
27.530857342,0x427,3C F1 AE 92 18 ED C2 FC
27.538057783,0x1A4,AC EA BB 01 A6 67 C0 7A
27.538057783,0x316,24 D4 12 46 7F 04 98 B1
27.538057783,0x427,ED DD CF BE 0D A4 34 18
27.549023988,0x1A4,0E 1C C3 01 3C EB C6 97
27.549023988,0x316,AD 58 5C 2E D7 31 4B 62
27.549023988,0x427,F5 F8 F3 7B 63 FF FC FF
27.559614053,0x1A4,25 49 CB 01 2D 92 E6 B3
27.559614053,0x316,76 1C 04 6F 43 8A 61 4C
27.559614053,0x427,C8 C8 48 92 D0 7E 0F 20
27.568859478,0x1A4,71 FB D4 01 CF 34 42 53
27.568859478,0x316,BC 6C 41 10 40 82 B9 B6
27.568859478,0x427,C4 64 AC E8 94 D3 B9 DC
27.578432146,0x1A4,B6 DA DC 01 49 53 9A 89
27.578432146,0x316,E5 F0 54 2F 9E BD C3 67
27.578432146,0x427,E6 1C 18 D0 72 D2 63 B3
27.591769851,0x1A4,61 19 E4 01 B9 D9 CF 64
27.591769851,0x316,79 F5 59 8E B7 3E 45 D1
27.591769851,0x427,51 9C 52 89 C6 C9 91 C8
27.601761458,0x1A4,04 18 EC 01 29 D3 B3 87
27.601761458,0x316,6B 7B 12 7D 5C D3 5D 10
27.601761458,0x427,00 B4 D6 84 B5 10 4F D6
27.611997851,0x1A4,8A 4F F4 01 CC B5 FA 89
27.611997851,0x316,29 43 B8 B6 98 AF 9E D1
27.611997851,0x427,52 E0 41 CA C6 DA D5 A6
27.618362389,0x1A4,71 51 FD 01 1A EA E5 C0
27.618362389,0x316,9E D5 C3 C0 6A 58 1C 35
27.618362389,0x427,7E DF 36 F7 C4 DA 98 A8
27.631637669,0x1A4,B1 43 05 02 D2 14 09 1E
27.631637669,0x316,C1 01 40 2E F8 41 AC DC
27.631637669,0x427,DE C9 5E 99 31 AB F9 B1
27.640094898,0x1A4,55 63 0D 02 F4 E9 5C 01
27.640094898,0x316,F0 3E 02 8E 84 DA 7D 72
27.640094898,0x427,1C 6B EE CC 5A B5 75 50
27.648769429,0x1A4,B0 E5 15 02 50 49 05 0A
27.648769429,0x316,B7 15 FA 20 B3 82 38 93
27.648769429,0x427,9A 7B CB 34 AB 72 13 A7
27.661043821,0x1A4,70 13 1D 02 A0 6E 7B 16
27.661043821,0x316,6D C0 FF 8F 0D 0E BB 41
27.661043821,0x427,4E A2 F8 D9 D8 1C C9 C0
27.669943672,0x1A4,3F 1B 26 02 B4 05 A9 15
27.669943672,0x316,04 97 DC FA 03 76 ED 1F
27.669943672,0x427,8F EF 92 81 45 9A 6F 4C
27.678242678,0x1A4,9B 3E 2E 02 F4 DF 5D F7
27.678242678,0x316,FE 93 5F 8B FF 2F EE 2B
27.678242678,0x427,74 17 4D 6C BB 6D 23 FA
27.688921900,0x1A4,6A 7E 36 02 FF 21 7D A8
27.688921900,0x316,9D 9B 05 00 FA 04 93 3F
27.688921900,0x427,DD 1E F4 4C 4A 8D D1 0B
27.699120795,0x1A4,FB 1E 3E 02 23 98 1F F2
27.699120795,0x316,89 38 FA 84 EB 24 95 E7
27.699120795,0x427,5C B3 65 C8 F3 0D 1C 4B
27.710738070,0x1A4,1F 8D 46 02 4A EF BA 88
27.710738070,0x316,CE 4B E6 71 44 8A CD 23
27.710738070,0x427,A3 F4 BA 93 2B A9 8D 7D
27.718256844,0x1A4,E5 2B 4F 02 A3 93 1C 50
27.718256844,0x316,BF 74 CD 85 A3 15 29 E9
27.718256844,0x427,6B C6 6B FC 55 19 2E FF
27.730821730,0x1A4,1D 59 57 02 C0 18 2E 9B
27.730821730,0x316,D7 18 C8 89 8E 0C B6 82
27.730821730,0x427,AE 0A B8 35 7E 33 1C B0
27.738295498,0x1A4,81 A9 5F 02 75 44 A1 A9
27.738295498,0x316,E5 01 DC D1 1C CA 73 0B
27.738295498,0x427,F1 9B B2 3C 69 65 67 09
27.750027147,0x1A4,56 98 67 02 64 4F 44 24
27.750027147,0x316,7B BE B9 4C DA 65 28 DB
27.750027147,0x427,9B 18 27 D5 F3 31 18 37
27.760224505,0x1A4,52 AB 6F 02 AD 74 5B 22
27.760224505,0x316,79 22 26 9A 38 80 54 8D
27.760224505,0x427,38 65 4E 37 9A 19 7F 97
27.769981423,0x1A4,C7 B1 78 02 F7 67 03 47
27.769981423,0x316,FE DB E4 20 1C 96 A6 BA
27.769981423,0x427,55 E3 4F 9F 0A 2D 09 6C
27.780080797,0x1A4,17 3C 80 02 F0 E0 C2 8C
27.780080797,0x316,BC 8A 45 41 63 8F BB 42
27.780080797,0x427,56 7C BC 61 DB 41 57 A6
27.790792744,0x1A4,E0 41 88 02 70 4C CF 29
27.790792744,0x316,82 4A 6A 66 3E DB C0 74
27.790792744,0x427,90 23 50 15 3D 83 DA F1
27.801156050,0x1A4,81 E6 90 02 4B C9 30 AD
27.801156050,0x316,67 4D E3 6C 29 E7 B0 F0
27.801156050,0x427,63 C2 CB B1 A0 A2 AB 24
27.809262172,0x1A4,97 06 98 02 3B CE 29 34
27.809262172,0x316,87 17 10 12 AE 61 2B A1
27.809262172,0x427,11 95 90 BB A8 60 F7 44
27.820738800,0x1A4,72 DD A1 02 5C 24 14 A2
27.820738800,0x316,5C AD 61 B2 EC 27 44 A5
27.820738800,0x427,D2 07 50 31 9A DD E5 B6
27.828776721,0x1A4,16 B7 A9 02 37 DA 4A 90
27.828776721,0x316,E9 FE 45 A8 C4 53 D4 A5
27.828776721,0x427,75 D3 0C D2 AA E8 EC 82
27.841702242,0x1A4,C8 A7 B1 02 14 BA FE 29
27.841702242,0x316,87 92 70 6B 87 44 52 D2
27.841702242,0x427,9E 36 4B 27 AA FD FC 50
27.850572163,0x1A4,0E 23 B9 02 6C 37 AC C9
27.850572163,0x316,06 30 02 6F 37 56 02 61
27.850572163,0x427,4C 07 A2 06 38 DD C9 F6
27.860861315,0x1A4,3D 01 C1 02 2A 02 5C 3F
27.860861315,0x316,E6 A6 D8 13 62 ED 26 45
27.860861315,0x427,21 2D E7 1F DD 6D 0E 88
27.871356110,0x1A4,22 50 C9 02 90 43 19 AF
27.871356110,0x316,9F E5 61 8C 28 D1 22 68
27.871356110,0x427,76 B6 E2 10 1F C6 50 54
27.881856061,0x1A4,17 AC D2 02 A1 02 C7 16
27.881856061,0x316,C2 BC E1 5C 4C 4E C4 E8
27.881856061,0x427,96 64 61 55 6E A8 2F C7
27.890303064,0x1A4,A4 E8 DA 02 D1 DB 75 25
27.890303064,0x316,25 4E 6D DE EA 1B 50 CC
27.890303064,0x427,1A C4 CB 39 51 B7 0D 46
27.901609348,0x1A4,5D 67 E2 02 90 0B 13 19
27.901609348,0x316,54 4B 8D 60 EF 8A BF FA
27.901609348,0x427,19 8A 01 F8 7D C6 E3 38
27.911024720,0x1A4,BC 0C EA 02 A0 0A A8 F3
27.911024720,0x316,65 75 E1 1A FA 3A 61 C8
27.911024720,0x427,C0 78 F6 EC CD EC 9D 1F
27.920687847,0x1A4,3F BB F2 02 16 1C C7 86
27.920687847,0x316,4E AA 73 BA AF 8C 21 E0
27.920687847,0x427,1E 08 7A 4E 9F 5E BD 96
27.929470843,0x1A4,1B 8D FB 02 06 53 8A CE
27.929470843,0x316,1F A5 57 7D 9A 58 75 18
27.929470843,0x427,24 EE 69 87 20 86 51 59
27.941080163,0x1A4,DC 0D 03 03 80 F3 78 92
27.941080163,0x316,0A BF 8A DD FE EF 30 48
27.941080163,0x427,34 DF 31 8D FE CA 63 45
27.948680754,0x1A4,30 F4 0B 03 3B 66 5C 19
27.948680754,0x316,A5 A0 85 E5 61 52 47 0C
27.948680754,0x427,4E 1A B6 2B 12 36 68 51
27.961994006,0x1A4,D6 7F 13 03 48 BE 7A C0
27.961994006,0x316,3D 6C BA 63 57 8D 40 2E
27.961994006,0x427,11 40 5D 58 1F 96 5B CE
27.969059451,0x1A4,33 A6 1B 03 56 14 85 AD
27.969059451,0x316,C4 DD CE F7 7B 59 EB C9
27.969059451,0x427,11 52 1C 88 2D 5B 3A 8D
27.978109581,0x1A4,68 D1 24 03 3C 23 CC E1
27.978109581,0x316,41 5A 81 D9 2A 27 14 67
27.978109581,0x427,90 9E 13 7A F6 A2 A1 97
27.989014996,0x1A4,60 92 2C 03 F0 D2 51 42
27.989014996,0x316,11 6D 6E 02 69 D7 C8 AF
27.989014996,0x427,ED 05 79 83 BF C2 95 B6
27.999813822,0x1A4,CE 46 34 03 74 0B 56 A8
27.999813822,0x316,46 AD 59 20 C2 07 86 24
27.999813822,0x427,95 14 F9 60 BB A9 4B 91
28.008887586,0x1A4,17 A4 3C 03 B7 5A 72 44
28.008887586,0x316,33 89 88 0D DC FD 1E EB
28.008887586,0x427,C7 13 B5 B9 35 2F A2 A3
28.020214248,0x1A4,69 D2 44 03 2F 32 C2 5E
28.020214248,0x316,DD E0 1E B5 E3 15 0C C7
28.020214248,0x427,86 C7 C5 3F 5F 83 9F AD
28.029481837,0x1A4,80 F5 4C 03 AA 05 12 6B
28.029481837,0x316,29 FA EF B4 81 80 31 75
28.029481837,0x427,2E F0 DF 2E CD AE 5F 70
28.039998707,0x1A4,DC A2 55 03 37 D6 9F 5A
28.039998707,0x316,3E 75 68 CC BC 7B FA 77
28.039998707,0x427,9B 18 92 80 6A 03 6D 49
28.051708008,0x1A4,8B 55 5D 03 DC A9 DE F3
28.051708008,0x316,35 03 82 6D 1F B1 45 85
28.051708008,0x427,9E BE 11 F1 CF 70 ED B7
28.061746132,0x1A4,FA 9F 65 03 AB F0 7E EC
28.061746132,0x316,E7 D3 63 D0 CC 48 90 3A
28.061746132,0x427,77 C3 20 4E CC FD B8 A2
28.070936690,0x1A4,EC BD 6D 03 60 D9 41 16
28.070936690,0x316,5F 63 8C F2 0B D5 3F 4E
28.070936690,0x427,5C 5A 11 68 49 A0 44 C5
28.081387742,0x1A4,B1 86 75 03 2E 04 62 D8
28.081387742,0x316,2B 74 13 17 DA 2B 7A A2
28.081387742,0x427,1D 77 58 14 82 2A A2 13
28.090800445,0x1A4,A0 33 7D 03 3B 0C 73 3D
28.090800445,0x316,E7 CC E2 F1 5B 5F F8 17
28.090800445,0x427,88 DA 44 2A 86 F4 47 93
28.100886791,0x1A4,8F 85 86 03 D9 5E A7 15
28.100886791,0x316,00 15 50 BE A7 85 2D 49
28.100886791,0x427,3E 6A DD 8D 8D 8B F9 ED
28.108997655,0x1A4,CE 73 8E 03 C9 D2 EF CE
28.108997655,0x316,8E 98 D5 DF E0 E2 BC 02
28.108997655,0x427,52 88 50 F6 02 20 CA F2
28.121723896,0x1A4,C1 30 96 03 E7 09 52 AD
28.121723896,0x316,C4 01 39 82 07 7B B4 EE
28.121723896,0x427,4A 89 15 BB 70 F8 EC 22
28.128089886,0x1A4,76 BB 9E 03 73 29 70 7F
28.128089886,0x316,FC CA D7 83 72 25 64 AF
28.128089886,0x427,F4 F0 79 FF 44 12 41 AD
28.141919085,0x1A4,E9 3E A6 03 8C FA 4B 88
28.141919085,0x316,56 64 A8 B2 AF C9 EB 1F
28.141919085,0x427,38 FA CC 67 AF F7 8E 03
28.150067860,0x1A4,83 F5 AF 03 13 E6 AF 30
28.150067860,0x316,FD D9 2F E9 1C 76 D6 D4
28.150067860,0x427,0C 6F F4 BE 28 C6 DD 01
28.158165713,0x1A4,CA 31 B7 03 E1 6A CB 6C
28.158165713,0x316,FB 0C DD B3 EC 82 C9 88
28.158165713,0x427,2A 3D EA BF A0 E4 55 58
28.169702269,0x1A4,67 9C BF 03 4C 54 85 FE
28.169702269,0x316,FF FF 2D BD D7 B4 42 A9
28.169702269,0x427,45 1C 6C F3 B1 32 A3 EB
28.180078719,0x1A4,76 F1 C7 03 E4 77 C9 FF
28.180078719,0x316,51 6E 5D E1 A0 AD E7 F1
28.180078719,0x427,52 4F 32 87 16 BE 1F AF
28.188477323,0x1A4,C6 1C CF 03 7C D7 D7 0A
28.188477323,0x316,39 D5 7C 9B 21 DC DA 72
28.188477323,0x427,92 21 F3 F6 63 EF 24 2B
28.201503741,0x1A4,07 7C D7 03 B5 A0 20 EE
28.201503741,0x316,84 33 C6 E1 25 87 82 C3
28.201503741,0x427,EF 2B 05 86 BA 58 5F E7
28.208895190,0x1A4,23 18 E0 03 87 9F C0 2C
28.208895190,0x316,5E 38 3B 13 C1 0C F7 5D
28.208895190,0x427,03 81 E3 D6 52 2E 21 22
28.220077599,0x1A4,97 D3 E8 03 4B 50 71 5A
28.220077599,0x316,37 F7 D5 F3 7E 36 08 0D
28.220077599,0x427,C2 86 37 6C 6B 9A D9 7E
28.229544147,0x1A4,DE 5A F0 03 56 D6 A4 2B
28.229544147,0x316,38 85 8F 5F EA 1E 40 F8
28.229544147,0x427,01 DF FC 1C 57 74 84 56
28.240002733,0x1A4,48 DD F8 03 99 15 D7 AD
28.240002733,0x316,13 9D F0 3F 95 05 EC D4
28.240002733,0x427,43 BE 03 8A 56 86 CC D9
28.248178955,0x1A4,BD B3 00 04 51 2F 99 DB
28.248178955,0x316,4B 6D 2C 1E D8 AE 41 4A
28.248178955,0x427,C2 ED 96 4C 3B 0F AE 7B
28.261007221,0x1A4,83 C4 08 04 32 B5 C6 43
28.261007221,0x316,68 7D 8B 36 61 6D 92 00
28.261007221,0x427,F8 40 EF BC B1 C7 94 A1
28.268195686,0x1A4,2E A0 11 04 86 60 C4 64
28.268195686,0x316,F8 AA AB 37 00 6C 4D EC
28.268195686,0x427,81 AB 08 4E 77 16 DA ED
28.278427031,0x1A4,33 64 19 04 14 DE 89 F5
28.278427031,0x316,92 EB 99 A4 80 B5 F9 83
28.278427031,0x427,A7 DE 62 D3 64 08 B7 E4
28.290117191,0x1A4,15 E2 21 04 24 51 77 EF
28.290117191,0x316,FB E6 8A 76 03 7B 7A E4
28.290117191,0x427,24 C7 24 9E 19 95 2D D9
28.301792957,0x1A4,E3 07 29 04 17 1B B8 0E
28.301792957,0x316,1B 0B 12 5B 4D 14 82 01
28.301792957,0x427,EA 63 93 9D 7C C0 D9 75
28.310731025,0x1A4,9C F8 31 04 43 B5 60 4C
28.310731025,0x316,15 B7 98 5A 9E 1A 6F 1B
28.310731025,0x427,B0 CC 51 01 7D 5C 87 59
28.319103949,0x1A4,3B E7 39 04 61 68 F1 B8
28.319103949,0x316,08 08 A8 2F 30 EF ED 66
28.319103949,0x427,76 A1 C2 5A D7 E4 44 02
28.330415611,0x1A4,CC 45 41 04 AC 28 49 6E
28.330415611,0x316,1D BC F6 7D BA 45 92 32
28.330415611,0x427,A6 C4 B1 15 4A DF 72 87
28.339627657,0x1A4,2F 62 4A 04 BE BF 04 E6
28.339627657,0x316,11 95 59 27 48 E2 24 69
28.339627657,0x427,C0 26 B4 1F CE 84 C1 E9
28.349929528,0x1A4,17 0B 52 04 29 E2 C4 01
28.349929528,0x316,CE 64 D7 27 A4 84 FA C4
28.349929528,0x427,3D 21 19 A8 DA D4 08 40
28.358643474,0x1A4,9D 60 5A 04 78 B5 7F 78
28.358643474,0x316,77 3C 36 65 C3 BE D2 5F
28.358643474,0x427,49 F0 9D 4C 15 97 4F 5D
28.370181244,0x1A4,5B C9 62 04 37 C9 66 E4
28.370181244,0x316,78 7B A3 2E 15 4E 53 89
28.370181244,0x427,89 56 C1 CF 54 C0 FC 44
28.378404793,0x1A4,41 6F 6A 04 95 4D 47 FD
28.378404793,0x316,5D 42 46 70 5E F1 01 A8
28.378404793,0x427,7C 21 E0 D6 53 AE 79 70
28.391480655,0x1A4,1F F9 72 04 1E CF CE 23
28.391480655,0x316,05 8F 8E 5A 98 5C 41 BF
28.391480655,0x427,43 03 18 6F 4E C7 7C 01
28.398242108,0x1A4,6D F0 7B 04 C9 0D 32 E2
28.398242108,0x316,8B 02 DA DE B6 67 8F B5
28.398242108,0x427,DB 93 CE 32 6F 95 54 1C
28.411824353,0x1A4,B4 77 83 04 FF 30 EF 48
28.411824353,0x316,CF 3C 4E 0A C6 DF 38 22
28.411824353,0x427,93 F7 00 65 86 4F CA 6B
28.421654698,0x1A4,60 CD 8B 04 97 68 CA 54
28.421654698,0x316,F7 CA A7 E6 D0 5D 17 08
28.421654698,0x427,67 3D 0A 29 2D 66 8C AA
28.431043654,0x1A4,7C 22 93 04 5E C2 C8 F2
28.431043654,0x316,7C 13 B3 7A E9 D2 AE F5
28.431043654,0x427,B8 5B 4D AA 32 37 A1 FB
28.439878735,0x1A4,A6 71 9B 04 3F 2C 69 1E
28.439878735,0x316,2A E7 CC 6B A2 8C 33 7D
28.439878735,0x427,BC E7 D4 8C 83 84 DD 7E
28.449696537,0x1A4,50 02 A3 04 37 48 86 AE
28.449696537,0x316,11 BD DD B6 9F 83 9F 20
28.449696537,0x427,0A D7 2B 53 80 6D 47 C0
28.460117525,0x1A4,93 3D AB 04 A0 32 C4 C7
28.460117525,0x316,99 73 BB E1 7F 46 5E 66
28.460117525,0x427,C9 CD 79 80 79 C7 DA B9
28.468456447,0x1A4,94 82 B4 04 7A B6 EC BD
28.468456447,0x316,8F F8 D2 D7 36 19 5D D3
28.468456447,0x427,70 93 8B 63 A8 96 A4 21
28.481013099,0x1A4,9F 72 BC 04 BF 6C 2A F5
28.481013099,0x316,1B FF 9D 1B 9E 3C EF CA
28.481013099,0x427,28 3B 6A 05 89 A2 49 20
28.490725032,0x1A4,90 99 C4 04 C5 48 18 58
28.490725032,0x316,AC 0F 00 80 60 7F 7E 03
28.490725032,0x427,00 57 73 C4 8C 4E 37 AF
28.501785732,0x1A4,6C 96 CC 04 89 7B 52 0D
28.501785732,0x316,B9 BE A5 AD D2 1D 70 D4
28.501785732,0x427,64 8D 96 57 45 87 FE 6D
28.509122655,0x1A4,04 E0 D4 04 8C AE DA 98
28.509122655,0x316,9B 50 C8 BC 6A 2E 0E 02
28.509122655,0x427,43 27 30 6F F4 ED ED 7A
28.518539884,0x1A4,2E 7C DC 04 72 CA 3F 48
28.518539884,0x316,FB DB 65 7C EF 3F 26 15
28.518539884,0x427,ED 55 CA C2 58 CB CF 6D
28.530122715,0x1A4,E5 5D E5 04 6D E5 1B 9E
28.530122715,0x316,B2 F5 09 27 DF 08 B0 BA
28.530122715,0x427,39 9D E0 82 9A 12 D6 2F
28.541923210,0x1A4,2B 0E ED 04 F1 B6 F8 47
28.541923210,0x316,AF 42 48 C4 39 F3 71 1D
28.541923210,0x427,36 09 3A DD F9 BF 76 43
28.550872939,0x1A4,7B A1 F5 04 4D D6 71 B3
28.550872939,0x316,AE 9D 52 3F D4 A1 94 AA
28.550872939,0x427,65 75 13 D2 02 5C DD 6D
28.558394157,0x1A4,BA 28 FD 04 45 0A 51 79
28.558394157,0x316,04 9F DA B4 C4 22 60 C8
28.558394157,0x427,8E 0B 59 CF F5 75 62 1A
28.571450261,0x1A4,41 3C 05 05 1A 36 FF BA
28.571450261,0x316,0D F5 98 80 39 14 71 9C
28.571450261,0x427,6F 5A 62 2E 7B 9C 4C 30
28.580088109,0x1A4,B3 DD 0D 05 DA E2 D8 DA
28.580088109,0x316,5F A2 58 97 C8 1B 00 A1
28.580088109,0x427,F6 18 6D A2 E5 E9 12 26
28.591992770,0x1A4,3F EC 15 05 71 8B D6 1E
28.591992770,0x316,60 23 DE 21 51 7E BA 66
28.591992770,0x427,E0 61 D2 09 C3 CB 1B 46
28.601336802,0x1A4,96 C6 1D 05 95 89 32 31
28.601336802,0x316,6E 63 D9 ED 39 F6 6D 25
28.601336802,0x427,3C 31 22 6D 2A 74 85 04
28.611966871,0x1A4,04 CE 26 05 02 D6 1B 33
28.611966871,0x316,5C 8B 47 17 91 0C 46 DD
28.611966871,0x427,20 69 0B 0D 80 CA 5E 61
28.619309589,0x1A4,E3 A0 2E 05 EE 82 64 86
28.619309589,0x316,CC 3D 73 4E 7C 9C 3D B3
28.619309589,0x427,31 9A 20 A2 D3 6D E9 FA
28.631705018,0x1A4,BD D7 36 05 0F 43 C6 38
28.631705018,0x316,71 C0 0F 56 A8 4E 13 6D
28.631705018,0x427,0A 8A AC 7A 98 9D B4 0F
28.641669979,0x1A4,40 6D 3E 05 01 A5 54 6D
28.641669979,0x316,15 DF D4 A4 57 4B 39 0D
28.641669979,0x427,F7 F2 E5 4D B1 8F 2C 1C
28.648418326,0x1A4,D5 4F 46 05 9C 53 13 5D
28.648418326,0x316,91 83 D2 47 B8 5D 68 F1
28.648418326,0x427,0F BE DC 59 41 79 2A B6
28.659502317,0x1A4,2F E9 4E 05 2D 56 39 3F
28.659502317,0x316,99 17 E1 51 AF AE 25 E5
28.659502317,0x427,FA A7 2C 0C 51 46 87 2E
28.668365783,0x1A4,CC B5 56 05 70 1F 23 00
28.668365783,0x316,E2 6E 58 0D 6D FD 11 A9
28.668365783,0x427,9F 3E A8 BE 28 F9 56 52
28.678455484,0x1A4,39 29 5F 05 6C 88 0A 49
28.678455484,0x316,D6 CD D8 78 FA 85 B8 47
28.678455484,0x427,4D 46 92 E8 BC 03 45 9B
28.690271387,0x1A4,C8 84 67 05 A4 F4 4F 6E
28.690271387,0x316,A6 AC 51 2F 95 4F 94 40
28.690271387,0x427,DA A2 C5 F2 2B F1 C4 7D
28.698258040,0x1A4,06 A9 6F 05 CF 83 93 55
28.698258040,0x316,00 52 EA 4D B4 23 8D 1C
28.698258040,0x427,C9 99 CD 18 61 25 40 AB
28.710762235,0x1A4,47 53 77 05 CC 90 D6 AE
28.710762235,0x316,B2 AE 40 8D F9 1A 3D C5
28.710762235,0x427,93 58 AA DC F5 DE 5B 21
28.719124266,0x1A4,DC 4A 7F 05 00 3B 4E 5C
28.719124266,0x316,BB 51 C5 BD 40 78 5E CF
28.719124266,0x427,8E B9 83 5C E9 CA 30 BE
28.731828262,0x1A4,36 FB 87 05 45 E0 C2 96
28.731828262,0x316,04 81 63 87 31 86 CE 9A
28.731828262,0x427,06 AC 20 5F E9 18 FE 3C
28.738436267,0x1A4,E1 AC 8F 05 88 75 A4 46
28.738436267,0x316,08 BE C4 35 E9 77 96 95
28.738436267,0x427,01 0F 51 62 3F C8 54 16
28.748282752,0x1A4,12 22 97 05 4C C5 3A 1B
28.748282752,0x316,CA 7D 67 21 1C C1 2A A1
28.748282752,0x427,C9 35 1A BE F4 DD 11 9A
28.760213784,0x1A4,EC 8A A0 05 0A 87 81 0A
28.760213784,0x316,29 E4 28 96 8C 7C E4 F7
28.760213784,0x427,AA 6B 84 E9 1A 89 50 E2
28.770025586,0x1A4,C8 D1 A8 05 E4 B9 41 D1
28.770025586,0x316,A9 41 C0 30 74 B2 63 31
28.770025586,0x427,F4 99 64 B4 3C F8 1D 72
28.778878935,0x1A4,30 9C B0 05 24 4D 40 19
28.778878935,0x316,36 4F 2B 13 00 FC 1A F1
28.778878935,0x427,50 9A EC 8B AE 76 77 9E
28.790740004,0x1A4,4C 29 B8 05 FD 8E 2D 4D
28.790740004,0x316,AC 94 B0 B9 E3 12 65 79
28.790740004,0x427,78 59 59 FD 42 1C D0 C2
28.800977076,0x1A4,DC 36 C0 05 4A 3A 97 88
28.800977076,0x316,02 59 84 B8 45 12 57 27
28.800977076,0x427,68 34 37 0B 30 98 B9 20
28.808811234,0x1A4,3A B1 C8 05 79 FA 0F 6B
28.808811234,0x316,EA 48 ED 8C 62 9F 2B B6
28.808811234,0x427,F7 82 A5 40 C8 05 3F E4
28.819444517,0x1A4,67 02 D0 05 76 19 65 C2
28.819444517,0x316,9F EE 7A DA BA 39 99 D8
28.819444517,0x427,9A 04 25 E8 AF D6 72 8F
28.829031961,0x1A4,3F DE D8 05 59 3E EB 58
28.829031961,0x316,30 05 19 E5 CE F6 B2 5D
28.829031961,0x427,0E BB CF 72 15 CF 3E A1
28.841105082,0x1A4,33 AB E1 05 9B D2 0F 1E
28.841105082,0x316,61 69 2D E9 3F F0 A5 6F
28.841105082,0x427,1F 58 55 11 C4 21 9A 7B
28.850835658,0x1A4,40 DB E9 05 F6 50 15 86
28.850835658,0x316,89 CB 6B EE 95 62 D3 F3
28.850835658,0x427,3D 96 FD 80 6E 73 77 CA
28.859224020,0x1A4,F6 97 F1 05 B1 42 BC 2A
28.859224020,0x316,63 22 62 99 F3 9A 2E 46
28.859224020,0x427,DC 56 5B B2 65 39 AD F7
28.871526702,0x1A4,98 D5 F9 05 59 EB 26 4A
28.871526702,0x316,4F 4C A2 0B 05 80 AF F4
28.871526702,0x427,7C D4 F0 90 D5 27 90 0F
28.879436565,0x1A4,FF 2A 01 06 49 0E F4 F8
28.879436565,0x316,60 18 9D B1 0B 5A B0 30
28.879436565,0x427,D7 82 9F BD 9D 44 85 D0
28.891710631,0x1A4,C0 27 09 06 64 04 BA 7E
28.891710631,0x316,C0 1F 48 AF A7 F1 4F 88
28.891710631,0x427,38 14 C9 DE F3 ED 73 83
28.901180754,0x1A4,EE BD 11 06 6F 40 32 13
28.901180754,0x316,E4 66 5F 2A 7E 0D 10 70
28.901180754,0x427,4F B2 2F C0 32 11 60 82
28.911350479,0x1A4,9C AE 19 06 45 E8 FF 8F
28.911350479,0x316,4B EF 84 C7 96 38 E7 63
28.911350479,0x427,8D 09 9E 66 FE A9 72 9B
28.919907731,0x1A4,AE A4 21 06 B7 02 F9 34
28.919907731,0x316,DC F8 1E 2F 25 F7 EB 00
28.919907731,0x427,C2 F5 F5 28 E6 E7 67 92
28.931253141,0x1A4,27 3F 2A 06 89 B3 94 97
28.931253141,0x316,50 5B 5C B2 44 BC 44 02
28.931253141,0x427,91 4D 10 E1 D1 84 BA ED
28.939030483,0x1A4,62 D5 32 06 D1 93 46 83
28.939030483,0x316,D9 C7 97 74 63 33 FA 80
28.939030483,0x427,0D 5E 2F B5 49 E0 77 B8
28.948810604,0x1A4,9A 32 3A 06 5C FC 42 42
28.948810604,0x316,F6 49 AC 4D 8E CE 3B DA
28.948810604,0x427,2D F6 67 38 88 7D DE 4B
28.961960373,0x1A4,2B 2E 42 06 4F 60 BD 44
28.961960373,0x316,4D C3 59 8D 7B 8F 7D 1E
28.961960373,0x427,43 CE CD 2B C0 70 53 39
28.969654049,0x1A4,34 42 4A 06 97 C4 97 88
28.969654049,0x316,42 C6 FB 3C 0F 3E B6 4A
28.969654049,0x427,B6 D8 01 0A D6 D4 BD A3
28.981643790,0x1A4,E4 77 52 06 2F ED 29 F1
28.981643790,0x316,97 C5 33 E2 C7 0C 1B 47
28.981643790,0x427,49 1F 60 ED D3 69 0A 22
28.988901767,0x1A4,F5 37 5A 06 8A 04 96 DF
28.988901767,0x316,A8 28 66 CA BF 69 30 0D
28.988901767,0x427,A7 2F 75 A4 A8 D4 E2 FA
28.999239588,0x1A4,33 FE 62 06 AD 3F 52 FD
28.999239588,0x316,EB 03 CB D2 03 C0 C0 35
28.999239588,0x427,92 36 DB 88 3C 4A BE 1D
29.011807122,0x1A4,73 BF 6A 06 AA A1 0D A6
29.011807122,0x316,59 43 F3 58 57 81 F7 A1
29.011807122,0x427,3E BC EB 9A EA 51 E3 F8
29.020347739,0x1A4,E5 00 72 06 B5 7C 16 53
29.020347739,0x316,B4 9E 4F 15 16 18 49 F2
29.020347739,0x427,93 23 99 B4 91 EE 4C E2
29.030348380,0x1A4,84 4A 7A 06 8F 01 98 43
29.030348380,0x316,59 35 DA B8 AC 5E 34 22
29.030348380,0x427,AD 28 89 68 07 55 F9 E5
29.038814279,0x1A4,31 16 83 06 DF 42 7E 4B
29.038814279,0x316,D8 49 1B 53 6A 15 3A FC
29.038814279,0x427,EE D0 A8 0E 5D 9B 3E A0
29.048922390,0x1A4,55 46 8B 06 76 1C AA 02
29.048922390,0x316,96 31 ED D2 A0 F1 00 5B
29.048922390,0x427,1B B5 22 38 FA 84 00 BB
29.061466612,0x1A4,AE 25 93 06 4B C0 99 47
29.061466612,0x316,4B 85 3E 2D B9 60 88 41
29.061466612,0x427,16 16 BB F8 49 E2 00 04
29.069923484,0x1A4,2D 4E 9B 06 23 F7 45 A8
29.069923484,0x316,FB 2B 90 FA 6A 10 34 DE
29.069923484,0x427,7A 32 37 C7 72 69 63 F0
29.078450133,0x1A4,59 B6 A3 06 75 9B 50 95
29.078450133,0x316,B0 D4 3F 1B 13 75 FC B8
29.078450133,0x427,D3 C4 EA BE 84 54 28 B0
29.088731716,0x1A4,5E 81 AB 06 0D 88 16 F2
29.088731716,0x316,80 0E 61 A7 65 5F E1 41
29.088731716,0x427,97 02 BA DE FA 95 50 A0
29.098457899,0x1A4,18 D9 B3 06 11 23 B6 9A
29.098457899,0x316,E2 53 06 8D 20 D6 C6 34
29.098457899,0x427,13 E3 1C D1 66 07 33 71
29.110420329,0x1A4,DA CC BB 06 E2 E6 02 53
29.110420329,0x316,BA A6 CF 44 EF 02 34 34
29.110420329,0x427,2A EB E7 94 A2 9D 3A A1
29.118376641,0x1A4,42 96 C3 06 A3 64 B4 DB
29.118376641,0x316,48 E7 BD C0 1F 17 3D 65
29.118376641,0x427,A0 1E D8 27 5B B8 30 72
29.129755662,0x1A4,25 35 CB 06 E0 F3 D4 BA
29.129755662,0x316,3F E3 ED B9 C6 4D 14 6F
29.129755662,0x427,0C 31 5F 5E B9 3A F9 25
29.140394178,0x1A4,CF 7D D3 06 08 32 A0 7A
29.140394178,0x316,35 23 FC 17 DB 4F F7 7E
29.140394178,0x427,E3 AB 77 2E 25 97 9A 75
29.149711801,0x1A4,13 FF DC 06 9F 07 CB D0
29.149711801,0x316,B2 1C C3 DC CB 94 15 2D
29.149711801,0x427,BC 1F 59 30 06 1B D5 91
29.159564843,0x1A4,C0 9C E4 06 86 B7 7F F1
29.159564843,0x316,75 33 BF BA 27 21 2F 2E
29.159564843,0x427,AE C5 C6 A5 51 0D 34 48
29.170452792,0x1A4,30 5B EC 06 14 A9 66 4F
29.170452792,0x316,42 09 B5 29 9C F1 9F E2
29.170452792,0x427,23 FE 7F 2D BF A0 47 D1
29.180134621,0x1A4,D3 1D F4 06 A0 45 F7 AF
29.180134621,0x316,55 3A 9A 9B CC CE 16 30
29.180134621,0x427,C9 BE C7 11 A8 E1 BD 24
29.188591420,0x1A4,73 C8 FC 06 89 39 28 6D
29.188591420,0x316,8E F4 C8 3E 90 76 7C 74
29.188591420,0x427,07 D0 BC E8 B3 80 26 A5
29.201320963,0x1A4,95 2E 04 07 8C 85 0A 67
29.201320963,0x316,19 EC A8 19 A0 2D 6C B9
29.201320963,0x427,96 F5 DA 86 B4 85 25 23
29.208152036,0x1A4,1F 3F 0C 07 62 1C 1D C0
29.208152036,0x316,97 9C D8 CE B3 92 04 03
29.208152036,0x427,AA 71 71 9A D0 E6 87 19
29.219058187,0x1A4,BC 6C 14 07 73 34 4D 62
29.219058187,0x316,60 A3 4D 05 8F 49 2B 1C
29.219058187,0x427,6C 95 99 D3 DA 25 78 03
29.230510330,0x1A4,42 2E 1C 07 47 C5 9C D4
29.230510330,0x316,9C C7 FC A4 44 0A 47 EF
29.230510330,0x427,23 8C 32 0B 73 7C D6 21
29.241705172,0x1A4,24 67 24 07 C8 6D 26 C5
29.241705172,0x316,83 84 66 15 95 22 85 44
29.241705172,0x427,58 C4 83 24 EB FB 47 F0
29.250435091,0x1A4,25 43 2C 07 8F D2 81 99
29.250435091,0x316,64 88 74 03 22 C1 DA CA
29.250435091,0x427,4D 6B 63 F7 83 C9 67 02
29.259111463,0x1A4,DF 6E 34 07 85 46 AA CA
29.259111463,0x316,77 07 39 1B 68 C5 D8 8A
29.259111463,0x427,47 1D 73 BC E0 2E 79 D1
29.269490333,0x1A4,B4 B8 3C 07 2D DF 4B DA
29.269490333,0x316,0F D2 1B B5 65 47 C0 15
29.269490333,0x427,EF 59 CB 33 71 95 A4 23
29.281644155,0x1A4,23 29 44 07 13 D9 79 C2
29.281644155,0x316,A8 04 17 90 B0 B0 73 E4
29.281644155,0x427,97 5C BF 71 21 4F C2 D0
29.288479231,0x1A4,98 D5 4D 07 66 C8 B0 4E
29.288479231,0x316,70 FB ED 54 76 BD 99 7A
29.288479231,0x427,60 2F 8E 27 F1 41 6A 3E
29.301893178,0x1A4,72 DB 55 07 7E 8C 24 8B
29.301893178,0x316,B7 9C 29 B1 C0 09 78 44
29.301893178,0x427,BD E9 A2 A0 30 37 2A 8B
29.308399182,0x1A4,97 E0 5D 07 95 E1 6D 05
29.308399182,0x316,57 47 2E D3 CD 0B 66 0B
29.308399182,0x427,A2 1A 52 1A 25 AA 6D 8B
29.318872879,0x1A4,C6 0D 65 07 7F C5 41 1A
29.318872879,0x316,96 71 F4 82 4B D6 EE E2
29.318872879,0x427,71 C6 23 D6 B5 18 50 6A
29.331947966,0x1A4,E3 4C 6D 07 62 53 4F 00
29.331947966,0x316,2E C6 83 E9 79 8F 6C 39
29.331947966,0x427,DF EB 24 06 D9 61 07 3A
29.338928026,0x1A4,63 BF 75 07 D7 76 A8 62
29.338928026,0x316,95 77 BA 25 A2 84 72 5A
29.338928026,0x427,60 F9 C5 A7 C9 C0 6E 49
29.350137308,0x1A4,2B 8F 7D 07 99 EF F3 EB
29.350137308,0x316,C8 7E 05 E1 C0 FB 35 AF
29.350137308,0x427,E1 91 7E 62 4D EA CF AF
29.360185160,0x1A4,9C 7F 85 07 E3 7C 00 B7
29.360185160,0x316,65 07 A2 D2 C6 37 D0 E6
29.360185160,0x427,8A D0 C6 1C 1A F4 E7 7D
29.368954529,0x1A4,E3 38 8D 07 A0 F9 A2 FD
29.368954529,0x316,B9 D9 31 1C C8 4D 7A 39
29.368954529,0x427,10 63 0B 1A C8 FC DA F4
29.379378347,0x1A4,43 86 95 07 F3 FA 24 48
29.379378347,0x316,ED 87 78 5B DA BC 87 13
29.379378347,0x427,A2 4D 9E 9D E4 FC 6E 55
29.388484075,0x1A4,DF 3F 9D 07 63 4D 49 5C
29.388484075,0x316,70 AC 5E EC F7 48 B9 EC
29.388484075,0x427,28 D6 7C EB 25 BC B5 15
29.401720112,0x1A4,1B 28 A5 07 3C C7 18 0B
29.401720112,0x316,26 EE C0 9A 29 AF AE 26
29.401720112,0x427,8D D9 95 2D 54 97 BA 6D
29.410608059,0x1A4,44 94 AD 07 20 57 B8 55
29.410608059,0x316,68 23 80 99 E8 F7 6D 2E
29.410608059,0x427,77 57 EF AD BE D3 DC 6C
29.420312906,0x1A4,FF D1 B5 07 10 5A A3 E4
29.420312906,0x316,B6 6D D2 AA DC C3 E9 AF
29.420312906,0x427,78 48 33 4D 7A 28 F0 9F
29.428260809,0x1A4,71 C7 BD 07 20 32 79 49
29.428260809,0x316,C6 CD 2F 59 5E 5B 1A E0
29.428260809,0x427,54 AB 9A 1A 79 5E 66 45
29.441730687,0x1A4,A5 55 C5 07 29 E6 CE 7F
29.441730687,0x316,E1 3F 67 A9 13 28 7E 5E
29.441730687,0x427,09 58 D1 EE 76 51 F1 43
29.449149150,0x1A4,B2 4E CD 07 7D 25 30 E8
29.449149150,0x316,C5 31 18 B6 4A 86 76 CC
29.449149150,0x427,7A F3 8C 13 A8 79 F2 C9
29.459224749,0x1A4,90 C9 D5 07 76 49 99 DC
29.459224749,0x316,78 4F DF EE 6A 72 61 FA
29.459224749,0x427,CA 76 0D 26 C2 DA 1C C7
29.470784861,0x1A4,4E 0E DD 07 D1 DC 86 25
29.470784861,0x316,23 4C FC 51 19 EC D4 25
29.470784861,0x427,7C 55 FE 63 0D A1 5A 72
29.479742119,0x1A4,04 F7 E6 07 F0 68 FE CB
29.479742119,0x316,69 8C 19 C9 65 5E F1 F9
29.479742119,0x427,2E 85 7A 7A 1E E3 8C D0
29.488364602,0x1A4,6E 77 EE 07 64 51 F8 1C
29.488364602,0x316,C5 82 ED 93 E1 91 6D 6D
29.488364602,0x427,0D 62 A7 F5 84 84 09 BA
29.498260052,0x1A4,74 36 F6 07 57 F3 08 25
29.498260052,0x316,24 89 27 17 D1 A0 B3 52
29.498260052,0x427,73 5B A9 FE DF 2E A6 20
29.509433390,0x1A4,7F 2F FE 07 6F 33 7D C4
29.509433390,0x316,17 80 90 62 43 91 44 5A
29.509433390,0x427,C1 AD BE 51 D7 50 84 7E
29.521025545,0x1A4,3A 42 06 08 F9 B9 35 7B
29.521025545,0x316,1C 07 84 B1 84 9F 0C F9
29.521025545,0x427,B0 41 F8 69 3D D6 0B 9A
29.529582246,0x1A4,8D EB 0E 08 EA 7D F8 A2
29.529582246,0x316,C6 F8 5D 55 35 78 62 23
29.529582246,0x427,8C 1B 59 CD A0 F7 AB F1
29.538776346,0x1A4,2D 8B 16 08 80 4C EE EB
29.538776346,0x316,BE D5 F3 3E 10 6D 18 62
29.538776346,0x427,0A 47 2D 6B 75 7F A1 8C
29.551442742,0x1A4,89 18 1E 08 C1 56 EB 89
29.551442742,0x316,6F 31 A5 88 34 20 1B 7E
29.551442742,0x427,9D 3E 50 88 EC 39 45 89
29.558623887,0x1A4,B2 8B 26 08 F8 C8 E8 3A
29.558623887,0x316,87 EE 76 62 8E F8 67 15
29.558623887,0x427,7C 0D BA 94 F8 10 05 B7
29.568347301,0x1A4,89 C1 2E 08 F4 ED E5 86
29.568347301,0x316,C4 B5 EF 93 1B C5 CE C6
29.568347301,0x427,A6 25 89 B1 8D D6 B0 CF
29.580420724,0x1A4,EA 81 36 08 AD 45 26 38
29.580420724,0x316,76 EC FD B3 C0 07 56 16
29.580420724,0x427,E2 9C 35 3C 57 FD 98 5C
29.589548803,0x1A4,43 D5 3E 08 D7 22 0A 34
29.589548803,0x316,16 94 70 FE F6 99 C0 D9
29.589548803,0x427,52 3F 64 04 EF 24 C6 5C
29.599613897,0x1A4,14 A1 46 08 B7 3C 53 79
29.599613897,0x316,A2 4E 26 F5 2A 21 33 22
29.599613897,0x427,02 5F C0 EB 5D 34 33 1C
29.609237478,0x1A4,A2 76 4E 08 EC 03 4F E9
29.609237478,0x316,1C D7 6E 59 85 39 61 5C
29.609237478,0x427,2A C7 47 D9 00 A2 6D D9
29.620696414,0x1A4,87 CD 56 08 C2 66 55 C7
29.620696414,0x316,53 AB AA D1 E5 64 AC 23
29.620696414,0x427,1F 48 71 4B 7D 03 DC 75
29.629850597,0x1A4,FD 5F 5E 08 CF 18 D3 D5
29.629850597,0x316,37 AB 72 DA 14 21 2F 8D
29.629850597,0x427,4A 2B C9 F8 F7 69 6C EE
29.640197753,0x1A4,EE 58 66 08 47 B3 CB 6B
29.640197753,0x316,6A 4F 14 3E 54 E2 F2 35
29.640197753,0x427,49 21 EC D3 FB 8B 7E 39
29.650658919,0x1A4,4E 36 6E 08 81 16 3B BF
29.650658919,0x316,6D F2 46 23 65 2A 03 1E
29.650658919,0x427,E8 09 49 F6 AB AF 1E B2
29.660041317,0x1A4,FB E8 76 08 AD AA A0 24
29.660041317,0x316,1D 45 A1 60 0E 3B AB BB
29.660041317,0x427,4A AB BE 06 15 16 35 B2
29.668062527,0x1A4,14 8D 7E 08 55 B6 B9 6C
29.668062527,0x316,A6 B2 26 5F E5 67 D8 0D
29.668062527,0x427,F2 10 8F B3 D0 75 23 1B
29.679380990,0x1A4,F7 CE 86 08 9D 33 E4 94
29.679380990,0x316,2A 9C E2 12 56 4E 11 7A
29.679380990,0x427,BF 48 62 D6 CB 82 0B 98
29.691236235,0x1A4,5E 94 8E 08 F1 09 7E 28
29.691236235,0x316,8B 40 BA 07 6C 5D 9A 25
29.691236235,0x427,3B A5 80 5D 0F C3 2A 24
29.698527899,0x1A4,99 E7 96 08 7C 52 BB 3E
29.698527899,0x316,24 8D BA 13 0D BD 31 03
29.698527899,0x427,B4 FC B5 91 28 DF C0 D4
29.709779191,0x1A4,97 61 9E 08 7A 68 9F 6A
29.709779191,0x316,2B DE 53 26 39 6A F2 C3
29.709779191,0x427,6A 5F B3 2E 71 80 42 78
29.719088049,0x1A4,35 D0 A6 08 FC 67 DE 23
29.719088049,0x316,D4 F2 83 BF 24 F7 06 87
29.719088049,0x427,D1 15 D5 B2 3A 50 E2 F2
29.729751980,0x1A4,5C 89 AE 08 EE 02 5E 78
29.729751980,0x316,83 89 59 69 FC 85 F9 B8
29.729751980,0x427,85 B7 5B 56 89 41 A8 71
29.738195463,0x1A4,B4 A0 B6 08 FC B3 14 A5
29.738195463,0x316,87 B5 FB B1 57 B1 61 03
29.738195463,0x427,A1 B2 69 49 EB F8 7B 1C
29.749640661,0x1A4,87 3B BE 08 5A 36 5C 0F
29.749640661,0x316,A9 83 93 E1 5A E2 77 A4
29.749640661,0x427,28 F5 38 08 FB 1E AB 9A
29.758733153,0x1A4,68 3F C6 08 84 C0 6F 2C
29.758733153,0x316,05 F8 D7 80 51 9E 0C 29
29.758733153,0x427,B6 37 C8 02 22 DC 79 65
29.769397601,0x1A4,C8 85 CE 08 15 69 72 6C
29.769397601,0x316,9B 28 0E AE 3F FC BF F2
29.769397601,0x427,2C FF 3F E0 AE C6 4C 74
29.781196345,0x1A4,94 29 D6 08 ED C0 1E B6
29.781196345,0x316,9B 4E 5B D4 A8 D9 0F 42
29.781196345,0x427,F5 6D 4D EB 48 DC 72 92
29.789947196,0x1A4,58 B6 DE 08 DE 3D 58 4E
29.789947196,0x316,77 25 98 B5 67 4E 31 3A
29.789947196,0x427,65 A7 75 6C D8 85 73 EE
29.798587243,0x1A4,2D 16 E6 08 76 7E 96 45
29.798587243,0x316,9B 8B 1E F9 F3 26 89 17
29.798587243,0x427,A1 17 81 85 57 CA A7 60
29.810769922,0x1A4,7B 60 EE 08 DF 85 79 F3
29.810769922,0x316,4C BD 08 20 02 14 3E BE
29.810769922,0x427,32 BC 3C 36 E3 C5 80 66
29.821582581,0x1A4,FE A6 F6 08 D3 CE 55 0E
29.821582581,0x316,2D 40 0A 38 33 2E 6D 64
29.821582581,0x427,12 8E 06 2F 65 AF 8F D2
29.828697739,0x1A4,94 93 FE 08 55 4F DA F9
29.828697739,0x316,08 E9 2D 8F FE BE E6 9A
29.828697739,0x427,B8 80 7A D7 1B FC C3 13
29.841531064,0x1A4,E5 FF 06 09 87 DE 42 B1
29.841531064,0x316,89 6D EB 77 D6 F3 37 7A
29.841531064,0x427,81 32 2D 50 04 58 17 A7
29.851658696,0x1A4,30 F5 0E 09 19 A0 B4 67
29.851658696,0x316,A0 E5 C6 D3 7C 7C 66 61
29.851658696,0x427,FD ED 31 2A 33 F6 FE 0D
29.860823104,0x1A4,51 A4 16 09 E0 30 19 5F
29.860823104,0x316,B5 AB 8A A5 56 CE 99 6C
29.860823104,0x427,32 DD D9 31 C4 72 19 45
29.869448121,0x1A4,12 29 1E 09 62 F6 B9 1A
29.869448121,0x316,58 43 EB 13 85 03 DA 5C
29.869448121,0x427,B1 AB 6A 9A DC 41 5F C7
29.881972069,0x1A4,B7 62 26 09 80 78 E1 55
29.881972069,0x316,DD 35 2E 07 28 D5 51 3D
29.881972069,0x427,A1 B6 3E 48 7E AA AA 29
29.891449512,0x1A4,E9 31 2E 09 AA 42 41 1B
29.891449512,0x316,C5 C1 B8 10 E9 BA 3F 36
29.891449512,0x427,31 40 DC 98 A8 63 CF 02
29.901186575,0x1A4,98 63 36 09 98 3F E1 E8
29.901186575,0x316,FA 7E 22 4F 68 FA 0F 30
29.901186575,0x427,7F A5 3B 8D 40 4F A4 33
29.909454133,0x1A4,67 75 3E 09 33 2D E0 ED
29.909454133,0x316,A1 30 49 08 D2 9A 86 3D
29.909454133,0x427,E1 31 E8 44 92 23 C5 15
29.919479074,0x1A4,89 98 46 09 F4 90 F3 91
29.919479074,0x316,29 86 96 90 C6 E5 7C 0B
29.919479074,0x427,5E 38 51 90 6A DE 8A FC
29.929513176,0x1A4,4D 3B 4E 09 70 C6 DA 7B
29.929513176,0x316,84 B9 B1 0B DF EE 4C 0C
29.929513176,0x427,81 55 88 50 F5 AB DC 17
29.941127801,0x1A4,B1 D0 56 09 6A BA 00 4F
29.941127801,0x316,60 A9 2B 02 B1 C6 04 FB
29.941127801,0x427,BF 5B 4D 5B 29 10 6E C0
29.951408699,0x1A4,4B 82 5E 09 B1 EB 6F F5
29.951408699,0x316,24 44 EC 65 52 29 0E 80
29.951408699,0x427,08 E6 E3 31 07 44 81 50
29.961938247,0x1A4,3E BC 66 09 8D 11 01 64
29.961938247,0x316,6B B2 C6 B9 16 27 18 5B
29.961938247,0x427,5D 48 4E F9 C5 04 28 21
29.971093387,0x1A4,1B 51 6E 09 CE 3F B8 AC
29.971093387,0x316,97 E2 ED 18 D5 44 D1 54
29.971093387,0x427,98 EE 43 68 BC C1 81 E5
29.979523433,0x1A4,59 C1 76 09 AF 83 EA 80
29.979523433,0x316,3E 53 DB 19 F2 AD 8E 80
29.979523433,0x427,D6 F2 B7 CE 21 58 6A C6
29.988548633,0x1A4,0C A2 7E 09 84 3D 10 06
29.988548633,0x316,40 22 51 96 93 32 CB CB
29.988548633,0x427,19 13 D2 61 07 98 19 7A
29.998720554,0x1A4,21 92 86 09 6E 7C 6A DE
29.998720554,0x316,B2 72 1E DA FF 96 93 09
29.998720554,0x427,98 43 45 4A 3A E9 45 29
30.009855665,0x1A4,99 2E 8E 09 B9 0F B0 AE
30.009855665,0x316,2D 21 8E 76 A0 25 29 14
30.009855665,0x427,97 B8 9C E2 03 70 3E A0
30.019758427,0x1A4,F6 E8 95 09 58 E6 EB F3
30.019758427,0x316,13 2C ED B7 28 2D 48 3B
30.019758427,0x427,9F 2C 68 E2 8D A7 34 37
30.031508704,0x1A4,DC BF 9D 09 30 25 74 AE
30.031508704,0x316,CB F8 7A A7 A4 92 0F 24
30.031508704,0x427,10 C3 D1 C4 AD 30 F3 B7
30.038487181,0x1A4,BE 60 A5 09 4D 8D 50 FE
30.038487181,0x316,78 E7 B2 F6 AD 29 6A 80
30.038487181,0x427,FA 49 2C 84 EF FC 05 FE
30.048021599,0x1A4,8C 6F AD 09 68 50 D6 9B
30.048021599,0x316,36 D1 C1 A6 67 24 F6 85
30.048021599,0x427,B0 5E 23 EE D8 57 C5 C4
30.060079963,0x1A4,0C FE B5 09 02 10 8E 72
30.060079963,0x316,D3 D1 0C C9 11 2A 96 21
30.060079963,0x427,B3 0F CA 56 2E 98 74 4A
30.068221174,0x1A4,5C B1 BD 09 BD C7 9B 9F
30.068221174,0x316,D4 B4 1F DB F7 16 AD F0
30.068221174,0x427,A3 8E 4F 6E 18 49 3E 0A
30.081180289,0x1A4,9B 99 C5 09 11 9A 77 B6
30.081180289,0x316,36 55 30 C6 CF CB D0 AE
30.081180289,0x427,FF FF 3B 63 BF 5A 36 3D
30.089348751,0x1A4,EE 44 CD 09 A6 03 3C FF
30.089348751,0x316,65 56 42 9C 58 4B 5C 9B
30.089348751,0x427,79 16 33 13 8E 83 40 F5
30.098668475,0x1A4,5D C7 D5 09 37 6A 20 91
30.098668475,0x316,65 D2 B6 A0 95 4B 91 FE
30.098668475,0x427,F8 A7 5D 7F 28 9A EF 18
30.108924208,0x1A4,60 8D DD 09 07 39 D3 03
30.108924208,0x316,D1 E8 82 24 03 5F 2D C4
30.108924208,0x427,2A 4D D6 DE 2C 2A 3E 4F
30.118606534,0x1A4,A4 1B E5 09 CA AF 16 DE
30.118606534,0x316,1A EB 0C F8 4E 4B 21 CC
30.118606534,0x427,31 D0 0C C8 A2 8E 27 E5
30.130127934,0x1A4,14 9F ED 09 C6 B6 B8 7F
30.130127934,0x316,C5 DA 17 18 A8 49 6E 74
30.130127934,0x427,7C DE 4F 50 66 9D 72 2B
30.138944244,0x1A4,CF 4A F5 09 4A FA AC 4B
30.138944244,0x316,C6 42 56 29 F2 0D 73 11
30.138944244,0x427,CD C4 B5 47 05 44 96 93
30.149076145,0x1A4,D8 14 FD 09 48 5B 76 5A
30.149076145,0x316,54 BA D7 16 2E D5 35 12
30.149076145,0x427,75 26 DF 2D E8 7C ED B5
30.159764771,0x1A4,AA E4 05 0A CB 21 F3 75
30.159764771,0x316,C8 9F 08 42 58 E3 73 FC
30.159764771,0x427,36 A1 27 79 61 E9 7D FA
30.171806966,0x1A4,89 F0 0D 0A 64 8F 5D C3
30.171806966,0x316,78 A6 6C E0 F6 E2 29 71
30.171806966,0x427,B0 8A 79 A6 F1 CC 95 EC
30.178097843,0x1A4,BE 59 15 0A 1F AA 98 F0
30.178097843,0x316,04 40 BC 1F 07 10 C0 F8
30.178097843,0x427,F9 83 98 91 B0 8A FE 7C
30.189991430,0x1A4,56 BE 1D 0A 05 82 0C 5D
30.189991430,0x316,33 A3 E7 DB B0 42 60 49
30.189991430,0x427,DB F3 A3 66 D6 66 B6 68
30.199970827,0x1A4,33 6A 24 0A EA 93 A3 9E
30.199970827,0x316,CC B1 C9 EA F2 CD 3A AE
30.199970827,0x427,60 1C 05 21 28 15 DA 70
30.210598401,0x1A4,7D 2A 2C 0A 11 D7 31 83
30.210598401,0x316,0B 26 47 D8 68 E0 E7 9F
30.210598401,0x427,F2 37 B9 F3 C8 10 4B 50
30.218968234,0x1A4,1A B2 34 0A F4 A2 5F 15
30.218968234,0x316,D6 B7 A4 AE EE 18 C7 69
30.218968234,0x427,6A 71 85 81 5D 3F 39 73
30.229232243,0x1A4,87 A8 3C 0A E8 D9 9D E0
30.229232243,0x316,2A 28 23 E0 5C 70 C2 FD
30.229232243,0x427,9F F6 BB AE 4D C9 EC 0A
30.238823955,0x1A4,70 8A 44 0A A0 F5 38 FA
30.238823955,0x316,31 74 D4 A4 BB 65 9B 0E
30.238823955,0x427,11 F7 B4 BD FC 25 64 CA
30.250559802,0x1A4,15 50 4C 0A F3 81 22 B3
30.250559802,0x316,85 75 3C D2 9D 9D 90 8F
30.250559802,0x427,91 8C 08 02 F4 63 91 27
30.259607160,0x1A4,59 20 54 0A 72 CF F4 1A
30.259607160,0x316,AD BB 68 4A AF D9 35 60
30.259607160,0x427,FF 2C 80 28 BB 48 F4 91
30.268593891,0x1A4,C7 3D 5C 0A DF 8C 94 DA
30.268593891,0x316,0E BB AE 12 BE E3 19 39
30.268593891,0x427,09 95 62 63 60 E0 C8 DF
30.278801909,0x1A4,7C E3 64 0A 8C 73 4D AB
30.278801909,0x316,03 D2 EF 17 90 FF 53 59
30.278801909,0x427,04 C1 43 77 0F E0 EE 77
30.291721862,0x1A4,E2 DC 6C 0A 90 58 FD 88
30.291721862,0x316,E2 B0 6E E6 C6 6F 7B D1
30.291721862,0x427,2E 9B 00 77 F1 39 EF 1B
30.300785759,0x1A4,68 77 74 0A 19 65 26 2E
30.300785759,0x316,A3 CF 55 BB 48 B7 BC 1B
30.300785759,0x427,69 AE DE EA 70 F2 A4 F5
30.309309017,0x1A4,93 5A 7C 0A EB 2D 9E 65
30.309309017,0x316,AC D8 A9 C4 D5 95 E0 6E
30.309309017,0x427,0A 88 10 33 AF 0B CA 66
30.319811930,0x1A4,25 09 83 0A DC 34 81 10
30.319811930,0x316,A1 94 39 51 B3 11 A9 57
30.319811930,0x427,76 93 16 FF 49 F4 B7 9A
30.329986496,0x1A4,90 D4 8B 0A 68 42 6F 36
30.329986496,0x316,02 55 C9 B3 80 D6 C4 BD
30.329986496,0x427,E1 84 E9 79 41 7F 44 1D
30.338091669,0x1A4,8F 96 93 0A 33 44 5F 74
30.338091669,0x316,05 DF CC 09 66 71 8A 8B
30.338091669,0x427,4C A6 DE 27 65 1A D3 F2
30.351261839,0x1A4,14 CB 9B 0A 7B 64 40 25
30.351261839,0x316,92 38 E5 A3 BA FA A5 36
30.351261839,0x427,17 C0 F7 51 63 FC 75 91
30.358552722,0x1A4,EA CC A3 0A 25 2A E1 FC
30.358552722,0x316,98 35 E0 99 4B 55 32 C6
30.358552722,0x427,BD 58 5A 61 96 76 F9 0F
30.368359270,0x1A4,16 D2 AB 0A 85 0E FC CE
30.368359270,0x316,1B CA 8A 5C 07 8C 20 CA
30.368359270,0x427,E2 AB 1B 6E 5D F6 82 FA
30.381267834,0x1A4,C6 5F B3 0A 69 BF A2 36
30.381267834,0x316,3B 06 D8 0D C1 65 24 36
30.381267834,0x427,2F 99 36 DE 33 93 DF 05
30.391847316,0x1A4,1F 8B BB 0A 07 AF 34 C2
30.391847316,0x316,64 17 05 AF 1E 82 44 6C
30.391847316,0x427,16 C4 14 45 6A BE 87 40
30.398435180,0x1A4,15 67 C3 0A 0B 42 15 2D
30.398435180,0x316,1A 3D 66 15 43 EF 48 24
30.398435180,0x427,16 F6 BA 11 AA A8 1E 46
30.411520745,0x1A4,6C 91 CB 0A 7C E3 EA 14
30.411520745,0x316,FB CC 5F 4C CF C6 AF DF
30.411520745,0x427,BA 2D 53 B6 63 52 90 73
30.420095758,0x1A4,E7 CD D2 0A 51 E4 72 6B
30.420095758,0x316,FF D8 57 86 29 94 CF 36
30.420095758,0x427,AA D0 6D AB 21 75 A0 E4
30.428550273,0x1A4,36 22 DA 0A 32 C1 1F 2F
30.428550273,0x316,91 DD 9E D4 F3 0D C2 0D
30.428550273,0x427,EE 3A AA 17 FF DF 1B E5
30.440594182,0x1A4,21 FE E2 0A 7F 6C B4 6D
30.440594182,0x316,1F 91 8E 57 9B 23 9F F6
30.440594182,0x427,53 25 D0 C0 01 F7 01 4C
30.450735841,0x1A4,7B DA EA 0A 22 CC D7 32
30.450735841,0x316,36 2B 6A 59 7E 16 23 F1
30.450735841,0x427,41 35 4A 6B F8 CA 4B 7B
30.460908921,0x1A4,7E 54 F2 0A B7 F0 16 89
30.460908921,0x316,FD 31 57 B0 C8 E0 AA C8
30.460908921,0x427,B0 EC 22 29 2E E5 30 F7
30.470107390,0x1A4,09 48 FA 0A 4E 13 D1 6F
30.470107390,0x316,90 1E CD 5A A4 02 A0 E9
30.470107390,0x427,16 FD 61 B1 57 49 00 92
30.481436016,0x1A4,BC 8B 02 0B 38 28 B1 D2
30.481436016,0x316,1C DF 8A 02 1D B2 97 8F
30.481436016,0x427,4B 6E 77 C8 32 B8 CE E4
30.488227959,0x1A4,3C 6C 0A 0B A5 D3 D4 32
30.488227959,0x316,99 45 EB 13 52 6B 04 B9
30.488227959,0x427,FF 96 FF AA F5 E0 17 94
30.499254383,0x1A4,5A C1 12 0B B6 A2 05 25
30.499254383,0x316,4E 23 E0 52 56 07 00 AA
30.499254383,0x427,09 9C 82 FC 66 25 D1 D2
30.509763150,0x1A4,A1 46 19 0B 11 CB FE BB
30.509763150,0x316,C6 85 2A BE BE 98 42 D3
30.509763150,0x427,91 A2 99 BC BD 2F AE BB
30.519819226,0x1A4,6E 25 21 0B AC BE A1 03
30.519819226,0x316,43 94 87 26 D1 18 81 E5
30.519819226,0x427,2D AE 6A 75 CB C9 0E EF
30.528689599,0x1A4,41 AE 29 0B C1 AB DB 7F
30.528689599,0x316,67 DA 42 DD B9 1A 00 51
30.528689599,0x427,1C 57 15 1D 2E 9D C1 CA
30.539339132,0x1A4,E9 5A 31 0B 14 AE 87 AC
30.539339132,0x316,71 F4 08 68 82 09 47 43
30.539339132,0x427,1F 0D 4C 85 F5 BC E7 B8
30.550286846,0x1A4,FE F7 39 0B 8C 34 FD FC
30.550286846,0x316,00 D5 57 73 26 AA 7D F1
30.550286846,0x427,E1 6D 1F D5 DA DA 75 DB
30.559685542,0x1A4,A8 00 41 0B 8D 07 61 A2
30.559685542,0x316,D5 33 07 73 55 06 90 A3
30.559685542,0x427,1B 5E 2E F8 38 84 10 94
30.570186842,0x1A4,99 39 49 0B 17 25 57 09
30.570186842,0x316,6A A9 F7 37 6E B0 E6 BE
30.570186842,0x427,36 D7 A1 FA 1A 49 0A 30
30.578717909,0x1A4,5B A9 50 0B 6D 4A 4A B2
30.578717909,0x316,8D 4E CC 8B 47 0E 3E C6
30.578717909,0x427,D1 98 85 2A 9C 6C D7 99
30.589402590,0x1A4,20 8C 58 0B EC C5 54 37
30.589402590,0x316,8F 22 1C 59 74 08 B3 35
30.589402590,0x427,B7 F8 CE F3 D3 CB EF 30
30.600281447,0x1A4,7A 3F 60 0B C4 1D FC AD
30.600281447,0x316,5E 8D AB 93 CB B9 81 F4
30.600281447,0x427,A4 D1 AD 03 DC 1F C9 5E
30.609375201,0x1A4,F4 D7 68 0B 35 A2 21 5D
30.609375201,0x316,71 1C 25 04 80 3B 4C 4D
30.609375201,0x427,2D 2D 8B E5 29 49 95 4E
30.620218965,0x1A4,DE A7 70 0B 22 5C AD D1
30.620218965,0x316,FE 65 25 DE B0 4F EF 1F
30.620218965,0x427,DC 72 06 B3 F0 06 C7 7F
30.629315587,0x1A4,5F 13 78 0B F6 9E C1 FF
30.629315587,0x316,5C 40 BC 74 C0 6C FF 69
30.629315587,0x427,3C 1C 0F 69 17 E9 0A 5A
30.641327892,0x1A4,BD 83 80 0B 02 FD 03 D4
30.641327892,0x316,46 1E DF 8A E7 73 04 6D
30.641327892,0x427,1C 75 EE 85 6D A9 5C F9
30.650536421,0x1A4,92 5B 87 0B B8 BB F8 55
30.650536421,0x316,B7 78 06 1D E5 32 25 ED
30.650536421,0x427,3F 22 02 2D 02 76 75 75
30.661873365,0x1A4,7E 8C 8F 0B C5 E3 84 5F
30.661873365,0x316,58 00 49 2D 15 42 81 8D
30.661873365,0x427,63 D4 4A 98 F6 E5 A3 29
30.669200621,0x1A4,0E 82 97 0B 89 94 95 6F
30.669200621,0x316,55 22 AE 61 26 97 F7 48
30.669200621,0x427,60 EC 57 D8 A1 E9 DB A8
30.679773510,0x1A4,1B DB 9F 0B 48 F3 26 AE
30.679773510,0x316,CC 95 FF 6F 12 DA 54 A2
30.679773510,0x427,EB F6 82 48 91 57 BC B3
30.691156826,0x1A4,5F FE A7 0B 97 50 1A F0
30.691156826,0x316,A3 AF D5 EC C3 EE E7 E7
30.691156826,0x427,52 2C 64 DB 47 D0 66 19
30.700265924,0x1A4,CA 1F AF 0B AE 46 6E 16
30.700265924,0x316,76 11 52 CE 5D 00 55 D6
30.700265924,0x427,0C 6D 93 1A 19 83 F2 16
30.709826898,0x1A4,1D CC B6 0B C3 86 34 04
30.709826898,0x316,41 3D C3 9D 7D 1B B8 EE
30.709826898,0x427,CE 9F 49 69 F3 76 8A 1A
30.718304394,0x1A4,B3 64 BE 0B 09 4F FC BF
30.718304394,0x316,38 2A 71 C0 4D 0A B3 9F
30.718304394,0x427,A2 DF 5E ED A7 AB 73 8B
30.731409504,0x1A4,3D 13 C6 0B 5B B4 2E A2
30.731409504,0x316,FA C1 B0 71 F9 4C DC 80
30.731409504,0x427,4E B9 CB 94 F3 89 4D CE
30.741438478,0x1A4,62 CD CE 0B 3E 0D EF AA
30.741438478,0x316,A3 2D 37 4A 0C 5B 09 DA
30.741438478,0x427,8F 1E AF 6B B5 2F 3D 36
30.750105539,0x1A4,57 9F D6 0B D7 9F E1 C6
30.750105539,0x316,B5 9F 62 74 83 DD 34 8D
30.750105539,0x427,A7 72 8E 61 C8 F1 4F 1D
30.759045549,0x1A4,49 3C DE 0B 50 45 39 DB
30.759045549,0x316,77 04 36 78 C5 57 57 F3
30.759045549,0x427,3A 56 DB 1F 6C D1 C1 59
30.768278116,0x1A4,5B B0 E5 0B 8A 47 33 CB
30.768278116,0x316,58 D3 FD E9 2B 3D C5 76
30.768278116,0x427,5E 17 B6 69 34 44 72 E8
30.779730956,0x1A4,9A E9 ED 0B BA 81 15 A5
30.779730956,0x316,14 87 2E B4 BB D9 DD C8
30.779730956,0x427,F8 34 BC BD AA B5 53 65
30.790945979,0x1A4,F5 68 F5 0B 21 BA 8A F0
30.790945979,0x316,F4 A7 E8 5F 32 00 3E C8
30.790945979,0x427,BB E8 53 39 62 81 EF 81
30.799441539,0x1A4,A4 4C FD 0B 52 08 82 44
30.799441539,0x316,58 EF 2D E1 9D 5F 9F A8
30.799441539,0x427,13 36 B6 43 88 8C B1 4E
30.810098005,0x1A4,18 E6 05 0C FF 94 15 E7
30.810098005,0x316,61 2D 8E CB 2E 5B CA E8
30.810098005,0x427,AD DC 2A 6A 33 71 5D AC
30.818589400,0x1A4,1B 83 0D 0C 3E 78 10 01
30.818589400,0x316,F5 AB 72 E6 13 18 B8 E8
30.818589400,0x427,AA 62 20 6A 01 5D 5D 08
30.829757306,0x1A4,4D C7 14 0C 8A 1C B8 06
30.829757306,0x316,53 9B 43 27 38 DF 5E CA
30.829757306,0x427,FE 0D D9 5F 84 AD 3C D7
30.839239418,0x1A4,FF B5 1C 0C 79 C6 DA 84
30.839239418,0x316,18 C6 ED D1 A8 42 C2 BD
30.839239418,0x427,38 0A 96 99 F8 C6 45 51
30.849085044,0x1A4,41 74 24 0C EC 09 A0 2B
30.849085044,0x316,61 8C 8B F5 4E E0 7A 92
30.849085044,0x427,BC 0C 2A FE 27 C5 15 6E
30.861691166,0x1A4,CD A4 2C 0C F8 F2 44 8E
30.861691166,0x316,68 A9 36 F9 73 53 30 64
30.861691166,0x427,36 31 52 31 EE BB C3 9D
30.869445065,0x1A4,7F A6 34 0C A7 78 B0 64
30.869445065,0x316,BF D8 1B D4 77 69 34 0D
30.869445065,0x427,0C 12 24 CD D0 A4 93 EE
30.880661582,0x1A4,EE 36 3B 0C 79 A8 D9 6D
30.880661582,0x316,84 A7 FD 20 BB F9 7B F0
30.880661582,0x427,CA D1 E2 A2 57 05 F2 63
30.891790667,0x1A4,98 FA 43 0C 3D 98 65 BA
30.891790667,0x316,22 BC 78 2C CA CE 32 67
30.891790667,0x427,64 C6 77 E7 EF A2 70 51
30.898025806,0x1A4,4C 45 4B 0C 6A C3 8F 28
30.898025806,0x316,F7 8C F9 6F 54 D1 20 3B
30.898025806,0x427,5F F0 7D 19 78 30 C4 B5
30.908128960,0x1A4,5E 9B 53 0C 73 2E 57 20
30.908128960,0x316,6C FD 16 81 D6 AC 4D 1E
30.908128960,0x427,32 1F A6 A1 1D EE B1 93
30.920547341,0x1A4,B1 A8 5B 0C EE E8 5A 64
30.920547341,0x316,99 DC D0 D7 15 B2 1D C3
30.920547341,0x427,E3 EF 97 A0 C8 94 AA EA
30.928636837,0x1A4,E0 70 62 0C 76 C6 5B D6
30.928636837,0x316,28 37 8B 8D 41 B5 B7 28
30.928636837,0x427,FD 05 DE F2 31 1C 89 52
30.939309531,0x1A4,CF C8 6A 0C B3 85 DF 17
30.939309531,0x316,F5 3D E0 17 A5 5B 90 06
30.939309531,0x427,56 D3 FA 6F 8F 29 F4 02
30.950087712,0x1A4,98 34 72 0C 0F D5 20 C5
30.950087712,0x316,36 BC E1 97 B1 31 2E 27
30.950087712,0x427,27 1A 1F 07 35 C7 3B 9E
30.961606620,0x1A4,F3 B1 7A 0C B3 1E 2E 8B
30.961606620,0x316,EF 12 AC EB EE 32 EF F8
30.961606620,0x427,47 6F 2A 14 B7 14 61 92
30.969057502,0x1A4,CA 48 81 0C AB 65 79 06
30.969057502,0x316,35 F8 09 BE A9 82 F2 BB
30.969057502,0x427,33 98 6B 21 5B 08 C1 FB
30.981630738,0x1A4,E7 17 89 0C 5A 2D 6C A2
30.981630738,0x316,F0 19 AA A1 3D 1F 10 C7
30.981630738,0x427,55 D7 AD 5B 7C 14 C2 2F
30.988917443,0x1A4,DF 69 91 0C 9C BA 0B A7
30.988917443,0x316,4C 61 DD E5 46 F3 C4 38
30.988917443,0x427,16 1D 03 4C 8B C5 9E 31
31.000146562,0x1A4,42 1A 99 0C 30 2D 28 D7
31.000146562,0x316,58 FE C8 3E A8 9F EF B9
31.000146562,0x427,24 FA AF C7 4E EF 9D CE
31.008660728,0x1A4,71 74 A1 0C 17 9E CB 60
31.008660728,0x316,08 62 38 C5 90 CC AE 42
31.008660728,0x427,CA 1C C5 A8 ED 69 3F 0D
31.020133071,0x1A4,58 18 A8 0C 53 16 3D 15
31.020133071,0x316,91 94 5A EF 60 14 CE 24
31.020133071,0x427,00 C7 9F A0 9F 8E EC 05
31.030313727,0x1A4,54 4D B0 0C 1A B6 1B FC
31.030313727,0x316,C8 94 50 94 BB B7 EF DD
31.030313727,0x427,C1 AE 79 1A 1E 02 66 1C
31.041616659,0x1A4,F5 64 B8 0C 4E EA 5C ED
31.041616659,0x316,DB 89 8C 98 6F 3D 68 1F
31.041616659,0x427,31 60 69 1B F4 52 4F 24
31.050977493,0x1A4,7C 7F C0 0C 3D 15 12 43
31.050977493,0x316,C6 D1 04 E5 E2 9D 3D 2E
31.050977493,0x427,28 3E C0 17 FE 44 CF 13
31.058716416,0x1A4,F8 D7 C7 0C C9 40 39 D8
31.058716416,0x316,DB 88 84 5C E0 F5 A7 E9
31.058716416,0x427,B1 DE 9B D6 DC AE 3D 35
31.070976473,0x1A4,85 7B CF 0C 2D 9F C5 19
31.070976473,0x316,0D 99 B4 7D 38 0D A2 CB
31.070976473,0x427,D8 F8 9E 05 7C 33 EB 69
31.081171603,0x1A4,E5 DF D7 0C AB 65 8C 7C
31.081171603,0x316,B0 41 8F F5 D2 BE 2C A0
31.081171603,0x427,70 3A 89 13 E5 F4 D5 35
31.090956683,0x1A4,74 47 DF 0C 64 08 7F 6B
31.090956683,0x316,93 AB 10 60 F1 43 C4 E3
31.090956683,0x427,3D 1A 47 50 50 73 30 A2
31.100528013,0x1A4,8E 81 E6 0C 7E C6 6C 73
31.100528013,0x316,24 12 FD CE B3 16 3E 29
31.100528013,0x427,63 CB 07 2E E2 34 7B 4C
31.109945177,0x1A4,D2 8D EE 0C C3 D4 54 E7
31.109945177,0x316,CF C7 BD 2D 9A E5 DF A8
31.109945177,0x427,6C 2B 3A 91 9C 33 97 A1
31.120740245,0x1A4,90 BB F6 0C 0F C2 D4 DA
31.120740245,0x316,70 23 0D 08 75 49 01 1E
31.120740245,0x427,7F 9F D5 F9 FD 6C C2 57
31.130649475,0x1A4,82 B7 FE 0C 66 D1 C6 58
31.130649475,0x316,31 97 E1 7B 72 D1 B2 FE
31.130649475,0x427,76 6E 2F 9D EC 21 99 99
31.141203344,0x1A4,98 4B 05 0D 45 A2 48 01
31.141203344,0x316,22 22 8C 28 36 50 91 85
31.141203344,0x427,EB D7 DF BD 8F FA 26 41
31.149759476,0x1A4,32 8E 0D 0D 57 C2 20 1F
31.149759476,0x316,80 4E 5E 31 76 13 2A 9B
31.149759476,0x427,B4 EE 90 07 06 4B 34 89
31.160439659,0x1A4,61 D4 15 0D BC 50 9B 84
31.160439659,0x316,A6 B3 01 83 BD 56 CE C2
31.160439659,0x427,0B 26 00 27 57 DD 5F 37
31.170664152,0x1A4,A4 78 1D 0D 34 79 69 5D
31.170664152,0x316,B5 C6 62 1D D3 D6 08 E6
31.170664152,0x427,A6 8B 8A 37 E5 27 8D 07
31.180823492,0x1A4,DD A4 24 0D 44 FF 78 23
31.180823492,0x316,B4 43 42 38 39 81 5C 15
31.180823492,0x427,8E 6C 4D BA 77 CF 0C B1
31.189051654,0x1A4,B6 E2 2C 0D 2B 90 67 20
31.189051654,0x316,2D D0 80 44 A5 01 0F 46
31.189051654,0x427,B6 7D 48 7B 08 3B 01 33
31.200578464,0x1A4,E0 D6 34 0D E7 55 8B 17
31.200578464,0x316,51 CB 3A 59 0C F7 44 B5
31.200578464,0x427,22 EA 2E 8D BF 86 E4 A6
31.211476714,0x1A4,EB 9C 3C 0D DF 2D 90 77
31.211476714,0x316,40 10 C5 BE 90 64 1B CF
31.211476714,0x427,53 DC EC 7E 32 C2 A1 6F
31.219052843,0x1A4,95 75 43 0D C6 B5 43 F2
31.219052843,0x316,D2 9B 62 66 55 01 1F EC
31.219052843,0x427,BC 00 6C 31 DD 1A 06 40
31.228863489,0x1A4,36 13 4B 0D CC 07 A8 32
31.228863489,0x316,5C FF E2 AF EA CC 95 D8
31.228863489,0x427,9F 11 27 E3 E2 45 A7 B7
31.241377859,0x1A4,35 0A 53 0D 95 32 3D F6
31.241377859,0x316,65 3D 90 64 EE 4C 57 1A
31.241377859,0x427,CB F8 69 95 09 17 0C CB
31.250159662,0x1A4,28 FE 5B 0D E7 91 6B 96
31.250159662,0x316,0A 0B C4 4F 18 3E 68 2A
31.250159662,0x427,4B 1B 4A CB 88 64 B1 34
31.258169485,0x1A4,5D C0 62 0D 72 F2 D8 B8
31.258169485,0x316,5B 8B E2 7C C3 FF F7 6E
31.258169485,0x427,22 F0 02 E2 BA 64 37 72
31.268544797,0x1A4,9D 0C 6A 0D 87 11 A9 98
31.268544797,0x316,40 96 40 BF 02 6C 8C 45
31.268544797,0x427,B6 4F DE D0 9C 83 99 51
31.280606308,0x1A4,CA 17 72 0D 69 FE 88 1B
31.280606308,0x316,46 BA 77 9B F4 4A 0F 62
31.280606308,0x427,82 74 E7 6D 8F E6 20 33
31.288677228,0x1A4,77 38 79 0D BA AB 58 5A
31.288677228,0x316,D7 DF BB 5F E5 6C DC E5
31.288677228,0x427,CE 86 F8 A1 99 60 C0 D1
31.300767334,0x1A4,C3 C0 81 0D BC 19 0C 73
31.300767334,0x316,7E D5 D0 2A 85 F9 B2 E3
31.300767334,0x427,E1 7E A4 08 B3 DF 45 F5
31.311605894,0x1A4,AE 47 89 0D A3 C7 C8 40
31.311605894,0x316,1F 10 3D 96 D8 31 E9 68
31.311605894,0x427,12 15 21 4B 57 04 98 9A
31.318066989,0x1A4,8A B8 91 0D D5 97 93 E0
31.318066989,0x316,E3 23 25 A5 59 FA 4B F3
31.318066989,0x427,45 C2 13 F7 AA BA CE 87
31.329600328,0x1A4,5B 46 98 0D 06 6D F7 65
31.329600328,0x316,15 25 AA 07 08 B3 59 1D
31.329600328,0x427,3D 34 0E 2E BE 46 1D CF
31.341112797,0x1A4,96 3B A0 0D 0D 4B EC 6D
31.341112797,0x316,58 2F 78 CA 44 1E 98 2F
31.341112797,0x427,06 25 95 5B 8C 2B CD 3E
31.348759021,0x1A4,9C 8E A8 0D 31 4F 16 37
31.348759021,0x316,61 2D 2E A8 0E 21 25 5F
31.348759021,0x427,2B 0D 39 5F F9 51 21 25
31.361530579,0x1A4,15 44 AF 0D 32 FC 7F 50
31.361530579,0x316,0F 4A 4F 1F F3 4E 77 02
31.361530579,0x427,D4 0E 8F 51 83 EE 33 B0
31.369168473,0x1A4,D5 68 B7 0D 6A 60 80 B7
31.369168473,0x316,C3 C8 30 54 35 CA B9 36
31.369168473,0x427,2C EC 22 77 38 AA 45 91
31.381940913,0x1A4,8D CF BF 0D 45 D6 51 52
31.381940913,0x316,DD 15 14 E6 31 DE 8E 3B
31.381940913,0x427,79 AD C7 8F 41 C9 F4 10
31.389977831,0x1A4,94 15 C6 0D 95 F1 9A 48
31.389977831,0x316,B8 B0 0F 9A 93 1C 51 36
31.389977831,0x427,83 AA FA 86 D7 AE AB 37
31.399969698,0x1A4,44 FA CE 0D 51 FD 9A 8F
31.399969698,0x316,3B 2F 2E 47 0C 2F 5D B7
31.399969698,0x427,FE 9E 9F 9B FC D1 3E F2
31.410539815,0x1A4,89 E3 D6 0D AC 80 B3 CE
31.410539815,0x316,06 3C 23 DC 9A 43 DD AB
31.410539815,0x427,B9 AD 27 13 20 48 EE 92
31.419893833,0x1A4,18 A1 DD 0D 42 F5 71 A5
31.419893833,0x316,25 D1 F7 6B 92 32 A0 AE
31.419893833,0x427,E9 66 96 C1 CF A1 69 6F
31.431618086,0x1A4,EA 3E E5 0D D2 9E 3A D0
31.431618086,0x316,1F 7A F3 51 56 FC B9 32
31.431618086,0x427,75 AB 76 32 29 80 B6 0C
31.439155365,0x1A4,F6 65 ED 0D CE 79 72 7E
31.439155365,0x316,08 97 A7 7F D5 8C FA 0B
31.439155365,0x427,25 A9 81 FD 57 17 40 46
31.448755899,0x1A4,43 34 F5 0D 7E C2 87 1E
31.448755899,0x316,B3 89 C4 1F 9B B9 E9 73
31.448755899,0x427,3F D0 CF 2B 76 5C F7 99
31.461975700,0x1A4,65 10 FC 0D 33 FD 56 97
31.461975700,0x316,5D F3 02 62 82 25 86 3C
31.461975700,0x427,37 DB 8F 93 83 DD 71 05
31.470065708,0x1A4,F6 2D 04 0E 68 EB 90 04
31.470065708,0x316,B0 55 C7 A4 C6 B7 86 C8
31.470065708,0x427,0A 92 29 DB B5 EC 64 93
31.480427928,0x1A4,96 9A 0C 0E E0 8B 30 01
31.480427928,0x316,F3 71 61 E9 1C AE 36 76
31.480427928,0x427,C6 32 CC 48 20 05 8D 21
31.490908874,0x1A4,09 E8 13 0E F6 B6 83 F7
31.490908874,0x316,B8 9B 1E 67 75 5E 79 09
31.490908874,0x427,70 15 55 E5 26 4B 91 88
31.501796738,0x1A4,CB 4E 1B 0E 0C 23 0B 87
31.501796738,0x316,CD C8 03 0A A8 2E 5F 56
31.501796738,0x427,B8 04 10 A5 D7 6B 2A 04
31.511559378,0x1A4,B2 BE 23 0E 43 EE 4A 78
31.511559378,0x316,AE C5 59 18 4F 10 71 D4
31.511559378,0x427,B4 82 71 CD D5 9B 42 6A
31.518170054,0x1A4,14 27 2A 0E 1D 39 0E 4D
31.518170054,0x316,73 01 51 46 7B 57 33 51
31.518170054,0x427,3A FA F1 C0 D2 F3 87 58
31.529244844,0x1A4,88 F7 32 0E BC 9F 6B 14
31.529244844,0x316,20 85 73 8E E3 10 4D C6
31.529244844,0x427,F1 36 2C 50 5C E5 6A 7E
31.541869269,0x1A4,D8 0B 3A 0E 1E F6 0C 0C
31.541869269,0x316,49 1C B1 64 4F D0 66 4C
31.541869269,0x427,7B 00 4B B2 3B 40 E5 FB
31.550043948,0x1A4,0E 78 41 0E 10 4F 4B 7E
31.550043948,0x316,B6 96 42 D9 11 F1 1E A4
31.550043948,0x427,C8 4E 97 F7 70 AE 14 E9
31.558814296,0x1A4,34 EB 49 0E 21 CE D3 D7
31.558814296,0x316,18 4F B8 5F 65 5A 0D F0
31.558814296,0x427,BC BD 33 9E DB 67 4D 1A
31.569958405,0x1A4,36 6E 50 0E 49 01 59 39
31.569958405,0x316,5C DD 3E 0C 95 1E 51 D3
31.569958405,0x427,64 50 A9 02 77 19 84 23
31.580005594,0x1A4,2C 2C 58 0E 70 A9 58 FE
31.580005594,0x316,D4 E3 A6 52 6F F9 83 DC
31.580005594,0x427,61 7B 06 B0 06 AB 68 B9
31.588478843,0x1A4,C0 E2 60 0E 27 80 F1 39
31.588478843,0x316,CE AA 91 2B 99 43 88 16
31.588478843,0x427,6B D7 EF 30 D5 22 5F B9
31.601913396,0x1A4,6B 97 67 0E 75 B6 F1 CF
31.601913396,0x316,98 E3 6E 5E D4 0C EF D0
31.601913396,0x427,8A 2E 23 E7 D2 6C 9D 89
31.610057273,0x1A4,5B 22 6F 0E 36 D6 43 01
31.610057273,0x316,2C DB 21 EF 15 94 30 B0
31.610057273,0x427,0A 39 36 DE 8B 0C 70 0D
31.618169162,0x1A4,72 E4 77 0E 76 37 21 E2
31.618169162,0x316,A3 17 F2 C8 68 0A 07 0B
31.618169162,0x427,E9 9F 5D 1C 3A F3 49 0C
31.629147524,0x1A4,F6 15 7E 0E AF F4 E5 4D
31.629147524,0x316,C3 F6 35 13 12 9F 83 43
31.629147524,0x427,43 E7 4E 54 34 A1 1B B0
31.640754809,0x1A4,A7 39 86 0E 13 1F A8 CA
31.640754809,0x316,34 0D FF CF C6 9C 2A 61
31.640754809,0x427,C6 F4 18 45 C5 B2 DB B2
31.651721451,0x1A4,FC 4F 8E 0E 55 85 C3 EC
31.651721451,0x316,19 75 44 23 78 30 5D 95
31.651721451,0x427,C0 06 F0 75 0C DC B1 1E
31.658436312,0x1A4,FA 74 95 0E 46 C9 BF 51
31.658436312,0x316,F2 24 A5 DC CD 6C E3 25
31.658436312,0x427,FF E3 C6 C0 35 90 89 95
31.671356806,0x1A4,B7 C1 9D 0E 28 AC A3 D9
31.671356806,0x316,94 0B 41 F7 49 FC 3D E5
31.671356806,0x427,59 A1 CD 69 0E 1E 0C A3
31.678594259,0x1A4,2F 28 A5 0E 36 77 11 AB
31.678594259,0x316,6E DB 53 1F 5F 4E 92 85
31.678594259,0x427,72 11 10 87 CB F1 92 3D
31.690659260,0x1A4,C7 40 AC 0E 7D 69 59 7A
31.690659260,0x316,66 EC 48 A9 F8 71 77 7D
31.690659260,0x427,AB 09 F2 F9 1C 93 D1 47
31.699270892,0x1A4,79 C8 B4 0E DD FE CB C5
31.699270892,0x316,FE F0 19 BB 1D A4 92 7B
31.699270892,0x427,62 07 D0 39 E9 29 80 17
31.708847294,0x1A4,66 2F BB 0E 20 D0 25 C4
31.708847294,0x316,E6 00 D6 4B 0A 17 1D B6
31.708847294,0x427,77 01 32 15 EB D7 5E 5A
31.719521435,0x1A4,A1 DA C3 0E 2F 16 E6 D5
31.719521435,0x316,B5 8F 74 DF C5 5E 0C 3E
31.719521435,0x427,7D BB D3 A8 65 97 AA A5
31.729435847,0x1A4,BB 8A CB 0E 67 DE 19 DB
31.729435847,0x316,BE 49 B5 34 1A 3B E9 B1
31.729435847,0x427,89 E7 F8 13 CF A9 3C 13
31.738829471,0x1A4,C6 9A D2 0E 8A 7B 9E 7E
31.738829471,0x316,51 A7 6D 0F FA CA 64 36
31.738829471,0x427,03 5D 5C 03 C9 D1 A5 AB
31.749267908,0x1A4,71 A7 DA 0E 28 B4 D8 77
31.749267908,0x316,50 F7 89 D1 8E 4E 93 62
31.749267908,0x427,4E 5B 1B 30 2F 57 D6 7C
31.761498716,0x1A4,9A C9 E1 0E 83 BD 27 57
31.761498716,0x316,51 D6 6A 35 E3 00 62 D0
31.761498716,0x427,83 85 2C 97 29 62 F8 C2
31.771364724,0x1A4,1F B8 E9 0E 94 BD 90 83
31.771364724,0x316,59 F5 C3 DB 0D 4C 38 50
31.771364724,0x427,A6 56 AF C2 18 FA C2 F1
31.778007240,0x1A4,88 CA F1 0E F6 10 61 B5
31.778007240,0x316,92 C8 3A 74 DB 0A C1 A7
31.778007240,0x427,35 79 6C 27 C9 E0 09 D9
31.788764702,0x1A4,F7 A8 F8 0E 92 90 0C 1B
31.788764702,0x316,0B 1D 04 EA 40 A5 4B 21
31.788764702,0x427,5F 48 02 38 B4 AB AC EA
31.798868287,0x1A4,5D C2 00 0F 81 17 B5 62
31.798868287,0x316,D5 D6 9D F9 9E 93 D2 73
31.798868287,0x427,58 FE 2B DE 52 A6 D7 9E
31.810693394,0x1A4,23 61 07 0F 87 2A F9 33
31.810693394,0x316,DE 75 AF C7 2D D4 73 66
31.810693394,0x427,17 B8 1D 30 80 58 92 11
31.821794652,0x1A4,6C 6B 0F 0F 3D E3 4F 6C
31.821794652,0x316,26 C5 08 2A EC 20 AF AF
31.821794652,0x427,D9 2B A1 4E 57 26 95 F3
31.830532432,0x1A4,FC 44 17 0F 7D 26 C6 93
31.830532432,0x316,09 6D FC A5 BA E3 20 1A
31.830532432,0x427,AA C7 B4 25 CF 16 01 76
31.839955669,0x1A4,85 65 1E 0F 06 B7 6F 1B
31.839955669,0x316,19 06 BA BE 6F 03 36 1C
31.839955669,0x427,61 80 95 3D 5F 1B 3F 04
31.851997814,0x1A4,20 9C 26 0F BE 0E FA 75
31.851997814,0x316,D8 2E E1 2F 48 2A 4A 44
31.851997814,0x427,AA 6D 51 07 61 E4 EA 79
31.858477314,0x1A4,04 54 2D 0F 25 1B E8 87
31.858477314,0x316,7E 46 E0 73 AB D7 19 5A
31.858477314,0x427,B7 F7 FC 43 16 A0 4A 1E
31.871454857,0x1A4,9F 22 35 0F 8F BD E0 8C
31.871454857,0x316,5D 66 85 15 8F B7 BB 5A
31.871454857,0x427,7A 0E 75 6E 85 F5 49 36
31.879873734,0x1A4,0A 09 3C 0F DB 12 9D 65
31.879873734,0x316,B9 8C 8F 80 01 15 4C 6E
31.879873734,0x427,01 7E 07 82 C1 F3 6F 55
31.888674370,0x1A4,B5 B3 44 0F 8E B2 FB 70
31.888674370,0x316,49 62 C8 45 59 F2 A9 5E
31.888674370,0x427,D6 40 0A 19 63 12 94 0C
31.900742892,0x1A4,29 13 4C 0F 07 FF EC 61
31.900742892,0x316,11 75 64 BB 53 B7 92 ED
31.900742892,0x427,7E C0 2E 6C D7 80 A5 31
31.908578247,0x1A4,73 F8 53 0F 76 C5 7F 30
31.908578247,0x316,61 D4 16 67 1F 9D 38 2D
31.908578247,0x427,31 9B 13 98 0A 11 A3 46
31.919441626,0x1A4,BE 6C 5B 0F 98 B8 81 9B
31.919441626,0x316,1A A2 5D 7E E1 2D C4 84
31.919441626,0x427,68 23 FE 6E EF 84 F3 1B
31.929161153,0x1A4,48 89 62 0F 00 60 C4 0C
31.929161153,0x316,48 DB 76 A5 5F CF BA 3F
31.929161153,0x427,BA 2B 7F F5 01 EC 6F 1C
31.940235346,0x1A4,3C 61 6A 0F 6D F4 7C 1D
31.940235346,0x316,CE 6F 9A 0D 31 8D 22 E5
31.940235346,0x427,8D D8 22 09 7C 4E 42 93
31.951564077,0x1A4,EC 41 71 0F C0 D7 1F 3D
31.951564077,0x316,DC 5F DB 10 E4 C8 39 88
31.951564077,0x427,90 3B DD 19 3E 83 84 46
31.958303758,0x1A4,64 9C 79 0F BE 17 F2 E1
31.958303758,0x316,5E C9 C6 9E 8E 3C 13 B3
31.958303758,0x427,74 32 40 B7 6C 34 91 67
31.968004616,0x1A4,BE 16 81 0F AA 23 94 64
31.968004616,0x316,BF 13 EF 19 67 99 4A 38
31.968004616,0x427,BA 77 E2 BB CA 29 F6 D2
31.980021993,0x1A4,A8 B9 88 0F 48 30 12 B1
31.980021993,0x316,84 24 AD 44 EF 91 C3 7E
31.980021993,0x427,86 1B A9 34 6F 90 C8 2B
31.990841195,0x1A4,85 72 90 0F CD 85 1D 34
31.990841195,0x316,D2 7B FE 58 B5 D3 0B A3
31.990841195,0x427,24 E1 B9 49 14 CE B2 B4
32.001950437,0x1A4,A2 FE 97 0F BA F7 B8 49
32.001950437,0x316,74 B5 DF BB AA 9C CB 00
32.001950437,0x427,F7 47 20 18 60 53 61 2F
32.010130444,0x1A4,B9 58 9F 0F 0C 6E 64 E8
32.010130444,0x316,05 15 52 B3 F4 25 43 9F
32.010130444,0x427,6D D5 0C 7A 2A 0D 35 BD
32.020154891,0x1A4,DA B9 A6 0F 5F A1 41 DA
32.020154891,0x316,FF 60 1B E8 91 91 1C B0
32.020154891,0x427,B9 2A 16 3D BB 5C 94 2B
32.028924762,0x1A4,60 36 AE 0F C0 03 73 AE
32.028924762,0x316,6C C7 C7 11 D4 46 A9 2A
32.028924762,0x427,AB CD F5 2F 67 21 08 55
32.038662510,0x1A4,43 D4 B5 0F 8C 0E 89 74
32.038662510,0x316,C6 35 4F 24 35 8F 55 F6
32.038662510,0x427,FA 96 42 03 50 08 81 AA
32.051767040,0x1A4,4D 6E BD 0F 04 55 8C 6D
32.051767040,0x316,BA 92 84 55 8B E8 54 05
32.051767040,0x427,40 A0 71 2D 4B 5E 70 F9
32.059662767,0x1A4,9E 81 C4 0F F6 17 9A E1
32.059662767,0x316,F6 C4 B4 13 08 A4 B4 2B
32.059662767,0x427,6C 3E E0 AD DD 72 A0 C2
32.070434561,0x1A4,B5 15 CC 0F 45 EB 7D 02
32.070434561,0x316,C1 B8 10 98 F8 15 26 5A
32.070434561,0x427,A7 DF 33 F8 F2 EE 4C 79
32.079760938,0x1A4,31 E6 D4 0F D4 F5 41 00
32.079760938,0x316,A3 B5 01 7D 08 40 8B DF
32.079760938,0x427,ED D7 5C 3F 84 3B FA 78
32.091256224,0x1A4,95 B8 DB 0F 3D B0 90 0B
32.091256224,0x316,DB 29 A5 D1 82 B9 73 04
32.091256224,0x427,74 64 38 91 F6 82 17 AE
32.101471279,0x1A4,97 B6 E3 0F 8F 99 68 4A
32.101471279,0x316,FD 16 DA D5 9E 0F 71 3A
32.101471279,0x427,98 0A 78 86 05 35 CE 80
32.111215884,0x1A4,BA 7B EA 0F F2 2F 47 C1
32.111215884,0x316,E9 75 86 25 BC 36 77 C6
32.111215884,0x427,01 7E 0A 18 39 1B 99 19
32.118178950,0x1A4,17 6A F2 0F 18 E8 CB CD
32.118178950,0x316,52 B7 76 BC 66 F3 EE 55
32.118178950,0x427,56 AA DE 73 C7 03 9C 7D
32.130451954,0x1A4,0D D6 F9 0F 4A C9 CC 59
32.130451954,0x316,F2 14 63 FD B2 FB B3 8B
32.130451954,0x427,8C 00 E1 41 01 24 D5 A9
32.141032050,0x1A4,7A D3 01 10 76 CA E7 40
32.141032050,0x316,D5 10 42 5D AC B0 70 75
32.141032050,0x427,B7 BC 78 03 D1 63 E7 D3
32.151477393,0x1A4,EA B8 08 10 BC 1E 17 4D
32.151477393,0x316,E6 DB CC B5 0E E9 6F 55
32.151477393,0x427,91 FB 30 E4 70 93 90 84
32.161001304,0x1A4,E2 5A 10 10 D1 C6 F7 A9
32.161001304,0x316,80 7A 61 DB FC 02 79 DD
32.161001304,0x427,B9 67 F4 E6 C5 88 FC D7
32.170012105,0x1A4,1A A6 17 10 D1 AD FE 7B
32.170012105,0x316,CA E8 DD 1C C7 9E 1A 45
32.170012105,0x427,F0 8C 8F AF 9D 6D F1 84
32.179317888,0x1A4,7C 55 1F 10 00 F4 C9 A3
32.179317888,0x316,10 62 4E 05 A2 CC DC 25
32.179317888,0x427,A5 FB 87 FA 8B A9 0A 69
32.190534239,0x1A4,BB 37 26 10 CF AB 62 38
32.190534239,0x316,15 45 CC A8 6E 7D 7C FE
32.190534239,0x427,91 11 42 24 BD 17 71 5B
32.199189464,0x1A4,F6 EE 2E 10 6D 5E E9 07
32.199189464,0x316,6A E3 8E 3E EA 8E DC 93
32.199189464,0x427,9E FD B2 BD F9 58 20 B2
32.209687492,0x1A4,71 92 35 10 19 B3 43 6E
32.209687492,0x316,DA F1 02 5C D1 91 D0 34
32.209687492,0x427,6F B6 8E BE F5 A8 DA 16
32.220236967,0x1A4,F7 A2 3D 10 C7 89 AF EB
32.220236967,0x316,87 B7 6E F4 67 13 B6 60
32.220236967,0x427,2B 0E 84 A3 B8 68 A1 1B
32.230587784,0x1A4,90 EE 44 10 28 E0 1F 46
32.230587784,0x316,EA 82 8C E0 9B F9 7B A0
32.230587784,0x427,C7 EF C5 AD 7E A4 7F 8B
32.241432092,0x1A4,58 5F 4C 10 AD 6B 92 E9
32.241432092,0x316,CA 50 03 73 8C C4 C1 FC
32.241432092,0x427,D3 8C 53 F5 CB 9E 47 E0
32.250018960,0x1A4,9B 5E 53 10 B6 AB C9 2C
32.250018960,0x316,F0 4F EB 43 51 36 0B E9
32.250018960,0x427,0F 4B D7 AD D7 E8 4D 59
32.261561046,0x1A4,43 A2 5B 10 44 3D C9 54
32.261561046,0x316,74 4B 1A 64 87 64 D2 96
32.261561046,0x427,40 CC D3 6A 36 FC FC F1
32.270722168,0x1A4,56 18 62 10 C7 21 B8 46
32.270722168,0x316,D6 CF 2F 4F C4 5E C9 30
32.270722168,0x427,22 87 85 0A 11 37 5B 94
32.279670592,0x1A4,70 D0 69 10 0B 80 AB B3
32.279670592,0x316,7B D5 E0 57 9E 44 8C D5
32.279670592,0x427,A3 1C C4 9C AF 63 7A 1F
32.290800400,0x1A4,AA 35 71 10 FF EF 9A CB
32.290800400,0x316,8F B1 7C 74 FD C9 10 91
32.290800400,0x427,86 E0 D8 F7 89 F4 E2 CA
32.301099706,0x1A4,EF D3 78 10 49 D9 D4 58
32.301099706,0x316,53 24 D5 49 0B 73 35 1C
32.301099706,0x427,C3 2D 2F F8 10 3C 22 02
32.310352812,0x1A4,49 AE 80 10 C3 24 5F ED
32.310352812,0x316,9E AD 7E AF 0F 62 AA 25
32.310352812,0x427,F6 94 60 77 6E F9 50 AE
32.321882279,0x1A4,63 53 87 10 5E 87 EF 85
32.321882279,0x316,16 C8 77 F7 73 23 2F 4A
32.321882279,0x427,A3 09 B1 9F 80 51 E2 8E
32.330627067,0x1A4,95 E5 8F 10 DE 99 A0 29
32.330627067,0x316,CD B7 BB 4D DE 8C A0 7C
32.330627067,0x427,90 67 CB 49 DE B4 8A 10
32.338178828,0x1A4,DB B6 96 10 1F 36 73 4B
32.338178828,0x316,08 DD FD 03 CC 0C 30 74
32.338178828,0x427,E7 E6 7B 0A 80 A1 A2 37
32.351108840,0x1A4,52 D2 9E 10 91 0A 52 D3
32.351108840,0x316,B9 8A D3 97 80 7C 99 1F
32.351108840,0x427,28 13 9E 0D 5B 95 05 7D
32.361665778,0x1A4,6F 51 A5 10 29 98 4D 01
32.361665778,0x316,19 A3 29 6E EE 6A 2D 5A
32.361665778,0x427,79 5C 06 A9 8F 3C 88 D5
32.371182382,0x1A4,3D 0E AD 10 63 61 C6 0C
32.371182382,0x316,86 F1 5D 40 C5 89 41 23
32.371182382,0x427,E4 E6 A7 59 66 EE F3 E0
32.379115682,0x1A4,07 17 B4 10 E8 03 07 C9
32.379115682,0x316,7A 1D E8 DB EE A0 82 80
32.379115682,0x427,F3 CD 52 AA 00 D9 61 F5
32.389683607,0x1A4,13 AC BC 10 07 41 8D 8F
32.389683607,0x316,6B 81 B0 27 9C B7 24 F4
32.389683607,0x427,B7 52 04 16 C7 15 94 B6
32.401589344,0x1A4,82 8E C3 10 7F 55 84 24
32.401589344,0x316,9C 3C F4 FE C4 5E A9 BB
32.401589344,0x427,4E BA 5C 32 56 E1 9A 6E
32.409747374,0x1A4,6D 4B CA 10 B7 13 13 EB
32.409747374,0x316,59 EE A9 14 71 00 72 4A
32.409747374,0x427,19 10 07 38 27 1C 3A 08
32.420997046,0x1A4,87 2D D2 10 05 D0 D4 EE
32.420997046,0x316,B2 2D C9 5A CC AB AC 3F
32.420997046,0x427,BD 2A CC CF A2 31 B2 AD
32.429430362,0x1A4,BB 5B D9 10 F7 AD E0 62
32.429430362,0x316,96 1B 2D 6C 00 4F 2C 66
32.429430362,0x427,61 34 87 F7 01 37 77 E7
32.439251879,0x1A4,05 9E E1 10 44 DA 9D E4
32.439251879,0x316,B9 FE E1 42 BC D7 91 EB
32.439251879,0x427,58 5B 51 4D D9 88 D7 98
32.448664771,0x1A4,B9 61 E8 10 9C 84 5D 2C
32.448664771,0x316,D9 3F 5C 90 BE A7 91 6F
32.448664771,0x427,5F E9 CD AD 30 1B 3D E0
32.461014142,0x1A4,E8 0A F0 10 3C DD EB CD
32.461014142,0x316,BE C7 02 94 DD 0F A1 23
32.461014142,0x427,02 23 EE AE A3 63 85 C4
32.468320495,0x1A4,73 DE F7 10 0A 57 01 40
32.468320495,0x316,04 A1 BC 22 6A 71 93 6A
32.468320495,0x427,88 8A E5 8D 6C F3 13 33
32.481058981,0x1A4,B1 6A FE 10 77 39 14 4E
32.481058981,0x316,E4 BE E9 15 2A 17 1E 4C
32.481058981,0x427,98 F6 10 91 C8 A5 57 ED
32.488261129,0x1A4,BA 80 06 11 AA 36 0E 76
32.488261129,0x316,3F 8F BB 8B 90 7A F1 2E
32.488261129,0x427,DC 4D 3F 60 F5 BD 4B C8
32.499545682,0x1A4,DF 63 0D 11 F5 58 77 D5
32.499545682,0x316,33 35 D8 6F 6E 3A 96 18
32.499545682,0x427,D1 EF 7B 23 14 62 CD 86
32.511475432,0x1A4,1E 72 15 11 C6 B9 B2 B1
32.511475432,0x316,61 D6 31 50 E3 07 FA 80
32.511475432,0x427,97 48 54 EF 57 DC 66 AF
32.520369877,0x1A4,02 DB 1C 11 72 FC 88 5B
32.520369877,0x316,81 AD E7 77 B1 72 AC 5A
32.520369877,0x427,17 BA 7B 6D 03 FD 6F 77
32.531244374,0x1A4,52 42 24 11 AB 62 21 F6
32.531244374,0x316,88 B5 06 69 03 B5 16 76
32.531244374,0x427,D9 92 15 07 91 6B 9D E9
32.540690719,0x1A4,C7 AA 2B 11 8E 99 C3 06
32.540690719,0x316,F3 2D 1E F5 E8 04 4B C4
32.540690719,0x427,AD 52 C1 6B 33 48 A3 16
32.550132597,0x1A4,19 CF 32 11 DE 6A FD 23
32.550132597,0x316,B7 4E 7E 9D EE 3D 27 E8
32.550132597,0x427,19 6E 69 4D 51 B8 60 C9
32.558355756,0x1A4,93 06 3A 11 9D 02 90 94
32.558355756,0x316,00 FC 1F 83 66 36 84 5F
32.558355756,0x427,D5 15 95 20 48 A1 F2 9E
32.570017762,0x1A4,89 B6 41 11 E0 A8 60 E6
32.570017762,0x316,32 7F C9 90 18 D8 B7 E0
32.570017762,0x427,0D 8A 18 4B 7A 89 B4 0D
32.580162728,0x1A4,47 A5 49 11 64 F4 58 D8
32.580162728,0x316,5E 52 85 64 C9 54 3D 20
32.580162728,0x427,10 37 27 67 15 50 8A AB
32.588837329,0x1A4,29 20 50 11 B7 92 7A 76
32.588837329,0x316,8A 13 B7 CE 87 AC 53 C3
32.588837329,0x427,AE 28 FA DF C6 30 9C 84
32.600594964,0x1A4,F2 06 57 11 D2 AE D5 D6
32.600594964,0x316,83 A2 E9 0D F0 37 AC 15
32.600594964,0x427,3D 58 00 0E A7 2D 2A 45
32.611358362,0x1A4,B5 F3 5F 11 3D DE 75 FC
32.611358362,0x316,3B 88 5E A6 C1 8E 67 1B
32.611358362,0x427,F4 2B 5F 55 5F A5 26 98
32.621042482,0x1A4,01 25 66 11 27 AB 6A D2
32.621042482,0x316,C3 3F 63 4A 07 E6 C0 90
32.621042482,0x427,ED 7A 41 7B 49 B2 CA B0
32.628202389,0x1A4,14 93 6D 11 CF B0 43 DD
32.628202389,0x316,62 D5 94 0F 17 DE 16 1F
32.628202389,0x427,6F A2 8F BD D7 7D A9 95
32.638815206,0x1A4,92 54 75 11 02 28 C5 82
32.638815206,0x316,D5 EB 46 BD 37 20 8A B7
32.638815206,0x427,7E BC 92 0D 2B 44 9A B3
32.650435252,0x1A4,8C 1A 7C 11 2C E1 29 84
32.650435252,0x316,83 23 E7 24 B1 75 E2 8F
32.650435252,0x427,4F 6F 8C BD A9 8F 9F F7
32.661197740,0x1A4,2D 49 84 11 7F 4A EB 22
32.661197740,0x316,EE 26 3A 39 6C 26 22 E5
32.661197740,0x427,12 6A F9 AC 53 4A C1 A3
32.668822287,0x1A4,F9 6D 8B 11 F0 5D 9F 27
32.668822287,0x316,81 45 07 4D 24 4D D4 A0
32.668822287,0x427,84 8A 96 4F 5D B1 19 B8
32.680672525,0x1A4,E7 7F 92 11 73 82 C0 EF
32.680672525,0x316,60 C2 A6 01 CE E7 3C CE
32.680672525,0x427,21 05 26 7C 40 70 A8 9F
32.690269585,0x1A4,AB 00 9A 11 34 11 61 33
32.690269585,0x316,65 8F 5D 1D F5 38 30 11
32.690269585,0x427,2A 57 02 00 82 74 2C 27
32.701607782,0x1A4,55 06 A1 11 B6 10 41 E1
32.701607782,0x316,94 1C FC 1E 6C 17 13 85
32.701607782,0x427,29 0E CC 18 F0 E5 48 3F
32.710720609,0x1A4,CC 96 A8 11 69 FD 85 1A
32.710720609,0x316,A4 2E 47 79 64 E1 4F 06
32.710720609,0x427,91 8F 2D D5 79 67 7C 81
32.721215794,0x1A4,DD EA B0 11 62 D3 05 64
32.721215794,0x316,12 49 3F 0E AF 3F 11 ED
32.721215794,0x427,7D 08 2F 1F A2 CD C7 4C
32.730077028,0x1A4,DD 11 B7 11 EB 0A D5 7B
32.730077028,0x316,90 FB 91 FB EA 80 1D 2F
32.730077028,0x427,11 47 FD D1 45 3B 24 3C
32.741267576,0x1A4,B3 03 BE 11 87 B8 04 D9
32.741267576,0x316,ED CA F5 8B 9B 27 A1 42
32.741267576,0x427,3F 0B 5A D2 C2 D7 DD 9C
32.751199546,0x1A4,55 04 C6 11 42 D0 6A 70
32.751199546,0x316,A4 FE FB DB 06 21 7D A8
32.751199546,0x427,D2 19 FE 9D C2 CE 89 1F
32.758502369,0x1A4,60 BB CD 11 E8 66 70 25
32.758502369,0x316,5A D1 DD A2 E1 5E 8B 05
32.758502369,0x427,4C 91 4F 2F AD 8B 45 24
32.769052148,0x1A4,DE 7F D5 11 A9 01 9E BE
32.769052148,0x316,7F A6 4F A8 2A 54 9D 3D
32.769052148,0x427,46 F1 B7 2B 9E A5 F2 82
32.778405539,0x1A4,36 BD DC 11 22 DD 1A B3
32.778405539,0x316,A3 49 F3 8B A8 34 4A 33
32.778405539,0x427,50 84 E5 79 BD D9 FF 7A
32.789412680,0x1A4,DA CF E3 11 EC 54 19 4A
32.789412680,0x316,C0 9B E3 AA DA E3 9A 19
32.789412680,0x427,C5 03 87 F5 74 39 B9 96
32.799678075,0x1A4,D0 E5 EB 11 8E F4 09 5E
32.799678075,0x316,68 5D EE AA F6 48 72 46
32.799678075,0x427,05 FA 24 64 AB 26 C5 62
32.811733681,0x1A4,18 5E F2 11 70 4F C3 CC
32.811733681,0x316,94 5C 7A 1B 3E 53 C6 76
32.811733681,0x427,0F BA B9 6A EC 1D 41 D0
32.820647435,0x1A4,4D DA F9 11 FD 3D EE 25
32.820647435,0x316,C7 15 29 07 D8 5B 8E 48
32.820647435,0x427,29 58 03 75 35 9C C0 1E
32.829841133,0x1A4,B6 01 00 12 2E A5 B1 63
32.829841133,0x316,E7 2E D2 02 AD 24 9E 94
32.829841133,0x427,59 C8 81 4D E9 B2 B9 08
32.838420787,0x1A4,D0 DC 08 12 C7 13 82 A6
32.838420787,0x316,2A 21 AA E4 DF B2 3D A8
32.838420787,0x427,54 39 B0 9E B3 66 C9 71
32.849804270,0x1A4,CC EA 0F 12 A6 C9 79 E8
32.849804270,0x316,5B FB 34 E8 4A 61 CF 5A
32.849804270,0x427,44 D5 79 F6 4D 65 A9 23
32.859229607,0x1A4,97 C2 16 12 35 8D E6 E1
32.859229607,0x316,28 CE 1A B9 F1 6F 56 75
32.859229607,0x427,FC 2E E3 46 3B B1 55 02
32.871181800,0x1A4,BA 35 1E 12 02 4D 87 28
32.871181800,0x316,D0 59 95 5B 33 D6 29 80
32.871181800,0x427,46 4D 18 DB C8 F2 6B DC
32.881842623,0x1A4,7B 15 25 12 EA AF F5 35
32.881842623,0x316,A9 30 4D 59 07 8D 0D E7
32.881842623,0x427,F4 22 CB B4 09 0C 6A 86
32.891085031,0x1A4,B5 F4 2C 12 61 ED 56 83
32.891085031,0x316,F4 6A 11 10 D7 D3 AB 2C
32.891085031,0x427,F0 52 EA A7 05 54 C2 26
32.901125377,0x1A4,BB F4 34 12 08 40 EB A7
32.901125377,0x316,82 16 1E B8 AE 73 2A 90
32.901125377,0x427,AC C7 DB 56 75 98 A0 75
32.911988868,0x1A4,7D 30 3B 12 A3 65 D1 DB
32.911988868,0x316,46 F7 64 C9 90 9D D9 23
32.911988868,0x427,A4 4C 41 47 2A 33 F3 C8
32.918461853,0x1A4,2E 40 42 12 5A C8 8F A8
32.918461853,0x316,19 D0 8C 4D 07 FC 68 EC
32.918461853,0x427,60 83 D8 64 B2 37 76 11
32.930109504,0x1A4,92 76 4A 12 02 09 DE D6
32.930109504,0x316,97 80 27 A5 B5 B0 D6 7B
32.930109504,0x427,32 CB 63 60 5B 01 6A F6
32.938463546,0x1A4,7F C2 51 12 AC 72 18 9B
32.938463546,0x316,70 60 B2 A8 81 06 2D 2E
32.938463546,0x427,F6 49 77 93 84 44 60 B5
32.950956097,0x1A4,9F E3 58 12 A0 74 C9 81
32.950956097,0x316,B4 7B 80 C6 3A 01 AE A8
32.950956097,0x427,2F D6 82 86 E3 A2 5C 42
32.958086665,0x1A4,4F CC 5F 12 51 F8 A0 B2
32.958086665,0x316,5A AF F6 52 DD 02 BF 96
32.958086665,0x427,1F A2 87 F4 0A 60 AA 94
32.971022092,0x1A4,B6 C4 67 12 05 59 A1 95
32.971022092,0x316,CF D7 12 9E 37 6D 73 D4
32.971022092,0x427,3B B9 5D 67 0D 44 4C 11
32.980415130,0x1A4,D7 79 6E 12 4E BE 8E 07
32.980415130,0x316,29 B7 1E DA 31 DC 9D BB
32.980415130,0x427,DD FF BF 28 4F F9 50 3B
32.990301556,0x1A4,C7 DF 75 12 03 8B 4E AA
32.990301556,0x316,21 43 31 1B 66 E6 DA 7F
32.990301556,0x427,13 F4 29 EF 84 10 E8 AD
32.998149249,0x1A4,E8 33 7D 12 5A 57 DB 52
32.998149249,0x316,30 6A 89 C2 77 D9 45 3B
32.998149249,0x427,71 56 38 FB 51 F8 90 C5
33.010717338,0x1A4,EE 7D 84 12 D1 17 D2 EA
33.010717338,0x316,CB C1 8E BB C6 C3 AC CB
33.010717338,0x427,AB F1 92 3C 3C 94 FD 1A
33.020025941,0x1A4,6A EB 8B 12 CD 2F 79 E1
33.020025941,0x316,51 21 8B 2C 9F E6 68 BA
33.020025941,0x427,DD 19 79 E4 28 4B 53 62
33.028760357,0x1A4,9C 04 92 12 46 7B 2B F9
33.028760357,0x316,D0 CC 88 6B 01 D2 20 EC
33.028760357,0x427,CC 8B 7A 10 A4 6C DA 0F
33.041905274,0x1A4,4F B7 9A 12 A6 B5 1F 40
33.041905274,0x316,72 27 4E 1D 76 3E 94 09
33.041905274,0x427,84 01 C8 D8 83 BC FB BF
33.051167045,0x1A4,F7 5F A1 12 2A 02 08 71
33.051167045,0x316,90 08 6B C3 E2 92 D3 5F
33.051167045,0x427,30 C4 45 9B AF 7C 9C A1
33.061219882,0x1A4,20 C3 A8 12 9E A7 8A 07
33.061219882,0x316,11 D4 6D EC BC AB 8F 2C
33.061219882,0x427,88 7D 37 52 E9 AB 8F 1B
33.071644418,0x1A4,75 B0 AF 12 38 10 13 73
33.071644418,0x316,64 4A AC 60 4E 7C 1A 22
33.071644418,0x427,1B A4 26 FD 99 5E 2C A3
33.079899662,0x1A4,40 39 B7 12 9C B3 74 8E
33.079899662,0x316,B0 CB 21 33 40 92 1A 32
33.079899662,0x427,3B 82 A3 40 71 ED B8 7D
33.091124371,0x1A4,3B F9 BE 12 AA 0C C9 AD
33.091124371,0x316,9E 26 3D 49 3A 24 BA 39
33.091124371,0x427,0D 5E 81 33 7B CC FD BD
33.101419017,0x1A4,F4 B3 C5 12 DE C0 1E 6F
33.101419017,0x316,85 AB 57 D0 A6 B4 4D 87
33.101419017,0x427,61 24 05 CF 69 B7 3D CA
33.108810806,0x1A4,74 4C CC 12 9E 4B 05 16
33.108810806,0x316,DD 06 05 95 F6 CA 34 06
33.108810806,0x427,56 B9 0D A1 71 92 B7 F5
33.119288453,0x1A4,EF 2F D4 12 C0 F6 A0 18
33.119288453,0x316,09 2C 1B 34 14 5D 82 08
33.119288453,0x427,7F BD 5C CF F2 E8 FB 23
33.128668715,0x1A4,5F B8 DB 12 56 2A 57 01
33.128668715,0x316,9C 30 0C 5C BF 23 3E C6
33.128668715,0x427,44 7B 74 68 66 C8 7B 91
33.138556075,0x1A4,CC B8 E2 12 F2 4A 4F DD
33.138556075,0x316,50 4E 6C 12 52 DB 38 57
33.138556075,0x427,32 1B 70 2F 51 39 AF AE
33.150374171,0x1A4,A8 C7 E9 12 63 AF 2E F5
33.150374171,0x316,D0 8A 36 E9 F6 C9 70 BA
33.150374171,0x427,57 57 69 A4 31 22 35 87
33.158950318,0x1A4,10 5B F1 12 DA CF AC 30
33.158950318,0x316,72 5B 18 D5 37 11 1D 35
33.158950318,0x427,D2 C5 03 92 EE 00 DC D3
33.170303930,0x1A4,AE 8E F8 12 69 B9 37 80
33.170303930,0x316,52 9F 23 5A 0E 9D 42 5B
33.170303930,0x427,75 A1 54 9E AC 64 56 E6
33.180125222,0x1A4,63 C9 FF 12 86 D6 79 DA
33.180125222,0x316,09 AE 4B 23 7C 63 35 CD
33.180125222,0x427,8B 0C 31 11 1C 50 5A 70
33.190042971,0x1A4,E9 68 06 13 0E D9 1E A0
33.190042971,0x316,BE 48 49 60 40 F3 BC DF
33.190042971,0x427,5F 61 24 12 21 F9 B3 91
33.199601789,0x1A4,99 3B 0E 13 02 AE 8F 20
33.199601789,0x316,B8 89 4A C8 71 4A 6A 84
33.199601789,0x427,8E 9A 58 4C 42 6F D5 19
33.210797052,0x1A4,10 7F 15 13 07 9B AB 7F
33.210797052,0x316,82 DD 06 3B 72 BA 2D 0D
33.210797052,0x427,A9 38 FB 99 32 B3 60 8A
33.220819037,0x1A4,FA 28 1C 13 10 58 C5 05
33.220819037,0x316,65 74 59 39 EA 89 42 D2
33.220819037,0x427,56 4F CC F0 C0 A7 36 4A
33.230159018,0x1A4,DC 1A 23 13 45 8A 01 D4
33.230159018,0x316,9E 8F 5A 40 26 FC F2 63
33.230159018,0x427,55 B8 09 B4 DE AC 9F 5B
33.240099287,0x1A4,1E 5B 2A 13 D5 64 58 DF
33.240099287,0x316,65 E0 18 DF EE B5 69 28
33.240099287,0x427,6A 5F D6 F7 DD E3 BE 49
33.250476080,0x1A4,EE 97 32 13 A2 FF CF 88
33.250476080,0x316,D9 85 4A 93 15 49 CC 3D
33.250476080,0x427,60 00 6B DA 25 E7 8B 84
33.258081536,0x1A4,A3 09 39 13 E3 B4 7A 9C
33.258081536,0x316,A8 14 03 80 91 EA EE 4F
33.258081536,0x427,7E 42 33 66 78 83 5F 9E
33.269199623,0x1A4,03 7F 40 13 6D D4 C2 8B
33.269199623,0x316,92 88 90 B2 C2 8D 4D E4
33.269199623,0x427,F4 44 62 1C 50 94 30 95
33.280786717,0x1A4,72 0F 47 13 BF 70 DA EF
33.280786717,0x316,85 28 DA EA 59 A1 24 FC
33.280786717,0x427,25 72 57 43 6E 36 3A A7
33.289237948,0x1A4,FE A3 4E 13 0A 28 43 08
33.289237948,0x316,0D 22 8A 56 78 3E E1 6B
33.289237948,0x427,AF 1A C9 42 BE B4 54 33
33.298687036,0x1A4,AB 7E 56 13 16 CE 55 E3
33.298687036,0x316,B5 BB C5 C3 E1 4F 34 0F
33.298687036,0x427,61 6B A8 23 47 A2 48 34
33.309193341,0x1A4,8B EA 5D 13 D5 56 17 D1
33.309193341,0x316,4C 14 DF BB 33 44 61 54
33.309193341,0x427,27 AF 96 EC AA 58 E1 C1
33.321610935,0x1A4,67 65 64 13 F7 C5 8D E9
33.321610935,0x316,81 50 D6 E0 D6 C2 F4 0F
33.321610935,0x427,B0 68 51 3C D1 A0 59 7E
33.331428010,0x1A4,B4 5A 6B 13 9A DE 3F CE
33.331428010,0x316,6F F8 AF F2 21 E1 58 90
33.331428010,0x427,CC C4 81 E7 69 12 29 9C
33.340803864,0x1A4,B8 C2 72 13 4D C9 C2 D5
33.340803864,0x316,0E AC FC C3 3E 80 B7 CE
33.340803864,0x427,2F 7D 0D 09 C0 55 89 58
33.350744122,0x1A4,27 7D 79 13 AC 87 1D 12
33.350744122,0x316,12 28 2D F3 58 B7 8E 6A
33.350744122,0x427,EB 33 20 99 D1 11 42 BD
33.358090499,0x1A4,CD 62 81 13 B8 C5 EA ED
33.358090499,0x316,4B C6 A1 14 D8 6B 34 E3
33.358090499,0x427,84 34 2A 8D 86 C4 90 7A
33.369941746,0x1A4,17 6C 88 13 35 97 24 21
33.369941746,0x316,F2 09 40 45 E3 23 2C B9
33.369941746,0x427,62 89 AF 0A 8E C1 A3 1A
33.381065236,0x1A4,43 16 8F 13 61 F6 20 7F
33.381065236,0x316,73 5A F2 81 A9 A8 A9 39
33.381065236,0x427,D7 7B 7C A6 D5 7C AA 59
33.389302868,0x1A4,D3 CD 96 13 17 82 43 7A
33.389302868,0x316,3C D3 AC 4D 25 20 13 C8
33.389302868,0x427,24 B0 8E D9 9C 03 5F E0
33.400242257,0x1A4,02 F9 9D 13 20 29 4E 3A
33.400242257,0x316,28 4E 7D 05 46 2C 66 EE
33.400242257,0x427,C9 D8 2B 0E B7 1F BF 06
33.410930433,0x1A4,6E 84 A4 13 FA 85 25 C8
33.410930433,0x316,2E 7F B5 CF 5A 7A 38 32
33.410930433,0x427,86 67 C0 88 9E FD AE 9B
33.419273680,0x1A4,3A 42 AC 13 EF 98 1F 61
33.419273680,0x316,19 B3 93 AE 05 16 00 AF
33.419273680,0x427,22 8F E8 BC 66 DD A1 04
33.431073968,0x1A4,0F 60 B3 13 5B B6 6F 7B
33.431073968,0x316,03 13 59 0D 3C 9C 1A 63
33.431073968,0x427,30 B4 03 C4 68 00 92 60
33.438749294,0x1A4,18 64 BA 13 D9 8E 0F 20
33.438749294,0x316,88 0A 02 6E 82 DF 8A B3
33.438749294,0x427,23 F7 44 6D EC F9 AE 8C
33.448979851,0x1A4,54 EC C1 13 53 DC 96 1D
33.448979851,0x316,B0 AD 1D 70 9A C2 34 1E
33.448979851,0x427,6C 68 AB E5 B9 72 9B 9D
33.459115043,0x1A4,71 62 C8 13 2B 23 4F E7
33.459115043,0x316,D4 27 22 5E B7 D9 0E 5A
33.459115043,0x427,9C C2 92 31 F1 14 D7 57
33.471170875,0x1A4,4F 17 CF 13 1E 8B 06 EB
33.471170875,0x316,64 02 D4 0E 13 B9 F8 3C
33.471170875,0x427,FA 8A 66 3B A0 B5 8C 17
33.479430324,0x1A4,8A A2 D7 13 3D 9D 92 02
33.479430324,0x316,19 EC 24 3A C9 A8 BE 69
33.479430324,0x427,0F 91 5A BF BD 5D A8 C0
33.489031417,0x1A4,C0 F1 DE 13 03 B9 C7 CE
33.489031417,0x316,5C E6 0D CB 1B 8E 45 89
33.489031417,0x427,50 A2 6B 91 2F 38 B8 0B
33.501236650,0x1A4,20 29 E5 13 C9 9B 40 CD
33.501236650,0x316,53 64 D0 03 57 B1 8D DF
33.501236650,0x427,95 92 46 B8 11 EA FA 3F
33.511264430,0x1A4,07 FD EC 13 60 ED 8F 0E
33.511264430,0x316,B0 D2 9C 13 41 EA 80 0E
33.511264430,0x427,F0 73 70 20 D5 32 45 70
33.520029514,0x1A4,D6 5F F3 13 DB 35 58 48
33.520029514,0x316,4F 32 31 0B D3 8D 6A 50
33.520029514,0x427,94 CE 83 59 9D EF 37 9A
33.530137051,0x1A4,12 C6 FA 13 80 DF F2 E3
33.530137051,0x316,14 CC 86 3E 84 BF 82 FF
33.530137051,0x427,79 8F DB 4A 74 15 35 21
33.538041003,0x1A4,A6 EE 01 14 63 71 D7 65
33.538041003,0x316,36 2C 8C 7A 00 59 57 A8
33.538041003,0x427,96 0E 54 1F 18 4D 16 A8
33.550257594,0x1A4,92 6A 08 14 06 80 8D 13
33.550257594,0x316,3A 08 0D 40 86 06 39 F0
33.550257594,0x427,B5 65 2C 8B CB 4D B3 34
33.560124913,0x1A4,FC AE 0F 14 8C 9A 8B B4
33.560124913,0x316,B1 49 37 BC 2C 9C 3C D0
33.560124913,0x427,BE 9E 61 5B 13 BF CB E5
33.569757206,0x1A4,C9 0C 17 14 B4 B4 D7 DB
33.569757206,0x316,75 BF 64 38 3A F5 8B 71
33.569757206,0x427,DC F0 8F B6 8E FC 7E 4D
33.580951429,0x1A4,FE 5B 1E 14 C2 5C EF 5D
33.580951429,0x316,F8 BC BB C7 F5 EE 28 8D
33.580951429,0x427,C8 4C ED 4A 22 E1 74 DE
33.589010259,0x1A4,68 34 25 14 5F 45 84 3E
33.589010259,0x316,BD 42 DF 86 D9 3C 9A E4
33.589010259,0x427,B8 30 7D 44 7C BD A0 51
33.598431576,0x1A4,55 2A 2C 14 7F 72 9A 8A
33.598431576,0x316,41 CC E1 80 33 87 B8 1A
33.598431576,0x427,43 C8 D2 0D DA 19 BD 58
33.609771468,0x1A4,10 47 33 14 43 68 2C 69
33.609771468,0x316,EF C1 9B B4 6D 20 58 F3
33.609771468,0x427,3E FD 32 9F 98 1B 78 7C
33.620104216,0x1A4,14 EA 3A 14 D9 0A 15 14
33.620104216,0x316,10 2D 1C 34 A5 0E 7C E9
33.620104216,0x427,86 0C 1B 23 DA A6 67 D7
33.628297995,0x1A4,79 19 41 14 C6 EC 5F 85
33.628297995,0x316,07 67 04 3B D6 7E 10 4E
33.628297995,0x427,CC B9 ED BD 68 28 8F 8D
33.638487816,0x1A4,BA FF 48 14 86 6A 6C 1F
33.638487816,0x316,32 F3 54 5F 41 C0 93 B9
33.638487816,0x427,AF 42 FE D0 93 70 B6 C9
33.648141481,0x1A4,51 92 4F 14 AB 9F 2E 09
33.648141481,0x316,4B 4A 58 FA 76 DB 2F 3C
33.648141481,0x427,86 89 C6 B2 2F 05 B6 70
33.658543708,0x1A4,4F 60 56 14 FF 15 A2 C3
33.658543708,0x316,81 CF 29 74 50 C1 FA F3
33.658543708,0x427,5B BE 3E 1D 10 3D 73 05
33.671535921,0x1A4,B2 66 5E 14 AA 68 19 D6
33.671535921,0x316,C0 3E A4 08 9E 49 32 45
33.671535921,0x427,F6 DD 28 47 33 E8 96 96
33.679005883,0x1A4,CC 66 65 14 3F DB E7 4C
33.679005883,0x316,3F FE C1 D3 0B 90 10 F7
33.679005883,0x427,52 5A A1 15 1A D0 49 0F
33.691900016,0x1A4,DF 9A 6C 14 9E 60 C5 DA
33.691900016,0x316,49 6D 18 9C 86 A5 49 62
33.691900016,0x427,C6 BF CF 7E E8 40 D3 04
33.699207498,0x1A4,C8 AD 73 14 98 4C F1 61
33.699207498,0x316,6E 4A 79 62 11 47 AB 71
33.699207498,0x427,48 D1 5E 0B 33 74 75 39
33.708358474,0x1A4,BD BA 7A 14 AB 92 1B 61
33.708358474,0x316,32 98 36 2F E0 E3 F0 A8
33.708358474,0x427,98 95 5B 6E 47 64 51 88
33.718260385,0x1A4,64 E3 81 14 B8 22 10 A9
33.718260385,0x316,3D 2F 1E 4E 31 AD 03 08
33.718260385,0x427,56 F7 A2 8A E4 B9 53 C3
33.731880145,0x1A4,D6 B7 88 14 BB E7 ED EF
33.731880145,0x316,07 6B A7 06 88 4C F9 E8
33.731880145,0x427,90 56 D6 9B 8E 79 25 C1
33.738642733,0x1A4,51 BF 8F 14 FB 66 12 56
33.738642733,0x316,0C FB 35 EC 43 22 02 D4
33.738642733,0x427,A0 9D 4E E8 60 58 35 43
33.750166639,0x1A4,43 21 96 14 E7 78 D9 C0
33.750166639,0x316,88 10 49 97 FF 6F 6F 37
33.750166639,0x427,0A 48 DB C1 50 17 00 07
33.761555244,0x1A4,8A 21 9D 14 3B 21 CD B9
33.761555244,0x316,64 09 49 D4 D4 9F 1C 9F
33.761555244,0x427,F1 9A 1F 6F 7A 49 A1 DD
33.768401279,0x1A4,1D DD A4 14 FB 4D 59 C8
33.768401279,0x316,5C 90 AE BA 54 88 B6 ED
33.768401279,0x427,BC 1F 44 BC 7F 55 9D C0
33.778153361,0x1A4,F7 52 AB 14 D3 8C B1 CE
33.778153361,0x316,32 33 F5 1B BE AF A4 8D
33.778153361,0x427,BD 36 5B 63 3E 4F D5 F3
33.790977855,0x1A4,F6 EB B2 14 C3 87 B6 EE
33.790977855,0x316,32 69 8F AD C5 41 94 49
33.790977855,0x427,5D 94 C7 DB FA 0A AB FD
33.799423304,0x1A4,3C 33 B9 14 32 1F E6 88
33.799423304,0x316,27 1A A8 76 B7 73 80 6C
33.799423304,0x427,B5 14 96 92 83 D0 1E B8
33.811236102,0x1A4,11 4F C0 14 54 FE DD C4
33.811236102,0x316,29 79 D7 84 C9 F5 95 42
33.811236102,0x427,73 CD 9C 29 8F 8C D6 F5
33.820389956,0x1A4,06 4A C7 14 C6 19 A3 77
33.820389956,0x316,65 DC E1 BE E9 E3 1B FE
33.820389956,0x427,A2 97 B6 EC 50 70 FC 3C
33.828708314,0x1A4,F3 68 CE 14 55 DA 5F E8
33.828708314,0x316,78 0F E3 03 A2 F6 DB 47
33.828708314,0x427,1E DC B1 CC 58 CA BE AE
33.838267511,0x1A4,A2 96 D5 14 B3 9B 3E 46
33.838267511,0x316,78 BE E5 15 92 C1 B1 FF
33.838267511,0x427,77 95 FB 3F 74 7C 76 C5
33.851573557,0x1A4,42 3D DC 14 9A 2E BB 4B
33.851573557,0x316,30 85 68 56 BF 78 32 92
33.851573557,0x427,B5 95 04 65 A7 18 E2 09
33.860239382,0x1A4,3F 81 E3 14 12 8D 36 46
33.860239382,0x316,F4 08 98 5C 57 A0 CC 44
33.860239382,0x427,25 4B C3 A8 47 A3 21 40
33.868669238,0x1A4,C0 16 EA 14 F4 0B 2D A7
33.868669238,0x316,9D 2A 6D CF B7 36 85 C5
33.868669238,0x427,8B D5 A5 9B 0D A8 28 03
33.880459416,0x1A4,9E 8B F1 14 4A AE 90 4E
33.880459416,0x316,BD 5A 85 91 B2 A5 28 A9
33.880459416,0x427,44 5C 2C 52 3C 15 04 D6
33.890396139,0x1A4,F2 6B F8 14 42 D5 FB D8
33.890396139,0x316,65 D0 C4 2D 2F 72 9D 71
33.890396139,0x427,03 19 75 76 F9 96 6B 04
33.900085920,0x1A4,05 E5 FF 14 A5 59 45 02
33.900085920,0x316,41 94 68 77 08 14 79 09
33.900085920,0x427,96 45 44 F7 37 50 D5 5B
33.909101680,0x1A4,DF E7 06 15 BF 21 43 A3
33.909101680,0x316,78 B4 25 D8 90 E3 7D 8E
33.909101680,0x427,A1 86 C4 37 2D B9 9A 68
33.918117566,0x1A4,6B 6A 0D 15 7F B8 5E 94
33.918117566,0x316,2B 71 57 F0 7E 2F 5D 14
33.918117566,0x427,A5 24 C5 46 B4 B1 A4 E5
33.931630928,0x1A4,79 7D 14 15 0B B0 2B 8D
33.931630928,0x316,E6 0A 64 50 79 07 0B F4
33.931630928,0x427,64 27 65 10 F6 A4 C0 70
33.938254328,0x1A4,1F A1 1B 15 74 BE 0C 42
33.938254328,0x316,BD 0E 17 C4 FB 82 67 C9
33.938254328,0x427,4A 65 B1 46 18 44 71 42
33.948522142,0x1A4,B4 69 22 15 8F A9 B3 7E
33.948522142,0x316,06 A7 91 20 4B 20 38 3A
33.948522142,0x427,C4 D7 5D A1 AD B9 AB 2C
33.959691690,0x1A4,EA 5A 29 15 E9 87 09 DF
33.959691690,0x316,FD EC 31 9E 23 2F EE A7
33.959691690,0x427,ED 40 B1 0C 08 6C 90 3B
33.970914092,0x1A4,B7 5E 30 15 81 EB 93 A7
33.970914092,0x316,A9 40 DB 09 31 5E 2B 2F
33.970914092,0x427,F9 8C 37 AF 34 59 B8 81
33.981374299,0x1A4,7F 55 37 15 30 15 B8 70
33.981374299,0x316,CD B7 73 94 64 D4 3C 51
33.981374299,0x427,FD 99 BD 0A F9 20 AC 8D
33.990888984,0x1A4,08 C1 3E 15 1C 17 5B 3A
33.990888984,0x316,97 6E 91 0F 1D DC A2 F3
33.990888984,0x427,4E B8 EC B6 05 D2 F1 FD
34.000725858,0x1A4,74 69 45 15 4F 1A AC F9
34.000725858,0x316,BA EB E7 41 1E 52 20 04
34.000725858,0x427,F9 D2 AA AD 27 64 4D D8
34.010695666,0x1A4,06 7C 4C 15 36 C2 72 D9
34.010695666,0x316,53 2A 74 5A 57 5D 5A 8A
34.010695666,0x427,15 C6 E3 B7 40 A0 73 0B
34.021282977,0x1A4,ED 88 53 15 FC 17 15 3C
34.021282977,0x316,E6 E1 87 59 5C 23 F2 1B
34.021282977,0x427,4F AC D5 13 40 AF C6 81
34.028003187,0x1A4,4F B5 5A 15 55 88 F9 1C
34.028003187,0x316,48 39 D3 82 26 C7 D3 13
34.028003187,0x427,1E A3 AA 3C 52 17 3C 34
34.039498339,0x1A4,38 E9 61 15 C2 7F 03 92
34.039498339,0x316,39 68 11 5F D2 60 42 D4
34.039498339,0x427,31 01 9C D2 E8 14 57 AE
34.048623809,0x1A4,08 FD 68 15 A5 D2 46 12
34.048623809,0x316,59 B5 52 A4 B9 7C 2D 6D
34.048623809,0x427,53 E9 37 E0 3A 38 78 48
34.058604465,0x1A4,6E DB 6F 15 A2 62 52 06
34.058604465,0x316,22 29 98 53 0A 2C 62 9B
34.058604465,0x427,67 25 C5 C9 E5 C3 3B 5C
34.069295453,0x1A4,D9 A0 76 15 BE 13 A0 F9
34.069295453,0x316,CE B3 7B 68 3B 7F BB E5
34.069295453,0x427,4F 0B E8 A6 B7 5C ED 5F
34.080254658,0x1A4,6B D0 7D 15 F1 56 46 F1
34.080254658,0x316,FF 5F 37 F9 15 B7 47 4B
34.080254658,0x427,5D E9 35 9F 87 EE F9 07
34.091783355,0x1A4,D2 42 84 15 C8 08 49 5E
34.091783355,0x316,44 99 6B 0B EA A0 76 4A
34.091783355,0x427,F4 B2 28 EE 90 8B 6A 26
34.100782497,0x1A4,9E 7C 8B 15 69 AE 5A 97
34.100782497,0x316,1C 7B 89 06 F0 06 32 1B
34.100782497,0x427,86 EC E9 9B B4 87 23 36
34.109200338,0x1A4,88 54 92 15 09 B3 27 50
34.109200338,0x316,2B 89 C3 82 CA 91 3C B7
34.109200338,0x427,97 57 E7 C7 B0 8E F6 BD
34.121175257,0x1A4,B9 3B 99 15 99 4D 91 C8
34.121175257,0x316,97 4C DC 94 AC B2 7C B6
34.121175257,0x427,2F D7 13 58 AB E5 9F F0
34.129793850,0x1A4,FD A2 A0 15 4C A3 FB 60
34.129793850,0x316,6D 82 AA D4 00 ED 2A 95
34.129793850,0x427,4D 71 58 08 40 0A 35 A8
34.140326716,0x1A4,FF 28 A7 15 6D 4B 6B 26
34.140326716,0x316,8A 17 8F 61 61 87 3A C3
34.140326716,0x427,F4 2F 71 FF 50 C3 32 A6
34.148713496,0x1A4,27 F8 AE 15 51 A2 86 F4
34.148713496,0x316,B6 AE CA 13 74 75 68 F5
34.148713496,0x427,40 19 7E EF 40 A5 08 FE
34.159149022,0x1A4,1D 24 B5 15 EE 35 BE 90
34.159149022,0x316,3D 1B E5 80 AA AB 70 FF
34.159149022,0x427,47 73 0E 93 32 F0 5C A1
34.170600984,0x1A4,F0 FF BB 15 A7 3A E4 BB
34.170600984,0x316,79 4C 07 6B 3E C4 F9 89
34.170600984,0x427,66 E1 A8 BB 6B BD 09 1F
34.181542733,0x1A4,A5 FD C2 15 11 0A E4 E0
34.181542733,0x316,1F 0B 1B 87 F2 32 57 CC
34.181542733,0x427,7A 9D 2A 0D 92 09 6B 9B
34.191072668,0x1A4,4D 90 C9 15 22 2F C1 A8
34.191072668,0x316,80 3A 42 86 76 BD 34 85
34.191072668,0x427,74 84 E6 70 01 F0 22 51
34.200632410,0x1A4,AC 28 D0 15 F5 10 ED 31
34.200632410,0x316,9F AE 04 D6 76 2C 43 93
34.200632410,0x427,E2 53 06 4B 3B DA 3B E9
34.210366817,0x1A4,27 AF D7 15 E4 AA 24 54
34.210366817,0x316,FC 0D 3A 3E 60 A7 8B CC
34.210366817,0x427,43 47 84 C4 21 C9 3B FA
34.218961075,0x1A4,53 BC DE 15 23 A7 1B 3B
34.218961075,0x316,43 B2 B0 74 46 CE 97 50
34.218961075,0x427,4E 44 89 BF 17 00 EF F8
34.230439089,0x1A4,9B F6 E5 15 A7 3D 6D B1
34.230439089,0x316,C9 38 B5 3D AD 02 EC 71
34.230439089,0x427,DF AB 98 BB 56 D5 25 F5
34.241050356,0x1A4,D3 8A EC 15 F2 E5 F0 68
34.241050356,0x316,71 3E A4 5C 89 91 66 14
34.241050356,0x427,DB A9 1B 5A 43 1E 7A 8F
34.250875984,0x1A4,55 D9 F3 15 8A D1 91 13
34.250875984,0x316,83 8D 25 EA E6 7E BF 5C
34.250875984,0x427,42 A1 40 A7 F4 8C F1 7B
34.258481065,0x1A4,EC 9A FA 15 F2 34 F8 3A
34.258481065,0x316,7E 91 EF 72 6F 3A 4B C9
34.258481065,0x427,DC C4 39 6B 8F C4 D1 3A
34.268344787,0x1A4,EE 69 01 16 62 15 EC D3
34.268344787,0x316,4F 1C A8 D3 9A 51 9B FC
34.268344787,0x427,BB 6E 12 20 36 C9 FB EC
34.278700027,0x1A4,1D 32 07 16 27 A5 B4 3E
34.278700027,0x316,54 50 C5 C6 B0 A3 C5 E8
34.278700027,0x427,C4 9D 59 68 5A 27 92 AC
34.288458799,0x1A4,8B 86 0E 16 AA 98 78 AA
34.288458799,0x316,22 27 5D 23 6C 0A 05 9B
34.288458799,0x427,29 A4 A1 42 32 37 BD CB
34.299051295,0x1A4,C3 4E 15 16 FF 3F 71 57
34.299051295,0x316,4A 1A 58 50 E1 E3 32 1E
34.299051295,0x427,14 93 DD 14 8A A3 93 68
34.311679994,0x1A4,F4 22 1C 16 36 61 49 81
34.311679994,0x316,F7 1F B6 FB F4 72 FD 25
34.311679994,0x427,95 81 75 93 15 E8 83 7E
34.318684637,0x1A4,27 06 23 16 08 22 A6 E1
34.318684637,0x316,B0 0F CC C5 33 F5 B6 32
34.318684637,0x427,C3 0A 5E E6 AA F4 0E 2E
34.329216770,0x1A4,B9 1F 2A 16 3A E0 3D 74
34.329216770,0x316,7B 9C F8 03 38 80 B1 2A
34.329216770,0x427,80 04 EC 1E 27 0C 2B 6B
34.341484342,0x1A4,18 9E 31 16 2D 6F F8 C3
34.341484342,0x316,F9 DF F8 8D 43 1F 1D B6
34.341484342,0x427,C8 AE 1C EE 32 C3 48 78
34.350533314,0x1A4,EE AD 38 16 34 D5 DA 19
34.350533314,0x316,B8 9D 5B 20 10 DA 94 DE
34.350533314,0x427,D4 2E B9 08 31 C1 77 D5
34.358606140,0x1A4,48 88 3E 16 4A 5F 20 06
34.358606140,0x316,57 E4 A6 B0 2F 4B BC 2A
34.358606140,0x427,E3 47 6C FD 8B 17 B1 12
34.370048853,0x1A4,38 82 45 16 AC 4B D0 83
34.370048853,0x316,D4 D8 EB DD CA D6 80 87
34.370048853,0x427,8B E0 2A EB 9C 72 5B 63
34.380430908,0x1A4,EC 9B 4C 16 FC B2 1F 6C
34.380430908,0x316,B2 D8 B7 5A 44 C2 A0 20
34.380430908,0x427,B3 47 FE 66 43 EB 69 B2
34.390684845,0x1A4,D2 AB 53 16 91 AD CE 3D
34.390684845,0x316,24 8D 44 B6 3A BB 1B 4B
34.390684845,0x427,02 BA 78 1E 7A 11 39 56
34.399615546,0x1A4,3E BB 5A 16 77 8F 20 D3
34.399615546,0x316,5D 85 FA E5 1F 12 2E 56
34.399615546,0x427,33 1A 6B 97 1C 87 D7 9B
34.410423505,0x1A4,EA 6F 61 16 81 EE 96 1B
34.410423505,0x316,99 92 7F FE E1 C2 E0 B8
34.410423505,0x427,AB B2 94 0B 5B 72 E1 12
34.418232543,0x1A4,D8 9D 67 16 9E 8C B4 EB
34.418232543,0x316,D4 80 DE 5A 30 E5 2D F3
34.418232543,0x427,11 CE EA 72 31 F2 21 E9
34.430401953,0x1A4,9C 03 6E 16 B0 34 7E A1
34.430401953,0x316,23 0F 23 73 93 59 9E BD
34.430401953,0x427,4C C2 B5 D5 B3 63 89 6F
34.441949963,0x1A4,E5 FB 75 16 8B 02 F6 C1
34.441949963,0x316,3C 9F 23 7A B9 A6 3A B3
34.441949963,0x427,33 82 75 22 E6 ED C2 BB
34.448770743,0x1A4,52 A1 7C 16 69 E4 44 B9
34.448770743,0x316,73 AC 15 C4 15 48 ED 96
34.448770743,0x427,13 61 95 EA 9B 78 F2 D1
34.458826786,0x1A4,4C 6C 83 16 7C 55 66 82
34.458826786,0x316,73 3A 73 15 6B 46 FA 26
34.458826786,0x427,C6 FC 45 E5 86 1D FE 01
34.471525161,0x1A4,AF 1B 8A 16 00 03 D2 97
34.471525161,0x316,6F 0E B0 5E C7 2C 85 AC
34.471525161,0x427,EA 63 3F A6 09 5B 1A 74
34.479576656,0x1A4,5C B1 90 16 B8 26 08 52
34.479576656,0x316,9D 3D 47 70 8A AB 3D 2D
34.479576656,0x427,58 03 38 82 48 EF F7 B8
34.490230614,0x1A4,F1 77 97 16 60 2D 80 47
34.490230614,0x316,70 52 DC F1 15 BE E3 C5
34.490230614,0x427,D1 58 CE 18 AA 9F 75 3B
34.501019396,0x1A4,8F 08 9E 16 1C 7B 48 7E
34.501019396,0x316,34 75 53 57 40 99 5C 0C
34.501019396,0x427,5D E9 6A 90 83 85 86 84
34.509015169,0x1A4,30 8F A5 16 3A 17 73 86
34.509015169,0x316,07 9F 6F 94 0C 39 1B 82
34.509015169,0x427,E0 AB 14 D8 78 43 94 ED
34.520908307,0x1A4,7C 86 AC 16 A9 9D 06 49
34.520908307,0x316,9D 06 A3 52 90 43 52 62
34.520908307,0x427,FD 58 8E 51 58 6D DE C1
34.529264677,0x1A4,8B A8 B2 16 CD 78 19 F4
34.529264677,0x316,A1 87 A8 24 FC 36 BC 0A
34.529264677,0x427,B3 76 61 D0 95 F8 EE F1
34.539824068,0x1A4,C9 6E B9 16 A6 ED E3 E1
34.539824068,0x316,2A 90 3C FD 47 D3 21 BB
34.539824068,0x427,60 2B EF 35 21 B7 37 6E
34.548693750,0x1A4,8F 07 C0 16 D4 CC 3B 47
34.548693750,0x316,76 3B 3C 93 78 66 2C E1
34.548693750,0x427,E1 EE 8F 9D A9 61 7A 50
34.560694071,0x1A4,9A A3 C7 16 62 A4 EB 58
34.560694071,0x316,79 0F E8 48 D3 45 64 2A
34.560694071,0x427,1F 5D 59 1E E5 16 B0 49
34.570829725,0x1A4,63 EF CE 16 AF 28 94 7C
34.570829725,0x316,1E D9 5C 70 3A 09 40 39
34.570829725,0x427,3C 3E A6 E2 3F 9B 58 2B
34.581714200,0x1A4,73 BF D4 16 0F BB 6F F0
34.581714200,0x316,D7 EE ED EA 91 F0 69 42
34.581714200,0x427,BA 5C 22 FD 07 F8 2D 9B
34.591947631,0x1A4,E7 54 DB 16 E4 A4 2A 1B
34.591947631,0x316,2D 12 AD EC 8E 06 4F 3B
34.591947631,0x427,BA 64 9B AA 04 36 54 47
34.600055781,0x1A4,FD C7 E2 16 5C E2 91 18
34.600055781,0x316,8E AB F3 34 49 95 5A 8D
34.600055781,0x427,F2 F0 BA D6 12 0B 3A 82
34.608859522,0x1A4,D3 D0 E9 16 95 E9 39 2B
34.608859522,0x316,F3 6A 00 07 0A 30 30 99
34.608859522,0x427,74 F2 0C E7 1B BB 2C 0A
34.619923830,0x1A4,3C 2B F0 16 1A 46 01 E4
34.619923830,0x316,4A 48 32 8A 80 DB B4 89
34.619923830,0x427,69 BD 8A CC EA 36 F4 31
34.631739573,0x1A4,FC CD F6 16 07 8C 05 7D
34.631739573,0x316,B1 03 1F D5 6A B0 88 D2
34.631739573,0x427,6D 57 99 06 CF 35 9A 5E
34.638740043,0x1A4,60 0B FD 16 F9 80 26 48
34.638740043,0x316,F5 31 1A F1 AA 3F A8 F2
34.638740043,0x427,45 E1 37 92 8D 45 2F 6D
34.651666312,0x1A4,47 36 04 17 B0 07 E0 71
34.651666312,0x316,77 4D 59 85 55 3F 4D 20
34.651666312,0x427,E4 E4 BE D4 0E 79 2F 74
34.658511383,0x1A4,84 4A 0B 17 A7 BB 01 EB
34.658511383,0x316,7F B8 0F 1C 25 38 5C B7
34.658511383,0x427,0B 88 D1 B4 FB 9E 4F EB
34.668834745,0x1A4,AC 26 11 17 3B 6D B4 1E
34.668834745,0x316,BC 87 C4 71 B0 9F 8D E3
34.668834745,0x427,32 FB A8 6E E4 FE 45 7E
34.681382865,0x1A4,51 AC 18 17 29 B5 3C 16
34.681382865,0x316,6B 0D 50 DD AA 81 06 23
34.681382865,0x427,96 4F 3A FE 76 B5 48 47
34.690766815,0x1A4,47 59 1F 17 B1 F1 30 AB
34.690766815,0x316,C8 7E D0 1D E9 A7 EB F7
34.690766815,0x427,5E 78 8D 5A 1F 6C BB CD
34.698981386,0x1A4,6C BD 26 17 E4 F8 88 BE
34.698981386,0x316,45 09 17 CB AB F1 F1 38
34.698981386,0x427,82 5E 34 BA 8B 9F 08 13
34.710943408,0x1A4,05 DB 2C 17 FF 45 1F 28
34.710943408,0x316,0E B2 CE 81 1A A8 D8 55
34.710943408,0x427,0D 04 AF 46 6B 38 16 74
34.721971926,0x1A4,0C 92 33 17 32 27 4B BC
34.721971926,0x316,78 C0 49 83 18 88 0D AC
34.721971926,0x427,7F 75 EC C6 D1 76 F7 12
34.731193582,0x1A4,A9 7C 3A 17 4E AD 1C B0
34.731193582,0x316,1A 62 97 50 9A F8 6B E4
34.731193582,0x427,AC 1A BB EC 1F C1 D1 09
34.739669541,0x1A4,0C D6 41 17 6B 5B B6 19
34.739669541,0x316,56 AB AF EE DE AC 81 B4
34.739669541,0x427,44 85 50 CB 17 B5 73 85
34.748022506,0x1A4,75 76 47 17 BE F7 BD 30
34.748022506,0x316,57 06 68 D7 7F 3F E4 8E
34.748022506,0x427,EC D7 3F A9 FF 3F 6F D6
34.759013107,0x1A4,AF A8 4E 17 D3 D4 46 A0
34.759013107,0x316,F3 73 1F 09 85 A0 FD F2
34.759013107,0x427,DA 67 6E A2 D0 C0 95 A0
34.768961718,0x1A4,40 5C 55 17 DF 33 F4 3E
34.768961718,0x316,E5 37 0A 23 68 99 1A 96
34.768961718,0x427,8D 3C 4F 60 BD EA 42 DF
34.780514341,0x1A4,D5 16 5C 17 3D A7 5F 38
34.780514341,0x316,A4 82 60 AC 3C F9 17 32
34.780514341,0x427,4C C9 E9 43 C6 7B 59 78
34.790480452,0x1A4,FD 51 62 17 60 A9 08 7C
34.790480452,0x316,94 B5 59 D0 89 1A E6 2F
34.790480452,0x427,10 A2 CA BB 30 76 29 7F
34.801089422,0x1A4,C1 73 69 17 B7 1D BD 21
34.801089422,0x316,87 AD D5 32 10 77 80 A2
34.801089422,0x427,B7 9E 38 E0 7A CF B5 16
34.809123605,0x1A4,83 C6 70 17 12 A5 2C 84
34.809123605,0x316,BA A0 6E DB 34 1D 29 B9
34.809123605,0x427,0B B1 DB BF 7B 18 D5 36
34.820932257,0x1A4,BD 90 76 17 11 84 2F 6F
34.820932257,0x316,DB 08 38 11 75 EF 9D 7D
34.820932257,0x427,CB DC C7 8E DE BA 78 9C
34.828797112,0x1A4,9E 55 7D 17 27 F0 C1 B5
34.828797112,0x316,51 F2 98 2D 9B A1 EF 09
34.828797112,0x427,A5 7D 0C 6B E7 90 1F B0
34.839381387,0x1A4,3F CE 84 17 E8 5A 06 9D
34.839381387,0x316,41 B3 5A 61 FD F1 8A A1
34.839381387,0x427,E5 66 7A 95 71 55 16 3C
34.850360711,0x1A4,1C 44 8A 17 9C A6 44 59
34.850360711,0x316,AD B2 F6 7B 1C 4D CC 87
34.850360711,0x427,79 48 2D A8 31 50 4F F4
34.860845807,0x1A4,2B B2 91 17 44 60 BD E0
34.860845807,0x316,06 64 D3 4C D5 94 37 D7
34.860845807,0x427,9C 5C 5D 3B 9A 8F 02 E0
34.871208620,0x1A4,DA 1B 98 17 4E 76 00 AB
34.871208620,0x316,85 E3 2C 7C ED 2F 7F 7D
34.871208620,0x427,B1 8E F7 CB 65 7B 49 A1
34.881656008,0x1A4,C0 E0 9F 17 2A 2E 0C 99
34.881656008,0x316,7A BB 6C 5B 84 22 1D 8B
34.881656008,0x427,F7 21 20 7B 8A 76 A0 4B
34.891161911,0x1A4,F8 66 A5 17 CB D4 0B 38
34.891161911,0x316,62 1C C4 1C 3F DB 81 F6
34.891161911,0x427,D2 58 82 E1 FA E3 95 E5
34.898061133,0x1A4,7F 21 AC 17 B8 59 91 C3
34.898061133,0x316,9D 9D 8A 49 8E 83 6A 6B
34.898061133,0x427,0B 1E 28 F8 9E EC 79 72
34.910233784,0x1A4,8E 38 B3 17 7D 5C 55 3F
34.910233784,0x316,14 3D 94 A9 AA F8 C3 6C
34.910233784,0x427,6D 53 A6 1D 3E 14 1B 2D
34.921183342,0x1A4,17 EF B9 17 3F 18 D1 F4
34.921183342,0x316,1B D2 A3 51 B2 EC 1D A9
34.921183342,0x427,F6 B6 10 1D C7 E8 FA 58
34.931013333,0x1A4,76 88 C0 17 49 2E E9 65
34.931013333,0x316,45 01 6F B4 7F 66 C8 20
34.931013333,0x427,4B 02 10 C6 EA FC D5 E1
34.940556375,0x1A4,37 4D C7 17 8A 28 12 D7
34.940556375,0x316,28 37 02 CE 68 B5 2F DD
34.940556375,0x427,26 88 3A 7D 20 FD DE 99
34.950641115,0x1A4,EA 05 CD 17 C3 C6 ED AF
34.950641115,0x316,AA C9 1F 3C E7 16 6A 07
34.950641115,0x427,7B 67 7A 4A 83 A8 96 44
34.961048003,0x1A4,DA B1 D4 17 B7 32 11 37
34.961048003,0x316,C4 A0 CA E3 47 5F DA D9
34.961048003,0x427,B2 68 67 C8 00 9B B4 68
34.970690478,0x1A4,63 CD DB 17 45 18 F0 8F
34.970690478,0x316,C5 98 94 C5 4D B6 BC 52
34.970690478,0x427,C5 8F F8 42 07 15 CC AC
34.981380404,0x1A4,D9 6F E1 17 3F 4F 46 69
34.981380404,0x316,C2 5F 31 64 21 A0 1C CF
34.981380404,0x427,96 BC 23 71 3F DC D9 6C
34.990674799,0x1A4,40 DC E8 17 C4 31 BD 42
34.990674799,0x316,49 FF 90 E9 C1 73 FC 0D
34.990674799,0x427,3F 70 B0 44 CF 14 4A 7C
34.998988015,0x1A4,1C 74 EF 17 3D FD 0C 38
34.998988015,0x316,3E DB FF 56 53 57 E2 A2
34.998988015,0x427,CA D3 8A D1 C1 4F AE 0B
35.011000456,0x1A4,C3 8D F5 17 B6 4B 98 72
35.011000456,0x316,CF 68 E9 68 78 C6 A7 38
35.011000456,0x427,AE BB 8F 92 15 C3 28 E0
35.021043402,0x1A4,1E 0C FC 17 9C 27 38 89
35.021043402,0x316,AE 93 C9 34 4C B8 90 C7
35.021043402,0x427,C2 C6 12 A0 EB A4 3D 1C
35.031974758,0x1A4,6E 1E 02 18 AF 9B DF F7
35.031974758,0x316,3C 7D 01 9D 2E 34 5A 9C
35.031974758,0x427,A9 2E 66 54 98 41 14 21
35.040923221,0x1A4,C2 BC 09 18 D6 30 2E 8A
35.040923221,0x316,BF 78 19 05 AE 74 45 F3
35.040923221,0x427,43 FB E3 B8 1F F8 67 05
35.051332354,0x1A4,30 EE 10 18 27 79 12 61
35.051332354,0x316,35 CD 1A 17 DC 7D CA C7
35.051332354,0x427,21 38 69 B4 11 5E 52 55
35.058629455,0x1A4,B2 CF 16 18 AE 96 4A 5A
35.058629455,0x316,A8 C2 4F C4 8A 6C 19 C4
35.058629455,0x427,57 79 8A 8D 46 3A 3F 10
35.068606944,0x1A4,AB 98 1D 18 2D 5E 99 0C
35.068606944,0x316,4B 2E C6 84 D6 ED E0 35
35.068606944,0x427,33 70 B2 5C 96 BC 14 89
35.079874686,0x1A4,9D F3 24 18 7A 33 37 FC
35.079874686,0x316,FA AF 30 28 A9 EF 90 D6
35.079874686,0x427,B6 8E 23 89 F8 35 41 65
35.091042086,0x1A4,AE CB 2A 18 A2 15 C3 B7
35.091042086,0x316,F1 A9 B5 3A 1B BA 49 4A
35.091042086,0x427,34 0A 21 CD A7 C8 51 29
35.098192689,0x1A4,3A 9B 31 18 A5 98 B6 5F
35.098192689,0x316,8C 52 DD 54 F3 45 D4 69
35.098192689,0x427,15 8D 32 37 2B 35 8E 8D
35.109038562,0x1A4,CC CC 37 18 74 0C AB 3F
35.109038562,0x316,8A BE A4 F0 2E F8 7D 03
35.109038562,0x427,82 35 3C 09 96 81 71 D8
35.119816471,0x1A4,57 94 3E 18 BE A9 4F C1
35.119816471,0x316,32 1E BB F0 6B 55 CC 86
35.119816471,0x427,71 CC 3E 1A 77 42 62 80
35.130471825,0x1A4,CB 39 45 18 2E 7C 95 CA
35.130471825,0x316,35 67 22 7C 61 33 D3 0A
35.130471825,0x427,A3 94 2D 28 7A 91 78 48
35.140990723,0x1A4,96 E7 4B 18 E6 E0 34 06
35.140990723,0x316,9C 9F E1 3A 14 9F AD A1
35.140990723,0x427,CD C4 BC C5 9D 5B 25 B0
35.148532651,0x1A4,31 A0 52 18 03 AD A5 08
35.148532651,0x316,C3 D2 BF 45 9E 74 FA BF
35.148532651,0x427,6B 0E A7 1F DE 7E 20 D0
35.158474677,0x1A4,D0 BC 58 18 0B 38 BB 60
35.158474677,0x316,59 2A C0 A7 0F 9D 97 66
35.158474677,0x427,73 E0 95 21 CC D6 7B D1
35.171166316,0x1A4,3F 18 5F 18 B2 46 6A E0
35.171166316,0x316,DB A1 1E 45 A5 F6 AA DC
35.171166316,0x427,BA 18 BD 15 70 47 97 13
35.180458552,0x1A4,90 78 66 18 86 8B 27 81
35.180458552,0x316,90 63 DC B8 E1 DE 17 B4
35.180458552,0x427,73 BA 2B C3 E2 37 8E BB
35.190123632,0x1A4,7D 58 6C 18 09 D3 28 05
35.190123632,0x316,18 1E C6 03 BC 70 1E BE
35.190123632,0x427,0D 5D 8B D4 83 B7 AC 8A
35.201717222,0x1A4,CC E1 73 18 C7 EA 41 EB
35.201717222,0x316,57 7B DF 26 EC 66 76 18
35.201717222,0x427,E3 32 62 BC D8 FF 93 96
35.210853804,0x1A4,0B 25 79 18 2A B2 20 64
35.210853804,0x316,E6 99 BC 31 96 54 DB D4
35.210853804,0x427,7E 9A 0E 9B 1A 49 FB DB
35.221408683,0x1A4,0E AA 80 18 4B CD E6 C8
35.221408683,0x316,52 C1 DF 52 DF CE D6 6C
35.221408683,0x427,1A BD 29 83 EB EC 54 BE
35.231016542,0x1A4,F2 A2 87 18 8E F6 59 4D
35.231016542,0x316,B8 1F 28 46 03 D7 7A 75
35.231016542,0x427,F7 F6 E1 33 CE 93 84 19
35.238327344,0x1A4,0C 32 8D 18 7C 94 21 F8
35.238327344,0x316,7E F0 F2 A7 B3 EB 81 93
35.238327344,0x427,82 B1 AD 78 24 98 67 60
35.249130637,0x1A4,D2 9D 94 18 4A FA F5 6D
35.249130637,0x316,E7 EF D2 17 C4 91 E5 38
35.249130637,0x427,C1 DC 85 F7 24 4A 05 68
35.258313286,0x1A4,75 73 9A 18 05 92 4F 47
35.258313286,0x316,5D CB BC 7B DA F1 CF 48
35.258313286,0x427,63 C8 5C E8 92 E8 EF B3
35.269336538,0x1A4,17 0D A1 18 A4 1C B0 81
35.269336538,0x316,9A 06 9F 3E 5E 83 E5 61
35.269336538,0x427,4A 0A 68 04 62 56 3F FE
35.280772206,0x1A4,BD AD A7 18 8A 34 41 BA
35.280772206,0x316,2D EE C5 64 0B B6 92 F3
35.280772206,0x427,54 BC 6B 5F 00 55 40 C3
35.291078917,0x1A4,64 C2 AE 18 CF A1 EE B6
35.291078917,0x316,99 D4 B9 1B 75 FD C7 73
35.291078917,0x427,62 0D 5C 39 F0 E8 EF 93
35.298001294,0x1A4,44 17 B4 18 46 50 5F 06
35.298001294,0x316,8C A3 B8 65 29 BE 6D C5
35.298001294,0x427,B7 EC 6B 3B 76 2E 74 72
35.308636490,0x1A4,5D A1 BB 18 86 FA 0F 7A
35.308636490,0x316,19 D0 2A 90 A9 0B E4 1B
35.308636490,0x427,F1 C1 8F A4 10 20 84 4F
35.320191987,0x1A4,CD 7D C1 18 60 31 CE 24
35.320191987,0x316,72 3D 47 CF 51 08 42 A1
35.320191987,0x427,D2 2B CF F9 DD 12 69 15
35.331299182,0x1A4,71 6A C8 18 F2 2F 96 8F
35.331299182,0x316,B7 57 54 2B AF A2 2A 35
35.331299182,0x427,51 59 65 DD 64 06 2D F1
35.339655530,0x1A4,B2 48 CF 18 E2 AF E9 97
35.339655530,0x316,F1 F8 FD 3F 24 BC 79 15
35.339655530,0x427,71 3D 2E 24 C9 CA 37 67
35.348573144,0x1A4,36 30 D5 18 0F C8 8B D6
35.348573144,0x316,A9 41 38 79 E9 E9 FD 85
35.348573144,0x427,E8 A6 18 B9 9B 4D F3 D6
35.358989286,0x1A4,5D 44 DC 18 C2 79 B5 C2
35.358989286,0x316,49 84 80 3B F8 3A 16 0F
35.358989286,0x427,C0 E1 74 C4 00 A0 50 7E
35.368476120,0x1A4,90 A2 E2 18 74 90 6F 69
35.368476120,0x316,1A 83 BB 4F 2A 23 92 BD
35.368476120,0x427,74 8C 7E 56 42 38 96 D5
35.378589002,0x1A4,B4 81 E9 18 54 B3 58 09
35.378589002,0x316,52 16 4A 52 9E 25 62 B0
35.378589002,0x427,94 4F B8 90 1E 60 46 99
35.389710258,0x1A4,7C A1 EF 18 67 E6 15 DF
35.389710258,0x316,D9 26 6D 01 D9 24 A5 44
35.389710258,0x427,4F E1 BD B0 3F B7 8F 35
35.398668291,0x1A4,61 2A F6 18 94 11 FA 8F
35.398668291,0x316,FD 2E 71 CB 94 34 1D 7D
35.398668291,0x427,14 B4 AB 8B 18 E8 F3 7F
35.410615004,0x1A4,FC D3 FC 18 0A 2C A0 F5
35.410615004,0x316,97 09 EA A6 C6 69 59 3C
35.410615004,0x427,E0 F8 63 52 2B 7A 1C 76
35.420904026,0x1A4,77 62 03 19 DF A5 A5 7B
35.420904026,0x316,EC C1 B1 83 FC D8 07 8E
35.420904026,0x427,57 AD D0 DB CE FE 5B BD
35.430449085,0x1A4,1B 37 09 19 4A 6E AA BB
35.430449085,0x316,E6 E0 D8 14 49 C1 D5 EB
35.430449085,0x427,CF 27 E4 1A CC CE FA 6C
35.441158325,0x1A4,AA 69 10 19 D6 54 D7 13
35.441158325,0x316,04 F6 2C 60 A4 95 95 20
35.441158325,0x427,C4 53 C3 C1 99 E5 7C 03
35.450596948,0x1A4,2F EF 16 19 3F B9 1A 85
35.450596948,0x316,63 AD 86 BF 7E 29 19 1F
35.450596948,0x427,89 E2 8B 2A 00 AF 86 32
35.458782271,0x1A4,C6 A2 1D 19 AE E1 A7 DE
35.458782271,0x316,4A 81 CF F8 64 1F 19 1D
35.458782271,0x427,AB F6 FF 09 55 50 B0 E2
35.470099134,0x1A4,C0 34 23 19 D8 69 C4 7E
35.470099134,0x316,57 71 B4 2B F6 57 4C A0
35.470099134,0x427,FD 79 9B CD 9A 78 4B 86
35.480027896,0x1A4,9D B4 2A 19 DB 37 CE 23
35.480027896,0x316,92 08 BE BF B4 8E CC DF
35.480027896,0x427,09 C4 0D 8C 57 B4 0B 6B
35.490433582,0x1A4,0D 73 30 19 46 C4 5E 02
35.490433582,0x316,12 E0 F7 4B 10 F0 19 1E
35.490433582,0x427,E7 93 7B 6F 72 19 E9 FE
35.499212941,0x1A4,C2 3D 37 19 11 2F 4E B8
35.499212941,0x316,73 3D 06 EC E9 80 56 E1
35.499212941,0x427,9D 1B 3B AD 45 4F 67 45
35.509058863,0x1A4,81 41 3D 19 F4 E5 87 52
35.509058863,0x316,B2 39 77 9D 34 3A B9 E3
35.509058863,0x427,22 43 23 5F 85 E0 55 90
35.519656029,0x1A4,6B DD 43 19 7C 6A 7B 2A
35.519656029,0x316,53 7F 3A 24 12 56 4A 4A
35.519656029,0x427,12 CB F3 85 9C B9 5D AF
35.530576379,0x1A4,7F 9C 4A 19 47 33 85 CD
35.530576379,0x316,94 17 2F 9D D7 F7 B5 F3
35.530576379,0x427,14 D2 E7 B6 FB 74 0A 5F
35.539368405,0x1A4,DF 12 50 19 69 AD C1 9A
35.539368405,0x316,1C 39 51 40 0B 34 DC 78
35.539368405,0x427,95 50 7F 76 06 01 EB 35
35.548400325,0x1A4,91 F7 57 19 B3 7D 86 54
35.548400325,0x316,9F 16 55 ED E4 F0 2B BF
35.548400325,0x427,CD 74 5A B8 BB 14 06 FF
35.560160949,0x1A4,B6 A2 5D 19 D5 07 87 ED
35.560160949,0x316,CF 97 A5 22 F4 83 0B 2A
35.560160949,0x427,90 AA 3D 86 92 93 0F B7
35.571746607,0x1A4,73 15 64 19 76 92 4F 79
35.571746607,0x316,3B A4 83 02 A6 00 54 51
35.571746607,0x427,7B D4 92 6A A4 BD E1 2D
35.581692837,0x1A4,E7 46 6A 19 0E 42 72 78
35.581692837,0x316,F5 0E 2A 11 A4 95 49 FE
35.581692837,0x427,AC 1B 1B FA 31 29 6F 01
35.590323547,0x1A4,93 C7 71 19 B8 2F 93 B3
35.590323547,0x316,7B 6E 0B 30 3C 34 03 33
35.590323547,0x427,DD F1 AC B1 9F 69 06 18
35.598925331,0x1A4,7D C5 77 19 94 63 66 75
35.598925331,0x316,E0 B7 BE 54 DB 36 3F 18
35.598925331,0x427,93 C2 A4 0F 09 37 FE 9F
35.611205245,0x1A4,2B 56 7E 19 FD 2A 2E 98
35.611205245,0x316,22 4E 0D 28 40 F8 17 11
35.611205245,0x427,3F 46 B7 59 D7 68 E7 A2
35.620142405,0x1A4,7E DA 84 19 75 C7 22 E2
35.620142405,0x316,E1 11 DD 39 8A 21 4F 58
35.620142405,0x427,65 76 FA A0 70 FD 9D 03
35.628321298,0x1A4,C2 82 8A 19 0D E6 50 31
35.628321298,0x316,48 EA 4A 46 57 84 C0 48
35.628321298,0x427,43 F6 1C D2 30 C4 58 E9
35.639943350,0x1A4,64 5A 91 19 2D 31 19 6D
35.639943350,0x316,41 B8 9F 95 77 EB B4 BA
35.639943350,0x427,36 A7 45 4E B1 B8 05 5E
35.650293195,0x1A4,1B 4B 97 19 72 61 59 C4
35.650293195,0x316,4B 98 3C 67 C9 CD 2E EF
35.650293195,0x427,68 41 37 41 32 0E A5 8F
35.659002056,0x1A4,FE 16 9E 19 F0 DA 3F A4
35.659002056,0x316,23 50 CC A8 9C D0 DC 33
35.659002056,0x427,AE 79 D5 13 B3 32 B7 97
35.670241350,0x1A4,96 1D A4 19 52 A7 5C 1A
35.670241350,0x316,6A 68 0C BB 4A B5 68 37
35.670241350,0x427,DD 21 AD 47 74 B9 A6 2D
35.678748392,0x1A4,33 E1 AB 19 A1 01 4C 90
35.678748392,0x316,7E C8 31 1A DB AD 6F 20
35.678748392,0x427,08 9F 00 CC 95 9E B6 85
35.689723641,0x1A4,3E 69 B1 19 4E 96 13 A5
35.689723641,0x316,3D 23 1C C4 75 C8 08 62
35.689723641,0x427,DB 60 85 54 27 2C 5E 93
35.700480283,0x1A4,01 65 B7 19 CA 6F 78 DA
35.700480283,0x316,9E 73 98 97 4A 8C D2 9A
35.700480283,0x427,64 09 F9 46 E8 F4 76 F7
35.711612328,0x1A4,76 2F BE 19 EB 6E BD BC
35.711612328,0x316,06 EA 0F DF 67 C8 AA 9D
35.711612328,0x427,1D 9D 22 AB D0 47 C3 E8
35.720307125,0x1A4,CE 30 C4 19 FD 1F 95 35
35.720307125,0x316,CD 8F 08 2B 5D 08 AF 00
35.720307125,0x427,74 9A 8A C8 5E 47 59 3B
35.729967417,0x1A4,1E D2 CB 19 AA D6 68 37
35.729967417,0x316,CE F1 61 17 A4 CC F6 ED
35.729967417,0x427,B5 98 A8 CD B5 A3 6B 9D
35.739679840,0x1A4,2C 7A D1 19 45 7E B1 24
35.739679840,0x316,BA 89 31 2A 3D 02 B8 79
35.739679840,0x427,89 B5 E6 DF C0 2D 10 00
35.748286824,0x1A4,62 45 D7 19 70 E0 E9 13
35.748286824,0x316,AF 32 5D E5 E0 91 47 F8
35.748286824,0x427,47 45 5C 0D FB C9 10 23
35.758548178,0x1A4,AD 1D DE 19 BC E9 A6 CE
35.758548178,0x316,A1 75 8F 70 E1 63 E7 6C
35.758548178,0x427,BC 19 33 AA 8B 9D C0 78
35.768294923,0x1A4,E0 20 E4 19 49 76 74 4D
35.768294923,0x316,36 95 18 80 CB D8 8F C2
35.768294923,0x427,A8 24 07 1E CA 4A A3 3D
35.781991259,0x1A4,F9 AB EA 19 35 D0 AB 64
35.781991259,0x316,C0 5B 97 60 B1 98 1F C6
35.781991259,0x427,AD 15 B2 62 14 72 CC B4
35.788988869,0x1A4,FE 63 F1 19 5A BB E0 5A
35.788988869,0x316,89 9F CF 4F 8C BA B1 D6
35.788988869,0x427,F6 DA A0 85 62 12 25 51
35.799672394,0x1A4,68 01 F7 19 92 E4 04 14
35.799672394,0x316,67 01 1F E2 B4 3F FA 9A
35.799672394,0x427,0D D8 99 D7 C3 1B C2 36
35.808081209,0x1A4,35 7B FE 19 22 99 86 2A
35.808081209,0x316,C9 A0 0B F2 36 BE 3E A2
35.808081209,0x427,14 22 67 D5 A8 C1 19 47
35.821882035,0x1A4,B0 E1 04 1A BD 0B 94 24
35.821882035,0x316,DD 1E 02 D7 5D 2C EF 6F
35.821882035,0x427,71 00 7C 8F 15 C4 0F 71
35.829832504,0x1A4,95 C4 0A 1A BF 0E F2 B1
35.829832504,0x316,37 9D F9 C9 9B 53 23 40
35.829832504,0x427,01 40 74 AF 17 09 C8 1E
35.840786459,0x1A4,16 DE 11 1A BC CF 56 E6
35.840786459,0x316,27 40 77 6F 73 82 EF A6
35.840786459,0x427,53 5B 22 59 A4 38 92 2D
35.850763687,0x1A4,F2 C4 17 1A A4 3F BB DD
35.850763687,0x316,BD AC 9D 5D 1B AE F9 DA
35.850763687,0x427,BB BF 50 77 AD 87 4F C5
35.859527070,0x1A4,A4 AE 1D 1A 1A E7 92 58
35.859527070,0x316,51 6B 7E BA 13 5F 90 6C
35.859527070,0x427,92 48 BA 36 54 05 F2 9D
35.870819288,0x1A4,20 A9 24 1A A1 DB 54 E0
35.870819288,0x316,BB 61 76 FF E1 D8 AC EB
35.870819288,0x427,A7 FC 7C F0 1B 54 E4 30
35.879906086,0x1A4,A5 BA 2A 1A 82 F4 CB 5F
35.879906086,0x316,8E 4F D3 2D 3E B3 E5 EE
35.879906086,0x427,B6 94 64 BF 6B 0D D5 FE
35.890397538,0x1A4,94 6D 30 1A 4F 50 22 32
35.890397538,0x316,26 31 2C 71 49 EE 69 5C
35.890397538,0x427,2B 1B A8 86 50 38 E4 31
35.898604937,0x1A4,4C F4 37 1A 89 71 10 96
35.898604937,0x316,D1 C3 75 4F 8E 66 15 54
35.898604937,0x427,4A 7E 17 18 90 F7 39 E9
35.910404163,0x1A4,7A 18 3D 1A 84 55 72 EA
35.910404163,0x316,DE 6F F6 40 A6 10 B7 80
35.910404163,0x427,98 9D EB EB 9A 9B 53 03
35.918937537,0x1A4,78 91 43 1A E1 26 E5 45
35.918937537,0x316,B1 4D 95 08 39 16 B0 A5
35.918937537,0x427,55 37 63 46 40 C0 44 A4
35.931453975,0x1A4,5C 5E 4A 1A 97 98 F6 65
35.931453975,0x316,6E 2B 3E 0B F1 AC E8 FE
35.931453975,0x427,3F 3A 0C B2 77 AD 4A B4
35.940974903,0x1A4,62 18 50 1A 9C 41 30 46
35.940974903,0x316,D8 B8 11 A0 BF 6D A6 0E
35.940974903,0x427,3F AD 9C F8 DF 72 7A 92
35.951682657,0x1A4,40 79 56 1A D8 07 CA 07
35.951682657,0x316,80 B6 F9 DC 29 C8 D0 B7
35.951682657,0x427,74 8B 75 ED 04 F5 86 78
35.961664814,0x1A4,85 91 5D 1A ED 26 88 9B
35.961664814,0x316,7A 7C DA A1 2C D9 58 74
35.961664814,0x427,37 55 84 7D 06 41 7C 2C
35.971463246,0x1A4,49 EA 63 1A 28 CE FB BF
35.971463246,0x316,2D DC FB DF E0 BC C5 A5
35.971463246,0x427,51 6D 26 C0 9C 9C AB 8B
35.978228504,0x1A4,0F C7 69 1A 74 5B 98 1A
35.978228504,0x316,3D 0E C7 09 68 C5 99 5E
35.978228504,0x427,0C DC 61 07 7D 5B E8 9C
35.988236589,0x1A4,51 8F 70 1A 91 83 9B B6
35.988236589,0x316,16 93 37 27 80 CB A4 B4
35.988236589,0x427,20 5A 77 BC 35 D2 49 2D
35.999269892,0x1A4,39 2B 76 1A 78 68 D7 D9
35.999269892,0x316,64 B2 B3 21 82 FE 33 15
35.999269892,0x427,D2 1B 69 6B 0B 3F 85 D5
36.008467294,0x1A4,E4 8D 7C 1A AE C0 92 1E
36.008467294,0x316,49 29 59 0E 90 38 81 71
36.008467294,0x427,B0 C4 31 A3 9C 48 E9 B5
36.018946649,0x1A4,E8 8F 82 1A 94 CE 71 50
36.018946649,0x316,DD 26 F4 18 E6 B2 9E DB
36.018946649,0x427,26 0E 49 8B 0F CF 08 47
36.028631132,0x1A4,A8 53 89 1A 8B 69 42 DA
36.028631132,0x316,B0 EF B5 31 C8 F9 B4 A7
36.028631132,0x427,3E 5A 2F 9D E6 C2 C9 BC
36.040549539,0x1A4,F1 C6 8F 1A 5A 88 29 55
36.040549539,0x316,CB 8E 57 D6 C7 98 07 AC
36.040549539,0x427,4B 9A 25 D9 F4 8A 50 E6
36.051922260,0x1A4,0C DA 95 1A AE 0E D2 E5
36.051922260,0x316,9D 45 95 B5 24 94 51 2B
36.051922260,0x427,A5 93 DD E7 6D 35 7C FC
36.058698090,0x1A4,1C A3 9C 1A C2 DF DD B8
36.058698090,0x316,7B B5 BD F1 9B FD C2 5D
36.058698090,0x427,48 E3 2E 84 6B B9 A0 03
36.071244778,0x1A4,5E 91 A2 1A CA 5D 1C AA
36.071244778,0x316,EF 59 36 67 CE CB 97 6A
36.071244778,0x427,8A 99 74 D6 E1 DB EF AA
36.078087855,0x1A4,A8 9A A8 1A 62 60 BD 0F
36.078087855,0x316,60 E2 A0 10 FE 82 64 31
36.078087855,0x427,DB 50 36 D3 50 1A E4 C2
36.089404683,0x1A4,E4 FC AE 1A 45 79 C3 25
36.089404683,0x316,3D EE 9C BA 98 40 42 44
36.089404683,0x427,14 F9 7E 15 A0 8B 2E 2C
36.100199182,0x1A4,AF 96 B5 1A 82 E7 64 0B
36.100199182,0x316,12 D6 88 46 FE 8E C8 9B
36.100199182,0x427,5B EA DC 32 E9 BC 4F B0
36.110661244,0x1A4,6C 35 BB 1A 1A B5 C4 68
36.110661244,0x316,1F A5 47 2C 71 00 A3 A2
36.110661244,0x427,C3 25 30 BF BE 70 95 D7
36.118808562,0x1A4,0D F9 C1 1A 3E 45 EB F0
36.118808562,0x316,21 50 D3 00 65 7A A8 4F
36.118808562,0x427,5C 57 15 46 EF D1 80 8F
36.131227627,0x1A4,52 7A C7 1A DE 8A 22 1E
36.131227627,0x316,2F 6E 69 57 30 4F 5C 77
36.131227627,0x427,93 CD 73 91 A9 04 0B D6
36.139123180,0x1A4,68 34 CE 1A 54 56 0A 16
36.139123180,0x316,EE C7 F1 90 95 5C 26 EE
36.139123180,0x427,3E 85 87 76 3A C8 91 16
36.150866963,0x1A4,62 53 D4 1A 61 C6 02 EB
36.150866963,0x316,9B 0D 2F 17 21 62 B8 2E
36.150866963,0x427,57 D0 C3 BA A1 77 1F 16
36.161565453,0x1A4,48 57 DA 1A BA C3 47 51
36.161565453,0x316,8F 82 55 97 E4 7D 6A A0
36.161565453,0x427,1F 6A 3C F7 B4 C1 25 05
36.171938036,0x1A4,3F EE E0 1A F2 97 59 2B
36.171938036,0x316,B9 A5 EA C9 61 1C AC 02
36.171938036,0x427,3B C6 AF 37 64 67 50 A3
36.180000156,0x1A4,57 2B E7 1A 4D 70 D9 75
36.180000156,0x316,0F 6F CE 14 D7 12 90 E0
36.180000156,0x427,AA 33 6A B9 77 00 78 F1
36.188510940,0x1A4,15 D6 ED 1A 66 D2 CA 4E
36.188510940,0x316,9F D6 59 D6 9F D8 4E AE
36.188510940,0x427,9E E9 6E A4 15 FF 51 F1
36.200899410,0x1A4,32 57 F3 1A 95 80 55 DD
36.200899410,0x316,00 04 EB 30 B9 28 56 BF
36.200899410,0x427,C0 3D 7E C1 D1 CE F4 BC
36.209651006,0x1A4,A0 E8 F9 1A 91 14 7C 4F
36.209651006,0x316,FD 61 A7 0D 79 7D 1A 61
36.209651006,0x427,02 C7 B6 B4 68 D9 7D 49
36.220050585,0x1A4,23 AC 00 1B 33 25 6A 47
36.220050585,0x316,8F F6 F2 23 67 75 A6 90
36.220050585,0x427,31 4B C7 50 66 C6 FA 69
36.231136564,0x1A4,14 8A 06 1B 9B 99 D4 D5
36.231136564,0x316,F4 D7 30 30 CD 2E D6 45
36.231136564,0x427,E6 8C 31 E2 F1 62 00 33
36.241512234,0x1A4,A0 37 0C 1B 12 FA B1 FA
36.241512234,0x316,A6 AF 80 4B 98 07 65 42
36.241512234,0x427,FB 2B 93 B2 00 84 89 70
36.250180668,0x1A4,02 3B 12 1B 08 51 A8 17
36.250180668,0x316,80 25 69 7D 55 50 EB 5A
36.250180668,0x427,90 6E 25 94 29 C1 15 5D
36.259053215,0x1A4,1A D6 18 1B 6F 13 BA C5
36.259053215,0x316,E1 B3 4E A4 FE 20 E6 85
36.259053215,0x427,6F C7 1D 73 E3 1D 5A D4
36.268027754,0x1A4,49 F2 1F 1B 45 D8 E1 AF
36.268027754,0x316,4F 49 EC D4 E6 39 A4 2B
36.268027754,0x427,67 35 67 09 E2 40 1D F3
36.278961017,0x1A4,12 7C 25 1B 70 2C D1 95
36.278961017,0x316,4C F8 BB 62 65 3B DC 27
36.278961017,0x427,ED 02 B7 89 7C 10 97 91
36.290362443,0x1A4,38 FF 2B 1B FA C4 66 FE
36.290362443,0x316,C5 8E C2 B3 36 04 11 6F
36.290362443,0x427,66 D9 CF 58 75 C7 60 A5
36.301601494,0x1A4,16 B0 31 1B 22 B7 98 AE
36.301601494,0x316,5E 71 D8 CB C7 85 E7 49
36.301601494,0x427,63 3E 1B 35 42 2F 99 57
36.311424395,0x1A4,49 83 37 1B 84 FD EE F7
36.311424395,0x316,6C C2 F6 80 59 64 36 8D
36.311424395,0x427,86 8D 71 D4 65 E2 3D BE
36.321859629,0x1A4,48 EB 3E 1B 2D EA D9 44
36.321859629,0x316,26 E2 3B 17 CF D2 65 83
36.321859629,0x427,D6 21 FE C5 4B E0 F1 35
36.328447787,0x1A4,96 4D 44 1B FB 8D DF 37
36.328447787,0x316,F1 69 BA 77 42 CC C6 42
36.328447787,0x427,AA FA 0C 08 81 E8 02 EC
36.340286842,0x1A4,8F 2E 4A 1B EA 10 5C 84
36.340286842,0x316,21 75 88 A8 44 AA 90 A1
36.340286842,0x427,0B 95 B9 2F DE 59 A7 79
36.348701517,0x1A4,2F EF 50 1B B4 7D 9D 77
36.348701517,0x316,B7 E2 39 96 1A 89 AF 52
36.348701517,0x427,1D EC 4D 5F 7B 31 53 90
36.359986208,0x1A4,5D B8 56 1B FC A9 86 A8
36.359986208,0x316,26 C7 A0 96 A3 F3 B9 E6
36.359986208,0x427,27 61 AA 08 77 F9 86 52
36.368600302,0x1A4,1D A1 5C 1B 5B EA C7 1A
36.368600302,0x316,1B 15 25 A1 CE D4 DF 5B
36.368600302,0x427,13 5A 8C DE 52 83 A9 E6
36.378903437,0x1A4,80 9F 63 1B 6E DF A3 28
36.378903437,0x316,0B 61 E1 6B DB 19 BA 79
36.378903437,0x427,83 B7 AF 55 21 20 30 56
36.388238667,0x1A4,A3 8C 69 1B 6F B0 29 E7
36.388238667,0x316,1B 36 A7 19 52 8A E6 2F
36.388238667,0x427,0D 1F C4 E9 73 2F A6 5B
36.399483397,0x1A4,65 14 6F 1B D7 B2 A9 29
36.399483397,0x316,3F E8 82 77 6D A6 F9 8B
36.399483397,0x427,A4 3A A8 2F 61 08 86 C0
36.409222035,0x1A4,E1 67 75 1B F6 DF 62 70
36.409222035,0x316,01 21 29 CF 36 4E DA 9D
36.409222035,0x427,B1 9F D9 74 D6 83 F4 97
36.419151568,0x1A4,84 74 7B 1B 4C A6 CA B1
36.419151568,0x316,1A 18 5A 6F 98 DB 1F BB
36.419151568,0x427,09 B8 3A 66 F7 04 3C 79
36.428703110,0x1A4,A3 57 81 1B AF D4 5B 3E
36.428703110,0x316,6B BD A8 40 E0 EF 2E B9
36.428703110,0x427,F7 00 8B 5F 77 54 D7 99
36.441903326,0x1A4,96 30 88 1B EF E4 88 7B
36.441903326,0x316,E6 D5 B5 AD 59 F8 B1 66
36.441903326,0x427,47 28 D8 4C 4D E4 45 0A
36.448059289,0x1A4,5D 19 8E 1B 00 42 D2 ED
36.448059289,0x316,24 6E 9F E0 D5 48 FB 3B
36.448059289,0x427,12 4E 5F C3 3D 11 4C EF
36.460623950,0x1A4,78 1F 94 1B 9A 6D 48 ED
36.460623950,0x316,2B 2E C8 81 E0 67 9C 1B
36.460623950,0x427,D4 BC C5 6B 74 67 07 6D
36.468492852,0x1A4,A6 9C 9A 1B 4F D7 F4 44
36.468492852,0x316,11 29 38 F4 CC 40 D6 93
36.468492852,0x427,77 8F 97 66 0E D5 D3 97
36.479272226,0x1A4,59 64 A0 1B 08 9B FD 29
36.479272226,0x316,02 D3 1F 83 90 30 98 2A
36.479272226,0x427,97 5D 1F EC F8 FD F2 4C
36.491454576,0x1A4,EA E7 A6 1B B4 3C CB 98
36.491454576,0x316,43 AE 19 F7 7F FA 97 B2
36.491454576,0x427,9C 60 5E F1 F2 76 2A 86
36.498868209,0x1A4,3D 6A AC 1B 45 1A 95 F3
36.498868209,0x316,6B 06 F1 F8 EA AD 67 91
36.498868209,0x427,64 3F 79 C0 36 7F B9 23
36.508068751,0x1A4,72 86 B2 1B DD 00 D5 A9
36.508068751,0x316,07 21 49 55 7C AF DF C9
36.508068751,0x427,C0 E0 BC F5 D9 D7 C5 0D
36.521778976,0x1A4,5B 3A B9 1B AC 5D 24 17
36.521778976,0x316,FD 8C 2C 4F 24 19 F9 CA
36.521778976,0x427,DE FB 0C C4 DE C8 36 24
36.529078246,0x1A4,8B 6C BF 1B 88 2B 9A 58
36.529078246,0x316,D6 3F 6E 75 A5 DA 5F 65
36.529078246,0x427,D6 DB 53 2A D8 13 E9 75
36.539228719,0x1A4,AE 42 C5 1B C5 92 9A A8
36.539228719,0x316,99 F8 C1 25 AA D7 4D 33
36.539228719,0x427,71 52 09 E2 5C AD 0C 2C
36.549458640,0x1A4,CF D6 CB 1B DA 12 BA 4E
36.549458640,0x316,4A 79 93 14 BC 87 41 2F
36.549458640,0x427,E5 86 76 3C B1 4D 96 DB
36.558879386,0x1A4,C9 E8 D1 1B EB AA C1 6F
36.558879386,0x316,76 2D 15 17 1F DF 60 B9
36.558879386,0x427,65 CA A6 3E 7E 95 75 27
36.568999161,0x1A4,95 63 D7 1B 2C 4D 2B 8E
36.568999161,0x316,47 B9 7D D8 B0 47 8E C6
36.568999161,0x427,27 5C CF 5F A3 0F 44 01
36.579195971,0x1A4,E0 38 DD 1B 8C D6 C9 28
36.579195971,0x316,7D 09 3F 58 FE ED 93 19
36.579195971,0x427,F3 64 86 78 13 99 C1 8C
36.589644956,0x1A4,73 3C E3 1B 80 48 E0 64
36.589644956,0x316,D9 3A E3 B2 1B DE 65 36
36.589644956,0x427,28 6D AF E9 E9 0A E9 78
36.598033330,0x1A4,74 AD E9 1B 1C A5 54 60
36.598033330,0x316,08 28 D3 D4 E6 E2 A6 76
36.598033330,0x427,42 1A CB B4 11 57 24 3E
36.608882773,0x1A4,20 A6 EF 1B DA 37 BD EA
36.608882773,0x316,69 FA 87 18 42 0B 38 63
36.608882773,0x427,66 88 E5 20 16 D3 7F 51
36.618880868,0x1A4,E2 DE F5 1B 4B 5B 6D EF
36.618880868,0x316,11 C7 2E 22 DD C4 5E 66
36.618880868,0x427,6A 65 F4 C5 F9 99 BD 53
36.629999639,0x1A4,35 B9 FC 1B F0 70 7F 48
36.629999639,0x316,E6 D3 DD D1 ED 63 BC AC
36.629999639,0x427,9D AA F9 BA 91 34 68 DF
36.638170709,0x1A4,0B 17 02 1C 61 FC D0 98
36.638170709,0x316,90 60 D3 64 BB C5 BB 88
36.638170709,0x427,98 19 58 12 BB 49 CC 58
36.650159764,0x1A4,06 D7 08 1C B2 09 7D AB
36.650159764,0x316,2E C3 8C BD 8F B5 60 F8
36.650159764,0x427,53 35 20 96 94 AC E2 06
36.660889049,0x1A4,C3 F0 0E 1C 4D E7 B5 E2
36.660889049,0x316,A5 1E C8 9B 42 E5 9B 2D
36.660889049,0x427,7F 6B 91 C4 9F 49 33 3C
36.671235046,0x1A4,D9 78 14 1C 3E 69 BE 5C
36.671235046,0x316,C1 78 00 57 69 6A 5F 80
36.671235046,0x427,31 BC BF D2 9C 4D 68 00
36.679410204,0x1A4,62 16 1A 1C AA 37 63 99
36.679410204,0x316,81 64 6E C0 84 2C EF 65
36.679410204,0x427,FD 4E 22 EA 40 F1 C7 13
36.688000006,0x1A4,55 8D 20 1C 63 18 E6 3A
36.688000006,0x316,43 34 59 23 FE B3 FC 7F
36.688000006,0x427,89 D6 1E 30 E6 D4 53 0B
36.701793828,0x1A4,A0 52 26 1C B2 CD 4B 4D
36.701793828,0x316,77 6A 76 6F 7C 0A C5 17
36.701793828,0x427,A3 26 EF 56 26 2F 52 62
36.709527093,0x1A4,3C 7D 2C 1C 88 54 0C 2E
36.709527093,0x316,CC 6A FB 6C 97 64 97 26
36.709527093,0x427,BA 68 F3 48 F6 BA A3 4F
36.721174470,0x1A4,65 57 32 1C CD AF DE AC
36.721174470,0x316,4F 14 3F D2 6B 03 0C 7B
36.721174470,0x427,71 66 EA 08 74 2C D2 42
36.728712340,0x1A4,47 17 38 1C BA FF 7B F4
36.728712340,0x316,F7 F2 F6 6B 87 E3 F4 2D
36.728712340,0x427,29 F2 DD 29 33 7E F1 65
36.740320964,0x1A4,DC D1 3E 1C AE F4 70 84
36.740320964,0x316,DF 42 90 D5 66 08 3F 1B
36.740320964,0x427,84 2C 05 77 0B 05 65 CE
36.748404768,0x1A4,08 ED 44 1C 90 41 A6 58
36.748404768,0x316,17 FF A1 AF FE 4D 90 BB
36.748404768,0x427,3C AF F5 19 39 01 E7 A7
36.759217961,0x1A4,71 9A 4A 1C 1F 94 8B 67
36.759217961,0x316,2A 78 B5 CD AE 05 92 CE
36.759217961,0x427,E8 24 21 03 F7 AD 2F 29
36.771246206,0x1A4,77 AC 50 1C 8D 12 F5 20
36.771246206,0x316,89 5F 1E 93 68 D0 C8 81
36.771246206,0x427,F7 2F 4D 62 B5 44 B1 AF
36.780278813,0x1A4,19 B3 56 1C 79 79 F7 02
36.780278813,0x316,66 A1 73 7C E7 90 60 A7
36.780278813,0x427,CD 62 BD F5 01 E5 91 AB
36.790876191,0x1A4,9E 08 5C 1C 77 25 26 6C
36.790876191,0x316,A5 D3 77 C5 BB 73 F4 0D
36.790876191,0x427,5E 6D 8E 4D 63 91 CB 6C
36.801957434,0x1A4,F9 D2 62 1C F0 F8 F7 BD
36.801957434,0x316,EF 80 55 A2 74 73 AF 1D
36.801957434,0x427,4D E4 87 9A EB BF 9F CE
36.809905733,0x1A4,A0 4A 68 1C F9 81 80 E8
36.809905733,0x316,07 E4 44 73 A9 1B 87 80
36.809905733,0x427,C6 7A 71 5F E2 D8 EF C7
36.820457175,0x1A4,0C 65 6E 1C A8 2B 47 B6
36.820457175,0x316,D6 B8 C6 55 B7 6B 1B D8
36.820457175,0x427,FB 57 F7 88 5C EF C5 F8
36.831693476,0x1A4,15 95 74 1C 9B 8B 96 1C
36.831693476,0x316,B7 2E 16 C9 F8 6D C8 2D
36.831693476,0x427,B6 6A 11 FB 33 88 8F 6C
36.841066403,0x1A4,C6 40 7A 1C 34 DA 75 C2
36.841066403,0x316,88 35 2B 62 EA EA CC DE
36.841066403,0x427,E2 60 BA AC 33 7A 7B 14
36.848155909,0x1A4,EC C6 80 1C 8B EA C7 01
36.848155909,0x316,B6 36 4D 56 9B 50 BD F2
36.848155909,0x427,84 3A 26 EF 10 F6 22 B5
36.861166842,0x1A4,B7 44 86 1C 8B 93 01 42
36.861166842,0x316,C0 C4 96 32 33 3E D0 83
36.861166842,0x427,23 F6 15 D0 AE 30 51 9D
36.871864425,0x1A4,FF E0 8C 1C FA D6 48 DF
36.871864425,0x316,CD 2E 7A 74 B9 D2 54 6F
36.871864425,0x427,71 5A 6D 0C 28 B8 FA 76
36.881555952,0x1A4,F3 67 92 1C EF 3E 33 0A
36.881555952,0x316,D9 FE 1D 1F BC 7A 2E DE
36.881555952,0x427,24 D4 57 7D A9 FD D2 75
36.889224321,0x1A4,33 89 98 1C 0C 9E D1 0C
36.889224321,0x316,F1 60 A0 E3 03 93 6D 99
36.889224321,0x427,BA 19 B7 AF CB 35 8A 5E
36.900460312,0x1A4,5C 7D 9E 1C 6F D7 FA 6C
36.900460312,0x316,90 E4 63 56 70 8E CC AC
36.900460312,0x427,7A 1F D0 4B 6A 37 4F C4
36.910801951,0x1A4,19 15 A4 1C BF 15 06 06
36.910801951,0x316,CB 90 F1 8A 04 8C 69 44
36.910801951,0x427,43 21 C1 2D 81 C1 11 4B
36.918756982,0x1A4,C5 D6 AA 1C A5 75 C4 6A
36.918756982,0x316,E5 1F 7C 04 5A 87 5F 72
36.918756982,0x427,76 1E 1B 53 DE F9 34 4C
36.930924570,0x1A4,2D C3 B0 1C DF 11 1E 09
36.930924570,0x316,6D F7 84 98 94 46 97 1C
36.930924570,0x427,DD 5F 74 5B D6 14 5E BB
36.941847606,0x1A4,43 6D B6 1C FC 36 01 88
36.941847606,0x316,04 27 1A BD 70 51 6E 65
36.941847606,0x427,25 00 A6 3F C0 1C DC 2C
36.951726951,0x1A4,4B 18 BC 1C 54 CA F4 88
36.951726951,0x316,9B E8 35 18 BD 1D 45 20
36.951726951,0x427,56 BD 0E BA F2 68 07 25
36.961855019,0x1A4,F3 0B C2 1C 2C C2 52 7E
36.961855019,0x316,E7 9A 5C 6E 9F 14 89 E4
36.961855019,0x427,16 7E 52 46 22 3C 6B 58
36.970069640,0x1A4,FF 57 C8 1C E8 82 41 75
36.970069640,0x316,FF C6 61 B0 D4 83 03 9E
36.970069640,0x427,3E 62 7D 3E DE D8 34 EB
36.980746666,0x1A4,D7 A5 CE 1C CF 0C 51 E7
36.980746666,0x316,E2 2D BD D5 56 01 A9 EE
36.980746666,0x427,1C 6D 91 BB CF 58 0B D2
36.991785621,0x1A4,28 F2 D4 1C 7C 75 AE 91
36.991785621,0x316,3D FC 5A 75 92 72 67 0A
36.991785621,0x427,7E DF 97 13 73 4D 9B 53
36.998201242,0x1A4,C5 83 DA 1C A6 33 CD 09
36.998201242,0x316,FA 6F 91 25 0A 97 FE 9B
36.998201242,0x427,97 67 12 FA 15 A0 4B B9
37.008574061,0x1A4,55 CF E0 1C 47 75 FE CF
37.008574061,0x316,70 2B CD E1 BE 2D E3 19
37.008574061,0x427,C8 0C C5 61 78 DE 3B 83
37.021956587,0x1A4,80 BE E6 1C EE C0 B3 B9
37.021956587,0x316,31 EF 29 14 33 46 78 56
37.021956587,0x427,79 BE 6C ED 7A 76 01 A3
37.029368985,0x1A4,45 F6 EB 1C FA F3 4E 4D
37.029368985,0x316,89 EB 2A 6C A0 DE 96 66
37.029368985,0x427,78 EC BA 05 3D 0F 16 2F
37.039616514,0x1A4,3D B8 F1 1C D1 1F 2C BF
37.039616514,0x316,33 72 C1 41 B8 61 BA B8
37.039616514,0x427,A6 27 24 A7 25 99 20 BE
37.051526508,0x1A4,95 65 F7 1C BC E8 4B 14
37.051526508,0x316,C0 04 3C D6 8A 8C 8F E9
37.051526508,0x427,48 9D F5 6E B7 BA 14 F7
37.059117000,0x1A4,8C 0E FD 1C 21 4E 2C CB
37.059117000,0x316,B5 8E 0F 31 CF 2E 26 92
37.059117000,0x427,6D 4E CF 42 04 F9 B2 FE
37.068424140,0x1A4,B9 9B 03 1D 5E BF 96 9D
37.068424140,0x316,FC 18 98 83 F5 3B 06 8A
37.068424140,0x427,3A B6 AF DA 18 76 31 CB
37.081926961,0x1A4,B8 8E 09 1D EB D5 BA B1
37.081926961,0x316,85 41 88 CC F0 33 80 0C
37.081926961,0x427,B8 F4 CD 5F 30 26 C6 92
37.090471940,0x1A4,22 2E 0F 1D 4B F4 17 37
37.090471940,0x316,AC 7B BE C2 F1 80 7B EF
37.090471940,0x427,51 AB DB 6F B2 6C 58 46
37.100799421,0x1A4,C5 DB 15 1D 15 58 59 B0
37.100799421,0x316,D2 41 3F C7 01 EB 8A 2F
37.100799421,0x427,3F E4 DF 46 38 70 66 80
37.110861730,0x1A4,F3 77 1B 1D 76 C2 B5 0B
37.110861730,0x316,74 8B C8 9A 5F 47 0F 66
37.110861730,0x427,12 24 E5 E8 17 15 67 2E
37.120669052,0x1A4,53 0E 21 1D A3 06 F0 48
37.120669052,0x316,49 51 CE 45 9C 06 4B 01
37.120669052,0x427,A9 21 3D 68 37 E3 06 35
37.131088169,0x1A4,D1 C3 27 1D 76 77 34 C8
37.131088169,0x316,5A 31 11 6A E2 18 3F A8
37.131088169,0x427,1B 68 38 21 38 3D 57 46
37.141504070,0x1A4,87 9A 2C 1D 4E 8C 62 76
37.141504070,0x316,5B 45 5D 99 C5 5C 4E CA
37.141504070,0x427,34 6D D4 F9 66 F7 85 A2
37.148887565,0x1A4,F0 E4 32 1D FE AB DE 18
37.148887565,0x316,55 AB A8 38 C0 1D 8E 39
37.148887565,0x427,55 6D A0 04 E0 94 81 B5
37.161148744,0x1A4,80 90 38 1D 15 3D 97 38
37.161148744,0x316,65 1D 50 10 AE CF 83 9C
37.161148744,0x427,00 50 AF 49 29 F4 68 BA
37.168406165,0x1A4,8D D5 3E 1D BD 24 FC 9B
37.168406165,0x316,D1 A1 B4 D3 61 C6 EC 75
37.168406165,0x427,ED 8A 81 96 AC 3D B7 6B
37.179888182,0x1A4,0F 76 44 1D 0B 0B 61 98
37.179888182,0x316,9B 17 29 54 8D FC 9C 8A
37.179888182,0x427,E5 17 98 63 4A 1C C1 79
37.191934485,0x1A4,03 23 4A 1D 07 9E C2 8E
37.191934485,0x316,0B 9B 37 03 5B 9E CB 57
37.191934485,0x427,46 4C 31 57 6A 1C D4 51
37.198684410,0x1A4,6F 76 50 1D 66 CB 97 D2
37.198684410,0x316,BE 16 C3 71 D1 F6 DA 26
37.198684410,0x427,C3 31 42 76 F6 12 B7 DA
37.208487831,0x1A4,AA 24 56 1D 75 CD BC 7F
37.208487831,0x316,14 55 EC 35 8A E7 40 88
37.208487831,0x427,26 21 9E B2 B7 FF 85 2B
37.220782079,0x1A4,AF CE 5B 1D EA 0D DB 63
37.220782079,0x316,F4 11 75 41 B4 F5 26 67
37.220782079,0x427,20 9E 42 08 5D 89 23 A9
37.229416936,0x1A4,9B C9 61 1D 71 96 41 92
37.229416936,0x316,14 BC BC F7 01 B0 1F 14
37.229416936,0x427,D0 62 A2 A1 D0 C9 8D 7C
37.238064406,0x1A4,07 0B 67 1D F1 7F 25 FC
37.238064406,0x316,21 87 65 58 78 84 45 15
37.238064406,0x427,44 13 22 35 5E A4 7D BF
37.250076862,0x1A4,4E 59 6D 1D 34 53 93 87
37.250076862,0x316,DA 54 83 5E C8 16 D5 4D
37.250076862,0x427,29 EA B4 4A D0 32 38 C0
37.261629848,0x1A4,30 FF 73 1D 4B 73 95 73
37.261629848,0x316,3B 1F AC AC 18 39 A6 77
37.261629848,0x427,35 8B 91 07 4F 18 E9 27
37.270236497,0x1A4,7B 00 79 1D 8A 6C BE 95
37.270236497,0x316,66 19 AF 2A 11 D7 CF 9F
37.270236497,0x427,B0 2F 04 5A 67 CA 9C 90
37.279767121,0x1A4,59 CD 7E 1D F7 31 57 6A
37.279767121,0x316,38 71 EE FE 5C 1E D3 C3
37.279767121,0x427,DE 16 FE 05 94 FD 5A C0
37.291209057,0x1A4,CD ED 84 1D F8 DC AC 48
37.291209057,0x316,7C D1 72 8E 68 31 7A BE
37.291209057,0x427,1B 3E A2 7D 20 AF 5B FD
37.300419029,0x1A4,18 84 8A 1D 4E A2 12 60
37.300419029,0x316,73 35 D2 EB 03 AD 9F 89
37.300419029,0x427,84 EB B6 21 73 B6 E0 60
37.310996041,0x1A4,94 54 90 1D CF CE E5 F2
37.310996041,0x316,DF DA 83 D9 B1 4D 9D 1F
37.310996041,0x427,67 AB D3 18 31 DA 4F 65
37.318965632,0x1A4,86 DC 96 1D 7C 18 18 36
37.318965632,0x316,9D 4A FC FD D1 6D 52 1C
37.318965632,0x427,75 58 1C 92 4F C6 12 4A
37.328249911,0x1A4,3F 33 9C 1D 96 A5 69 DD
37.328249911,0x316,FB EC BB 28 62 E5 51 C4
37.328249911,0x427,6E DB 0B C7 4B 81 00 FC
37.339900269,0x1A4,FB 9D A1 1D 02 F6 98 FA
37.339900269,0x316,49 92 AF 66 2D 69 D1 8C
37.339900269,0x427,4F 84 94 68 0D 49 1E 5A
37.349684803,0x1A4,53 F2 A7 1D 60 A2 BE 37
37.349684803,0x316,1D D8 0D 6B 84 79 84 E6
37.349684803,0x427,3C 5A 68 99 56 A9 64 47
37.360224529,0x1A4,6E 6D AD 1D 7F 77 3F C5
37.360224529,0x316,00 04 F9 5C F3 BE 59 A1
37.360224529,0x427,9D 24 0B 1B EA 46 0B AA
37.370252799,0x1A4,C7 7D B3 1D 18 00 D5 AF
37.370252799,0x316,C6 3F D2 F5 43 52 14 A2
37.370252799,0x427,D5 40 02 C3 DE D1 DE A2
37.381276208,0x1A4,74 B5 B9 1D FA 09 97 80
37.381276208,0x316,A2 DA 1E 89 7C 78 52 88
37.381276208,0x427,45 79 65 64 0B 1A A0 39
37.391645749,0x1A4,E2 21 BE 1D 4C 50 6A 67
37.391645749,0x316,BC 63 AD 7E F8 7D BF C1
37.391645749,0x427,71 10 C3 76 D7 DE 49 49
37.401122708,0x1A4,F3 CE C4 1D 9E 54 AF EC
37.401122708,0x316,28 8B 0F 73 A6 0A 2F 28
37.401122708,0x427,F0 66 85 EC AC 55 93 DF
37.411461948,0x1A4,4B F0 CA 1D 79 F6 69 66
37.411461948,0x316,2C 18 D5 49 F8 B7 DA 00
37.411461948,0x427,93 C7 5C 88 33 1E 72 D4
37.419856991,0x1A4,58 9E D0 1D A9 B3 4F C3
37.419856991,0x316,BE 1C CA 76 AD 1B FC A7
37.419856991,0x427,3D EE 19 2C 4B 24 F0 AE
37.428041103,0x1A4,65 8F D6 1D BC B3 2B 19
37.428041103,0x316,3D 73 23 62 23 39 85 94
37.428041103,0x427,F3 D6 31 A7 4B 98 08 6B
37.438158515,0x1A4,E7 46 DB 1D 1D B7 13 6B
37.438158515,0x316,C4 03 09 69 EF 1B 5A 30
37.438158515,0x427,7A 37 EC A2 07 3B 6F 07
37.450572741,0x1A4,D7 A7 E1 1D E6 AF 64 39
37.450572741,0x316,0A 75 79 23 5E B2 15 9C
37.450572741,0x427,AD 18 B3 9E 73 48 DC 80
37.459359038,0x1A4,F4 8E E7 1D 66 07 9C 14
37.459359038,0x316,A9 4C 7D 99 CC D6 11 92
37.459359038,0x427,06 0D 6E BB E7 7E A5 68
37.469622969,0x1A4,99 91 ED 1D 95 6C D8 05
37.469622969,0x316,F7 87 34 53 23 AC 1C 9C
37.469622969,0x427,13 1E FC 3F 6A 0C 9D 2A
37.480086184,0x1A4,2A 0C F2 1D D9 72 20 A0
37.480086184,0x316,6A 53 CF 78 F5 6A 32 AF
37.480086184,0x427,9D 93 49 17 5E 2F AC F3
37.491923995,0x1A4,93 B6 F8 1D 3A F2 D0 05
37.491923995,0x316,85 FA 32 BE 75 96 F1 99
37.491923995,0x427,BB DF 2D E2 16 91 35 CA
37.500914504,0x1A4,26 26 FE 1D F5 BE AB 63
37.500914504,0x316,90 A1 53 8D 4D E1 E6 82
37.500914504,0x427,6E 4A 0A DD 66 84 6A 31
37.510551752,0x1A4,E0 D9 04 1E 29 EB C7 E9
37.510551752,0x316,E5 26 50 29 B9 57 30 75
37.510551752,0x427,CE FF 7A 5E 93 77 1A B9
37.520033053,0x1A4,57 13 09 1E FE C4 43 3D
37.520033053,0x316,B2 A0 DA 2C 78 0F E0 78
37.520033053,0x427,16 77 E8 EF 10 92 79 B6
37.529445539,0x1A4,B4 EE 0F 1E 34 21 25 33
37.529445539,0x316,A0 0D 9E 52 A5 5A F5 21
37.529445539,0x427,FC DC 00 4B A4 92 97 10
37.541946091,0x1A4,17 64 15 1E 29 64 E8 07
37.541946091,0x316,A8 6D FE 34 A1 BD DD 93
37.541946091,0x427,95 DD 0F 76 EE AA 8D 75
37.551002713,0x1A4,F1 65 1B 1E 97 11 05 AF
37.551002713,0x316,8D 86 6E 9A 77 41 93 71
37.551002713,0x427,42 DA 5D FD 3C 16 EC 3D
37.561081211,0x1A4,9F 0A 20 1E 92 DE 47 2D
37.561081211,0x316,6C C4 09 F9 E3 B7 1E 76
37.561081211,0x427,10 16 0E 80 6C 6E 31 A4
37.568900949,0x1A4,FD CD 26 1E E6 6D BE CD
37.568900949,0x316,78 30 A0 9A 7D 01 7F D6
37.568900949,0x427,B4 67 CD 54 04 FE 40 DF
37.578935954,0x1A4,D8 54 2C 1E 18 45 AC E8
37.578935954,0x316,E3 B1 C5 28 08 5F AF 3E
37.578935954,0x427,69 8A 53 76 19 06 D8 B8
37.590871710,0x1A4,B9 B2 32 1E E9 2E E1 11
37.590871710,0x316,DC 1A C3 01 DD CF A4 BF
37.590871710,0x427,A4 4A 46 08 37 19 99 AE
37.600869344,0x1A4,00 82 37 1E 78 56 06 68
37.600869344,0x316,63 D2 F7 DD DC 7B 0F 85
37.600869344,0x427,32 5A DB FE AD A1 5F 78
37.608596681,0x1A4,1F 1B 3D 1E FE 0A A4 62
37.608596681,0x316,06 7B 03 12 06 7D 75 C8
37.608596681,0x427,72 62 C6 6A 95 9F 23 F5
37.621059585,0x1A4,CA 46 43 1E C0 AF 23 E2
37.621059585,0x316,B6 3D 4A B7 86 35 8F 89
37.621059585,0x427,A7 AC F8 1E C3 54 3E B7
37.630696043,0x1A4,BF 07 48 1E D2 D6 62 9B
37.630696043,0x316,95 A5 A7 A5 E3 C9 3C FD
37.630696043,0x427,11 6B BF 88 B9 C9 FA B6
37.640566018,0x1A4,A7 85 4E 1E 9E EB 42 70
37.640566018,0x316,53 34 16 7B D9 AC E7 D3
37.640566018,0x427,8E 37 DD B9 26 27 4E 0F
37.651999875,0x1A4,A0 A0 54 1E 52 1B C9 CF
37.651999875,0x316,12 54 FD 65 DC F9 0B D4
37.651999875,0x427,04 49 83 D2 3D 77 A3 B9
37.660664145,0x1A4,19 8E 5A 1E 43 4F 37 0A
37.660664145,0x316,CC 07 06 5D FA 01 41 66
37.660664145,0x427,1D B6 74 B7 B3 6C 69 ED
37.668856547,0x1A4,90 93 5F 1E 64 B8 17 A1
37.668856547,0x316,84 23 4E A6 8B D7 A6 70
37.668856547,0x427,7E FA B7 6D AB 96 94 C9
37.680307344,0x1A4,99 30 65 1E BD 09 87 1A
37.680307344,0x316,B9 30 5F 25 D8 9A D9 D8
37.680307344,0x427,0A 24 33 43 27 62 08 C2
37.691238595,0x1A4,50 2E 6B 1E C2 8E 6E 94
37.691238595,0x316,67 7A EA C0 57 83 A7 CA
37.691238595,0x427,D3 DB 9D 1C F2 9C D4 B8
37.701212127,0x1A4,DA 88 70 1E 34 9E D0 5D
37.701212127,0x316,F2 5B B3 69 1B CF 12 A8
37.701212127,0x427,FD 66 FF 56 67 D7 56 24
37.711048581,0x1A4,EA B3 76 1E 9B BF 39 3E
37.711048581,0x316,23 5E A9 CB 81 15 8B 7B
37.711048581,0x427,33 21 C8 35 EF C6 B6 43
37.718799178,0x1A4,EA 3A 7C 1E 30 90 7C 54
37.718799178,0x316,78 71 5C A4 3C 60 97 B1
37.718799178,0x427,E6 38 F6 12 5F 59 4F 75
37.730907300,0x1A4,EE A9 81 1E B5 74 86 B5
37.730907300,0x316,59 FC D7 7D 88 00 A4 C0
37.730907300,0x427,F6 85 A6 3E B6 7A C9 C1
37.739162048,0x1A4,AA 54 87 1E 81 56 AA 57
37.739162048,0x316,C5 42 98 4B 81 06 6F B0
37.739162048,0x427,44 07 D6 71 8B 36 A6 54
37.751495579,0x1A4,CC 56 8D 1E 19 DA 4B 73
37.751495579,0x316,53 79 16 B3 1E 29 07 42
37.751495579,0x427,72 99 77 91 6E FE 79 46
37.760895989,0x1A4,29 71 92 1E 85 8F 26 09
37.760895989,0x316,05 0C E6 C2 4F 6A D8 23
37.760895989,0x427,33 E6 E4 25 FA 53 93 85
37.768762077,0x1A4,B1 93 98 1E 3B 09 A4 06
37.768762077,0x316,06 DE 94 38 3A DC 52 E1
37.768762077,0x427,5E 19 F0 5E C6 1E 44 90
37.778406156,0x1A4,DA 7E 9E 1E 58 CD BB B6
37.778406156,0x316,53 48 8D 4A DA 72 81 4E
37.778406156,0x427,F6 E1 DD F1 A5 12 41 B7
37.789505160,0x1A4,5E 82 A3 1E B2 D9 50 91
37.789505160,0x316,52 EA 46 A2 AD 87 03 4E
37.789505160,0x427,6D 44 AC 79 B2 55 8C B6
37.800957795,0x1A4,AB D1 A9 1E 79 FE 5B AC
37.800957795,0x316,08 3B 7D 4B C9 76 89 27
37.800957795,0x427,F9 4B 65 BE B3 7F 21 CE
37.811977125,0x1A4,9B ED AF 1E E1 DA E8 20
37.811977125,0x316,A6 BC 82 25 24 CE 81 9B
37.811977125,0x427,D0 53 D6 4A 41 19 F1 DB
37.821149597,0x1A4,E5 AD B4 1E 4C CA DE 41
37.821149597,0x316,2F DB 02 A3 06 D6 58 3A
37.821149597,0x427,ED 50 2B 07 6C D6 D5 D9
37.831334057,0x1A4,C2 7B BA 1E FB 95 4E 95
37.831334057,0x316,DB 8F 8E 4D 21 24 FB 25
37.831334057,0x427,01 69 90 95 E5 CD 16 03
37.841983212,0x1A4,14 6D BF 1E 05 B5 39 5D
37.841983212,0x316,E9 96 9C B8 6E 0E 33 82
37.841983212,0x427,14 49 D6 BE 9E 8F C7 DE
37.850211962,0x1A4,C6 8E C5 1E 8B 2E 4E 84
37.850211962,0x316,19 6F E5 67 67 FD 1A 7A
37.850211962,0x427,DC 64 53 9E B4 A9 66 E6
37.860407085,0x1A4,6A FF CB 1E 71 6C EF F8
37.860407085,0x316,EF 60 1E 58 18 74 D3 A4
37.860407085,0x427,BA 8B E7 27 DD 81 4E 96
37.868085547,0x1A4,00 AE D0 1E E1 C7 47 80
37.868085547,0x316,D1 B7 75 50 F7 70 F9 85
37.868085547,0x427,E6 39 D6 5F EB 36 C3 60
37.880593871,0x1A4,69 6C D6 1E C8 BA 13 ED
37.880593871,0x316,5F 11 39 7C B5 00 FC A5
37.880593871,0x427,71 81 4B 2B 01 96 EB DE
37.888700742,0x1A4,71 EC DC 1E BA CA 67 7B
37.888700742,0x316,9F 2F E6 2C 06 52 E7 7B
37.888700742,0x427,5A 8C AA E5 DB 50 3F 61
37.898149038,0x1A4,4B BF E1 1E 3A DC 32 AB
37.898149038,0x316,79 33 6B F2 5B A0 93 10
37.898149038,0x427,1A 5D A5 57 97 24 8E 39
37.910186065,0x1A4,EB D3 E7 1E 51 8C D8 34
37.910186065,0x316,35 61 6C 39 92 33 6C 26
37.910186065,0x427,05 B0 3F 47 69 E9 CF 9B
37.919862934,0x1A4,E8 F2 EC 1E 75 22 90 BA
37.919862934,0x316,8E E0 0D CA 00 8B 9D 1E
37.919862934,0x427,73 2E 66 A6 EA CD 6A 32
37.928631925,0x1A4,1A AE F2 1E B6 B7 B0 7F
37.928631925,0x316,93 1B 96 75 C6 B8 C4 91
37.928631925,0x427,13 DF A6 E9 CA AF 7D A3
37.938610869,0x1A4,E2 68 F8 1E 24 97 1F 03
37.938610869,0x316,C7 BD 08 D7 DF AB 0A BF
37.938610869,0x427,3C CE 82 D8 32 33 A3 D1
37.950123507,0x1A4,08 6B FD 1E 42 C0 A5 C9
37.950123507,0x316,66 9E 2C 86 6C 27 EC E5
37.950123507,0x427,E2 8A 76 3A 89 F0 CA BD
37.958731446,0x1A4,4F 01 03 1F 22 4A 12 5D
37.958731446,0x316,87 E6 0B AA BF 3C 68 08
37.958731446,0x427,4F 85 03 66 30 E2 5B A0
37.970229103,0x1A4,47 94 08 1F E4 1F B8 F3
37.970229103,0x316,BA 19 5B 54 4C 0C E6 81
37.970229103,0x427,D4 DE 33 11 84 4A 7F 45
37.979114764,0x1A4,27 0D 0E 1F 7D 19 2F F6
37.979114764,0x316,3A A1 E5 88 4C 25 BB D8
37.979114764,0x427,B8 13 C3 BD 04 9D A8 89
37.990384156,0x1A4,B2 BC 13 1F 58 A8 56 14
37.990384156,0x316,D6 92 6E F8 78 57 44 CC
37.990384156,0x427,51 5D 54 0E C2 87 56 72
38.001473001,0x1A4,99 64 19 1F E2 F8 DF 85
38.001473001,0x316,EC 16 7B 3F B8 26 A4 3E
38.001473001,0x427,73 F0 8D 41 AC E0 19 CC
38.010400607,0x1A4,CD A9 1F 1F FE 6B C4 2E
38.010400607,0x316,A2 1D 90 B0 42 8C B3 EF
38.010400607,0x427,21 4D 9B A6 02 9A 86 DB
38.018103957,0x1A4,6C 06 24 1F 44 7C 74 3A
38.018103957,0x316,7D 14 8C B0 A5 3C A6 B7
38.018103957,0x427,A3 BE C0 74 D0 18 6C 2D
38.029448412,0x1A4,31 B2 2A 1F B6 7B B8 FA
38.029448412,0x316,E7 72 F0 9B E2 10 09 44
38.029448412,0x427,C5 46 4E 8D 2E B4 08 47
38.041688280,0x1A4,F5 50 2F 1F 84 7C 3C BE
38.041688280,0x316,B0 C4 A4 30 67 FD BB BB
38.041688280,0x427,69 41 A8 D4 58 1B DF EA
38.050492918,0x1A4,6E 9B 35 1F A8 DA F8 E7
38.050492918,0x316,44 C3 33 E7 3D BA EE 21
38.050492918,0x427,64 57 C6 85 5E BC 81 4D
38.061900096,0x1A4,38 DB 3A 1F 78 ED 2D 35
38.061900096,0x316,A1 17 43 3A 02 E4 72 3E
38.061900096,0x427,03 F4 EE 95 2D 7E FD C2
38.070208897,0x1A4,B7 23 40 1F 57 2C 2F 7A
38.070208897,0x316,C3 7B DA 76 FC 3C 28 19
38.070208897,0x427,AF 7B 74 89 98 34 B3 E1
38.079782151,0x1A4,CF A7 45 1F 3B C3 13 0D
38.079782151,0x316,3C B3 A0 51 3A 7F 3E CA
38.079782151,0x427,F5 A4 47 A2 EB B3 B3 12
38.088647581,0x1A4,99 F6 4B 1F 7B CE 71 7A
38.088647581,0x316,24 CF CC 1D 7A 3B 20 71
38.088647581,0x427,6D CC 58 15 95 7B DD 79
38.100485353,0x1A4,78 8F 51 1F B9 77 91 19
38.100485353,0x316,05 AF D8 8A 45 56 E1 96
38.100485353,0x427,D3 D7 09 37 C7 C7 29 99
38.109871872,0x1A4,27 26 56 1F DA 3D CA 4C
38.109871872,0x316,3D 90 BF 91 CA 4E 75 02
38.109871872,0x427,DD 2D EB 94 58 77 04 6E
38.121352971,0x1A4,BC 9C 5C 1F 5B 59 AD E7
38.121352971,0x316,98 D4 8C 1C 40 B4 50 B8
38.121352971,0x427,57 CF F2 E2 4F F9 50 71
38.129465953,0x1A4,4C 6A 61 1F F7 39 83 A4
38.129465953,0x316,F6 54 DE 31 44 9C C4 96
38.129465953,0x427,F3 AB 46 CE 8D F0 8A A2
38.138837466,0x1A4,5F 30 67 1F E1 44 6B C1
38.138837466,0x316,3B 17 CD 74 0E 4A 03 FE
38.138837466,0x427,C6 72 20 00 D4 8A 72 40
38.150882678,0x1A4,55 DC 6C 1F 06 38 3C 68
38.150882678,0x316,7C 58 F2 99 2D 6D 4F 45
38.150882678,0x427,DF 5E 1B 7E 12 9E 91 A1
38.161834858,0x1A4,7C 31 72 1F 2C B6 21 54
38.161834858,0x316,EA F3 DD 81 3C 37 B8 7B
38.161834858,0x427,6F A0 A2 83 AE 36 A4 48
38.168951364,0x1A4,36 4A 77 1F E0 0B 31 A5
38.168951364,0x316,36 07 B5 4C CD 9A A2 43
38.168951364,0x427,86 D0 04 DE 03 9B 3D 88
38.180011285,0x1A4,EB E7 7D 1F CD 19 55 57
38.180011285,0x316,1E 4C 79 46 E1 16 87 AD
38.180011285,0x427,BA 04 AF 8F 83 B0 C8 80
38.190528702,0x1A4,BC C7 82 1F FF 67 3C A0
38.190528702,0x316,FC B5 A6 70 39 4D 89 1C
38.190528702,0x427,F7 AD 2B FA BD 56 B1 C1
38.200155172,0x1A4,25 33 88 1F F6 5D A3 2E
38.200155172,0x316,63 12 D2 7C F1 1D AB 01
38.200155172,0x427,ED 95 B7 51 6B B6 B3 E4
38.209263177,0x1A4,1B 4A 8D 1F BA BB 71 82
38.209263177,0x316,4E 1A 73 78 39 F5 EB 7E
38.209263177,0x427,F9 F1 C2 29 21 85 C5 2D
38.218428042,0x1A4,79 81 93 1F 6D 0D AC C2
38.218428042,0x316,98 87 98 6E F2 2A 48 AC
38.218428042,0x427,84 F3 FC 4D 4B 9B 35 18
38.230215908,0x1A4,BB 27 98 1F A8 FD AD DC
38.230215908,0x316,28 72 75 71 E7 9A A9 57
38.230215908,0x427,78 4C 4C A3 51 8A DC AF
38.240857025,0x1A4,5A 0A 9E 1F E2 23 93 D2
38.240857025,0x316,A6 85 C2 2E 80 79 8F 31
38.240857025,0x427,3D E6 5E C7 BB 87 D4 1B
38.248324641,0x1A4,A6 4F A3 1F A7 6D 57 3B
38.248324641,0x316,61 5A 95 36 73 AE A4 4E
38.248324641,0x427,ED A1 74 80 57 A2 2D 4E
38.261074426,0x1A4,30 8F A9 1F 81 22 34 C4
38.261074426,0x316,46 43 C8 87 88 D7 CC 78
38.261074426,0x427,AE C6 58 1A FF 88 4B AF
38.270284683,0x1A4,2E D3 AE 1F C6 03 74 ED
38.270284683,0x316,FE F0 09 9C 19 B1 D5 35
38.270284683,0x427,A6 9B 2D 92 5E CD 00 AC
38.279321024,0x1A4,27 B6 B4 1F 8E 4A E2 52
38.279321024,0x316,A9 06 09 28 F4 9F 20 31
38.279321024,0x427,78 9E 32 C4 D8 FB 6F 65
38.288763527,0x1A4,0C EB B9 1F AD 98 F9 2B
38.288763527,0x316,53 16 34 DA 93 F6 6E 28
38.288763527,0x427,30 09 31 9C 03 8C 9F A9
38.300738888,0x1A4,88 D8 BE 1F D2 D8 5F 53
38.300738888,0x316,A5 BF EA F4 86 22 37 84
38.300738888,0x427,68 EF 2C FB DB 54 49 79
38.310158839,0x1A4,73 29 C4 1F 48 F8 60 98
38.310158839,0x316,3C 6E EB C9 0C 8F BA 6A
38.310158839,0x427,9B 04 9E C7 76 D3 F9 B9
38.318748875,0x1A4,EF 4B C9 1F 27 A1 8D 3A
38.318748875,0x316,B3 D5 CE EE 17 7E 4A 43
38.318748875,0x427,66 CA D3 78 D0 3F 30 EF
38.331703296,0x1A4,07 62 CF 1F FA CB 9D D5
38.331703296,0x316,CB EA B9 4D F4 2A EC 5E
38.331703296,0x427,4E D6 1D 25 EE 3E 65 4E
38.339512803,0x1A4,D1 D0 D4 1F 84 A4 09 BA
38.339512803,0x316,F8 63 9B 5A 69 80 48 D4
38.339512803,0x427,3B 57 C6 BE DD 8E BA 50
38.349548341,0x1A4,30 0E DA 1F CC 31 DA 4E
38.349548341,0x316,EF 52 E0 6C B4 89 33 90
38.349548341,0x427,8C 2E BF 64 F7 FE 3F C3
38.360972784,0x1A4,70 9D DF 1F 2E C1 73 01
38.360972784,0x316,88 07 21 C3 19 02 A3 F0
38.360972784,0x427,17 DC 71 67 88 A0 28 0E
38.369558609,0x1A4,D5 68 E5 1F CE 50 A6 68
38.369558609,0x316,3A 50 86 5A C6 AB 52 A5
38.369558609,0x427,39 C7 2C CE 9D 78 D2 23
38.380261961,0x1A4,A1 AA EA 1F 7E B9 F6 74
38.380261961,0x316,03 4C 5D C4 60 73 32 46
38.380261961,0x427,D0 9D FC 04 1E 62 8B D1
38.390912860,0x1A4,12 8E EF 1F D1 3C C4 33
38.390912860,0x316,EC 66 67 35 6B 69 7C A9
38.390912860,0x427,B9 DC 77 B7 A4 95 84 41
38.399460394,0x1A4,1C CF F5 1F 40 1C 22 D5
38.399460394,0x316,F0 11 9C 5F B6 D3 0F 06
38.399460394,0x427,6F 7C 64 52 1B 88 70 6D
38.410115333,0x1A4,30 BB FA 1F BB 61 E5 61
38.410115333,0x316,DB 19 60 53 22 8E DD 8E
38.410115333,0x427,87 57 5A 8F 39 37 30 BD
38.421014555,0x1A4,AE 4B 00 20 EB 4B 27 CC
38.421014555,0x316,7F EB 08 37 A2 23 18 9E
38.421014555,0x427,67 E6 C0 80 92 99 AA 70
38.430654429,0x1A4,9B 41 05 20 CB 70 22 46
38.430654429,0x316,D2 82 59 1B 76 A4 0D 13
38.430654429,0x427,B3 47 3E 3E 8F 26 11 29
38.438584830,0x1A4,34 DB 0A 20 47 A4 0C B9
38.438584830,0x316,3B 7C CC 7A D8 C2 05 F1
38.438584830,0x427,9F C1 A4 B8 F5 EE CA 97
38.449025695,0x1A4,FF 83 10 20 BE 3E B9 F3
38.449025695,0x316,F6 2E 9C F8 A6 76 5B F2
38.449025695,0x427,1B A7 C6 0B EE 8D FE C7
38.460423739,0x1A4,38 A2 15 20 6D 2B DB 63
38.460423739,0x316,51 B9 13 B0 1C FA B0 F5
38.460423739,0x427,57 D7 AC E8 C6 70 DC B4
38.468717488,0x1A4,FE BD 1B 20 79 EA F5 3F
38.468717488,0x316,17 6D B7 47 4D 64 A7 FC
38.468717488,0x427,32 02 51 9B 46 97 0B 96
38.479831068,0x1A4,38 3E 20 20 3B 63 2F 0F
38.479831068,0x316,75 F7 F7 19 26 86 5D 0E
38.479831068,0x427,45 B4 BE A3 88 A8 BA 57
38.488472620,0x1A4,14 F7 25 20 9D 88 B3 89
38.488472620,0x316,D6 32 94 5E 2D EB 28 70
38.488472620,0x427,E7 72 71 EC 9D A5 C3 48
38.501616334,0x1A4,82 83 2B 20 3B 90 CA 78
38.501616334,0x316,E8 7B 60 22 53 5E 7F E1
38.501616334,0x427,48 9C F4 BF 7D ED F0 12
38.509578124,0x1A4,23 6A 30 20 16 63 28 FA
38.509578124,0x316,B3 51 76 C6 74 C7 81 BB
38.509578124,0x427,72 50 ED 69 AE 06 06 D3
38.519013129,0x1A4,6C 91 36 20 43 3A BB DF
38.519013129,0x316,BB E5 81 26 96 AD FD 96
38.519013129,0x427,72 CD 81 4C 72 70 F7 92
38.531568728,0x1A4,AB D3 3B 20 78 82 D4 8F
38.531568728,0x316,9B 81 87 16 CD E2 31 70
38.531568728,0x427,CA 2C C7 3E F6 75 ED 53
38.538878215,0x1A4,05 A4 40 20 04 01 ED 8B
38.538878215,0x316,F9 04 46 C3 10 08 23 A9
38.538878215,0x427,36 7D BE 42 3E 37 82 8E
38.550130166,0x1A4,B5 6A 46 20 4D 3A 3B D1
38.550130166,0x316,F0 75 9A 4A 0E AB 87 B0
38.550130166,0x427,89 14 98 05 A6 AE F5 23
38.560474514,0x1A4,6C 64 4B 20 4D 8D 18 C5
38.560474514,0x316,33 B4 68 11 D7 DA E7 DE
38.560474514,0x427,F3 C9 30 C9 5E 22 02 B3
38.571527059,0x1A4,80 7C 50 20 DA EB 32 BD
38.571527059,0x316,60 C3 5F 50 68 11 0B F5
38.571527059,0x427,4F 9B 7A DA 20 8B 79 5C
38.578471128,0x1A4,D3 DC 56 20 E6 DC CF C5
38.578471128,0x316,38 98 22 72 D8 4B 4D BF
38.578471128,0x427,5C 2D 74 E2 10 F9 FD 36
38.591451610,0x1A4,0C CD 5B 20 1F 90 3E 52
38.591451610,0x316,33 3D E4 77 D1 62 49 3A
38.591451610,0x427,07 3B F7 75 5C 63 B9 5C
38.598416509,0x1A4,FE 47 61 20 5C B1 F0 32
38.598416509,0x316,C5 B3 7B AD 57 34 B0 F8
38.598416509,0x427,F9 4B 3D B4 29 84 4F 42
38.608050044,0x1A4,99 20 66 20 F5 A2 86 9A
38.608050044,0x316,25 02 66 BF D0 32 C4 EE
38.608050044,0x427,7E 64 EC 05 05 BB E8 23
38.621512611,0x1A4,BF 43 6B 20 2C DB 69 A4
38.621512611,0x316,38 CF 28 69 44 8F 65 6D
38.621512611,0x427,8D 70 74 65 72 43 5A CE
38.629812362,0x1A4,5A ED 71 20 CF 15 50 CC
38.629812362,0x316,D2 C3 4B 0C D0 9D E8 D4
38.629812362,0x427,05 0D 45 87 31 ED 6E 0F
38.638635173,0x1A4,9E 33 76 20 A4 3F 59 FD
38.638635173,0x316,B5 94 23 83 1D 04 9C 5F
38.638635173,0x427,30 C4 25 04 FE AB D2 90
38.650959393,0x1A4,C2 CA 7B 20 07 36 E3 FE
38.650959393,0x316,65 A8 36 08 E1 AE B4 F5
38.650959393,0x427,35 02 14 81 94 3A 82 DF
38.660664914,0x1A4,84 F6 81 20 3E DC BA 53
38.660664914,0x316,9F 73 46 CA 8A 69 EF 89
38.660664914,0x427,31 55 F4 7D 1F 84 5B 48
38.669337102,0x1A4,56 1B 86 20 FC CE 70 55
38.669337102,0x316,0E 53 66 A2 21 16 2E 11
38.669337102,0x427,A7 DA 03 BC CB 69 57 13
38.681112815,0x1A4,6F F2 8B 20 B1 B7 96 17
38.681112815,0x316,C2 F9 66 F9 A4 22 EC 8E
38.681112815,0x427,0F A1 D4 C7 5E FB C1 1C
38.691628623,0x1A4,41 95 91 20 D9 5C 81 28
38.691628623,0x316,51 75 70 CC 73 C2 74 83
38.691628623,0x427,CB 12 A7 D8 B9 FB FA D9
38.701769871,0x1A4,7E 7D 96 20 BD C3 EC 92
38.701769871,0x316,7A C1 28 EC 00 21 EC 77
38.701769871,0x427,EB 05 2B 9C 81 CD 71 A6
38.708991836,0x1A4,08 F4 9B 20 10 00 DE 30
38.708991836,0x316,01 00 7D C0 A4 9A B5 12
38.708991836,0x427,C1 AA 61 C4 BB 8D 17 AF
38.718142560,0x1A4,55 86 A0 20 36 71 58 D1
38.718142560,0x316,7D 9E E0 46 EE 1B 39 77
38.718142560,0x427,00 A6 87 73 1A D2 AC E3
38.728670162,0x1A4,8C 1B A6 20 53 B3 8D FE
38.728670162,0x316,C4 F2 2A BD 64 ED F6 26
38.728670162,0x427,72 7A 83 A6 2B 06 97 54
38.741287022,0x1A4,7E D1 AB 20 E6 2C 82 2E
38.741287022,0x316,41 D5 D8 A5 73 DD 41 93
38.741287022,0x427,04 C5 FD 56 E6 6D 3C 74
38.751627997,0x1A4,22 43 B0 20 0B 04 F7 C7
38.751627997,0x316,B0 53 4D B1 C8 28 4D BD
38.751627997,0x427,96 2F F9 D1 5D 23 D1 F2
38.760175564,0x1A4,B8 94 B6 20 41 85 AF E3
38.760175564,0x316,DF F1 7F 05 FA 7A C6 66
38.760175564,0x427,FB 04 22 93 7D 61 37 4B
38.771432961,0x1A4,A2 69 BB 20 80 21 AA 9F
38.771432961,0x316,25 66 06 D4 7F 99 D3 63
38.771432961,0x427,DB C5 D4 04 47 8A 2F 02
38.778039866,0x1A4,5E AB C0 20 2E C7 87 52
38.778039866,0x316,E7 AD 59 6D C6 D5 86 26
38.778039866,0x427,CE 2F 44 42 72 F0 06 DB
38.790666416,0x1A4,6D 51 C5 20 67 B2 99 95
38.790666416,0x316,F8 8A AE AC 6C 27 8D C4
38.790666416,0x427,23 52 9D 53 6E 06 49 88
38.799814890,0x1A4,4F 52 CB 20 7E 29 53 A7
38.799814890,0x316,E4 C6 57 AA A0 ED 48 33
38.799814890,0x427,78 FD 19 C5 25 72 4F D2
38.808325730,0x1A4,49 65 D0 20 A5 2A E4 EC
38.808325730,0x316,F9 08 CA 5A AE 9B AB E4
38.808325730,0x427,37 1C 5C E1 9F FA 03 B7
38.819496274,0x1A4,36 A5 D5 20 1B D7 AC 93
38.819496274,0x316,60 1B 11 27 20 4D 58 30
38.819496274,0x427,CC CD E2 C5 6F ED F5 25
38.829600219,0x1A4,5B DD DB 20 87 A7 F8 4E
38.829600219,0x316,B0 77 7C 2E 55 5A D4 19
38.829600219,0x427,F4 A5 B6 06 E7 58 8E 88
38.841399870,0x1A4,69 86 E0 20 0C 68 CA F1
38.841399870,0x316,2A 26 3E D8 83 90 19 0A
38.841399870,0x427,CE E6 8A C7 89 46 98 20
38.850296350,0x1A4,F0 6F E5 20 9E 94 38 59
38.850296350,0x316,1F A3 64 F4 7A 79 BB 11
38.850296350,0x427,AF 7C D4 53 FF C2 DC DE
38.858272878,0x1A4,4A E0 EA 20 54 EA AF ED
38.858272878,0x316,0A 16 E8 3A AF A2 7D A8
38.858272878,0x427,77 64 74 35 7B B4 A2 33
38.871383529,0x1A4,C6 C9 F0 20 5C 4D CD 29
38.871383529,0x316,26 DA 9D 6C E5 69 B2 FD
38.871383529,0x427,2D 5D 65 45 7E 80 A4 3B
38.879700857,0x1A4,49 81 F5 20 48 24 7D EB
38.879700857,0x316,1A C4 9C 37 82 6C B8 C5
38.879700857,0x427,E2 DF F7 5A 5A E6 FC 06
38.888259421,0x1A4,D0 E3 FA 20 75 DB AC E0
38.888259421,0x316,A3 F9 1C E6 94 52 C3 F1
38.888259421,0x427,1A 4F 8C 70 BD 24 84 1F
38.898900886,0x1A4,23 54 FF 20 8A 06 B1 F2
38.898900886,0x316,BE 77 07 60 13 2E 82 06
38.898900886,0x427,48 DE A6 71 EA A0 16 DE
38.908776156,0x1A4,E9 01 05 21 77 12 AC DA
38.908776156,0x316,56 EC 6A BD A2 C8 65 35
38.908776156,0x427,F8 FA 62 61 C1 4E 99 0C
38.918628517,0x1A4,E8 4B 0A 21 51 9B 44 70
38.918628517,0x316,F8 8A 30 66 3E EC D9 32
38.918628517,0x427,E3 50 A4 34 A1 30 5F C5
38.931324601,0x1A4,A8 C4 0F 21 43 79 18 97
38.931324601,0x316,B0 08 83 D0 8D 04 E9 1F
38.931324601,0x427,E0 22 C5 17 5F 5C 20 F8
38.940692871,0x1A4,8D 24 14 21 35 4F B7 81
38.940692871,0x316,AB ED CC E9 4D B3 0B 94
38.940692871,0x427,BA 08 7A B9 19 18 39 84
38.951945469,0x1A4,2C FA 19 21 2C B3 B2 29
38.951945469,0x316,4B F4 B0 C1 97 D5 AA 35
38.951945469,0x427,89 CD CF 1E 1B 70 D1 F0
38.960045419,0x1A4,B9 35 1F 21 D9 B6 9A BD
38.960045419,0x316,64 58 D7 9A 5B 78 BF 5B
38.960045419,0x427,A4 32 EB BF DB C0 CF FE
38.971397746,0x1A4,33 05 24 21 E9 D1 45 6A
38.971397746,0x316,E1 23 E4 30 31 05 D8 35
38.971397746,0x427,B4 ED 32 FC D9 13 3E 17
38.978914287,0x1A4,FE 1D 29 21 A8 DD C4 81
38.978914287,0x316,7B AF 1F 5C 26 D4 5C 7A
38.978914287,0x427,C1 53 5A 41 4A 79 3C 82
38.991909362,0x1A4,E2 87 2E 21 7A C2 E4 F1
38.991909362,0x316,DD EB FA 74 F2 1B 22 04
38.991909362,0x427,B4 80 DB 01 D1 96 49 61
39.000262224,0x1A4,27 63 33 21 D1 08 86 6B
39.000262224,0x316,91 9B 7A 66 B4 5E 29 F6
39.000262224,0x427,96 AA 84 DB 5E ED 9D 19
39.010529721,0x1A4,6D 61 39 21 CF AD 42 5C
39.010529721,0x316,7F 7A 1B F2 4E F6 5A 4F
39.010529721,0x427,4E 22 27 D6 33 DE B7 10
39.019396986,0x1A4,89 61 3E 21 B6 29 29 F2
39.019396986,0x316,89 F4 09 D9 AE 97 E9 A6
39.019396986,0x427,8A 4F FA 4C A1 42 B7 3A
39.030885529,0x1A4,EB C4 43 21 AE C1 82 B3
39.030885529,0x316,9F 9C 9E 15 FB C0 82 A6
39.030885529,0x427,66 C9 C1 A4 65 43 67 CF
39.039316470,0x1A4,AA 79 48 21 18 B9 3D E0
39.039316470,0x316,13 25 AB 78 47 BF 0E 04
39.039316470,0x427,F7 FE 88 F3 EF 11 D8 F6
39.049773852,0x1A4,D3 CB 4D 21 2F F9 C8 BA
39.049773852,0x316,1A 5C B9 A5 49 7F B7 E5
39.049773852,0x427,56 E2 C1 52 CD 55 9D 0B
39.058193871,0x1A4,30 43 53 21 41 2D F0 D8
39.058193871,0x316,56 57 BE 3F E3 5B 67 2D
39.058193871,0x427,00 44 88 90 0F C7 5F 02
39.070668385,0x1A4,45 38 58 21 B1 69 C4 84
39.070668385,0x316,E0 C6 DF 27 50 7B E5 23
39.070668385,0x427,04 1F F0 B1 24 A5 45 78
39.081124402,0x1A4,C3 4B 5D 21 4B 4D FB 09
39.081124402,0x316,95 96 A9 0F 61 DB A0 98
39.081124402,0x427,39 CB 68 CD 5E 21 B7 35
39.089713474,0x1A4,37 CA 62 21 03 C2 66 BD
39.089713474,0x316,AE 29 34 A9 52 97 07 4B
39.089713474,0x427,E1 FE 27 5F 20 16 18 9E
39.098420557,0x1A4,7D 56 67 21 E4 8E C0 D2
39.098420557,0x316,32 C9 50 28 C0 41 53 6B
39.098420557,0x427,79 B7 23 2C B9 0A B5 2C
39.111046970,0x1A4,3B CE 6C 21 C4 F2 C2 84
39.111046970,0x316,C5 E9 1D F7 52 DF C0 26
39.111046970,0x427,08 87 F1 BD B9 FD 35 CF
39.121880562,0x1A4,2C 1C 72 21 56 D0 2D AB
39.121880562,0x316,EF 4C 7E 2E D4 18 75 5D
39.121880562,0x427,81 37 0B E1 5A D1 C9 EC
39.131709358,0x1A4,0C 16 77 21 17 C9 5B C9
39.131709358,0x316,E6 52 91 29 17 C7 AC 07
39.131709358,0x427,4F CA 5F 7F 3F 62 3E 34
39.140371634,0x1A4,92 43 7C 21 4C E3 55 67
39.140371634,0x316,B9 7A 14 A0 99 FE 88 5F
39.140371634,0x427,1A F8 B2 E8 D7 A0 67 D7
39.151366832,0x1A4,AF EC 81 21 40 BA 35 9F
39.151366832,0x316,A5 D2 31 52 8F 58 4A 07
39.151366832,0x427,88 4F 84 C8 0A CC 9C 06
39.160243559,0x1A4,A6 8F 86 21 7E 92 4B 07
39.160243559,0x316,AF BC 89 E3 3F D7 72 78
39.160243559,0x427,CE D2 C2 08 E1 BC 25 BC
39.169944733,0x1A4,65 3D 8B 21 EF 84 F3 24
39.169944733,0x316,8D 2D E0 E9 62 08 5C 68
39.169944733,0x427,52 63 E7 0B 44 07 1B 8A
39.180688875,0x1A4,5F 7B 90 21 B9 59 33 C3
39.180688875,0x316,31 C9 37 99 AD 3F F7 B8
39.180688875,0x427,07 CF 73 86 98 18 74 2B
39.189201453,0x1A4,8E FF 96 21 23 27 A1 19
39.189201453,0x316,CF 01 D3 03 95 33 42 59
39.189201453,0x427,8F 28 AE E5 A7 D8 02 39
39.200479097,0x1A4,87 6E 9B 21 BC 71 7D 6B
39.200479097,0x316,61 1E FA FC 09 B9 FA 10
39.200479097,0x427,A0 F0 C6 1C 35 B7 FE F7
39.211988768,0x1A4,57 C7 A0 21 12 1A E5 76
39.211988768,0x316,9D 0E BE FB C3 79 42 6A
39.211988768,0x427,C0 04 2C DB DC B9 EC E5
39.221244687,0x1A4,2B F4 A5 21 83 17 BF 70
39.221244687,0x316,5F 64 68 22 5A D3 5E DB
39.221244687,0x427,65 F9 6F 9A 1B 7C 36 CF
39.228736789,0x1A4,EA F1 AA 21 EE 4A 2F 00
39.228736789,0x316,37 EF B9 4F 97 17 EB 79
39.228736789,0x427,6C 4C 30 78 AE D7 48 E6
39.239179225,0x1A4,58 56 AF 21 E2 AE C1 41
39.239179225,0x316,C0 9F D1 20 09 08 A8 52
39.239179225,0x427,F2 24 08 A8 43 87 3C 8A
39.248916330,0x1A4,59 D4 B4 21 DC BF F7 F4
39.248916330,0x316,4D 84 15 9D 37 5B 1E AB
39.248916330,0x427,67 70 60 B7 EB 8E AD 18
39.260843580,0x1A4,60 6F B9 21 A1 40 28 7E
39.260843580,0x316,F7 0A AC BF 9B 45 C2 D4
39.260843580,0x427,09 9B 1A DA 17 C1 3C 92
39.270359717,0x1A4,19 DF BF 21 1A 97 36 20
39.270359717,0x316,2B C6 24 38 14 9C C5 83
39.270359717,0x427,41 12 3B 21 5C CE 31 CE
39.279484650,0x1A4,4B DC C4 21 14 24 81 24
39.279484650,0x316,ED C3 BD 39 64 FB C1 A8
39.279484650,0x427,43 56 0A 15 5F 63 41 BE
39.289833997,0x1A4,BD 1A C9 21 40 E1 9E B7
39.289833997,0x316,4E F6 61 67 49 CC 44 48
39.289833997,0x427,83 0D 0D E3 00 98 71 9D
39.300065068,0x1A4,73 3C CE 21 D2 80 F1 3F
39.300065068,0x316,EF C6 E9 39 95 F4 2B 40
39.300065068,0x427,F0 B2 43 2F 8E 43 E3 BA
39.308890499,0x1A4,3B 6E D3 21 62 6C 15 4D
39.308890499,0x316,49 D1 20 54 BF BC E0 B5
39.308890499,0x427,AD 3A 55 F9 42 68 4F 76
39.321226851,0x1A4,05 67 D8 21 CB A9 3D 97
39.321226851,0x316,9E 46 19 85 03 D8 53 84
39.321226851,0x427,2F 39 C1 93 BA 2A D6 FC
39.331816213,0x1A4,25 7C DD 21 93 25 48 44
39.331816213,0x316,52 63 88 C2 FC BC 47 E6
39.331816213,0x427,70 8E B7 21 83 23 F4 53
39.339342562,0x1A4,B6 90 E2 21 EB F8 F0 5F
39.339342562,0x316,E0 85 44 A9 04 34 2D 25
39.339342562,0x427,78 7F 51 94 0C 63 85 BC
39.349805444,0x1A4,80 8B E7 21 09 A6 CA D9
39.349805444,0x316,6F FD C2 08 D8 BA 78 BF
39.349805444,0x427,6E 91 F0 E7 5E D1 BD CC
39.358283020,0x1A4,BF 53 EC 21 0C E7 C2 A1
39.358283020,0x316,81 EF 4A 0C A3 5A 50 CB
39.358283020,0x427,61 52 A9 32 DD 84 C2 FA
39.370050527,0x1A4,EC DA F1 21 D2 96 AA 03
39.370050527,0x316,F2 A9 98 24 9B 27 77 A2
39.370050527,0x427,9F B2 BB 08 7F 67 DB D5
39.378148359,0x1A4,27 31 F6 21 18 62 E2 3C
39.378148359,0x316,1F 4F 71 29 9F 4C 92 65
39.378148359,0x427,6D 7B 91 52 54 97 FF 02
39.390174633,0x1A4,B6 46 FB 21 17 29 14 7B
39.390174633,0x316,B3 41 DD 7B 32 F2 90 DB
39.390174633,0x427,49 F2 09 58 25 45 10 30
39.400104091,0x1A4,70 54 01 22 CD 3E 99 DE
39.400104091,0x316,05 39 26 D1 F9 05 85 F8
39.400104091,0x427,FD 79 C3 93 B3 20 D9 67
39.411012408,0x1A4,5B 18 06 22 FD 81 21 FE
39.411012408,0x316,2D 81 FF 36 C7 7E 04 74
39.411012408,0x427,0B 57 0E 9F 28 2A 47 43
39.418457680,0x1A4,19 C1 0B 22 95 DC 9A 70
39.418457680,0x316,F1 64 29 1E 0F BA B5 BE
39.418457680,0x427,87 8B 80 47 74 42 CC A7
39.431050933,0x1A4,EB 23 10 22 03 AD B5 83
39.431050933,0x316,D7 C4 83 EC 8A 97 5C 56
39.431050933,0x427,1D 51 56 56 58 CB 26 FF
39.439909128,0x1A4,AF A3 15 22 D7 A0 B2 2F
39.439909128,0x316,FF 51 5A 41 42 A9 4A 57
39.439909128,0x427,5E CC 96 CE A5 7F 39 DF
39.449961269,0x1A4,98 4E 1A 22 77 4D A2 C5
39.449961269,0x316,02 C3 84 8C 24 20 D1 74
39.449961269,0x427,3D A0 CA A9 98 72 B4 18
39.458953502,0x1A4,04 E1 1F 22 AD DD 30 DB
39.458953502,0x316,B2 E3 A5 57 51 9E 65 C3
39.458953502,0x427,9E F6 E1 84 3D 03 4B 43
39.469681726,0x1A4,78 7C 24 22 A3 27 2E C8
39.469681726,0x316,EA 4F 8C 5D 33 0E 30 6D
39.469681726,0x427,51 4B 6D A4 E9 87 81 06
39.479983783,0x1A4,A1 16 29 22 A7 F0 16 8B
39.479983783,0x316,45 7D 50 20 27 A0 36 18
39.479983783,0x427,17 DE 24 3A 06 5C 9F F9
39.490202492,0x1A4,9A 5B 2E 22 35 FD 7F D4
39.490202492,0x316,E6 78 73 1C B3 85 CA 1E
39.490202492,0x427,4F 42 EB 8C E0 33 73 B6
39.501994300,0x1A4,35 E0 33 22 C6 25 55 20
39.501994300,0x316,D5 07 91 DF 0B E7 FD 58
39.501994300,0x427,76 8B 99 4E D0 49 DB 73
39.509592170,0x1A4,69 73 38 22 16 F9 A4 8D
39.509592170,0x316,F9 D9 FB FB 4A 42 86 F0
39.509592170,0x427,54 57 3D 15 CF F2 5E F7
39.518578249,0x1A4,D4 94 3D 22 41 01 C0 F8
39.518578249,0x316,E7 92 35 81 4C AF BF 2E
39.518578249,0x427,05 5E C6 65 BA 43 ED D1
39.530909404,0x1A4,C1 BD 42 22 B7 45 B8 E2
39.530909404,0x316,AF A1 A0 FF 26 A5 CA 82
39.530909404,0x427,0A 86 E3 31 CA 00 47 24
39.539853443,0x1A4,63 14 47 22 32 1F 3A AE
39.539853443,0x316,5E A0 CB 38 85 20 A2 C6
39.539853443,0x427,59 B6 47 04 EE 80 DC 32
39.548053217,0x1A4,ED E8 4C 22 8C D4 9D BE
39.548053217,0x316,19 95 9B 5A 05 10 8C 86
39.548053217,0x427,09 F6 D6 99 30 FF A9 C7
39.561301855,0x1A4,1C 7A 51 22 B7 19 19 90
39.561301855,0x316,84 1F 24 DC 8F E1 D2 87
39.561301855,0x427,31 5D 69 86 E3 E0 07 0C
39.568116823,0x1A4,B3 D6 56 22 B9 ED 7C 88
39.568116823,0x316,99 08 D7 5C 1F DE 19 8A
39.568116823,0x427,9E 09 FD 3A 9F FA 95 B1
39.578149057,0x1A4,8B 4E 5B 22 D3 D9 46 FF
39.578149057,0x316,E2 19 E7 87 F8 5A B0 2A
39.578149057,0x427,BB 67 DD 5F A3 D3 A3 28
39.588509735,0x1A4,02 A6 60 22 D2 7D 2E AE
39.588509735,0x316,D4 16 67 2A 9E 49 89 A2
39.588509735,0x427,D2 4F 62 A2 89 8B E3 DB
39.598639631,0x1A4,F9 52 65 22 CA 02 EC 39
39.598639631,0x316,4D 7F DE D7 27 01 3F EE
39.598639631,0x427,0B 5D 48 C0 F6 68 51 B7
39.611954108,0x1A4,DC D1 6A 22 3E 48 73 8A
39.611954108,0x316,7D 7E 33 F1 E8 6D 83 F4
39.611954108,0x427,A7 0A 13 9C AC 4B 8C 6C
39.618065326,0x1A4,F6 3B 6F 22 15 20 C3 33
39.618065326,0x316,B7 9F 46 47 38 82 85 0C
39.618065326,0x427,73 BE 84 F5 11 FA 19 F8
39.630661862,0x1A4,5A 0D 74 22 4A 9A 9F 66
39.630661862,0x316,A1 30 E7 4B B9 1F C8 63
39.630661862,0x427,D0 17 A5 E6 47 50 91 85
39.641551973,0x1A4,A7 92 79 22 64 F7 D7 6B
39.641551973,0x316,65 70 CC E4 42 E8 FE 79
39.641551973,0x427,B6 1E CF 77 EB 6E 69 52
39.650805056,0x1A4,8B C0 7E 22 B8 58 B7 B8
39.650805056,0x316,56 29 2A F0 FE 5A CC 4C
39.650805056,0x427,A3 2C 17 00 49 B6 2A 13
39.660289680,0x1A4,F3 1C 83 22 EE D6 55 B5
39.660289680,0x316,8B 1D 46 8E 62 EC 09 AB
39.660289680,0x427,4C 5E C5 4F 4D F4 70 35
39.671598382,0x1A4,50 25 88 22 07 11 C4 BB
39.671598382,0x316,D9 40 F5 9C 60 65 0F 98
39.671598382,0x427,84 18 93 F5 71 C6 1A 11
39.681552531,0x1A4,1D 30 8D 22 F6 CA 52 C1
39.681552531,0x316,E8 5E 0E 69 4F EA EA 23
39.681552531,0x427,29 86 CF 24 13 5E 1E 7B
39.688174442,0x1A4,9A 82 92 22 7D 56 06 29
39.688174442,0x316,A7 5C BC C3 F6 37 DB F8
39.688174442,0x427,87 C8 96 CE F4 F5 F8 F9
39.699009784,0x1A4,B7 E0 96 22 0B ED 74 FA
39.699009784,0x316,2B 0F 12 3E F3 30 28 64
39.699009784,0x427,99 CC 4B C9 DB 41 D1 28
39.711452039,0x1A4,41 CD 9B 22 2A 31 44 6B
39.711452039,0x316,DE 8D 18 64 D7 10 67 97
39.711452039,0x427,11 C8 80 31 FD 7F A2 3F
39.718452825,0x1A4,58 96 A0 22 98 4B B4 59
39.718452825,0x316,83 5C 0E 12 EA 20 EF 39
39.718452825,0x427,3D 96 9E F6 40 F2 F4 F2
39.730110832,0x1A4,EA 36 A5 22 C5 E5 F3 23
39.730110832,0x316,F1 F4 83 E4 9B CE C4 66
39.730110832,0x427,B4 D2 9B 1F DC C1 D9 B9
39.738748822,0x1A4,60 07 AA 22 9D 7D FF 95
39.738748822,0x316,BA 56 C0 F1 FC FC 1C AC
39.738748822,0x427,94 64 DF 26 AA 58 B1 34
39.748228229,0x1A4,C2 70 AF 22 0F E1 74 24
39.748228229,0x316,47 CB 17 AC BC 38 85 46
39.748228229,0x427,1B AC B5 C2 AF 09 D5 53
39.758396930,0x1A4,69 C2 B4 22 21 7B 02 A3
39.758396930,0x316,6A D9 06 1E E1 5E 47 85
39.758396930,0x427,70 38 A8 4F CD A7 34 86
39.769046523,0x1A4,3B CB B9 22 61 61 8B C5
39.769046523,0x316,89 5F E8 A0 27 CA 33 99
39.769046523,0x427,00 9F 9A 78 B0 39 70 3B
39.781770368,0x1A4,0C 61 BE 22 D2 97 32 70
39.781770368,0x316,D6 9C 7F 4C 46 58 7E D2
39.781770368,0x427,8C 1E F7 1F 2C FB 8F 8A
39.788681672,0x1A4,85 76 C3 22 A9 4C 2B 9C
39.788681672,0x316,96 6C 51 74 A0 59 57 27
39.788681672,0x427,CC E9 05 12 60 8C 56 E1
39.800221793,0x1A4,41 48 C8 22 7E 8B 16 C1
39.800221793,0x316,82 EE 16 E9 E3 5D 52 B8
39.800221793,0x427,CF 7E 64 57 A2 6E 0F E0
39.808995769,0x1A4,31 87 CD 22 A1 A3 11 F3
39.808995769,0x316,6B E8 EA FC E0 1D 7D 0A
39.808995769,0x427,9D 18 AA 61 8B B0 85 D6
39.821218623,0x1A4,34 3A D2 22 A1 53 65 41
39.821218623,0x316,5B EC E2 1C C2 68 7C A0
39.821218623,0x427,29 3A 6E 77 B4 79 08 6D
39.831085124,0x1A4,E6 27 D6 22 CD EE 1F 2B
39.831085124,0x316,AA 6A 51 E0 08 E0 B2 B5
39.831085124,0x427,82 02 02 B1 6B CF 91 DD
39.840169585,0x1A4,6C 71 DB 22 45 F6 BF 7C
39.840169585,0x316,72 67 2A C2 D1 FB 85 4A
39.840169585,0x427,54 93 81 39 08 CC D8 85
39.851975087,0x1A4,FE 7E E0 22 8E B7 AC 16
39.851975087,0x316,AC 0F 63 FF E6 93 54 BB
39.851975087,0x427,F3 EB 72 9A E1 27 B1 F5
39.858781593,0x1A4,85 24 E5 22 17 37 76 DD
39.858781593,0x316,4C 09 D0 5C FC 59 C5 3D
39.858781593,0x427,02 76 8E DE 45 55 97 D9
39.871050969,0x1A4,FB 94 EA 22 C2 A2 99 7E
39.871050969,0x316,9D 91 32 D6 B6 FE 9B B3
39.871050969,0x427,BB 2F 97 F6 4B D5 B6 6E
39.879847231,0x1A4,D9 D5 EF 22 8A C7 80 0E
39.879847231,0x316,EA E4 57 A3 FD BC ED 1A
39.879847231,0x427,A6 99 7B DD 75 27 1B C5
39.889361915,0x1A4,B0 6B F4 22 6C 9C A2 D7
39.889361915,0x316,FE 7E 5B B9 56 5C 81 BB
39.889361915,0x427,52 21 9F 46 7D 79 9C E7
39.899096510,0x1A4,7C 7F F9 22 41 6F E8 A3
39.899096510,0x316,72 B9 00 82 6A 2E 2E 54
39.899096510,0x427,DA E0 6D 6B 08 1A BF AA
39.908709778,0x1A4,CB 82 FD 22 DA DB 51 40
39.908709778,0x316,7A 90 AB FB 9B 27 4E 5B
39.908709778,0x427,48 9B 45 15 29 20 4F 03
39.920248861,0x1A4,4F B8 02 23 38 6F 8D B6
39.920248861,0x316,4E 75 55 CE 7D EC 4C 7C
39.920248861,0x427,2B 7C 24 3E AC F2 F5 95
39.930215113,0x1A4,A9 C0 07 23 86 E4 AC 38
39.930215113,0x316,49 4F 51 97 2B 5B 0B 6F
39.930215113,0x427,ED A0 66 AA 01 77 08 44
39.938209897,0x1A4,CC 7A 0C 23 08 38 4F FF
39.938209897,0x316,D1 7F EA C7 53 D4 85 D3
39.938209897,0x427,84 29 62 B5 8E 85 E4 7C
39.950700412,0x1A4,63 1E 11 23 B0 CC 4C 9B
39.950700412,0x316,75 A2 60 D6 42 7A CC 90
39.950700412,0x427,8D E4 35 60 36 F6 4B 9B
39.960737710,0x1A4,DD 01 16 23 15 1B D2 DE
39.960737710,0x316,27 BB DC EC 90 04 E5 AA
39.960737710,0x427,8C 3C F1 61 6B 25 C7 0A
39.968170299,0x1A4,93 8A 1B 23 E3 A0 98 1B
39.968170299,0x316,8F B8 20 97 27 A5 94 D6
39.968170299,0x427,19 5E 29 CB D4 87 86 A4
39.978470844,0x1A4,5B 07 1F 23 19 53 3C 19
39.978470844,0x316,D1 31 5C 93 78 41 4C 18
39.978470844,0x427,ED BB 12 1E 42 97 7B F7
39.990114310,0x1A4,AE 83 24 23 EE D3 15 3D
39.990114310,0x316,AA E3 56 5C 1E E1 82 94
39.990114310,0x427,1D 21 30 AC 07 08 95 B5
39.998628276,0x1A4,64 C1 29 23 EA 03 93 9A
39.998628276,0x316,BC 01 FD 6B 10 6C B6 D0
39.998628276,0x427,90 7A CC 64 A2 C9 E1 B7
40.011434583,0x1A4,F3 15 28 23 70 96 34 0A
40.011434583,0x316,DB F1 E8 58 05 97 A7 A5
40.011434583,0x427,D8 4D C3 C9 DF E6 B3 70
40.019959285,0x1A4,B7 F1 27 23 5D 40 F3 75
40.019959285,0x316,94 BB C6 92 45 85 08 DD
40.019959285,0x427,EE F3 D3 85 72 EF 8A 09
40.029323112,0x1A4,31 C0 26 23 20 BA 10 66
40.029323112,0x316,3A 4C 2B D0 CF EF 22 CE
40.029323112,0x427,31 5D CC A0 64 1A 90 BE
40.039642446,0x1A4,67 CF 25 23 7F 45 8A 6E
40.039642446,0x316,6D 10 48 AB 58 04 78 E8
40.039642446,0x427,69 61 90 06 FF 5D 4E 37
40.049534084,0x1A4,11 53 24 23 49 D3 44 2E
40.049534084,0x316,24 54 2E 06 99 D7 69 A1
40.049534084,0x427,7B C3 29 F2 B3 DE 36 54
40.060336530,0x1A4,6E 3B 22 23 BA A7 D2 4A
40.060336530,0x316,53 02 B1 EB 69 43 82 69
40.060336530,0x427,C9 01 49 CD 60 8E 43 07
40.068773168,0x1A4,FA 80 21 23 8D 41 E5 74
40.068773168,0x316,F0 3F 74 D9 C5 F2 14 E4
40.068773168,0x427,ED 4E E6 40 FB 7B CC 5B
40.078466219,0x1A4,F4 97 20 23 C5 DA D9 AE
40.078466219,0x316,96 A4 13 58 45 79 35 5A
40.078466219,0x427,85 82 3C F9 7E D0 30 F7
40.089091931,0x1A4,D6 DF 1F 23 D6 62 D1 46
40.089091931,0x316,97 83 2D 72 AA 34 A1 C8
40.089091931,0x427,0F 90 3C 0C A1 3E 13 53
40.100120622,0x1A4,11 E5 1E 23 EB 81 F8 B2
40.100120622,0x316,20 95 B0 FD AB BB 82 A2
40.100120622,0x427,E6 59 5F 43 0D B3 C3 C4
40.109920382,0x1A4,FB 0E 1D 23 94 90 1C 29
40.109920382,0x316,91 FE 99 35 19 66 F8 8E
40.109920382,0x427,6D BB 53 C5 39 37 0D DD
40.121911583,0x1A4,77 64 1C 23 81 21 F6 A5
40.121911583,0x316,86 CD 66 52 FC D3 9E BD
40.121911583,0x427,F0 F6 BC 66 3F 86 D9 C0
40.130362709,0x1A4,71 DC 1B 23 88 88 ED C7
40.130362709,0x316,24 9B C2 D0 69 FE 0B 2C
40.130362709,0x427,4F 8F 3F D8 5C 47 F5 7F
40.141233033,0x1A4,18 2D 1A 23 01 26 C0 16
40.141233033,0x316,66 82 71 55 61 DF 0F 5A
40.141233033,0x427,B0 91 CC 9D F3 C0 C9 89
40.151576200,0x1A4,A0 6B 19 23 B5 AE 1E CE
40.151576200,0x316,1E 8A 13 D6 CD 75 45 F7
40.151576200,0x427,8F 16 42 3A BB 61 08 51
40.159612578,0x1A4,90 93 17 23 AA 36 4B 4E
40.159612578,0x316,26 AD EE 19 98 21 07 EA
40.159612578,0x427,8F 1A D1 B8 41 95 26 17
40.168351193,0x1A4,E6 1B 16 23 BF E4 F3 67
40.168351193,0x316,44 CF 1B 50 4A 44 2E 9F
40.168351193,0x427,36 05 48 7F 40 A2 B4 A3
40.179844371,0x1A4,DD 49 15 23 BB 35 AE C1
40.179844371,0x316,F4 63 F8 61 7D 0B C0 33
40.179844371,0x427,1F 18 C2 43 31 3E 21 DB
40.188140257,0x1A4,EF E8 14 23 5D D6 45 7C
40.188140257,0x316,A8 85 C0 59 BB B6 45 56
40.188140257,0x427,66 4C 4F CE BE A2 11 70
40.199618403,0x1A4,7A DA 13 23 6E DA 88 5C
40.199618403,0x316,8B A9 38 C1 3D 78 C2 28
40.199618403,0x427,2E 3B 95 F5 8A A5 25 2B
40.210641522,0x1A4,8B 62 12 23 49 D0 13 04
40.210641522,0x316,3C FE 89 1C BB 0F 96 30
40.210641522,0x427,1B EA F3 94 54 BC 7E 4F
40.218900766,0x1A4,BA 1A 11 23 6B 08 91 81
40.218900766,0x316,68 29 42 B3 A2 47 6E A4
40.218900766,0x427,C2 F6 7B 8F 52 01 D4 4B
40.229105321,0x1A4,67 B7 10 23 FC FF 56 8F
40.229105321,0x316,AA 09 CB 89 B6 62 8B 2D
40.229105321,0x427,46 71 E1 65 3E 1D 54 9E
40.241780052,0x1A4,F7 34 0F 23 CB 7F 70 13
40.241780052,0x316,29 BC D8 32 99 AE E6 17
40.241780052,0x427,47 C6 2D 17 EE B6 2F B6
40.248160986,0x1A4,7D 85 0E 23 22 9A 29 EA
40.248160986,0x316,26 AF 7E E0 E3 D4 C6 A9
40.248160986,0x427,D9 4B 96 67 5F 5B 2A DA
40.258270273,0x1A4,27 38 0D 23 49 E2 50 25
40.258270273,0x316,58 71 44 B7 0B FC 14 57
40.258270273,0x427,41 66 67 88 27 9D 92 5A
40.271083194,0x1A4,9B D9 0B 23 4E 67 0E 22
40.271083194,0x316,F5 95 D7 EB 62 19 9F 62
40.271083194,0x427,25 3C 87 1A BB 8A 52 D8
40.281671591,0x1A4,0B 54 0A 23 17 00 7D BC
40.281671591,0x316,98 DC 87 D0 6E F9 5F E0
40.281671591,0x427,C3 FE 2F E3 CA A8 69 CC
40.291964915,0x1A4,78 D5 09 23 56 18 09 9D
40.291964915,0x316,85 84 F2 91 26 C3 82 F8
40.291964915,0x427,D8 D1 0B 15 74 EF E6 52
40.298076988,0x1A4,38 3A 08 23 36 1F 8E 39
40.298076988,0x316,E0 0A 4A 71 33 85 7D D3
40.298076988,0x427,C8 16 70 0A BA 89 F3 3E
40.311742255,0x1A4,F4 E3 07 23 AE DA AE 27
40.311742255,0x316,63 AD E2 AA 3B 19 20 FE
40.311742255,0x427,6E FD 16 46 CF 79 BF 06
40.320930723,0x1A4,AD 16 06 23 37 C6 76 39
40.320930723,0x316,02 BD 4F D5 29 B4 F0 B1
40.320930723,0x427,FD 13 B7 FB 9D C1 0E 38
40.328042192,0x1A4,0A 5F 05 23 ED E8 08 E0
40.328042192,0x316,29 2B D0 39 0E 2A BB 70
40.328042192,0x427,3D 73 DC A5 BC 1F C0 CF
40.339177703,0x1A4,64 AF 04 23 57 68 37 25
40.339177703,0x316,6D D9 2D 03 9E A2 FA 4B
40.339177703,0x427,59 D3 61 3E E4 66 EF F6
40.349495728,0x1A4,02 71 03 23 8F 2C 87 DB
40.349495728,0x316,C6 7B BA 9C 42 CC B7 7B
40.349495728,0x427,B4 A0 82 D6 2B 05 5F 70
40.358829846,0x1A4,9A 5D 02 23 39 24 6B 8E
40.358829846,0x316,2E 28 1D 8D A3 58 95 FF
40.358829846,0x427,89 10 6E 91 12 95 36 31
40.368297565,0x1A4,81 09 01 23 E6 7F A1 2F
40.368297565,0x316,8C 49 10 D9 26 18 C1 84
40.368297565,0x427,39 93 B5 94 FA 49 4D 66
40.379194155,0x1A4,68 CA 00 23 0F 24 51 93
40.379194155,0x316,84 8F 7B E3 2A EE FF E6
40.379194155,0x427,A6 55 A8 FA F6 3B 19 63
40.390288265,0x1A4,CB CF FF 22 7B 28 F1 42
40.390288265,0x316,1D 4D ED B4 D6 E8 FA CB
40.390288265,0x427,15 DC 5E FB 3B 11 2D 5D
40.401505060,0x1A4,F4 54 FD 22 E3 DE 3D CD
40.401505060,0x316,6B 7E 78 43 EC A3 6A 6E
40.401505060,0x427,9E 4B C7 5E EB D2 50 5D
40.410838678,0x1A4,22 DD FC 22 28 F3 ED EC
40.410838678,0x316,B2 21 DA EF 1F AE 15 3C
40.410838678,0x427,F9 A8 F5 51 4B A1 55 8A
40.419270248,0x1A4,97 36 FB 22 30 EC B8 13
40.419270248,0x316,2A 75 45 F5 7D 7E 75 B1
40.419270248,0x427,CB 1E 6E 22 1A 7A 58 52
40.429951201,0x1A4,F1 55 FA 22 F9 9F D3 D3
40.429951201,0x316,7F 42 7B FC A9 C4 D2 B3
40.429951201,0x427,A3 88 34 3F F0 A0 A9 CB
40.440422738,0x1A4,08 6B F9 22 5D 9F 36 94
40.440422738,0x316,D8 B8 F6 20 3B 2E BC 18
40.440422738,0x427,D3 89 23 FB F6 EE DF EA
40.449104188,0x1A4,FE 8C F8 22 3F 01 4A FC
40.449104188,0x316,90 7E E8 81 AC AE 56 B5
40.449104188,0x427,46 F2 C9 79 E5 58 0D 89
40.458329757,0x1A4,FA 89 F7 22 13 AC D4 1A
40.458329757,0x316,7A 2B A8 CE D8 FC 87 D3
40.458329757,0x427,18 BF A5 9A 83 B3 52 3A
40.471943989,0x1A4,03 E2 F6 22 25 FE 2C 59
40.471943989,0x316,20 4F B2 B7 AB BD BF B3
40.471943989,0x427,2A 7D 1C A5 2D 72 FB F9
40.481080828,0x1A4,7D B7 F5 22 1D 23 32 D2
40.481080828,0x316,01 03 2E FC 10 B1 55 39
40.481080828,0x427,0F 03 1D 77 DD ED E5 44
40.488761472,0x1A4,DC A5 F4 22 E4 4B 2C D6
40.488761472,0x316,48 9C 9E 0D E3 36 D2 75
40.488761472,0x427,FA 10 6A 9E 95 4F 18 70
40.499254331,0x1A4,DD 1A F3 22 68 E6 4F 97
40.499254331,0x316,7C C5 A9 6F 2F 69 8D 10
40.499254331,0x427,77 8E 02 F4 74 00 EC FE
40.509386487,0x1A4,19 04 F2 22 33 57 A9 05
40.509386487,0x316,8B 74 59 8F 1F D1 CE 72
40.509386487,0x427,4A 5D 1A 8F 53 97 78 A6
40.519415226,0x1A4,AE 51 F1 22 87 E0 55 E5
40.519415226,0x316,48 84 FC 58 C4 30 04 7A
40.519415226,0x427,3E 89 19 DE EA AA D0 B4
40.528586737,0x1A4,D1 78 F0 22 BA AD 53 10
40.528586737,0x316,FA 02 98 AE 4B C3 BA 5A
40.528586737,0x427,E8 E3 BE 10 AF 76 69 F4
40.540675623,0x1A4,10 C9 EE 22 E7 DB AD 46
40.540675623,0x316,BC 5F DB 91 F3 DC 83 40
40.540675623,0x427,73 9A 85 F2 A2 EB 82 E5
40.551723023,0x1A4,2F 83 ED 22 C2 48 0F 07
40.551723023,0x316,DF 49 AF B6 21 64 05 99
40.551723023,0x427,48 B6 A5 7D 71 E0 4A 6E
40.558792066,0x1A4,70 9E EC 22 FD 6F AD C3
40.558792066,0x316,69 F1 57 F1 94 AB 23 22
40.558792066,0x427,0E 09 78 FC 08 61 70 65
40.570184001,0x1A4,45 9E EB 22 61 C7 6B A9
40.570184001,0x316,0F 98 BD 73 98 B5 50 4F
40.570184001,0x427,E2 4C D4 89 21 17 7C B2
40.580971924,0x1A4,76 04 EA 22 8C 44 FE 4D
40.580971924,0x316,B5 D3 9D 54 44 56 89 3B
40.580971924,0x427,1E 2C E2 91 74 03 65 CC
40.590895836,0x1A4,17 7C E9 22 83 55 09 82
40.590895836,0x316,0B 9B 3E F2 5E 75 3A 68
40.590895836,0x427,5D 75 EC 24 CE 40 2C C4
40.600304386,0x1A4,57 0D E8 22 4C FB EC FA
40.600304386,0x316,DE 19 6B AE 06 46 3D 96
40.600304386,0x427,BF 5B 80 50 FC 23 DC DC
40.610885606,0x1A4,5C 07 E7 22 64 26 8C F8
40.610885606,0x316,92 61 0E 9C 8D 80 8F 0D
40.610885606,0x427,8C 15 4D B6 71 B4 24 C1
40.618778135,0x1A4,30 CB E6 22 83 F8 62 96
40.618778135,0x316,E2 91 A3 1E 70 8E 4D C6
40.618778135,0x427,A5 DC 33 FA 06 EF 2D 12
40.631816424,0x1A4,C4 4D E5 22 04 F9 49 10
40.631816424,0x316,EB 22 9F 87 2A FE E8 69
40.631816424,0x427,DA 34 FA BA 59 E0 44 29
40.640613682,0x1A4,E7 CF E4 22 69 8C D2 31
40.640613682,0x316,76 53 B1 3F 69 FD D2 FA
40.640613682,0x427,A4 92 FD 99 C1 71 13 C6
40.650091858,0x1A4,C5 17 E3 22 44 C8 55 FD
40.650091858,0x316,92 47 E9 2D A0 04 F3 D5
40.650091858,0x427,B1 9E 65 2E 1D 7F 8C 07
40.661155176,0x1A4,B5 89 E2 22 7B 8D C7 ED
40.661155176,0x316,51 AF B6 7E A3 ED 89 BA
40.661155176,0x427,F7 8E 97 1E 7B 32 F0 54
40.671229416,0x1A4,11 A2 E1 22 9A F6 1A 18
40.671229416,0x316,EE B2 36 F2 35 66 4F 67
40.671229416,0x427,69 DA F1 92 92 0E 70 B3
40.679940036,0x1A4,61 9F E0 22 45 4C 73 AF
40.679940036,0x316,79 FF 2F 63 35 D7 0E CE
40.679940036,0x427,22 C8 56 68 96 44 9C 61
40.691959376,0x1A4,DD 41 DF 22 29 C6 72 79
40.691959376,0x316,C8 5B 75 23 01 65 E6 D8
40.691959376,0x427,19 34 E2 57 04 68 D8 2E
40.698967850,0x1A4,55 7F DE 22 36 80 AA 4F
40.698967850,0x316,F6 90 EB 5A D4 CD 6A 2D
40.698967850,0x427,5C 2F 0F B5 9A 21 2C 6E
40.711890887,0x1A4,9F 5F DC 22 8F FF 83 40
40.711890887,0x316,E2 25 EB 7F 3D 60 3A 17
40.711890887,0x427,11 BE 3F 2F 31 7E B0 42
40.720838319,0x1A4,32 F8 DB 22 E5 FF 5A 33
40.720838319,0x316,B2 17 05 3A B6 49 E8 59
40.720838319,0x427,68 A4 52 FC 26 8E B0 A5
40.731119993,0x1A4,BA C4 DA 22 BD AA E1 14
40.731119993,0x316,BB E6 F7 56 A5 69 A4 73
40.731119993,0x427,2D F9 76 C0 2F 36 12 18
40.739476603,0x1A4,6F 2A D9 22 81 12 FD 41
40.739476603,0x316,FD FB 38 05 31 E3 19 E1
40.739476603,0x427,A3 43 2D 9B 42 33 97 0F
40.748177399,0x1A4,EA 03 D8 22 4A F7 9F 8E
40.748177399,0x316,91 34 24 0F 94 16 C6 AE
40.748177399,0x427,8B 8F 86 5F C7 0D 72 18
40.761826408,0x1A4,E0 AC D7 22 0F 4E 71 00
40.761826408,0x316,36 79 AE F6 4D 65 31 FC
40.761826408,0x427,D3 78 74 87 E4 57 38 03
40.770818738,0x1A4,1E 77 D6 22 2C 13 AD 53
40.770818738,0x316,EB 34 7F 62 72 4F 67 4E
40.770818738,0x427,A9 4D 14 07 37 4D CF CC
40.781632693,0x1A4,F9 95 D5 22 42 9A 6D 91
40.781632693,0x316,45 AB 38 90 CA 40 F5 5F
40.781632693,0x427,4A ED FE DB 19 7E C3 11
40.791745592,0x1A4,B0 85 D4 22 ED F1 21 2C
40.791745592,0x316,C4 5C 40 30 E3 77 F0 A2
40.791745592,0x427,4F 7E F1 9E CA 1F 8A 7F
40.799782542,0x1A4,CC 92 D3 22 C7 C8 03 89
40.799782542,0x316,48 59 E7 37 6E 59 CC F9
40.799782542,0x427,B4 2B 62 58 D0 BF D2 18
40.811441459,0x1A4,55 C1 D2 22 88 F4 E4 AE
40.811441459,0x316,C0 1C A1 E9 9B 87 98 27
40.811441459,0x427,84 23 87 99 64 7E C9 5F
40.819296080,0x1A4,83 AE D1 22 13 2C 4B 2D
40.819296080,0x316,35 33 35 E4 9E 8E D1 70
40.819296080,0x427,3A 81 D4 B4 A4 B0 91 D8
40.830938970,0x1A4,39 2E D0 22 C3 B7 A0 C5
40.830938970,0x316,DF 1D 70 2D AA 4B E0 81
40.830938970,0x427,7A 04 1B 26 4E FE 79 D0
40.838239983,0x1A4,91 AF CF 22 0F 7F F2 71
40.838239983,0x316,BA 78 C4 07 6A CE 40 9F
40.838239983,0x427,7C 1C ED 09 6A 5D 6F EF
40.849568706,0x1A4,FB 7C CE 22 FC 45 63 E3
40.849568706,0x316,22 8B 41 F5 1D 7B 2C CB
40.849568706,0x427,72 FA D1 F0 24 DF CA 1E
40.859140476,0x1A4,C4 F9 CD 22 F8 DF 2A EF
40.859140476,0x316,D0 4C C9 4F 66 4A 5E EF
40.859140476,0x427,F0 37 9B 4A 32 23 97 1B
40.869097865,0x1A4,BC 9A CC 22 46 30 DB AE
40.869097865,0x316,E7 CA 2F 2E 45 35 11 97
40.869097865,0x427,7A AF BB 84 60 C3 D9 2A
40.881933379,0x1A4,5A 83 CB 22 42 5A 87 19
40.881933379,0x316,24 0F 66 7F F8 E9 72 31
40.881933379,0x427,6F 32 7F 9A B2 A2 BE 27
40.890796545,0x1A4,96 CC CA 22 10 20 FA 9C
40.890796545,0x316,5D 10 85 EB 25 A1 5F 56
40.890796545,0x427,87 DB 14 F0 F9 0F 65 74
40.900220268,0x1A4,50 27 C9 22 6F AB 92 A8
40.900220268,0x316,18 72 48 8C 13 E3 EE D4
40.900220268,0x427,AC 66 8B 63 7B 54 B8 C8
40.911685754,0x1A4,FF E7 C8 22 37 B6 AA F1
40.911685754,0x316,BF 2F CB 1D 84 41 30 AB
40.911685754,0x427,3A 36 F1 8D BA 38 C2 10
40.919359916,0x1A4,7E B5 C7 22 9E 6A 08 3F
40.919359916,0x316,17 17 9E 5D EB 91 31 24
40.919359916,0x427,01 AF 4C 3D 2C ED DB F5
40.929797365,0x1A4,90 48 C6 22 48 FB A2 7D
40.929797365,0x316,FF 0F 37 30 CA 1E 47 CB
40.929797365,0x427,B8 33 7F 67 F2 AA A5 0A
40.938134763,0x1A4,AC F3 C5 22 85 FE 01 0F
40.938134763,0x316,45 FC A6 EA C7 00 7B FB
40.938134763,0x427,34 D3 CE EB 18 07 FD 7A
40.948141643,0x1A4,F0 9F C3 22 55 42 F6 D7
40.948141643,0x316,99 01 E0 E8 A5 7A DF A8
40.948141643,0x427,0A BA 27 B5 82 38 2E C1
40.961850340,0x1A4,CD C7 C2 22 A3 81 54 97
40.961850340,0x316,8A AB 49 19 3F BA 07 D9
40.961850340,0x427,C9 7B 14 85 01 BA 48 17
40.971412804,0x1A4,28 F6 C1 22 62 3E A1 A7
40.971412804,0x316,E7 C3 0F 52 00 1E 70 E9
40.971412804,0x427,F2 96 FF 86 23 8D 20 90
40.978613358,0x1A4,5D E3 C0 22 28 C4 C3 B3
40.978613358,0x316,12 48 2C 88 92 59 8C 85
40.978613358,0x427,6A 4D E9 64 8B BC C5 C1
40.989116033,0x1A4,08 A2 BF 22 44 A8 A8 A4
40.989116033,0x316,03 49 70 33 4A F4 55 48
40.989116033,0x427,CA 41 00 52 88 88 AE 22
40.999378647,0x1A4,A1 DF BE 22 D6 37 76 C3
40.999378647,0x316,52 D9 B2 32 EE 5E FF 4A
40.999378647,0x427,8E 30 BA F1 58 C5 57 A0
41.008016144,0x1A4,55 41 BD 22 B0 25 7C 67
41.008016144,0x316,01 42 65 6F A5 75 87 60
41.008016144,0x427,3E 70 17 15 05 23 8F 7D
41.018491354,0x1A4,B0 FE BC 22 A0 DD C1 7D
41.018491354,0x316,05 9E B4 1A 3C C6 4E 52
41.018491354,0x427,A9 46 AE 8F 82 45 EE 7B
41.029506607,0x1A4,C9 E3 BB 22 DC F6 88 63
41.029506607,0x316,D0 4D 4F 4E B8 AB 63 7F
41.029506607,0x427,4E 8B 06 FE F0 E2 4E C9
41.038470537,0x1A4,7E 44 BA 22 B5 8A 85 49
41.038470537,0x316,0A F3 55 C5 CD 0E 1E AF
41.038470537,0x427,19 38 EB B2 4D 0D 1C 0E
41.049616327,0x1A4,61 86 B9 22 A9 45 CD D4
41.049616327,0x316,33 6E A8 0A 41 F0 25 30
41.049616327,0x427,26 2A 60 F2 FF FD D4 16
41.058772284,0x1A4,A7 67 B8 22 31 2D 60 E4
41.058772284,0x316,A5 6C 64 96 26 30 73 BF
41.058772284,0x427,AE 82 78 E6 8E 12 3F 92
41.071745634,0x1A4,53 17 B7 22 5C 3D 61 2C
41.071745634,0x316,DE 25 14 A4 BB 9A 4B 50
41.071745634,0x427,54 F3 3F BD BE D8 46 0C
41.080192125,0x1A4,8A 5E B6 22 19 97 28 07
41.080192125,0x316,28 CB 15 0C E6 1E 7E F7
41.080192125,0x427,2D DD 8D 4D DA E5 88 62
41.090057518,0x1A4,86 6E B5 22 8C 4F 0D 5A
41.090057518,0x316,67 F7 D4 F6 45 E1 AA 89
41.090057518,0x427,99 65 6C 0D A4 06 E1 D2
41.099584528,0x1A4,AE 09 B4 22 2C 76 25 AF
41.099584528,0x316,E2 24 AB DF 7B C8 0D 6F
41.099584528,0x427,9F F6 10 BD 50 DA 24 82
41.110955791,0x1A4,1E D8 B3 22 C9 88 66 D9
41.110955791,0x316,C5 6B A4 2D 9C 26 3D 82
41.110955791,0x427,14 51 EE 5E FC C1 5E AE
41.118139570,0x1A4,38 AA B2 22 EF D0 72 0B
41.118139570,0x316,DB 26 21 E9 37 06 E9 36
41.118139570,0x427,AE 2C 41 19 6E 45 0D 75
41.131505619,0x1A4,59 DC B1 22 7D 63 8A 2F
41.131505619,0x316,B1 72 71 E4 C4 9F B8 38
41.131505619,0x427,31 8A 60 B6 F6 DE FF 51
41.139831350,0x1A4,1B BC B0 22 40 F8 CA B6
41.139831350,0x316,4A AB 1F 34 2D 5B CA 7E
41.139831350,0x427,4F B6 EC 34 8E 94 36 92
41.151537525,0x1A4,DB A3 AF 22 74 AF EE 9C
41.151537525,0x316,4E E2 FD 03 9C 72 94 0B
41.151537525,0x427,BA D9 0D EC CF 3E A9 61
41.161690285,0x1A4,01 5F AE 22 D3 6A 7B E6
41.161690285,0x316,ED D4 7B B0 AB DE C7 1D
41.161690285,0x427,0A BA 9F EC D3 62 5A 4A
41.169203046,0x1A4,98 8F AD 22 BF 7B 86 E7
41.169203046,0x316,01 07 8A 3D 2C 2A DB A8
41.169203046,0x427,2A 90 4A D0 D8 7E 4D EA
41.178351351,0x1A4,62 57 AC 22 CE 13 AC 54
41.178351351,0x316,6C C4 01 FC 10 A8 53 2D
41.178351351,0x427,81 A2 B1 FC 04 85 D1 63
41.188255924,0x1A4,87 3C AB 22 78 93 76 3A
41.188255924,0x316,B8 38 2D 5F DA C3 E6 EA
41.188255924,0x427,B4 3A 79 D6 8A C4 E6 66
41.201910638,0x1A4,49 2E AA 22 65 F6 EA 27
41.201910638,0x316,77 72 44 24 8A C9 47 99
41.201910638,0x427,4C 34 05 3F BA E8 2B 9F
41.208092156,0x1A4,4A F7 A9 22 6D 6E 18 42
41.208092156,0x316,23 22 C7 E1 C3 D7 13 EC
41.208092156,0x427,00 48 3F 6C E2 69 2E AE
41.218328588,0x1A4,51 E4 A8 22 34 DC CD B5
41.218328588,0x316,32 49 1E DD 0B 3A EF E6
41.218328588,0x427,D7 03 4E A0 52 12 4B 4F
41.229612867,0x1A4,9E C5 A7 22 B3 B7 B5 F0
41.229612867,0x316,B6 3D F1 E0 2C 0D 41 A7
41.229612867,0x427,6E 04 94 BC 49 9D EA E9
41.239454835,0x1A4,AF 17 A6 22 F9 8D C1 68
41.239454835,0x316,DA 45 B6 B0 5D 43 9E 02
41.239454835,0x427,2B 98 77 6A C7 7E D4 D2
41.249818038,0x1A4,26 4D A5 22 08 B5 8B 60
41.249818038,0x316,4B B0 30 47 A3 E0 B6 D7
41.249818038,0x427,78 E7 AC E6 E6 D7 82 30
41.261188110,0x1A4,A1 DD A4 22 FF 4F 7B C7
41.261188110,0x316,86 C1 FB 7C 0F 7E E0 40
41.261188110,0x427,6F 18 A2 99 65 85 AB 02
41.268193720,0x1A4,2A BC A3 22 4B 32 49 B1
41.268193720,0x316,17 6C 3D 65 B1 5C B3 0A
41.268193720,0x427,FE 2B 2D B2 D6 68 62 C4
41.279095771,0x1A4,F7 10 A2 22 F3 D1 FE 20
41.279095771,0x316,F5 F1 B7 A9 E1 07 83 B0
41.279095771,0x427,E2 DC 14 39 4A E2 0D 12
41.289121770,0x1A4,8E 8F A1 22 43 08 48 1D
41.289121770,0x316,A8 E2 82 1D 73 3B AF 28
41.289121770,0x427,D4 B3 F7 E6 4C 6E 8B CA
41.300147984,0x1A4,9F BF A0 22 35 2A 06 11
41.300147984,0x316,3C 96 F0 2E 6A E1 74 89
41.300147984,0x427,E1 14 CF 53 CA 8B D8 2A
41.309740521,0x1A4,AD 6B 9F 22 2F BB 76 BD
41.309740521,0x316,D3 ED A9 41 06 AB 8F F4
41.309740521,0x427,5F D4 4F AE 94 C5 0B B7
41.318554730,0x1A4,4E 11 9E 22 C2 C7 EC B1
41.318554730,0x316,99 BB F0 65 F9 18 E9 48
41.318554730,0x427,54 57 48 89 5B 10 54 49
41.328343408,0x1A4,53 6A 9D 22 14 94 02 DB
41.328343408,0x316,A4 9E F2 91 7B 9C F1 42
41.328343408,0x427,9E 22 C6 1B AD 31 D0 C2
41.338905249,0x1A4,71 0B 9C 22 47 93 18 65
41.338905249,0x316,22 19 A8 D2 42 A8 B6 E2
41.338905249,0x427,8A 90 4F E2 42 89 BE 33
41.350392299,0x1A4,F1 E6 9B 22 89 10 25 16
41.350392299,0x316,44 18 04 8E 9D 3A B1 D8
41.350392299,0x427,8C C7 7A 7F 87 DA 66 33
41.360560225,0x1A4,4F 9C 9A 22 12 6E AA 84
41.360560225,0x316,65 EB DC FE D9 51 23 09
41.360560225,0x427,B6 90 0D 78 0E EF 93 7A
41.371956977,0x1A4,26 F6 99 22 10 25 85 1C
41.371956977,0x316,ED 7B 88 3A 80 6A BC 09
41.371956977,0x427,54 B2 45 D5 06 27 58 63
41.378857291,0x1A4,C8 F8 98 22 F4 55 67 15
41.378857291,0x316,E5 E9 35 C3 A4 DE 90 B1
41.378857291,0x427,F7 D3 70 CE AF 26 41 11
41.390369416,0x1A4,E9 72 97 22 4A 54 9A 6F
41.390369416,0x316,72 AA 85 9D 4D 6D F3 5E
41.390369416,0x427,F1 E1 27 70 F0 43 04 BD
41.401017164,0x1A4,AA D5 96 22 16 79 28 71
41.401017164,0x316,B9 16 D5 98 92 7A E5 C4
41.401017164,0x427,B6 60 82 0A 99 4A B2 A9
41.408340446,0x1A4,79 6E 95 22 9C 31 ED 80
41.408340446,0x316,78 5C 4C C4 9B 54 79 F9
41.408340446,0x427,CF 4C 60 30 24 A4 BF C4
41.421048159,0x1A4,47 D4 94 22 5F B6 93 B9
41.421048159,0x316,91 4A 63 51 A0 B7 33 0B
41.421048159,0x427,35 F7 9C 91 4A 57 A3 03
41.429562067,0x1A4,8C C1 93 22 85 09 18 27
41.429562067,0x316,84 8C 62 57 5E 60 07 DC
41.429562067,0x427,A1 5B 4E F3 02 92 34 40
41.439205332,0x1A4,00 B1 92 22 1D 78 EF 2C
41.439205332,0x316,29 48 A1 59 3F F4 47 76
41.439205332,0x427,80 C0 5D 33 01 D2 CC E6
41.450898189,0x1A4,FD 0A 91 22 65 13 72 0E
41.450898189,0x316,AF 03 2D 64 42 EE 49 61
41.450898189,0x427,0C 66 31 27 45 E1 62 F2
41.461866634,0x1A4,90 C5 90 22 C2 A5 6E 81
41.461866634,0x316,72 53 4B 10 45 0A A9 39
41.461866634,0x427,B1 35 18 2F 9B 12 91 A0
41.471849403,0x1A4,F0 34 8F 22 14 CC FC 55
41.471849403,0x316,14 7D 73 A8 D2 52 9F B8
41.471849403,0x427,87 E3 59 70 D7 B1 7A 06
41.479133105,0x1A4,47 F6 8E 22 42 9B C6 70
41.479133105,0x316,8B 13 C3 11 25 86 EA D7
41.479133105,0x427,03 2F EB 3E B9 64 06 9A
41.489031250,0x1A4,5C 7C 8D 22 7B B0 AD 49
41.489031250,0x316,45 ED 8D 8E FA B7 3D 29
41.489031250,0x427,94 77 B3 24 BF 46 10 8C
41.501741002,0x1A4,1C 46 8C 22 A9 30 4B 51
41.501741002,0x316,70 C0 84 0E 0F 78 82 1C
41.501741002,0x427,FC 9D 4C AF BD 72 AC 10
41.509467042,0x1A4,5D CA 8B 22 A5 BF 9E 84
41.509467042,0x316,79 2A C6 88 88 60 78 04
41.509467042,0x427,BF AA 5B 9E E1 89 71 B8
41.520779155,0x1A4,A5 90 8A 22 D6 43 5D B9
41.520779155,0x316,87 04 CC EE 86 10 58 52
41.520779155,0x427,8C B5 D0 5E DC 8C D6 09
41.530786833,0x1A4,96 87 89 22 54 FD C9 E6
41.530786833,0x316,D6 26 92 1A 8B 5F 2F AF
41.530786833,0x427,58 45 D1 3B 81 C4 82 01
41.539833251,0x1A4,7C 33 88 22 00 32 E0 00
41.539833251,0x316,16 DF 0D 90 A2 73 F4 0E
41.539833251,0x427,71 0A 4F D0 A6 FC 34 63
41.549150631,0x1A4,49 39 87 22 C5 F2 23 91
41.549150631,0x316,2D DD A0 1E A7 8C 64 DB
41.549150631,0x427,33 04 7A 39 91 FB 1D C3
41.560635894,0x1A4,F0 63 86 22 D7 8D 02 09
41.560635894,0x316,34 A1 4A 90 1B 4C AB 8B
41.560635894,0x427,24 AF EC 12 7F 2D 11 05
41.571127003,0x1A4,7D DC 85 22 28 8F F1 D2
41.571127003,0x316,9B F0 2A E9 74 33 F7 79
41.571127003,0x427,52 0E ED EF 86 4A 4D 92
41.581619007,0x1A4,B4 F7 84 22 FF 7B D4 62
41.581619007,0x316,28 DA 4F 48 CC 22 84 AF
41.581619007,0x427,B5 64 B5 9D D4 2B 03 63
41.591342662,0x1A4,EC A6 83 22 29 8F 05 E9
41.591342662,0x316,17 7A 81 BF EA E0 D7 3C
41.591342662,0x427,EC 4C D1 AE 47 7E 95 7D
41.601516967,0x1A4,31 E9 82 22 EB C5 02 40
41.601516967,0x316,28 81 5B 58 3F DF E9 FA
41.601516967,0x427,91 17 EC FC B4 9C FE A2
41.610195525,0x1A4,94 D9 81 22 19 34 A8 7A
41.610195525,0x316,44 89 5F EB 42 20 09 E6
41.610195525,0x427,E8 0B 34 27 A1 F8 47 74
41.619137424,0x1A4,EC 17 80 22 3F 43 23 E1
41.619137424,0x316,25 D1 31 5C 56 91 4D 39
41.619137424,0x427,39 E2 F7 24 08 E3 6F 49
41.631911423,0x1A4,65 8A 7F 22 C4 68 21 BB
41.631911423,0x316,87 68 A2 2C C2 C4 89 F6
41.631911423,0x427,8D 8F A5 F7 57 93 71 63
41.639842222,0x1A4,A2 AB 7E 22 A5 93 D8 41
41.639842222,0x316,C2 A7 C6 E1 03 83 0A 29
41.639842222,0x427,AD 5D 3A 5E 7F 01 71 BD
41.648335328,0x1A4,AD 22 7D 22 F1 49 86 6E
41.648335328,0x316,AF 00 32 CE C3 78 C3 4C
41.648335328,0x427,E5 1E DC 24 96 E0 E4 0A
41.659631372,0x1A4,A7 1B 7C 22 7E 1A 0E 69
41.659631372,0x316,8B 81 EF B5 F4 E6 3A E1
41.659631372,0x427,A1 A5 9F 8A 8E F0 07 DA
41.671392460,0x1A4,9C BA 7B 22 7D 1A CC FC
41.671392460,0x316,87 9B F8 66 5B 96 01 20
41.671392460,0x427,2E 1C 13 D7 48 4C 62 A0
41.679969463,0x1A4,AC 5D 7A 22 1C 1A 46 35
41.679969463,0x316,97 1E 1F F1 0E 02 E2 67
41.679969463,0x427,A4 DF CF 6B A8 09 35 E2
41.689745741,0x1A4,06 11 79 22 FE AB E8 75
41.689745741,0x316,3B 55 C3 BB E3 B4 CA 73
41.689745741,0x427,C1 F6 A2 71 AF CA CE F3
41.700247368,0x1A4,A9 FD 78 22 78 0F A9 76
41.700247368,0x316,0E 49 12 5D F8 25 7A 56
41.700247368,0x427,B0 74 75 53 AF E9 55 AA
41.709949440,0x1A4,54 33 77 22 AD CD 13 22
41.709949440,0x316,B7 B1 2A B9 AF EF A9 87
41.709949440,0x427,DA D9 B6 34 8C 52 FA 3E
41.718278339,0x1A4,26 A5 76 22 03 4A 6C B6
41.718278339,0x316,45 16 E3 30 A2 C8 81 91
41.718278339,0x427,A8 6E D1 31 A3 74 B0 F2
41.731505432,0x1A4,DA A6 75 22 A3 D9 B3 BA
41.731505432,0x316,56 96 C9 A8 84 77 BC C8
41.731505432,0x427,9C AC 6E 9E 54 C2 08 5D
41.738530685,0x1A4,00 9F 74 22 1A CE 9F 76
41.738530685,0x316,43 32 57 8C 01 C8 C8 DC
41.738530685,0x427,06 F8 93 C3 C6 A4 C5 CA
41.751837156,0x1A4,4F 53 73 22 BF FB F3 5F
41.751837156,0x316,E1 2F DD A4 87 EE 90 4E
41.751837156,0x427,3D D5 A8 36 63 7A 90 64
41.761676462,0x1A4,FF 4C 72 22 69 27 61 78
41.761676462,0x316,9B 7F D0 1B 68 D2 F6 8A
41.761676462,0x427,64 08 F9 A6 3F 3B CB 73
41.771093120,0x1A4,16 CA 71 22 BF D9 98 E7
41.771093120,0x316,19 24 38 D5 4A E8 AA F4
41.771093120,0x427,BF B8 4A C6 D3 96 BF DE
41.781464237,0x1A4,4B FE 70 22 3C 8E 80 69
41.781464237,0x316,91 D8 06 0D 61 84 0C 33
41.781464237,0x427,80 FC 98 37 35 67 72 56
41.790464389,0x1A4,DF C1 6F 22 33 1A D2 E3
41.790464389,0x316,59 C2 1E 28 1C EB DE A8
41.790464389,0x427,BE DC 60 62 DD 39 E7 EF
41.798162620,0x1A4,A5 EF 6E 22 65 62 89 6E
41.798162620,0x316,86 23 29 2E 08 82 75 F1
41.798162620,0x427,EE 28 67 71 96 13 1A 06
41.810002879,0x1A4,09 FE 6D 22 50 1F DA 34
41.810002879,0x316,59 F9 CE 62 5D A9 40 91
41.810002879,0x427,BD 16 C0 AA BB 86 1E 2C
41.818151735,0x1A4,5D 4C 6C 22 D7 57 CF FB
41.818151735,0x316,4B 00 F8 BE 42 C7 3D AE
41.818151735,0x427,81 9F 38 90 32 EA EC C4
41.830080884,0x1A4,7B 28 6C 22 C4 2E 28 A4
41.830080884,0x316,8E 60 E1 66 34 BB 37 93
41.830080884,0x427,C0 E7 27 C8 02 A4 03 CD
41.838369060,0x1A4,FB A8 6B 22 95 2D 93 26
41.838369060,0x316,B3 48 4A 69 A9 88 05 51
41.838369060,0x427,F9 D7 F4 77 72 18 E6 3E
41.849585418,0x1A4,77 38 6A 22 56 16 0C BD
41.849585418,0x316,D0 0E 6C 21 ED 14 3B C3
41.849585418,0x427,D2 8F 66 EE 37 63 97 7C
41.858606646,0x1A4,AF 70 69 22 BE 6C 40 9C
41.858606646,0x316,BC 69 DA EE EC B2 6D C3
41.858606646,0x427,01 53 C1 9C 49 9F D4 87
41.871941009,0x1A4,8A C6 68 22 1C 38 CA A0
41.871941009,0x316,9A 11 3C E0 04 87 09 09
41.871941009,0x427,D5 BF 1A AD EB 39 D9 18
41.878243460,0x1A4,DF 5B 67 22 D3 5E BB 10
41.878243460,0x316,47 B7 F3 15 FA CC 7E 05
41.878243460,0x427,49 1C 38 02 CB 60 90 EB
41.889617489,0x1A4,3F 5E 66 22 1D 2D 95 DE
41.889617489,0x316,9D 33 81 0D F4 BF DD 54
41.889617489,0x427,EE 0D 44 DA CD C3 06 17
41.900132002,0x1A4,15 07 65 22 BB E3 7A EE
41.900132002,0x316,76 9C DC E6 C7 73 50 5B
41.900132002,0x427,7C 45 F8 33 92 8A 5B BE
41.910724042,0x1A4,F4 E9 64 22 8B A4 3C F5
41.910724042,0x316,E1 F1 87 36 60 5F BC 4E
41.910724042,0x427,0E B5 36 D7 83 E3 E6 10
41.920455673,0x1A4,D3 A3 63 22 81 1C 8C 9F
41.920455673,0x316,FC 51 C4 E8 2B 9C C4 50
41.920455673,0x427,D2 E1 5C 95 F0 4D 8E E7
41.930911971,0x1A4,D1 7C 62 22 4E 7E 55 72
41.930911971,0x316,C0 52 9F 79 CE D9 AF 56
41.930911971,0x427,21 57 1F B4 25 16 DB 2C
41.939065649,0x1A4,30 78 61 22 02 2B A1 4D
41.939065649,0x316,D2 DE FB 19 28 E3 65 CD
41.939065649,0x427,ED DC D7 8F 2B 77 E9 28
41.949453683,0x1A4,5C F2 60 22 AC 77 6C E1
41.949453683,0x316,5E 94 EA 26 B1 31 CB 29
41.949453683,0x427,0B 9F 49 6A 48 1D 52 1E
41.958987572,0x1A4,F5 26 5F 22 42 EE 04 E9
41.958987572,0x316,45 2E 48 9E 00 C8 E0 68
41.958987572,0x427,D1 10 85 28 78 37 C9 8F
41.969713268,0x1A4,21 EC 5E 22 FB 55 F1 A0
41.969713268,0x316,56 96 35 78 28 32 2A B3
41.969713268,0x427,21 BF B9 FB DB FD FE 47
41.978158742,0x1A4,21 76 5D 22 44 2E 16 D9
41.978158742,0x316,55 B6 55 E7 7F 02 D8 3F
41.978158742,0x427,60 4F E3 F9 81 30 05 1D
41.988565827,0x1A4,1B 53 5C 22 82 DA 05 F2
41.988565827,0x316,6B 9C 8A 25 3D 56 C0 E8
41.988565827,0x427,A4 38 E5 71 79 82 D9 18
42.000240236,0x1A4,D9 D1 5B 22 09 B3 14 0A
42.000240236,0x316,5E 99 B6 22 17 DF 56 E1
42.000240236,0x427,1B E2 85 61 4E 47 0A 79
42.010762018,0x1A4,47 60 5A 22 98 CF 14 7A
42.010762018,0x316,EF 21 A3 2B 9A 29 63 C4
42.010762018,0x427,98 B6 1B 05 D9 96 0F 96
42.018554196,0x1A4,FC BA 59 22 C8 B1 DE FC
42.018554196,0x316,69 48 65 D1 73 36 C5 5C
42.018554196,0x427,03 3A 52 EE 34 37 E1 70
42.031954454,0x1A4,09 6E 58 22 DF B5 68 92
42.031954454,0x316,BF A6 8C 2E 56 71 84 72
42.031954454,0x427,80 66 DC E4 81 53 15 05
42.038089422,0x1A4,61 5D 57 22 BF 71 E4 7D
42.038089422,0x316,0E A5 54 F2 88 93 F8 AB
42.038089422,0x427,E6 B0 18 91 55 2A 05 58
42.050598643,0x1A4,5D EF 56 22 22 9A FB 56
42.050598643,0x316,A1 76 E1 FC AE 3F C3 15
42.050598643,0x427,16 0E F1 E2 C5 3B B6 5E
42.060264468,0x1A4,4D C6 55 22 D3 4D 5F 2D
42.060264468,0x316,8A A6 8B 22 86 80 C0 9F
42.060264468,0x427,A4 A6 D3 4C C6 53 68 AD
42.069864969,0x1A4,63 00 55 22 CF 0B B1 EA
42.069864969,0x316,F9 B6 44 26 14 A6 68 1C
42.069864969,0x427,0F 7C 2E FE 74 0D 5E EF
42.080540454,0x1A4,27 D9 54 22 D2 B7 DD F5
42.080540454,0x316,AC 48 3D AB 28 3B 77 32
42.080540454,0x427,55 C9 29 F6 5C 6C 5C A2
42.089060434,0x1A4,62 4D 53 22 0D 6A D7 4A
42.089060434,0x316,AF D8 1E B6 94 C0 F3 CA
42.089060434,0x427,2F 0D E2 F2 93 20 5D C9
42.100276320,0x1A4,9D 40 52 22 50 65 CE 5A
42.100276320,0x316,62 EC 51 9A B6 4D CB FB
42.100276320,0x427,2E 15 A0 CC ED ED A7 7E
42.111091641,0x1A4,61 A9 51 22 4C 5C 32 9F
42.111091641,0x316,B9 B3 1B E4 0D 64 1F 97
42.111091641,0x427,BD EB F0 6A 7A 2B E0 FD
42.121561664,0x1A4,C5 86 50 22 5F CB 7E 5D
42.121561664,0x316,95 B4 EB D9 20 FB B1 40
42.121561664,0x427,C8 6D 28 31 38 AD 6F 83
42.130083076,0x1A4,EB 30 4F 22 AF BC 66 FB
42.130083076,0x316,73 01 3B 85 A9 E2 7E E7
42.130083076,0x427,9E 10 7A EA C3 72 00 06
42.139518178,0x1A4,DF 04 4E 22 88 A4 8D 51
42.139518178,0x316,B8 99 E3 E7 10 C6 B8 2A
42.139518178,0x427,FC 98 50 0D EA 69 3F A6
42.148987893,0x1A4,10 41 4D 22 9D F1 54 B3
42.148987893,0x316,7F B4 7F 4E 25 66 5B 43
42.148987893,0x427,7B 25 ED 72 A9 F1 03 FF
42.161956137,0x1A4,30 CA 4C 22 89 91 67 56
42.161956137,0x316,B2 4E 5B 0A A6 9D D8 45
42.161956137,0x427,00 D8 FF BF 34 A8 BE FE
42.168990729,0x1A4,9E F6 4B 22 CF 0E 1D A8
42.168990729,0x316,46 39 45 75 C8 20 CF A8
42.168990729,0x427,02 E2 8A 14 AD 2B 3A 55
42.180300966,0x1A4,F6 4C 4A 22 21 1D 08 08
42.180300966,0x316,CF 44 72 21 C2 03 3E DF
42.180300966,0x427,03 81 6E FA 36 10 32 ED
42.190980044,0x1A4,3A 95 49 22 15 C9 BB 02
42.190980044,0x316,3C 73 11 BC A7 E5 DA 92
42.190980044,0x427,94 16 EB 04 EB 6E 7E 4D
42.198145044,0x1A4,9E A9 48 22 8A C3 1B 33
42.198145044,0x316,0A 98 8F E7 06 D9 59 78
42.198145044,0x427,39 CA 48 61 BA FE 6D 63
42.209104849,0x1A4,2C 31 47 22 B8 69 FE B1
42.209104849,0x316,3D E5 01 AC D0 4F 31 45
42.209104849,0x427,3E 29 65 B2 B3 4D 09 60
42.219121789,0x1A4,78 2B 46 22 67 34 E6 5D
42.219121789,0x316,65 FA 9A CD 15 B8 38 83
42.219121789,0x427,DB 46 87 DA 12 0C 60 FE
42.231536045,0x1A4,88 1C 45 22 D9 F6 AC 6C
42.231536045,0x316,14 EF 3D 68 1A 56 10 B5
42.231536045,0x427,E7 BE 95 57 E8 0A E1 21
42.241426230,0x1A4,F9 4D 44 22 11 20 A3 58
42.241426230,0x316,1C 0F 18 B8 43 6D F7 42
42.241426230,0x427,17 F3 68 8D 95 1E 62 31
42.250762148,0x1A4,9A FD 44 22 3A A2 19 48
42.250762148,0x316,BD A6 44 44 C9 8C 53 15
42.250762148,0x427,94 C9 D1 E9 E8 F4 2A 73
42.259468244,0x1A4,53 E9 43 22 BF 9A FB AB
42.259468244,0x316,10 25 B5 15 E0 9E 33 CE
42.259468244,0x427,4C 90 8D AA EC C2 D0 E9
42.268947515,0x1A4,93 AE 42 22 9A E5 89 DC
42.268947515,0x316,2D 25 40 82 4F 67 54 E5
42.268947515,0x427,16 FE 0F 1D 07 D1 E3 05
42.280410853,0x1A4,2B A5 41 22 8A 11 E7 20
42.280410853,0x316,BE DE 64 CE 9C 95 16 C3
42.280410853,0x427,64 9A 67 1B B4 B1 32 3E
42.290826803,0x1A4,5B D6 40 22 16 E6 56 2D
42.290826803,0x316,0D 60 96 5F 0B 2A A1 10
42.290826803,0x427,02 F2 6C 27 81 9D 68 92
42.301317208,0x1A4,30 4A 3F 22 F2 72 A8 3C
42.301317208,0x316,51 76 64 C7 D1 FF 5E 16
42.301317208,0x427,72 D0 1A DD D9 2B 4E 13
42.311122009,0x1A4,40 1C 3E 22 4C 8C 1D B9
42.311122009,0x316,F7 46 71 03 B7 7E 8B BC
42.311122009,0x427,98 A6 96 CE 43 9C 54 57
42.320677216,0x1A4,75 C7 3D 22 4B 6B AE E8
42.320677216,0x316,1C E7 11 9E 0A 9B 04 12
42.320677216,0x427,CA 97 FF 27 11 6D 2F 95
42.328264528,0x1A4,64 D1 3C 22 84 77 34 F7
42.328264528,0x316,AB C0 10 DF A1 93 17 F8
42.328264528,0x427,56 90 F4 75 2B 68 89 A1
42.341448873,0x1A4,95 3C 3B 22 73 E7 B5 54
42.341448873,0x316,2C EC 3F C9 BE 61 39 AA
42.341448873,0x427,B8 DA 17 1B 6B 12 D1 9C
42.350863037,0x1A4,F9 F9 3A 22 16 EC 60 0E
42.350863037,0x316,E9 04 43 B4 80 D2 82 23
42.350863037,0x427,02 D4 13 33 A0 30 02 EB
42.358354273,0x1A4,22 0E 39 22 B7 29 33 ED
42.358354273,0x316,19 9D C6 14 B2 D4 81 2F
42.358354273,0x427,D0 E7 79 17 2C 85 DF B7
42.369548337,0x1A4,C3 6B 38 22 F0 2C 72 17
42.369548337,0x316,90 BB FB 00 9F 14 D7 6E
42.369548337,0x427,2A D2 A5 CA 06 8C 83 AF
42.379376573,0x1A4,26 DA 37 22 43 EA D0 35
42.379376573,0x316,C6 B5 CC 0C 9D F2 8B B7
42.379376573,0x427,8F 57 54 14 DB F0 0B 63
42.391979189,0x1A4,1C 0F 36 22 EB 9A 1D A0
42.391979189,0x316,33 66 82 87 23 C3 50 31
42.391979189,0x427,CB 06 DE 79 9B 04 4B D1
42.398580114,0x1A4,8A 3C 36 22 8A 0F 4F B5
42.398580114,0x316,F0 F3 E8 FC 77 01 CC 7E
42.398580114,0x427,AF 48 FF 9A 31 5F CE B4
42.408048636,0x1A4,BC F2 35 22 35 2D 1E 78
42.408048636,0x316,66 87 BE 49 A4 D3 47 BB
42.408048636,0x427,23 C7 18 AD 9B FE 80 97
42.418209814,0x1A4,C5 2D 34 22 5E DF 63 DC
42.418209814,0x316,B4 26 AF 0F 07 C0 48 71
42.418209814,0x427,77 6E 57 2F 04 0D F1 81
42.430651534,0x1A4,2D C1 33 22 C7 EE 5D 14
42.430651534,0x316,A7 90 04 2D 0F 8A 64 F9
42.430651534,0x427,9E CF 9D 32 B8 1C 65 43
42.439924835,0x1A4,1F 28 32 22 5A 2F D0 E0
42.439924835,0x316,D3 68 C0 8A C8 A5 4F 93
42.439924835,0x427,E7 6B 04 F9 D0 F3 78 30
42.450468348,0x1A4,F5 09 31 22 BB 23 BF 1F
42.450468348,0x316,D7 29 EF B3 D9 93 FC C2
42.450468348,0x427,76 4D 66 13 2B C7 2D 30
42.458446910,0x1A4,80 61 30 22 08 EB 3E D9
42.458446910,0x316,92 A0 47 52 90 F9 9B C1
42.458446910,0x427,AF 6D F2 FD E3 90 4B 3A
42.470945059,0x1A4,75 97 2F 22 C4 F5 08 65
42.470945059,0x316,A6 D1 A2 A2 66 BE 06 D6
42.470945059,0x427,A2 82 A1 97 0E CF F5 4B
42.478450183,0x1A4,C6 70 2E 22 F4 4F 8B 69
42.478450183,0x316,37 1B B4 81 5B 08 FE A3
42.478450183,0x427,10 2C 10 49 71 C5 DF 37
42.488986957,0x1A4,B9 A1 2D 22 E2 3E 3E 40
42.488986957,0x316,4F 5F 10 D3 F1 20 42 58
42.488986957,0x427,BD 00 46 BC E2 25 A3 3D
42.498672509,0x1A4,31 2E 2C 22 64 A4 C9 01
42.498672509,0x316,7A BC A3 A7 87 7B FB E3
42.498672509,0x427,C0 F5 D7 F7 B3 E3 FB AE
42.510775318,0x1A4,51 53 2B 22 F3 0C 0D 48
42.510775318,0x316,43 9D 19 C1 DA 9B 48 29
42.510775318,0x427,04 1F 8D 10 F0 4C C6 0F
42.519322129,0x1A4,96 8B 2A 22 A8 BD 71 7E
42.519322129,0x316,DF 03 1F 58 38 EB 16 E7
42.519322129,0x427,91 43 A0 BB 82 A2 76 0F
42.530111079,0x1A4,EB 2F 2A 22 4F 49 72 C1
42.530111079,0x316,75 04 55 D1 1A B1 1A 6E
42.530111079,0x427,69 B5 77 14 32 8F 8D AC
42.541362859,0x1A4,08 EF 29 22 0F 40 0D E6
42.541362859,0x316,53 F7 52 B7 A2 99 28 72
42.541362859,0x427,DD 5C 12 03 F8 A8 27 FA
42.548585158,0x1A4,AB 64 28 22 18 1B AC AC
42.548585158,0x316,15 5A 96 16 DD 88 82 51
42.548585158,0x427,B0 40 90 96 5D 8F 79 C5
42.559381222,0x1A4,06 D3 27 22 8F 24 1B EA
42.559381222,0x316,6E F0 89 5C 60 1B B5 B2
42.559381222,0x427,F8 4F 5B AE 54 7F 02 9B
42.570886441,0x1A4,2F 39 26 22 E4 6D 94 F5
42.570886441,0x316,06 6F DD 10 5C 2A B7 91
42.570886441,0x427,4F 17 2F 43 87 6E 26 BA
42.581768139,0x1A4,A7 3A 25 22 48 2D AE 51
42.581768139,0x316,06 C6 66 73 31 43 AD 5B
42.581768139,0x427,5D 56 00 BE 33 6D 9B CF
42.589940033,0x1A4,7E B1 24 22 C3 60 D5 5E
42.589940033,0x316,D8 01 EC 7F AF FF DC 4C
42.589940033,0x427,08 00 6F C3 EC D5 34 7D
42.601313458,0x1A4,53 E0 23 22 A9 35 C1 8B
42.601313458,0x316,5B D9 C4 FF D8 4F B6 BE
42.601313458,0x427,7A 85 B6 30 03 86 65 3A
42.610596871,0x1A4,E4 A5 22 22 90 5B A9 2B
42.610596871,0x316,68 5A EE 0A E8 80 DC B0
42.610596871,0x427,06 53 57 5A E0 38 E4 68
42.618419591,0x1A4,94 9F 21 22 DF 04 46 E1
42.618419591,0x316,A3 0D 2E 76 2A C4 09 53
42.618419591,0x427,5E F5 66 EC F2 25 D7 CB
42.631215468,0x1A4,A4 04 20 22 E9 7C F9 F1
42.631215468,0x316,8B 15 E7 F8 CB D8 3A 67
42.631215468,0x427,9F 0D B0 76 0D F7 61 DE
42.641138322,0x1A4,FE BB 1F 22 93 6E E2 76
42.641138322,0x316,57 D5 C1 73 B6 5A 16 27
42.641138322,0x427,4A 8B 5F 24 0B 57 E4 BC
42.648753439,0x1A4,61 2E 1F 22 50 55 B4 62
42.648753439,0x316,20 B8 6A 6B 88 38 1B F3
42.648753439,0x427,36 4F 44 06 F8 A2 94 DF
42.658086789,0x1A4,24 D1 1E 22 48 C1 CB C9
42.658086789,0x316,97 CA 14 51 56 30 A7 61
42.658086789,0x427,09 0D 61 FD BB BC C8 DE
42.668381839,0x1A4,30 67 1D 22 70 06 3E 26
42.668381839,0x316,4A 46 40 66 8C 2C 9F 5D
42.668381839,0x427,FA 3C 92 03 5E 9C 33 6F
42.680669155,0x1A4,1D 8F 1C 22 C1 70 41 D1
42.680669155,0x316,FC E4 69 A9 14 D3 C5 E7
42.680669155,0x427,9C 4E 3B 2C 09 78 AA 26
42.688849592,0x1A4,D1 BA 1B 22 B8 DE 2F F2
42.688849592,0x316,69 B3 14 2F B7 E7 8C 37
42.688849592,0x427,50 D7 47 18 E4 17 32 04
42.700174575,0x1A4,7D B0 1A 22 90 E1 E7 78
42.700174575,0x316,C1 D5 5F 26 60 0D 59 45
42.700174575,0x427,42 4A 5A 56 53 2B A0 32
42.710994804,0x1A4,44 DD 19 22 E7 85 50 7F
42.710994804,0x316,53 4F 69 64 7F 6B 87 28
42.710994804,0x427,44 A0 B3 4D 76 57 6C D4
42.720043353,0x1A4,99 B5 18 22 E6 98 93 DA
42.720043353,0x316,2A CD A0 8C D3 5A 15 47
42.720043353,0x427,57 1F 4D 3A 0B 4E A0 30
42.729686696,0x1A4,EF 8A 17 22 0A E2 58 9B
42.729686696,0x316,30 51 46 B9 6A 6F C7 7F
42.729686696,0x427,B4 AA CF 6E BF 35 63 6F
42.738850874,0x1A4,FA 46 16 22 44 44 02 DA
42.738850874,0x316,92 01 EA 28 48 74 C2 7C
42.738850874,0x427,8A EE 16 F8 5C 29 71 AA
42.751814219,0x1A4,62 75 15 22 C4 6A 76 5A
42.751814219,0x316,C0 E4 20 F6 F0 91 23 1B
42.751814219,0x427,B7 C1 20 11 53 8D F4 F3
42.759948121,0x1A4,4B A4 15 22 ED FE BD B4
42.759948121,0x316,1C 07 09 7A 12 F0 99 9B
42.759948121,0x427,5A FF 10 4A 80 E3 37 24
42.768363523,0x1A4,EE F2 14 22 D2 A1 CD 84
42.768363523,0x316,3D 99 7E F1 17 F6 85 7E
42.768363523,0x427,AC 2C BA CD 35 3E 66 37
42.778353707,0x1A4,E2 9C 13 22 CC DB 91 7D
42.778353707,0x316,00 D8 51 03 DC 8F F4 F4
42.778353707,0x427,4F 97 D9 4E 49 8C AA A1
42.789853188,0x1A4,BC 2A 12 22 49 36 AD 56
42.789853188,0x316,7D C3 65 A1 46 43 84 4F
42.789853188,0x427,96 65 1E AF BF B7 54 9E
42.801230575,0x1A4,83 C6 11 22 45 92 93 9C
42.801230575,0x316,FA 63 31 1F 98 A7 5F 99
42.801230575,0x427,DF 32 22 21 B8 45 96 87
42.808873974,0x1A4,FF 68 10 22 10 26 52 57
42.808873974,0x316,84 A8 89 B9 43 2C 94 5F
42.808873974,0x427,78 B2 9F CE 62 7C 42 B0
42.820787988,0x1A4,0D 7F 0F 22 B8 5B CD 20
42.820787988,0x316,6C FA 9B 5E BB 50 B9 90
42.820787988,0x427,88 25 6E F8 7F CE 38 79
42.830606481,0x1A4,B4 F5 0E 22 E8 A0 88 04
42.830606481,0x316,AF B7 73 72 DB E0 B8 5E
42.830606481,0x427,CB 8C C0 6A 25 0E 01 3F
42.841045162,0x1A4,4A E8 0D 22 3F C8 CF F1
42.841045162,0x316,35 E2 81 53 0D 3C 33 B0
42.841045162,0x427,89 9D C2 3B 1F 56 FF E8
42.851941987,0x1A4,B0 1E 0C 22 B8 C8 0D E7
42.851941987,0x316,68 6D 02 50 D4 65 45 A2
42.851941987,0x427,B6 CC 6D EA 16 FC DE E6
42.861292773,0x1A4,39 96 0C 22 99 6F E7 79
42.861292773,0x316,90 20 6C C9 EE E6 D0 47
42.861292773,0x427,8E 33 14 8E 7A DF 3B 57
42.871469432,0x1A4,32 AD 0B 22 5D A8 37 CB
42.871469432,0x316,24 65 C0 54 B9 B9 C5 B2
42.871469432,0x427,DB BD C2 31 DD 05 E0 E6
42.879032295,0x1A4,25 C7 0A 22 21 4C 29 F7
42.879032295,0x316,95 A1 63 52 32 9E 16 C8
42.879032295,0x427,1C 6E F7 A1 97 9C 80 92
42.890114670,0x1A4,1D 59 09 22 9D 41 50 E9
42.890114670,0x316,B6 F0 9A 3A 93 5C 46 B5
42.890114670,0x427,30 05 C4 97 52 CB 00 9C
42.900202829,0x1A4,01 34 08 22 19 DD 35 D0
42.900202829,0x316,53 0A D5 D1 D0 F4 C4 3F
42.900202829,0x427,0D 19 14 7D 86 4C 34 90
42.909683586,0x1A4,DD B3 07 22 1D 8C FB E3
42.909683586,0x316,82 38 F7 04 F2 EA 3E 50
42.909683586,0x427,0C 4E CE 82 B1 66 77 E1
42.920566716,0x1A4,E5 1A 06 22 CF 37 57 62
42.920566716,0x316,B9 9A 0C C0 8D 9F FA 25
42.920566716,0x427,4F B5 A4 9F 5D FA 57 52
42.931390451,0x1A4,5B 94 05 22 50 FB 7B 87
42.931390451,0x316,77 46 AE 7D BE CD 72 76
42.931390451,0x427,95 FA 43 9A 8F 9D 82 E6
42.939169643,0x1A4,16 B7 04 22 3B 0C 78 F2
42.939169643,0x316,D0 5C 51 F5 F2 DB 52 BA
42.939169643,0x427,59 0E 19 44 A2 06 22 11
42.948641539,0x1A4,A7 71 03 22 B6 48 BB 63
42.948641539,0x316,1E DD 05 C7 78 5B 74 31
42.948641539,0x427,F7 6D 91 CA 22 29 1B C5
42.961291674,0x1A4,F6 B8 03 22 F6 93 3F B6
42.961291674,0x316,7F 1C A1 24 DE D8 20 5D
42.961291674,0x427,14 A3 07 D9 67 3B 1B C7
42.970477678,0x1A4,55 04 02 22 A8 7A 47 79
42.970477678,0x316,22 3C 20 3F 42 5F 2C 39
42.970477678,0x427,25 DD 10 A2 BA 18 C8 00
42.981314354,0x1A4,54 52 01 22 7E E0 2D 5B
42.981314354,0x316,C7 80 28 D3 63 15 E3 9E
42.981314354,0x427,F9 99 88 7B F9 3A D7 8F
42.988453075,0x1A4,1B 22 00 22 4F 88 9F C8
42.988453075,0x316,8A 70 D3 45 6C 2B E8 F4
42.988453075,0x427,85 DB ED 51 22 26 15 7C
42.999690704,0x1A4,08 9C FF 21 18 55 6D 50
42.999690704,0x316,09 46 D2 9A B9 47 1A E2
42.999690704,0x427,90 9F 4B 89 F9 05 37 33
43.010079287,0x1A4,0A 9B FE 21 BD E8 8B CF
43.010079287,0x316,A1 DF 55 A5 1F 8D 2D 30
43.010079287,0x427,CC 82 2D F5 2E 34 78 EC
43.021099097,0x1A4,55 79 FD 21 97 9D E6 9A
43.021099097,0x316,43 12 D0 1E 73 B9 AD 4B
43.021099097,0x427,6B 68 C1 BB B2 0D 81 0F
43.028583545,0x1A4,67 64 FC 21 D7 65 80 E2
43.028583545,0x316,38 CA E7 31 41 3D 04 86
43.028583545,0x427,DA 55 81 CC 40 9D 0E 81
43.040983171,0x1A4,A6 0D FB 21 09 C5 8B 3F
43.040983171,0x316,CD EC 6B CA B5 1E 42 60
43.040983171,0x427,D4 28 49 6C DB 8A 5D B3
43.051598132,0x1A4,1B E3 FB 21 0B 9D 4A DA
43.051598132,0x316,D1 42 CB 02 2D 54 55 4C
43.051598132,0x427,0B 1A D0 42 18 13 49 34
43.059862371,0x1A4,16 17 FA 21 4D 6E CD 4B
43.059862371,0x316,13 FE 78 06 08 D4 60 07
43.059862371,0x427,91 8C D1 A6 67 6A DC A4
43.068645298,0x1A4,1B EB F9 21 93 64 E2 6B
43.068645298,0x316,2F 51 26 14 CD A4 5E 5E
43.068645298,0x427,02 46 06 77 24 A0 9A C6
43.081099585,0x1A4,39 16 F8 21 D7 EB 33 FE
43.081099585,0x316,7F 14 CA 25 5B F4 59 72
43.081099585,0x427,96 51 3A A0 E5 06 CC 61
43.090428372,0x1A4,3D CE F7 21 CE BC 2F 28
43.090428372,0x316,F9 3A 06 98 91 1C B3 71
43.090428372,0x427,9A 89 2A C2 B9 01 68 50
43.098802694,0x1A4,E5 2A F6 21 A9 DF D8 EF
43.098802694,0x316,E5 81 07 46 22 B2 B8 74
43.098802694,0x427,8D 9F A4 46 4D C1 A1 32
43.108862305,0x1A4,D7 DC F5 21 04 5E 46 9B
43.108862305,0x316,D6 A9 0D 74 B5 36 E6 48
43.108862305,0x427,D3 E2 B3 29 46 93 23 96
43.120308779,0x1A4,EF B6 F4 21 B8 43 A3 52
43.120308779,0x316,9B 55 C3 F4 35 3E 57 04
43.120308779,0x427,C2 E3 B8 1F 19 A0 6B 0D
43.130712817,0x1A4,C5 0E F4 21 39 FF 97 53
43.130712817,0x316,38 90 75 8D 35 53 23 7A
43.130712817,0x427,56 1E 6B 5E 0F EA 49 24
43.141011051,0x1A4,97 73 F3 21 10 21 F1 D4
43.141011051,0x316,03 C5 72 B8 5D E7 01 60
43.141011051,0x427,9A 21 D5 8C 38 E4 84 06
43.149819977,0x1A4,1E F5 F2 21 7E A3 2B 6F
43.149819977,0x316,C7 C5 75 A5 B8 13 EA 52
43.149819977,0x427,74 F5 41 65 29 4E 91 2D
43.159966018,0x1A4,4F BE F1 21 16 F2 F2 9C
43.159966018,0x316,AC E6 08 D6 5D 31 B2 C2
43.159966018,0x427,27 38 D7 08 29 58 C4 A4
43.170328071,0x1A4,0B B8 F0 21 8F 97 F2 52
43.170328071,0x316,AF 44 CC 90 3B 6B A9 C1
43.170328071,0x427,60 28 8B 91 7E E7 14 0A
43.178630389,0x1A4,53 4D EF 21 E0 51 FF 82
43.178630389,0x316,83 C9 4C 0E 4B E4 07 B9
43.178630389,0x427,81 05 9F B7 3C B1 B2 B6
43.189335594,0x1A4,10 05 EE 21 DF 32 26 7F
43.189335594,0x316,40 4D 5A 10 25 83 4C ED
43.189335594,0x427,5E 8B 61 11 7F 3C D1 23
43.200706563,0x1A4,79 49 ED 21 53 44 2D 1A
43.200706563,0x316,C1 F2 D4 85 91 62 D3 29
43.200706563,0x427,16 E3 AB F0 51 1F BF B6
43.210761265,0x1A4,ED D9 ED 21 19 19 84 17
43.210761265,0x316,84 5E 31 C1 E4 BA 3D 5C
43.210761265,0x427,27 ED E9 F8 A8 A9 69 5B
43.218908697,0x1A4,B9 86 EC 21 6D D1 C6 14
43.218908697,0x316,66 E4 A2 69 01 68 F4 57
43.218908697,0x427,59 C0 37 C0 6B C4 CF 11
43.229338638,0x1A4,AB 93 EB 21 9F 17 8B 66
43.229338638,0x316,6E 6B 8C 8B 80 17 E9 0F
43.229338638,0x427,A6 62 51 86 C0 1A 96 6A
43.241858255,0x1A4,1C 3B EA 21 F5 A8 2B CA
43.241858255,0x316,8C 9C 5F 65 8A 6D D0 B1
43.241858255,0x427,2F 08 AD 27 6E 1E 50 8C
43.248076059,0x1A4,53 08 E9 21 F3 BF E7 16
43.248076059,0x316,58 2B 7A D0 B2 A2 0E 35
43.248076059,0x427,49 C6 D0 72 A1 2F B8 28
43.258605607,0x1A4,CD F7 E8 21 9D 81 44 C3
43.258605607,0x316,87 1B 53 E9 44 D5 60 DE
43.258605607,0x427,C2 D1 C0 42 6D A2 36 3A
43.271424689,0x1A4,E0 7E E7 21 89 B6 77 0E
43.271424689,0x316,E7 E5 0E A5 37 4B FB AE
43.271424689,0x427,AB 6A C4 8E 7F 9F 33 06
43.280766951,0x1A4,5A 88 E6 21 0E 43 95 A4
43.280766951,0x316,E6 D8 C7 D7 8E 73 81 B2
43.280766951,0x427,8A AB BB 39 CF A3 8B 7A
43.291179141,0x1A4,4B 63 E6 21 DA 09 CC 0A
43.291179141,0x316,77 71 10 38 C4 DF 2E C2
43.291179141,0x427,D7 F9 8F 3B 31 F9 30 F3
43.299449006,0x1A4,FE CE E5 21 98 EF 54 F4
43.299449006,0x316,B9 FB D7 DE 97 8B 3E 23
43.299449006,0x427,C4 43 26 80 EF 10 C8 51
43.311453194,0x1A4,30 DE E4 21 06 DB 34 63
43.311453194,0x316,CE CB 86 C1 77 7D 63 A2
43.311453194,0x427,35 5B 96 AB 6B B9 53 65
43.319914335,0x1A4,87 F1 E3 21 39 8B 9F 82
43.319914335,0x316,3D 36 FA C3 C8 CE 25 4A
43.319914335,0x427,3F 9B 02 7E E7 F4 04 06
43.329374705,0x1A4,AB A9 E2 21 DC 57 F9 B6
43.329374705,0x316,69 C4 76 B2 71 6C 39 6A
43.329374705,0x427,53 D6 CE 8C 7F ED 65 11
43.341127092,0x1A4,04 F6 E1 21 5D 5A 3B 33
43.341127092,0x316,88 86 F4 96 82 A9 37 09
43.341127092,0x427,F9 50 76 35 84 E7 C0 3A
43.348391853,0x1A4,3E 65 E0 21 4B A7 D0 7D
43.348391853,0x316,F6 BC D4 01 6A 11 71 59
43.348391853,0x427,60 C0 AA B3 E6 FF A3 14
43.361271762,0x1A4,3D A3 DF 21 64 9D B3 E1
43.361271762,0x316,18 FF 3C 5E 9D 90 57 82
43.361271762,0x427,6A 45 09 E6 74 BF 3B D4
43.369632880,0x1A4,8D A5 DF 21 AB AF AD 65
43.369632880,0x316,1A A4 78 36 5C 3D FA 26
43.369632880,0x427,5B 5E 46 89 8F AF E1 01
43.380409841,0x1A4,3E 97 DE 21 67 9F AF A0
43.380409841,0x316,4F 6C 87 BE 67 49 6F 9F
43.380409841,0x427,59 F4 0A 48 6F 6C 01 44
43.390103504,0x1A4,C8 3B DD 21 BC 29 D2 5F
43.390103504,0x316,DF 01 C9 82 BF 7A 6F 63
43.390103504,0x427,72 CD EC 28 C1 EA B6 D5
43.399505421,0x1A4,75 22 DC 21 A7 61 11 C1
43.399505421,0x316,1B E3 8C 9B 33 73 9B 41
43.399505421,0x427,97 DB A0 55 62 24 1E 32
43.411427218,0x1A4,0F 14 DB 21 28 9E DE E5
43.411427218,0x316,7C C3 A5 42 5B 8F 83 64
43.411427218,0x427,99 C5 81 1E 3B B8 84 A6
43.418507100,0x1A4,F3 C6 DA 21 C3 51 9F 73
43.418507100,0x316,02 95 60 07 88 22 0F 72
43.418507100,0x427,DD 50 76 9A 50 77 BD F7
43.430661233,0x1A4,16 B7 D9 21 B5 1F FE AB
43.430661233,0x316,CB A8 05 83 EF CF 1F C5
43.430661233,0x427,91 5A DB 67 A3 03 60 34
43.440828855,0x1A4,0F 27 D9 21 17 7B D9 1C
43.440828855,0x316,51 3C AA 0A E1 0E 30 63
43.440828855,0x427,E7 9C FC CD E6 A1 52 1B
43.448417124,0x1A4,F8 04 D8 21 1C 90 DE EE
43.448417124,0x316,1A D2 CD DF 99 19 A1 34
43.448417124,0x427,30 8C 3C 33 90 95 7F C2
43.458106326,0x1A4,86 15 D7 21 3E 00 57 BC
43.458106326,0x316,3D 49 4D BF D5 B0 71 4C
43.458106326,0x427,64 E1 3A D5 B5 71 93 B0
43.469798317,0x1A4,42 C9 D6 21 3C 25 DF 36
43.469798317,0x316,A1 A2 FB E2 72 C4 DF 97
43.469798317,0x427,CD 4A 5F D1 36 B2 A9 4D
43.481348396,0x1A4,38 74 D5 21 72 45 BA 76
43.481348396,0x316,3B 08 EB 0D 48 31 D8 A5
43.481348396,0x427,D9 3E 49 A0 C4 D4 D4 3A
43.491114635,0x1A4,B8 DB D4 21 F3 92 E4 E3
43.491114635,0x316,6F C1 66 E2 54 B0 F3 D7
43.491114635,0x427,31 DE 98 40 0A 9A 80 37
43.500990659,0x1A4,C6 68 D3 21 EC 93 18 06
43.500990659,0x316,8E B5 55 4F 06 0C 2A 03
43.500990659,0x427,AB 88 67 37 9A D3 5F D4
43.510125199,0x1A4,8B B7 D3 21 3B 6C 40 DC
43.510125199,0x316,98 91 7C 55 DD 87 D3 34
43.510125199,0x427,DD 4E E5 7F 77 29 61 F2
43.521028550,0x1A4,3D 20 D2 21 A5 6F 79 63
43.521028550,0x316,1C E8 4F B8 3F C9 CD 53
43.521028550,0x427,5E E8 37 75 AF 76 F6 FB
43.530709548,0x1A4,C9 7A D1 21 52 6A 10 9A
43.530709548,0x316,44 E1 FC C0 28 4D 4E 2A
43.530709548,0x427,66 CA BA EB 7D E3 DE 7D
43.539911293,0x1A4,53 C9 D0 21 CA 8B 92 8F
43.539911293,0x316,3D FA C3 98 42 34 0C 49
43.539911293,0x427,F6 53 85 CB 5B B1 9D FC
43.548410440,0x1A4,FB 1A CF 21 80 E1 7B DB
43.548410440,0x316,90 4F 15 F0 B6 E7 9E 3F
43.548410440,0x427,8A 73 E2 13 EF 71 CA 9D
43.561137695,0x1A4,D1 7E CE 21 2F D9 68 E2
43.561137695,0x316,30 BE 11 00 08 54 49 DA
43.561137695,0x427,00 B8 FC 07 AB EB 88 9E
43.571914634,0x1A4,25 A3 CD 21 D4 3A 6F DB
43.571914634,0x316,8F C8 DE 02 ED A3 60 F2
43.571914634,0x427,07 06 34 46 BF ED 1E EE
43.580875985,0x1A4,1E 9F CD 21 5C AC AE 4D
43.580875985,0x316,0A 7E EF 71 19 CD A4 61
43.580875985,0x427,6C 3E 8F BA 78 B7 6F 91
43.591472333,0x1A4,EC C0 CC 21 25 27 D4 28
43.591472333,0x316,85 3D E4 18 FA A7 B4 0D
43.591472333,0x427,74 82 38 5E 82 77 1E 37
43.600906320,0x1A4,4C 52 CB 21 9D 50 D7 30
43.600906320,0x316,79 89 8F F8 BF 95 54 6C
43.600906320,0x427,A8 A6 E9 BD 1C AD 5E E0
43.609056053,0x1A4,E1 31 CA 21 C2 41 7B 13
43.609056053,0x316,C9 AE AC 47 01 6E E0 6A
43.609056053,0x427,37 08 54 A7 E4 A5 BB 05
43.620155106,0x1A4,27 FD C9 21 3A CC 3B C5
43.620155106,0x316,E7 48 F5 08 A2 84 05 E6
43.620155106,0x427,B6 55 BD 1E 0E 28 53 4D
43.631727367,0x1A4,2B 80 C8 21 0E FD 41 43
43.631727367,0x316,CA 35 F9 74 9A B8 1C EE
43.631727367,0x427,7F A6 A7 EE 49 27 2A E3
43.640245560,0x1A4,4E 70 C7 21 3A 49 F1 CC
43.640245560,0x316,67 00 21 EA 00 FD 64 34
43.640245560,0x427,D7 9E CD 1E 1F 37 5E EB
43.651361743,0x1A4,96 69 C7 21 AC DB 87 BE
43.651361743,0x316,D2 1F D2 F3 F9 51 8C AE
43.651361743,0x427,2A 7C F2 CA D3 2B C6 07
43.661689289,0x1A4,F3 B8 C6 21 95 D6 58 EE
43.661689289,0x316,B5 61 9A EE 31 38 FC 79
43.661689289,0x427,02 5C B1 2C 1B 0D AC 03
43.669317511,0x1A4,9F 7C C5 21 E1 56 0A 16
43.669317511,0x316,A7 15 8D B9 A3 09 1C 3C
43.669317511,0x427,9C E8 8A 74 AA AC AA DE
43.680073853,0x1A4,63 BB C4 21 04 44 6C 94
43.680073853,0x316,11 2F E6 B1 0E B4 B4 8E
43.680073853,0x427,7F 25 EC 45 AE 19 23 45
43.691769244,0x1A4,4D 6C C3 21 A9 BA EF B3
43.691769244,0x316,43 E2 2F 90 F0 41 CF 7A
43.691769244,0x427,B4 5E 33 10 97 42 3F BB
43.699743353,0x1A4,8C E7 C2 21 E5 54 3E 27
43.699743353,0x316,54 68 29 37 FC 2D AE 10
43.699743353,0x427,9A 1C C5 65 BF AB 92 AD
43.711963842,0x1A4,33 ED C2 21 39 67 A7 07
43.711963842,0x316,E3 64 83 09 73 24 57 7F
43.711963842,0x427,8B 80 B7 6E 6F 73 98 D4
43.718562085,0x1A4,1C 38 C1 21 CA A2 94 69
43.718562085,0x316,CE 4C CE 2C E0 70 10 F9
43.718562085,0x427,FC 99 65 03 84 96 A6 93
43.729685141,0x1A4,C0 89 C0 21 04 CB 45 0B
43.729685141,0x316,50 98 17 A8 62 70 21 10
43.729685141,0x427,94 21 9D F5 3E 1E 00 C5
43.741204129,0x1A4,8A 2A BF 21 C5 02 E4 47
43.741204129,0x316,FC 1E BC B5 4E E1 14 48
43.741204129,0x427,46 EB 07 B8 75 F6 AA 7A
43.749520928,0x1A4,A9 0E BE 21 B3 01 4C CD
43.749520928,0x316,D6 C0 6C 44 11 EC 3F 06
43.749520928,0x427,74 8D D6 AB 97 54 9F 45
43.758341390,0x1A4,00 98 BD 21 E8 D6 3A DF
43.758341390,0x316,F7 57 25 30 BE 10 1D 3C
43.758341390,0x427,D4 8D 8E B0 55 6A AF 72
43.769208778,0x1A4,FA 5A BD 21 CB B3 7F 00
43.769208778,0x316,1B 34 EF FE 96 57 72 A6
43.769208778,0x427,C4 A6 4B 0B 99 10 9F DF
43.781577833,0x1A4,C3 A8 BC 21 12 48 DC D5
43.781577833,0x316,30 3C 64 DB A4 BC 72 6F
43.781577833,0x427,C0 FA 16 8F 5F DE BF F3
43.790839498,0x1A4,87 54 BB 21 7C 25 10 7D
43.790839498,0x316,48 23 BE CA D7 F3 44 3B
43.790839498,0x427,06 8D 2F B7 09 73 34 D9
43.798718601,0x1A4,89 2E BA 21 93 7E 1B 0C
43.798718601,0x316,6E 2F 59 49 63 62 31 5D
43.798718601,0x427,58 6E A2 16 91 BE 19 99
43.811190746,0x1A4,B2 2F B9 21 41 4A CD 74
43.811190746,0x316,75 53 1A D2 3B 22 F4 78
43.811190746,0x427,97 4C 6A 8B 0C 01 F5 29
43.818817001,0x1A4,DF 74 B8 21 FE 18 9A A8
43.818817001,0x316,E3 BB DD E6 2F B3 0B 5F
43.818817001,0x427,D0 26 E8 B9 B5 E9 0F 8D
43.830969327,0x1A4,08 B5 B7 21 28 50 4C 25
43.830969327,0x316,A4 21 1A 52 9A BC 35 BC
43.830969327,0x427,39 18 AA A3 F2 14 C7 58
43.840777695,0x1A4,9E 42 B7 21 57 D2 88 2C
43.840777695,0x316,85 C2 88 94 5E 00 DB 66
43.840777695,0x427,66 98 42 5F FC 0A AD 77
43.851616348,0x1A4,98 7E B6 21 99 A3 F1 58
43.851616348,0x316,CD A4 6E C4 02 F9 DD 4A
43.851616348,0x427,DE 49 CB 25 54 36 71 D0
43.861901206,0x1A4,9C 4F B5 21 3F BD 6C C0
43.861901206,0x316,D8 9F B1 E3 64 40 98 7E
43.861901206,0x427,5E 60 FB AC 5D 1D D2 8A
43.868261822,0x1A4,3F 45 B4 21 E9 82 3E 5C
43.868261822,0x316,9C 6B 1D F6 4B A2 84 6E
43.868261822,0x427,D0 4B 21 16 65 A0 26 9A
43.881407430,0x1A4,31 BC B3 21 D1 70 80 E2
43.881407430,0x316,0A 79 3C 23 C2 A5 32 55
43.881407430,0x427,B3 63 BA EC 1C B6 D1 5B
43.890690897,0x1A4,50 23 B2 21 E6 28 70 77
43.890690897,0x316,9B 94 65 73 4E B3 F2 C0
43.890690897,0x427,B4 C8 09 8A 0B EC 9E DC
43.900766921,0x1A4,01 9C B2 21 60 00 0E 2A
43.900766921,0x316,79 0F C6 E3 23 0A F2 0A
43.900766921,0x427,F3 95 EC 57 82 57 A0 81
43.908450874,0x1A4,5B 9F B1 21 3D 0E 16 DC
43.908450874,0x316,92 26 93 FB D5 1D 04 A0
43.908450874,0x427,79 07 22 25 F9 77 4A 99
43.921608499,0x1A4,C6 5D B0 21 59 45 4B 8A
43.921608499,0x316,A4 75 F8 A1 58 CF FE D4
43.921608499,0x427,0D D0 AA BE 62 45 D0 28
43.929716841,0x1A4,82 8C AF 21 CA EE 79 CC
43.929716841,0x316,87 84 DD 92 F6 AA B7 23
43.929716841,0x427,F7 DF 2B FA 6D 4C F6 D0
43.941094217,0x1A4,C2 B7 AE 21 8B 25 B0 34
43.941094217,0x316,C4 96 1E D3 86 86 76 B1
43.941094217,0x427,98 34 77 65 8B 22 ED 14
43.949516103,0x1A4,44 2F AD 21 F7 03 42 6B
43.949516103,0x316,5F 10 77 E1 3C 2A A4 1C
43.949516103,0x427,63 AA 91 FD B5 AD 5A 80
43.958662947,0x1A4,CA 5E AD 21 03 19 BF 0A
43.958662947,0x316,C0 76 02 85 F1 A3 93 1A
43.958662947,0x427,DA A5 51 93 5D CC 08 01
43.970814871,0x1A4,D3 24 AC 21 B5 BC 3B EF
43.970814871,0x316,75 32 EA 8C 78 A5 25 AA
43.970814871,0x427,95 E8 39 F1 52 E7 29 2A
43.979537033,0x1A4,A4 B7 AB 21 1B 68 0E 3A
43.979537033,0x316,16 53 1B AF D1 5E B2 B5
43.979537033,0x427,DD 4B A8 C9 22 FD BB 55
43.988888242,0x1A4,7E E6 AA 21 BF 8E EE 1D
43.988888242,0x316,BF 22 53 53 5D D4 5A BB
43.988888242,0x427,79 D1 22 D6 43 7D 02 CC
44.000285966,0x1A4,EC 09 A9 21 E1 43 67 8C
44.000285966,0x316,9E 84 DA EF FD 21 1C 65
44.000285966,0x427,79 42 EB 85 32 11 2A A8
44.010406494,0x1A4,DB A2 A9 21 EB 85 8E 64
44.010406494,0x316,95 10 15 38 AB 8B B7 93
44.010406494,0x427,F6 F0 E3 59 06 9E F4 BF
44.018342590,0x1A4,00 96 A8 21 E4 B8 13 B0
44.018342590,0x316,E4 98 66 C0 5A 54 EA FC
44.018342590,0x427,81 C6 3E 1B F3 FF CE 39
44.030446308,0x1A4,8D CC A7 21 6C C7 D6 A4
44.030446308,0x316,B0 AC 22 74 57 08 DC 27
44.030446308,0x427,14 EA 97 D5 CF 3C A6 B1
44.041390594,0x1A4,09 14 A6 21 72 82 D9 C0
44.041390594,0x316,1C 78 36 30 D0 01 59 B7
44.041390594,0x427,2A 11 27 00 11 AD A7 E4
44.050281816,0x1A4,C6 F9 A5 21 B6 C3 22 F8
44.050281816,0x316,67 A3 27 81 C6 8D C8 CC
44.050281816,0x427,7E D6 98 1B 55 9E C5 7E
44.058021542,0x1A4,35 7C A4 21 87 BB 74 EA
44.058021542,0x316,F0 22 7C 12 B9 6A E7 B1
44.058021542,0x427,C8 72 3A F3 11 73 7A 4E
44.068240111,0x1A4,53 CA A4 21 77 25 7C C1
44.068240111,0x316,DE 78 F7 67 6E 13 88 4D
44.068240111,0x427,C9 66 42 D3 34 04 91 35
44.080999135,0x1A4,79 57 A3 21 E5 42 64 A3
44.080999135,0x316,A2 F0 B9 18 6E D1 98 F3
44.080999135,0x427,B4 B3 82 D0 91 CE E5 30
44.088639855,0x1A4,DD 76 A2 21 7B FE 26 04
44.088639855,0x316,8E 00 F6 07 57 81 B8 4B
44.088639855,0x427,73 CE FE 1E 05 AE 03 35
44.100444872,0x1A4,DB F5 A1 21 83 4D E1 D3
44.100444872,0x316,E7 61 AC C6 7A 09 34 AE
44.100444872,0x427,1C 16 43 12 04 58 28 11
44.111084389,0x1A4,51 0B A0 21 31 8D DD 73
44.111084389,0x316,D3 90 75 F3 07 B3 73 1E
44.111084389,0x427,76 C9 02 6C 6C 4D E3 F1
44.119197009,0x1A4,79 0E 9F 21 4B A3 5D A9
44.119197009,0x316,A7 0F 2B 67 26 9D B4 02
44.119197009,0x427,F4 3B A4 B2 B4 BF F9 98
44.131357320,0x1A4,F4 EB 9F 21 47 F6 D9 57
44.131357320,0x316,70 68 43 63 BE 7D FA 5F
44.131357320,0x427,FF DF 5C 35 9C F5 C4 4D
44.138506091,0x1A4,A5 BD 9E 21 6D AD 87 9E
44.138506091,0x316,CB F9 F5 96 76 00 68 EB
44.138506091,0x427,9B 02 7B 7A 73 C0 9D A2
44.148445572,0x1A4,A6 BD 9D 21 73 E1 E4 97
44.148445572,0x316,E2 4F B8 0A B6 A3 DA AD
44.148445572,0x427,A2 07 C8 7D ED 8D 1D FA
44.160961736,0x1A4,E9 90 9C 21 83 A9 FF 7F
44.160961736,0x316,9C 64 D3 51 6D B4 FB 59
44.160961736,0x427,2D 42 F2 07 CB F0 7A 41
44.168986687,0x1A4,01 96 9B 21 5A AF 3D 79
44.168986687,0x316,CC F4 75 DC 6D B3 3E CC
44.168986687,0x427,05 C9 3D 62 37 3B BF C0
44.179603680,0x1A4,B5 09 9B 21 7A C9 10 C5
44.179603680,0x316,84 F9 16 19 23 2D 36 6C
44.179603680,0x427,4A 82 47 B0 39 CE 4D 96
44.190145936,0x1A4,99 81 9A 21 2B 58 71 E1
44.190145936,0x316,39 BC DE 59 E1 AD F9 F2
44.190145936,0x427,F4 33 AB F8 BC 35 52 AF
44.198220131,0x1A4,E5 DA 99 21 EB 9D A0 FE
44.198220131,0x316,EA F9 FE 06 72 89 45 61
44.198220131,0x427,4A 61 E6 09 06 FB 77 F6
44.209760791,0x1A4,10 6B 98 21 F8 10 51 C2
44.209760791,0x316,86 73 E7 E7 95 66 3A 16
44.209760791,0x427,9A 32 91 79 12 52 8D 40
44.218996550,0x1A4,D6 36 97 21 4B 83 90 17
44.218996550,0x316,6B 2C 3D 15 F8 D8 D1 3E
44.218996550,0x427,05 53 6A B9 F0 2B A4 D4
44.228991359,0x1A4,2B 1E 96 21 9A CC 9C A1
44.228991359,0x316,09 91 1C EC AB C0 10 18
44.228991359,0x427,9D 50 66 74 3A EC 3D 61
44.238410544,0x1A4,F1 E2 96 21 79 B6 5E 56
44.238410544,0x316,82 FD CA 3D 16 1A 86 9A
44.238410544,0x427,A6 70 E7 FB 9D B3 22 78
44.251159176,0x1A4,A8 A5 95 21 D6 C5 A7 52
44.251159176,0x316,45 F1 4F 4F C8 E1 78 8D
44.251159176,0x427,68 34 F4 C6 8C F8 3B B4
44.260707172,0x1A4,A4 D4 94 21 EB C6 81 73
44.260707172,0x316,E5 2B 70 37 F0 92 1C 9D
44.260707172,0x427,EA 8B 1D 69 DB E3 4E 18
44.270727563,0x1A4,CC 9F 93 21 4E 13 0F AF
44.270727563,0x316,B1 C8 DD 20 9C F7 EA 97
44.270727563,0x427,21 00 DB DC 7B B4 DC AC
44.279193220,0x1A4,E5 CB 92 21 22 75 3A 07
44.279193220,0x316,3F 6E 7F EF C4 84 9C 81
44.279193220,0x427,A6 29 C6 71 0F 83 B0 11
44.291032201,0x1A4,BC D4 92 21 CC 4D 65 2E
44.291032201,0x316,81 F6 92 76 9A 6F 55 46
44.291032201,0x427,31 2E 77 B2 24 1D A7 90
44.298783802,0x1A4,F3 A3 91 21 F2 7F 22 CD
44.298783802,0x316,3B 85 CB EC 9F 34 21 89
44.298783802,0x427,F0 08 59 A7 79 C0 6D B9
44.308076577,0x1A4,09 94 90 21 56 FF D1 40
44.308076577,0x316,2D E2 ED 95 F7 86 1F 1E
44.308076577,0x427,0F 52 BE B2 ED D4 48 84
44.319903333,0x1A4,1C AA 8F 21 20 EF 85 2C
44.319903333,0x316,3B A0 FA E6 97 4F A4 73
44.319903333,0x427,80 92 1B 4B A0 95 82 DA
44.330208223,0x1A4,F0 BB 8E 21 F7 69 31 0A
44.330208223,0x316,E6 39 50 4A E5 05 E3 99
44.330208223,0x427,28 A7 D7 54 48 48 3E 6D
44.340356215,0x1A4,E7 A1 8E 21 72 9B D2 AF
44.340356215,0x316,11 B9 A0 27 54 DC F3 F7
44.340356215,0x427,CF 2B 5E D6 B0 84 AA 13
44.349354627,0x1A4,E0 BA 8D 21 CA EE 6D 7B
44.349354627,0x316,91 B6 7A 7C 8A 42 C1 3F
44.349354627,0x427,5A 10 75 01 64 55 26 63
44.358304239,0x1A4,72 E7 8C 21 9E 91 99 BE
44.358304239,0x316,7F 9E 8A CE F1 1F 64 A7
44.358304239,0x427,8D F2 C8 E7 8C BA 37 2D
44.369363209,0x1A4,05 1D 8B 21 44 B2 70 60
44.369363209,0x316,FA 5E 3B 0B 50 00 62 4D
44.369363209,0x427,E0 F8 C3 2E 07 3A 32 39
44.379700340,0x1A4,B2 DA 8A 21 D7 B4 95 DD
44.379700340,0x316,62 42 DB AE C1 D4 64 95
44.379700340,0x427,BF 34 75 D8 0B 41 4C 7E
44.388353770,0x1A4,FD 36 8A 21 BE 6D BD B6
44.388353770,0x316,61 A8 D5 71 F6 83 F4 CE
44.388353770,0x427,C5 51 66 B3 F2 D2 B2 F2
44.398031291,0x1A4,3C 3C 89 21 51 0B B8 1D
44.398031291,0x316,52 60 FE 19 BC 4C 18 2A
44.398031291,0x427,9C F5 A2 23 CD AF CA 21
44.411834079,0x1A4,11 FF 88 21 97 6F 92 FA
44.411834079,0x316,C7 1F 59 F2 4F C7 EE 9A
44.411834079,0x427,99 BE 11 90 5E C6 0F 06
44.419725295,0x1A4,EB 24 87 21 EF 66 03 7F
44.419725295,0x316,66 74 DE 5D 51 B1 59 CB
44.419725295,0x427,F4 7F EC B2 A9 BD 12 6E
44.429706678,0x1A4,CA F3 86 21 8E 47 5A B5
44.429706678,0x316,13 E2 71 86 0F FA CE E5
44.429706678,0x427,55 AB 9D B1 5A 24 48 5E
44.440266940,0x1A4,8A 59 86 21 12 CF 21 8B
44.440266940,0x316,AD 51 38 1B 3A FB 2A 6B
44.440266940,0x427,A4 A6 41 79 3C DF 95 08
44.449725841,0x1A4,9E 22 85 21 65 C6 B0 6F
44.449725841,0x316,12 01 AA 8E E2 66 B9 B3
44.449725841,0x427,52 EB 18 6C 8F E2 22 11
44.461602391,0x1A4,CC 54 84 21 F4 8D 55 16
44.461602391,0x316,9C 42 45 43 D0 41 B6 E0
44.461602391,0x427,C8 83 DB F2 4C EE 29 AA
44.471789895,0x1A4,FD 76 83 21 DF 0E 81 79
44.471789895,0x316,42 5D BD 66 CB 31 D2 81
44.471789895,0x427,0D 92 55 EB 05 73 44 3E
44.481538700,0x1A4,64 00 82 21 DA BD 88 ED
44.481538700,0x316,E0 ED 22 E0 C4 FC 34 23
44.481538700,0x427,A0 91 FA 1E 92 06 2C 06
44.490690803,0x1A4,8D 86 82 21 74 D6 1C 16
44.490690803,0x316,02 16 07 92 3D 84 D1 2F
44.490690803,0x427,DA E8 25 AA F7 F0 4E 32
44.501386415,0x1A4,8C BF 81 21 A1 B6 EC A8
44.501386415,0x316,A0 F6 1B FF 38 57 C1 8B
44.501386415,0x427,AF B1 91 5F 5B B3 AF 8E
44.508625566,0x1A4,E1 67 80 21 B3 53 56 7A
44.508625566,0x316,CD 0A 1B 11 0E A2 8A F8
44.508625566,0x427,CC 51 3D CA 19 D5 00 A8
44.518914722,0x1A4,7D 98 7F 21 9E D9 05 95
44.518914722,0x316,41 21 CB 69 83 55 A8 1D
44.518914722,0x427,34 4F 46 8F 03 6F 2D 0A
44.529778541,0x1A4,D2 9F 7E 21 8A 95 D3 33
44.529778541,0x316,7A 2B BB 25 23 49 E3 4C
44.529778541,0x427,D0 5D 1A 22 95 F0 23 BF
44.540303814,0x1A4,2D CB 7E 21 04 8E 05 64
44.540303814,0x316,C2 95 DD 02 6D 1F 32 5F
44.540303814,0x427,0C C4 5B 0F F7 34 9C 82
44.549503962,0x1A4,79 13 7D 21 FC 45 1D 03
44.549503962,0x316,61 5A DD 1C C3 C4 49 86
44.549503962,0x427,F8 27 79 AA 59 34 11 44
44.561188231,0x1A4,39 1A 7C 21 F2 1C D0 87
44.561188231,0x316,10 7C 44 02 32 F6 A7 4D
44.561188231,0x427,5B E3 60 E1 E3 F4 BB CF
44.570912112,0x1A4,59 7B 7B 21 40 AA CC 51
44.570912112,0x316,E6 11 B5 EB 4B 8F 61 3E
44.570912112,0x427,FE 57 4F DC CE C8 FA 7A
44.581461487,0x1A4,DA 19 7A 21 F0 EF AB 36
44.581461487,0x316,39 7B 4C 30 4E 49 FE A9
44.581461487,0x427,8E D7 89 79 5B 42 70 7A
44.588060206,0x1A4,A9 55 7A 21 41 BB D0 36
44.588060206,0x316,25 25 5B 19 86 95 23 2C
44.588060206,0x427,A4 A1 4A 63 78 8A 93 8D
44.599455389,0x1A4,F5 46 79 21 56 06 85 A0
44.599455389,0x316,27 60 99 8A 94 4A D3 DB
44.599455389,0x427,EF 6B CA CD AC B7 27 12
44.609582141,0x1A4,2A 9F 78 21 A3 E8 C5 AA
44.609582141,0x316,3C 29 80 20 6E C5 9B DB
44.609582141,0x427,C8 B3 86 82 09 1B 39 25
44.621942699,0x1A4,A8 A6 77 21 24 4F B1 C2
44.621942699,0x316,55 0E 68 11 6A C9 49 7A
44.621942699,0x427,1F 2C 6D 83 3E EB 67 FD
44.628060576,0x1A4,C7 BC 76 21 A4 43 95 12
44.628060576,0x316,26 B1 EF 90 6B EC 2B 2A
44.628060576,0x427,2F D6 3F 3F 85 33 7F A0
44.641251946,0x1A4,21 B9 76 21 62 B3 DB 69
44.641251946,0x316,95 3A FB D6 87 DC 28 A0
44.641251946,0x427,AB D8 99 5C 3B 1D 07 F0
44.651273479,0x1A4,26 04 75 21 23 36 F6 D3
44.651273479,0x316,FF 21 31 43 64 45 09 68
44.651273479,0x427,11 BB 46 0F E4 61 9B C0
44.660493838,0x1A4,BC 19 74 21 FB 13 FC 0A
44.660493838,0x316,4B 25 E4 DE 50 79 0B 52
44.660493838,0x427,BB 7F D7 C7 40 65 06 65
44.671296526,0x1A4,B6 11 73 21 45 9B 4E 31
44.671296526,0x316,74 A5 F1 AB B9 97 FB B9
44.671296526,0x427,D4 98 47 EE 9E A3 A9 5F
44.679492503,0x1A4,3B E9 72 21 3E F3 27 73
44.679492503,0x316,54 6C 3F 9B 13 81 1C D6
44.679492503,0x427,F4 7A EF DD A2 51 87 39
44.690428274,0x1A4,84 CE 72 21 18 70 52 E8
44.690428274,0x316,B2 75 98 20 8F B7 B7 7A
44.690428274,0x427,34 CF 69 9D EB 15 0B F3
44.698354935,0x1A4,9E 15 71 21 D0 B0 71 82
44.698354935,0x316,71 BC 84 E3 55 78 12 68
44.698354935,0x427,A0 F0 62 A5 43 F3 32 DF
44.709565594,0x1A4,1B DF 70 21 39 EF A5 A2
44.709565594,0x316,96 D6 43 28 79 7F C8 3D
44.709565594,0x427,9B AD 56 99 53 32 71 85
44.721558821,0x1A4,A1 F7 6F 21 D5 23 44 7F
44.721558821,0x316,C3 D3 E9 C5 DE D4 36 13
44.721558821,0x427,1B 26 C8 6E A3 EB 8D 99
44.728187830,0x1A4,0B FB 6F 21 1E 40 D5 6A
44.728187830,0x316,6C 43 FB 10 A9 B2 CA 8F
44.728187830,0x427,A6 3F B8 15 A4 6E 58 B4
44.740494717,0x1A4,74 34 6E 21 60 9E EC C6
44.740494717,0x316,1A AB 43 25 74 F5 DD C5
44.740494717,0x427,60 CC 32 A4 71 11 3A 0A
44.748231068,0x1A4,DF EF 6D 21 75 FE 02 47
44.748231068,0x316,39 2B AD 64 F3 B3 E4 47
44.748231068,0x427,DC EF E9 76 CD 55 71 A6
44.761362008,0x1A4,CE 30 6C 21 06 FD 96 FC
44.761362008,0x316,7B C5 C7 EA E3 67 6B 57
44.761362008,0x427,CB F8 B1 4D 4F 5C 19 D6
44.771287472,0x1A4,F9 D3 6B 21 8A AB F4 9A
44.771287472,0x316,11 06 BC 53 3A 00 59 EB
44.771287472,0x427,90 62 E2 4E 94 1C FA DA
44.781559809,0x1A4,5C A1 6B 21 37 25 4C 78
44.781559809,0x316,AD BA ED 82 69 A4 DF 7C
44.781559809,0x427,EC 0B D7 62 68 20 E6 C1
44.788095540,0x1A4,82 47 6A 21 04 FA E9 D6
44.788095540,0x316,B4 5E 3E B0 EF 79 ED 96
44.788095540,0x427,12 E0 FB B1 A3 75 68 8F
44.798595751,0x1A4,25 7B 69 21 C6 98 A3 AE
44.798595751,0x316,E9 B3 EE 9A 2F 78 6E 99
44.798595751,0x427,D6 DF 37 A9 C3 3D 2B C9
44.811605158,0x1A4,8E E2 68 21 DE F3 23 23
44.811605158,0x316,F0 E2 25 78 62 90 4A 56
44.811605158,0x427,25 F8 4A 17 0F 2B 01 B1
44.820112783,0x1A4,37 60 68 21 3D 74 A8 F9
44.820112783,0x316,EF 2E A8 57 2E 97 61 88
44.820112783,0x427,1E F4 59 84 88 34 CA 9D
44.830257696,0x1A4,B4 31 67 21 8C 77 1C 10
44.830257696,0x316,15 65 68 40 31 19 0E A1
44.830257696,0x427,4F 84 A9 44 A8 2A 25 EF
44.839504331,0x1A4,FE B7 66 21 2A B7 EF DF
44.839504331,0x316,9D 6D F8 49 8D D0 2C 98
44.839504331,0x427,F9 E8 75 83 53 DE 53 3A
44.850533112,0x1A4,C6 26 65 21 85 10 44 ED
44.850533112,0x316,C4 37 E3 E7 48 6F FC 52
44.850533112,0x427,2A 6A 3F E8 AE 49 4A 3D
44.859607830,0x1A4,A4 5A 64 21 B6 D8 F6 30
44.859607830,0x316,71 29 38 59 B8 51 EB F8
44.859607830,0x427,79 CC 6C 4E D4 DA 1C 31
44.868605346,0x1A4,1F 62 64 21 E2 75 C2 55
44.868605346,0x316,E3 22 86 84 BF E5 14 AD
44.868605346,0x427,DA A2 5A 69 1A 3A 4D 47
44.880570711,0x1A4,83 9D 63 21 34 D5 06 99
44.880570711,0x316,55 4F 81 6C 85 73 70 AB
44.880570711,0x427,DC 81 BB A8 4D E3 37 30
44.890311589,0x1A4,D1 3A 62 21 DC 16 F1 9C
44.890311589,0x316,48 1C FB E3 49 D8 71 C9
44.890311589,0x427,9D B3 A7 23 F4 E3 5F CD
44.898579945,0x1A4,0B C2 61 21 A4 89 36 B0
44.898579945,0x316,69 1F 86 4B 7D 9D A1 30
44.898579945,0x427,C5 01 E6 AF FB 5C 9C AF
44.909130320,0x1A4,66 68 61 21 0B 55 6E B6
44.909130320,0x316,D2 5C F3 8A 51 10 8B 8D
44.909130320,0x427,EF 64 36 52 D7 C8 57 34
44.921268325,0x1A4,6F BC 60 21 4B E1 72 76
44.921268325,0x316,14 81 ED 94 D4 1A 26 85
44.921268325,0x427,3D F7 64 2C 46 86 01 1E
44.928864631,0x1A4,30 E8 5F 21 B6 A7 05 B9
44.928864631,0x316,33 15 4B E0 13 32 9D 4A
44.928864631,0x427,5C FC 7A A3 89 2B 3D 3F
44.938951205,0x1A4,D4 F8 5E 21 02 21 1F 99
44.938951205,0x316,5A D6 39 CA C4 66 29 A2
44.938951205,0x427,14 64 94 D4 0D 04 5E 56
44.948588560,0x1A4,51 30 5D 21 30 57 24 E3
44.948588560,0x316,00 13 C1 A5 65 78 40 CF
44.948588560,0x427,E2 7C 38 7F E6 E8 FF 5F
44.960189101,0x1A4,8E DB 5D 21 1E E1 41 64
44.960189101,0x316,74 EC FD 7B 52 07 90 B7
44.960189101,0x427,BF 3F 4F 45 13 44 B7 EE
44.968741056,0x1A4,0B DC 5C 21 43 37 86 75
44.968741056,0x316,6E 9C 93 89 18 F4 65 57
44.968741056,0x427,69 88 76 25 43 B4 35 41
44.978984011,0x1A4,65 C0 5B 21 95 E2 71 12
44.978984011,0x316,E4 2D A6 40 C9 98 DA 1F
44.978984011,0x427,26 71 6D F7 51 5E 66 60
44.989735681,0x1A4,02 46 5A 21 A3 96 F9 8C
44.989735681,0x316,B5 BE DE FB 4B F4 A0 64
44.989735681,0x427,63 1C D6 00 7A 2F 09 11
45.001012243,0x1A4,49 97 5A 21 71 A7 DE CF
45.001012243,0x316,93 9E 22 EF C4 48 3B 41
45.001012243,0x427,C9 AC 84 ED DF F6 BB 7E
45.009375727,0x1A4,2F 30 59 21 A8 D7 4B EF
45.009375727,0x316,7A 97 A8 FD 70 04 F7 8C
45.009375727,0x427,2F BC 65 95 22 6D 37 D2
45.020308870,0x1A4,AA 7A 58 21 F5 A7 D8 82
45.020308870,0x316,42 A4 44 91 36 71 A5 6B
45.020308870,0x427,EA 1D FE 32 9A FE 04 44
45.031956263,0x1A4,36 E1 57 21 14 AC 48 FB
45.031956263,0x316,BC 39 7E 6D CA FE CB A0
45.031956263,0x427,F7 78 50 FB 06 C7 53 7D
45.041695290,0x1A4,20 BB 57 21 AC 13 AB 1B
45.041695290,0x316,73 43 F3 79 F5 84 EA 6F
45.041695290,0x427,16 E0 0A 63 A5 12 2A 50
45.048734040,0x1A4,D6 EE 56 21 31 2C C5 23
45.048734040,0x316,3A E1 5C 2E 5F 76 77 1F
45.048734040,0x427,20 72 80 5C 92 83 97 C2
45.058156117,0x1A4,86 FB 55 21 05 3C 83 FE
45.058156117,0x316,58 DA F3 0D 88 3E 81 0A
45.058156117,0x427,3B 71 E0 D8 63 DE FD 11
45.070265485,0x1A4,E9 CD 54 21 E1 9A 82 1B
45.070265485,0x316,E8 E2 69 8C D7 59 04 89
45.070265485,0x427,9E CC B6 44 46 BC 9E 20
45.081917730,0x1A4,0D BF 53 21 B2 49 8C 18
45.081917730,0x316,ED CE FD EC 6D C3 36 BE
45.081917730,0x427,60 29 CD AF 9A 05 5B 6C
45.090344701,0x1A4,D3 D9 53 21 1F 56 39 0A
45.090344701,0x316,33 FE 2C E4 89 38 09 A9
45.090344701,0x427,BF 8E 0A 91 D1 49 54 0F
45.099202121,0x1A4,E1 ED 52 21 6F CF 86 1C
45.099202121,0x316,E8 56 6D 56 E7 F0 11 FA
45.099202121,0x427,FB 0E D6 9F 28 DE 35 B8
45.108307995,0x1A4,CB DC 51 21 33 8D C0 48
45.108307995,0x316,DC 8B 07 6E E3 38 9D 3D
45.108307995,0x427,93 48 01 3B 5D 99 6E 38
45.119870311,0x1A4,57 B0 50 21 E7 8B 89 9A
45.119870311,0x316,43 F6 13 92 F3 26 71 C0
45.119870311,0x427,B9 CB 48 44 B6 AD 87 ED
45.130104175,0x1A4,9B 3A 50 21 CB 58 82 5A
45.130104175,0x316,59 92 3C D7 E9 3D 82 3C
45.130104175,0x427,4F 00 D6 26 48 51 E0 05
45.139280146,0x1A4,78 F4 4F 21 8E E3 88 95
45.139280146,0x316,C7 6A 14 51 2B 73 29 C3
45.139280146,0x427,35 8D 49 38 F9 DB FD 2B
45.151915531,0x1A4,C4 07 4E 21 A0 F8 65 F7
45.151915531,0x316,E6 05 3B D3 14 1D 1E 62
45.151915531,0x427,E9 0F 01 34 0F 97 AD 8A
45.161478535,0x1A4,DB 9D 4D 21 34 FC 76 04
45.161478535,0x316,04 5D 58 F4 BD B2 0F 29
45.161478535,0x427,C8 6C 57 17 64 CD 3C 92
45.171530641,0x1A4,0C 88 4D 21 A6 C5 37 9D
45.171530641,0x316,D6 47 8A FA 6F B3 5D F9
45.171530641,0x427,45 F8 0C 45 D7 B0 3E CF
45.179593168,0x1A4,16 58 4C 21 11 61 E3 1F
45.179593168,0x316,74 B9 7E 18 51 80 06 3F
45.179593168,0x427,F9 F8 6A D8 86 F9 09 68
45.191743487,0x1A4,F7 B7 4B 21 6B 51 F5 3D
45.191743487,0x316,B1 39 A2 75 D5 37 0F 9C
45.191743487,0x427,E3 8C 67 2A 43 96 52 E4
45.198621655,0x1A4,3B 52 4A 21 CB 81 E9 EA
45.198621655,0x316,E5 4E 68 38 0B 64 8B 47
45.198621655,0x427,66 B5 7D 1B 4D A4 CF 00
45.210753524,0x1A4,40 14 4A 21 1A 3F D1 AB
45.210753524,0x316,7D 7A F9 4E B3 D3 68 6F
45.210753524,0x427,BC 20 63 94 96 A1 63 DC
45.220146431,0x1A4,66 02 49 21 55 B3 7E D9
45.220146431,0x316,AE FC FE 62 0D E2 37 72
45.220146431,0x427,73 95 A0 36 4E 32 70 3B
45.229799422,0x1A4,43 A0 48 21 A2 7C E7 D8
45.229799422,0x316,A7 C3 FD 14 6F B9 95 68
45.229799422,0x427,50 7C 61 B6 7A B4 B2 71
45.239028963,0x1A4,71 7C 47 21 83 AA 7F 26
45.239028963,0x316,9D E0 39 BD 6D BA 5B E3
45.239028963,0x427,CC FC 6C 62 6F 07 C0 D9
45.249784699,0x1A4,B0 1B 47 21 7F 7E 2D C0
45.249784699,0x316,AA 56 52 61 0A 12 E5 05
45.249784699,0x427,7C 51 90 8A 1B B3 DA C3
45.259046696,0x1A4,81 A8 46 21 8E 51 83 34
45.259046696,0x316,D9 0E BE E1 C3 1E 5E AC
45.259046696,0x427,50 3E D4 7D 3C 50 C8 6F
45.268080757,0x1A4,56 6C 45 21 7A 9D 09 E0
45.268080757,0x316,0A A1 20 86 17 3C A0 57
45.268080757,0x427,0C D6 73 52 97 A1 4D 05
45.280895777,0x1A4,2E 92 44 21 8B 68 EF 81
45.280895777,0x316,E1 70 9A 9D 49 75 4D 63
45.280895777,0x427,7A 84 95 D6 45 54 33 71
45.290924290,0x1A4,77 1E 44 21 83 A7 99 34
45.290924290,0x316,26 60 7A 5F BE FB FE 24
45.290924290,0x427,CF B7 15 B4 4C AA CD 13
45.301569278,0x1A4,64 17 43 21 E3 AE 41 D6
45.301569278,0x316,3D 00 ED B2 08 56 EB AE
45.301569278,0x427,09 9B AE 60 52 0F 1B 2B
45.311569798,0x1A4,D7 F3 42 21 39 F5 6C 67
45.311569798,0x316,0F 88 06 35 3B 27 CA 37
45.311569798,0x427,FC 2E 70 50 6B 9B 6F 5A
45.319837680,0x1A4,97 C8 41 21 AF 27 2E 46
45.319837680,0x316,34 1B AF 3F 92 E6 05 B7
45.319837680,0x427,38 ED 69 4A 68 FD 00 E6
45.328633185,0x1A4,55 F7 40 21 EA 3E 23 61
45.328633185,0x316,56 26 B6 99 56 F3 B2 E0
45.328633185,0x427,D0 1C 3F 78 DF 7D ED F5
45.341075700,0x1A4,5E F3 40 21 69 F3 BD AF
45.341075700,0x316,C6 8F 6D EF BB 06 35 90
45.341075700,0x427,B1 8F 7B 3E 52 FF 3D A5
45.350587925,0x1A4,B6 A9 3F 21 4B D9 8F 10
45.350587925,0x316,88 61 C6 73 C6 BB 8B B6
45.350587925,0x427,4C 65 D3 CC F2 E1 99 05
45.361468182,0x1A4,E3 F9 3E 21 D9 14 58 92
45.361468182,0x316,17 FD 5D 58 5C 8A 09 5C
45.361468182,0x427,A9 4F 87 61 43 1A 3F 05
45.371652485,0x1A4,8B 63 3D 21 97 D2 B0 6F
45.371652485,0x316,FC C2 63 B9 98 FC 00 72
45.371652485,0x427,02 8C C0 E8 CA 4B 94 6C
45.381124875,0x1A4,FC E8 3D 21 9A FA F6 6F
45.381124875,0x316,0E D0 42 41 CD 9A 25 59
45.381124875,0x427,7C B3 82 3A EA 27 E5 44
45.388010542,0x1A4,44 27 3C 21 40 87 5E E9
45.388010542,0x316,A0 E2 41 FF 14 20 86 42
45.388010542,0x427,D0 FD 80 7A A4 1F 79 28
45.398746384,0x1A4,DF 8B 3B 21 F2 58 19 38
45.398746384,0x316,20 9B 88 DA 1B F9 E2 95
45.398746384,0x427,7C 4E 1F A5 5F 3D 65 84
45.411278197,0x1A4,BD F5 3B 21 4A 75 EB 87
45.411278197,0x316,EC 79 65 CF 44 32 1A 32
45.411278197,0x427,DD 11 8D D8 92 84 4A 09
45.421459611,0x1A4,FC 53 3A 21 C5 51 A6 61
45.421459611,0x316,96 94 54 5D 17 52 48 0C
45.421459611,0x427,05 E8 BD C2 35 3B 84 3A
45.428086066,0x1A4,03 70 39 21 AF CD 04 B5
45.428086066,0x316,FA 23 75 EA A7 14 A4 28
45.428086066,0x427,38 01 A6 17 D6 20 8E 9D
45.438317154,0x1A4,FA 04 38 21 13 E0 85 8D
45.438317154,0x316,81 10 D1 0C F6 A1 19 40
45.438317154,0x427,58 14 4A 14 8C 09 77 86
45.448417264,0x1A4,B7 36 38 21 4E 34 51 41
45.448417264,0x316,93 6A FE 73 7D C9 26 26
45.448417264,0x427,0C 10 0C 4B C6 20 42 24
45.460525492,0x1A4,37 AC 37 21 FF BB 96 6F
45.460525492,0x316,79 A8 4C 47 4A 6D FA DE
45.460525492,0x427,0C 8B 7C EA E5 02 9F 2F
45.468603728,0x1A4,1D 8E 36 21 42 A8 D2 68
45.468603728,0x316,CD E8 C4 4F 4E 2F A8 2A
45.468603728,0x427,B0 02 40 85 1A 6C 18 11
45.481238130,0x1A4,F5 44 35 21 80 F2 2E DF
45.481238130,0x316,35 12 9F 17 80 3A F6 9E
45.481238130,0x427,BF 79 59 0D B0 81 96 92
45.491522104,0x1A4,2B 4D 35 21 56 4A 79 C8
45.491522104,0x316,FA 74 C5 C8 B5 1C 30 DF
45.491522104,0x427,EE C8 2E F4 0F 11 E7 DD
45.499991267,0x1A4,3D B8 34 21 CF 65 B8 BD
45.499991267,0x316,5A A9 0A 2D E6 4A CA 49
45.499991267,0x427,6C B3 45 8C 52 32 62 78
45.508390334,0x1A4,BD F7 33 21 B6 07 5B 6C
45.508390334,0x316,D9 9B 19 E5 60 36 FD 2A
45.508390334,0x427,2D 91 7A 3C F6 06 66 04
45.520838095,0x1A4,48 4F 32 21 B9 84 1A F6
45.520838095,0x316,6D C0 04 32 70 3E 46 9A
45.520838095,0x427,19 4E 68 B6 13 62 B9 13
45.530671659,0x1A4,0F F4 32 21 DF 99 D8 C5
45.530671659,0x316,48 94 FC 19 71 13 E0 44
45.530671659,0x427,D8 E6 39 D1 35 19 7C C8
45.539173052,0x1A4,DD 49 31 21 44 2A B1 88
45.539173052,0x316,EB 75 C7 1F 6D 6E 70 C7
45.539173052,0x427,40 D5 68 76 D7 27 AE 8D
45.551994862,0x1A4,49 BD 30 21 24 3C 72 5E
45.551994862,0x316,2E 31 24 B9 5D F6 CD 2D
45.551994862,0x427,12 91 18 27 7E C4 9D 88
45.561044107,0x1A4,A7 63 2F 21 8F 90 D2 2F
45.561044107,0x316,1C B1 E2 3E 8D D3 72 C9
45.561044107,0x427,CF 35 3D 02 40 84 52 53
45.571403739,0x1A4,97 F9 2F 21 2D BA FA 2B
45.571403739,0x316,59 7D 2F C4 3C E8 B7 45
45.571403739,0x427,60 15 64 83 89 CE 34 D0
45.581915230,0x1A4,A9 C5 2E 21 0B D7 3B 80
45.581915230,0x316,F9 8C 27 81 91 1D 14 E5
45.581915230,0x427,F5 B9 8D 0E F8 72 D0 64
45.590713464,0x1A4,59 06 2D 21 58 98 C0 2A
45.590713464,0x316,99 4D 60 0C 92 C4 14 78
45.590713464,0x427,D3 AD E9 27 02 A8 B6 D8
45.600074004,0x1A4,7E D2 2C 21 6A D5 EE 3D
45.600074004,0x316,81 9A 97 DC 2A 66 E5 9B
45.600074004,0x427,79 5E 93 D5 28 38 00 5E
45.611800364,0x1A4,B1 C8 2C 21 C2 01 7D C8
45.611800364,0x316,75 B3 7E 47 2F 30 60 76
45.611800364,0x427,DC 05 EC 3E 79 38 77 74
45.618770005,0x1A4,84 4D 2B 21 FB 44 D0 B5
45.618770005,0x316,6B D8 20 1C 09 54 A3 B6
45.618770005,0x427,5E 01 8B 3F FE 86 7E 29
45.631809028,0x1A4,F0 F5 2A 21 4F 85 23 9B
45.631809028,0x316,FD CD 27 C1 57 70 D2 0A
45.631809028,0x427,60 C3 2B 11 72 78 9C FB
45.639059586,0x1A4,72 EE 29 21 04 9F CA 22
45.639059586,0x316,ED 93 25 00 4A 1A 86 49
45.639059586,0x427,28 33 F5 75 FE 88 65 87
45.648873187,0x1A4,98 A6 29 21 57 CA 6D 7D
45.648873187,0x316,2E 4E 72 AD 68 16 17 C1
45.648873187,0x427,29 D4 1F 65 35 7E E1 8C
45.659763515,0x1A4,93 B5 28 21 73 88 EA B9
45.659763515,0x316,BF E3 65 67 15 EB 87 E3
45.659763515,0x427,60 BA 69 86 09 6C 74 77
45.669854376,0x1A4,BF 81 27 21 58 F1 B8 A5
45.669854376,0x316,EF 25 7B F1 78 2F 08 85
45.669854376,0x427,1D 84 9B 5A 4D 82 50 C9
45.680036672,0x1A4,39 2C 27 21 6F 32 D5 93
45.680036672,0x316,4D 2B E6 B7 76 C5 6E D6
45.680036672,0x427,7C F6 D4 BF BA 18 BB 67
45.689335986,0x1A4,17 E8 26 21 49 B4 5D 40
45.689335986,0x316,33 28 02 86 3C B8 D6 EF
45.689335986,0x427,CF 9A 5D 68 52 AA B9 2A
45.701390991,0x1A4,FC 9A 25 21 CE 17 A1 DB
45.701390991,0x316,C1 16 EE 7F 11 41 51 20
45.701390991,0x427,2A E9 09 CE 77 9A 52 09
45.708034751,0x1A4,DD F0 24 21 04 76 CB 12
45.708034751,0x316,3A 60 8C 99 94 9D A5 FE
45.708034751,0x427,1B 90 14 5E 24 C6 89 D7
45.719145897,0x1A4,ED B4 24 21 BD C7 93 1D
45.719145897,0x316,1B AE B9 9A F5 5E 77 E7
45.719145897,0x427,11 E6 93 69 D0 41 F0 61
45.731607244,0x1A4,61 E1 23 21 98 35 AD 4C
45.731607244,0x316,D5 C8 A5 5F 48 BA 1C 06
45.731607244,0x427,61 08 86 50 EA 8D BA 7C
45.738431587,0x1A4,97 30 22 21 04 68 14 C0
45.738431587,0x316,79 4C 1B 04 B6 9F 2F 37
45.738431587,0x427,54 63 7F 6F 52 1F 6B C6
45.748906443,0x1A4,26 B3 21 21 2B C6 16 C0
45.748906443,0x316,B6 F1 AC 25 D7 4B 2F 73
45.748906443,0x427,F7 8F 7D DD 28 6A 26 97
45.761169452,0x1A4,F2 CC 21 21 84 D8 3D C2
45.761169452,0x316,F7 3A CD BF BB E3 CC 23
45.761169452,0x427,B9 89 29 A6 C6 E3 33 CB
45.770921695,0x1A4,D1 0B 20 21 4D E6 77 65
45.770921695,0x316,7D 03 97 3E 0F C7 6E 24
45.770921695,0x427,EF 59 31 04 05 67 87 E6
45.781492278,0x1A4,51 5B 1F 21 BB 80 56 E7
45.781492278,0x316,BB 02 64 70 A2 5C BF 40
45.781492278,0x427,5E 57 9D 7C 1B 8A 34 66
45.790347222,0x1A4,BB A6 1E 21 23 FA 7F B6
45.790347222,0x316,CB A7 17 77 C3 05 1F 5F
45.790347222,0x427,99 E1 E3 E1 F9 B8 66 34
45.798162770,0x1A4,92 C8 1E 21 B7 D1 62 21
45.798162770,0x316,C5 DE 71 6A 9A 8C A9 F5
45.798162770,0x427,30 07 25 0D 68 4E D0 3E
45.809398207,0x1A4,5B 22 1D 21 81 F1 41 25
45.809398207,0x316,D8 56 A4 E5 FA 89 D8 A3
45.809398207,0x427,2E 21 39 EC BC CD ED 19
45.820411753,0x1A4,08 85 1C 21 CE CC C0 5F
45.820411753,0x316,B9 3A 99 0D C9 FA BD 59
45.820411753,0x427,9D 19 10 77 8A EA CD E8
45.828670230,0x1A4,B1 63 1C 21 34 7B 15 E3
45.828670230,0x316,0F 52 47 A7 29 CA 42 DF
45.828670230,0x427,16 25 F2 6E 6E E6 FF 13
45.841940924,0x1A4,64 06 1B 21 1A 60 40 4B
45.841940924,0x316,7A 7E D2 5A 12 3B 33 D2
45.841940924,0x427,02 3B 37 83 29 19 36 8D
45.850232127,0x1A4,BC C1 1A 21 DE CE 5F 0A
45.850232127,0x316,DA 20 19 EF 15 3E 3A FB
45.850232127,0x427,E5 78 5E DE A2 6E E0 D8
45.859910306,0x1A4,0F CB 19 21 46 6F 58 11
45.859910306,0x316,E0 49 3C 5A 12 10 DA 54
45.859910306,0x427,09 DC 87 31 FC 8E 72 4F
45.871838050,0x1A4,4C 3A 19 21 E2 3D B8 81
45.871838050,0x316,DE 65 7B 2A EB 93 D4 02
45.871838050,0x427,B1 3C FA FD D6 F9 EE 19
45.878373917,0x1A4,97 42 18 21 8A EA 8C BE
45.878373917,0x316,9C FA 0A B6 9E 5E C4 8F
45.878373917,0x427,E1 11 05 45 86 C0 54 0F
45.888189739,0x1A4,97 A8 17 21 1A 08 6F 82
45.888189739,0x316,1B 51 FC 37 74 E2 73 A1
45.888189739,0x427,C8 38 66 85 35 51 0B 5F
45.900232153,0x1A4,78 07 17 21 02 A2 C7 72
45.900232153,0x316,38 03 46 67 DB B4 83 55
45.900232153,0x427,6E 3A 6B CC 90 B8 E8 9C
45.909703536,0x1A4,15 A1 16 21 2B 20 D0 58
45.909703536,0x316,7F 7E 2C 9F 7F 6E 98 53
45.909703536,0x427,B2 FC F0 48 D8 1E 33 5E
45.918045421,0x1A4,99 DA 15 21 6E 03 1D CD
45.918045421,0x316,02 F3 59 84 D9 44 EB 95
45.918045421,0x427,B1 71 90 1F 84 38 2F E2
45.931870092,0x1A4,46 D7 14 21 37 90 2C C2
45.931870092,0x316,1E E7 CD 7C 9B D6 F3 6E
45.931870092,0x427,5E E3 7D C3 44 A5 93 83
45.940480740,0x1A4,BF 83 14 21 C4 F2 93 AA
45.940480740,0x316,92 B8 80 C7 4C 0E 49 8C
45.940480740,0x427,B8 C0 89 BA 2C 5B BA BF
45.951938294,0x1A4,ED 59 13 21 84 CA 85 81
45.951938294,0x316,0F DD 39 11 E1 2A A7 FF
45.951938294,0x427,10 55 D7 F7 9D A2 40 27
45.961527048,0x1A4,1B A7 12 21 AF 63 20 D3
45.961527048,0x316,3C B1 BF 60 65 D8 84 54
45.961527048,0x427,A1 25 1E A9 BB 79 DA B6
45.971712941,0x1A4,BC C2 11 21 C8 4B 40 BB
45.971712941,0x316,BA 9C F8 B8 4F C6 9C A2
45.971712941,0x427,94 0C 61 44 09 01 DA 24
45.978416712,0x1A4,A3 F4 11 21 41 8F 19 C3
45.978416712,0x316,B2 19 3D EA 1C F6 42 32
45.978416712,0x427,13 46 DB 17 4B 7A EB 9D
45.990571472,0x1A4,B9 95 10 21 34 32 98 46
45.990571472,0x316,10 5C F7 64 E9 7C 61 38
45.990571472,0x427,4F 69 B9 0A B2 76 44 0B
46.000380383,0x1A4,6A 87 0F 21 69 F3 19 03
46.000380383,0x316,7D 7C 1C F4 01 7D 08 22
46.000380383,0x427,8C 52 CA 31 6A AE 1A 6B
46.010091621,0x1A4,30 4F 0F 21 1C FB 93 31
46.010091621,0x316,B3 1D E7 6A D3 2C AA CC
46.010091621,0x427,C9 A1 6F D3 C6 34 17 E2
46.020604001,0x1A4,46 4D 0E 21 59 12 4A 6D
46.020604001,0x316,3F DC 0B 8C 36 B1 74 91
46.020604001,0x427,1E 5F 51 41 DF 93 8C FD
46.030062485,0x1A4,6B A5 0D 21 E0 ED EA 35
46.030062485,0x316,55 28 25 00 A9 E9 B3 FD
46.030062485,0x427,E5 55 F4 10 6E 05 D4 29
46.038003534,0x1A4,3D FB 0C 21 27 0B 97 09
46.038003534,0x316,CF 4F F8 43 EC 43 2C BA
46.038003534,0x427,CF E7 8F 7B E1 A0 79 C9
46.051205345,0x1A4,B1 36 0C 21 F5 92 16 38
46.051205345,0x316,24 F1 E2 77 11 39 46 EA
46.051205345,0x427,8C BE 2F FB E1 04 65 2A
46.059928361,0x1A4,CB 1E 0B 21 71 49 30 AC
46.059928361,0x316,1E DA 54 7E 2C A3 3E 1D
46.059928361,0x427,0E E2 78 14 E9 EB 5E AB
46.069189337,0x1A4,D7 C1 0A 21 B9 E6 CA CF
46.069189337,0x316,3A 6D 3F E6 E6 9E BD 57
46.069189337,0x427,2C 7F E6 9D C5 16 59 BA
46.079705500,0x1A4,AA C4 0A 21 E4 04 43 5F
46.079705500,0x316,7B 84 C0 D9 C0 8D 0B 78
46.079705500,0x427,9D AF A6 F4 A7 BD DE F4
46.090024620,0x1A4,52 C0 09 21 A1 1E B9 93
46.090024620,0x316,C3 59 FE 8E 0F D6 44 8C
46.090024620,0x427,3C AA A0 E3 BC 4B BD E6
46.098814107,0x1A4,55 3C 08 21 59 02 FB BD
46.098814107,0x316,5D 31 A2 54 5E 97 AB A1
46.098814107,0x427,2C 9B 39 AA DF AB 97 53
46.110908592,0x1A4,46 69 07 21 B0 4A D5 27
46.110908592,0x316,38 C9 F1 AA B5 C0 94 AE
46.110908592,0x427,8B 10 DA D5 AF BE 70 B7
46.121833630,0x1A4,7E CB 07 21 5E E2 21 85
46.121833630,0x316,A2 F7 BE AE 91 39 6A 47
46.121833630,0x427,5F 66 62 CE 15 93 06 98
46.128431756,0x1A4,E9 69 06 21 20 EE 86 E5
46.128431756,0x316,0B C1 CB 3E A5 2B E8 39
46.128431756,0x427,C4 5F 9F D0 E0 8C B0 05
46.139478738,0x1A4,21 53 05 21 92 D6 BF 7B
46.139478738,0x316,D2 25 AE 45 34 E0 01 54
46.139478738,0x427,36 E9 9F F0 29 03 43 82
46.148446938,0x1A4,24 16 05 21 12 3B B6 7F
46.148446938,0x316,DE DF 06 F9 19 34 6A B9
46.148446938,0x427,BF AE C6 FD D4 03 9B 67
46.159130148,0x1A4,C4 1D 04 21 EE DA BC F3
46.159130148,0x316,AD 2E 79 97 D4 3E E3 4C
46.159130148,0x427,73 7E 3A CD FC D1 F5 DC
46.171597216,0x1A4,34 D8 03 21 DC 5F 43 1B
46.171597216,0x316,9D 2F F6 D2 AD 7D E1 25
46.171597216,0x427,34 67 15 8E 79 80 3F 39
46.181357150,0x1A4,DC 60 02 21 BC E9 91 C8
46.181357150,0x316,43 46 0D 38 74 94 78 E1
46.181357150,0x427,A4 00 C8 F4 74 4B AD 3F
46.189986328,0x1A4,9A 7B 02 21 CB 86 B9 E7
46.189986328,0x316,CB EE 3B 27 50 B8 11 ED
46.189986328,0x427,13 AB 3D 19 DD 9B 87 B2
46.198116388,0x1A4,10 3A 01 21 40 F8 7E 81
46.198116388,0x316,62 1A ED 5C B6 1A A3 69
46.198116388,0x427,40 06 16 BE A5 9D 5C 66
46.209650321,0x1A4,91 B0 00 21 6F EB 0A 91
46.209650321,0x316,57 62 CA 54 C4 CD 90 4C
46.209650321,0x427,2C E2 C4 14 65 19 14 3E
46.218611404,0x1A4,D2 06 00 21 12 BD 80 9F
46.218611404,0x316,9D 32 2E 7B CA 58 D0 F2
46.218611404,0x427,84 44 AC ED 38 A8 B2 A9
46.229743613,0x1A4,FC 62 FF 20 A9 2C 64 C6
46.229743613,0x316,6E 7C 5F 50 C3 7E 16 ED
46.229743613,0x427,52 97 A9 E3 94 32 91 0E
46.238063442,0x1A4,40 04 FE 20 63 AE EA 67
46.238063442,0x316,B9 D3 A7 D0 15 8B A2 6E
46.238063442,0x427,0D 8E 6F 27 02 83 0A 6A
46.250578952,0x1A4,B3 F0 FE 20 FC B5 75 FA
46.250578952,0x316,96 1B D5 07 41 FD 72 55
46.250578952,0x427,6B 29 06 F0 FE 3A D1 5E
46.261762249,0x1A4,F4 15 FD 20 E0 92 D9 4E
46.261762249,0x316,3A AD 55 3C 67 92 8C 7C
46.261762249,0x427,90 14 0D E1 46 B9 6F FF
46.270308255,0x1A4,76 96 FC 20 C9 A0 86 ED
46.270308255,0x316,59 76 51 F5 28 D8 76 65
46.270308255,0x427,9D E7 A2 96 90 93 CA 36
46.280206333,0x1A4,84 E6 FB 20 0F 67 1B 6E
46.280206333,0x316,32 8F 75 D9 93 41 30 3C
46.280206333,0x427,B0 F0 55 49 C7 B4 44 3E
46.289434745,0x1A4,7F 7E FB 20 7F A5 F5 CD
46.289434745,0x316,6D 85 36 2A A9 63 0B 56
46.289434745,0x427,9B CE C0 28 EF 5B 15 99
46.298646520,0x1A4,11 A3 FA 20 7D 14 EC 97
46.298646520,0x316,57 16 79 60 1D 39 6B DA
46.298646520,0x427,6C 84 37 15 D6 D7 C4 19
46.311551409,0x1A4,41 2B F9 20 E1 48 12 15
46.311551409,0x316,A5 63 D3 CB FB 39 C8 BC
46.311551409,0x427,49 64 2C 02 53 6E 69 26
46.318373180,0x1A4,C4 B7 F9 20 1C F8 B4 6D
46.318373180,0x316,DD 35 1E 7E 54 5A 86 E5
46.318373180,0x427,6E F5 A1 17 84 26 33 EF
46.328736082,0x1A4,AB DD F8 20 77 AC 28 CB
46.328736082,0x316,F6 8A DF CE A1 B9 87 B2
46.328736082,0x427,AA 58 E1 A5 56 1C E2 26
46.338097021,0x1A4,2D 0C F7 20 D0 C8 25 0D
46.338097021,0x316,76 CA 88 00 DF 18 A1 78
46.338097021,0x427,D3 6D 75 2D 18 05 5E 08
46.350988683,0x1A4,2A F6 F7 20 05 B3 9A 4A
46.350988683,0x316,38 D5 D3 FB 48 D8 F4 D7
46.350988683,0x427,F7 70 E4 5D F7 E2 C1 AD
46.360613628,0x1A4,74 86 F6 20 53 86 07 EB
46.360613628,0x316,0C 5F A6 D3 31 2D 32 B3
46.360613628,0x427,D1 C4 74 5B C8 CA 82 AA
46.369008586,0x1A4,91 69 F5 20 20 B9 67 16
46.369008586,0x316,13 9C 59 0A DC F5 4B 2A
46.369008586,0x427,15 C4 93 E4 72 EA 4C 4F
46.380428553,0x1A4,4D 2B F4 20 51 B8 97 19
46.380428553,0x316,6F 1E F8 09 EA 88 0E FF
46.380428553,0x427,E6 8A 36 95 1A 9D 14 15
46.391933822,0x1A4,BB AB F4 20 38 92 1D 0A
46.391933822,0x316,9A EA 46 9D 64 F7 0D 00
46.391933822,0x427,D2 38 49 D2 79 4F 2C EC
46.398895146,0x1A4,A1 2C F3 20 3A 78 1F CA
46.398895146,0x316,ED D1 80 2B 8E 78 A5 E5
46.398895146,0x427,70 AC 0F 64 04 2D FE D2
46.410686108,0x1A4,72 C7 F2 20 25 3D 88 7D
46.410686108,0x316,28 A4 87 1B 13 C2 6F 44
46.410686108,0x427,55 1B E7 97 C7 0D 9B 4A
46.421995091,0x1A4,52 27 F2 20 59 CA 3B D6
46.421995091,0x316,8E AB AD 86 54 D6 59 12
46.421995091,0x427,63 FD F0 D4 6C 54 DC 9C
46.429681434,0x1A4,C6 60 F1 20 BB 56 7C 23
46.429681434,0x316,B2 12 A0 10 69 B0 5B 76
46.429681434,0x427,EE CE 2D 9B 7D 96 36 DA
46.438871733,0x1A4,ED 31 F0 20 D8 F9 4A 28
46.438871733,0x316,F5 0E BA A4 AF DC AC C6
46.438871733,0x427,56 72 2F B3 3B ED CF 83
46.451883263,0x1A4,35 55 F0 20 63 16 15 7F
46.451883263,0x316,38 82 42 9B 31 6D 4A 39
46.451883263,0x427,2A 67 64 B0 4F 5E A0 48
46.458601858,0x1A4,EE 5C EF 20 4E 6F B5 64
46.458601858,0x316,89 EC 26 DA CD 43 B2 56
46.458601858,0x427,9C 00 3E AA 1D B0 AD 29
46.470525194,0x1A4,88 8A EE 20 06 44 00 79
46.470525194,0x316,02 E8 6D CF 09 98 D7 73
46.470525194,0x427,7C 2A D7 5B 57 E9 A2 F3
46.478823377,0x1A4,8F B0 ED 20 3A 26 70 4E
46.478823377,0x316,4E DC 2C 4B 1C 15 4B A7
46.478823377,0x427,12 F7 A5 B4 18 1E 8C D0
46.491723137,0x1A4,2A 19 ED 20 3B 0E 00 6B
46.491723137,0x316,86 50 95 CE D7 0E 35 EE
46.491723137,0x427,5D 28 31 3C BF 75 54 CB
46.501456854,0x1A4,98 A8 EC 20 26 0B DD D8
46.501456854,0x316,B3 FE 2F 4F 24 B6 8F AA
46.501456854,0x427,BB B0 9C 53 4C 6D E6 35
46.510680829,0x1A4,D4 49 EB 20 A2 E3 16 76
46.510680829,0x316,E0 92 12 26 12 2F 07 B4
46.510680829,0x427,04 70 BC 27 27 92 6B 09
46.521133815,0x1A4,44 0A EB 20 5B 1D 0A 0F
46.521133815,0x316,3F 66 72 96 27 48 09 E0
46.521133815,0x427,B2 C6 22 1E C5 5A CE 25
46.528021203,0x1A4,3F 8E EA 20 91 B8 8B FF
46.528021203,0x316,04 6F EC 72 6E BA 48 20
46.528021203,0x427,4E 48 3A 26 F3 6F 07 B9
46.541835601,0x1A4,EB 1A E9 20 6B 4C 50 48
46.541835601,0x316,A2 C0 36 C5 08 AD 2D 55
46.541835601,0x427,67 CC 0E B0 C9 44 E8 51
46.549784429,0x1A4,07 0F E9 20 E0 C0 3F 3D
46.549784429,0x316,84 D2 F8 B7 F3 EC 49 7B
46.549784429,0x427,94 1A 72 6F D7 EE ED 68
46.558088619,0x1A4,1F ED E8 20 B5 2C 0C EE
46.558088619,0x316,26 91 F1 A4 1A B3 13 AB
46.558088619,0x427,F2 D6 4C F1 F1 A4 F0 AB
46.568774162,0x1A4,64 C0 E7 20 70 AD B8 BA
46.568774162,0x316,EC 97 71 96 82 A7 73 4D
46.568774162,0x427,97 D1 FB EF 9E 48 88 B5
46.581448720,0x1A4,0E 9C E7 20 CC 5C 45 E5
46.581448720,0x316,0F 7D 25 79 9F 85 FB A7
46.581448720,0x427,0F 7C A9 08 BE D2 3C 5D
46.589519269,0x1A4,BC 69 E6 20 14 18 0B 64
46.589519269,0x316,B6 65 05 31 62 88 57 58
46.589519269,0x427,FF 00 E9 10 51 82 85 0C
46.601464758,0x1A4,C4 7C E5 20 99 BA 53 D7
46.601464758,0x316,07 A3 62 DA 21 86 BA CD
46.601464758,0x427,3D FF 8E 40 B1 24 BA 63
46.609206408,0x1A4,20 8F E5 20 99 3B 01 D0
46.609206408,0x316,B6 D2 63 7F C7 31 A8 76
46.609206408,0x427,50 47 88 A8 87 FC 6F F7
46.619193832,0x1A4,62 E1 E4 20 E0 2F A2 C8
46.619193832,0x316,FC 4F 8A B5 00 AD D1 DC
46.619193832,0x427,9A 1C D6 52 C0 C9 19 73
46.629409272,0x1A4,94 F2 E3 20 56 09 D7 D0
46.629409272,0x316,33 41 B0 53 8C C0 CA BE
46.629409272,0x427,43 76 79 F7 2D 27 17 B5
46.640968220,0x1A4,50 06 E2 20 DE 37 8D A8
46.640968220,0x316,81 F8 95 50 4D C1 43 F5
46.640968220,0x427,DE C3 5D EA 98 3A 63 C0
46.650470086,0x1A4,0D A6 E2 20 57 05 3E DE
46.650470086,0x316,A4 B6 29 B3 49 20 18 2F
46.650470086,0x427,A0 80 E7 01 85 32 82 DE
46.658786955,0x1A4,AE 3B E1 20 9F A4 07 2A
46.658786955,0x316,55 52 4C F4 B2 58 27 40
46.658786955,0x427,DA EF 71 6A 91 06 DD 17
46.668806880,0x1A4,28 19 E0 20 32 24 22 E0
46.668806880,0x316,92 BD 05 FD D7 7A A5 55
46.668806880,0x427,DB 52 EE 25 6D 2E C2 0A
46.679989410,0x1A4,4A 2F E0 20 09 63 ED 23
46.679989410,0x316,0E 2C 72 3D D3 D6 45 83
46.679989410,0x427,1B 9F 9A 9A 26 C2 CF 7E
46.691937999,0x1A4,2A 0E DF 20 E9 FB 21 47
46.691937999,0x316,C7 43 45 E8 4D 02 C7 33
46.691937999,0x427,67 53 85 B8 46 18 36 2E
46.701197926,0x1A4,8B 8A DE 20 9C CC D7 09
46.701197926,0x316,D3 13 57 C5 25 94 5C 02
46.701197926,0x427,C9 78 AC A1 BE A3 58 5C
46.709860580,0x1A4,E8 07 DE 20 2A 6C CC 57
46.709860580,0x316,E2 78 DA CC 15 93 68 9D
46.709860580,0x427,7D 7E 7E 5F B6 6A 51 56
46.718968935,0x1A4,78 64 DD 20 BF E2 C6 1A
46.718968935,0x316,6E AC 98 7B 6B 7B 85 C5
46.718968935,0x427,64 E6 06 D3 A7 58 22 F8
46.731655944,0x1A4,54 93 DC 20 74 7A A3 33
46.731655944,0x316,DA 24 08 36 97 9A D6 25
46.731655944,0x427,F7 E4 1F 55 B8 CA 2B AE
46.738522449,0x1A4,A6 4F DC 20 1D 15 97 DB
46.738522449,0x316,55 3E 8E BC C6 38 7A BE
46.738522449,0x427,A1 71 46 81 33 8F 00 46
46.749261378,0x1A4,9B 09 DB 20 A1 45 04 64
46.749261378,0x316,B7 EE BB E3 E1 2F 5B 87
46.749261378,0x427,1C 9B 5E FE 5C 35 2A 97
46.759015410,0x1A4,2A 6D DA 20 0F 3B 34 ED
46.759015410,0x316,DA BE BA 9C 47 60 58 32
46.759015410,0x427,16 13 58 6F B9 D5 0B C5
46.769844998,0x1A4,EF 33 DA 20 D1 94 34 BB
46.769844998,0x316,3E 1D DF CC AC C5 17 0A
46.769844998,0x427,44 C4 77 74 48 0B D2 F6
46.781121806,0x1A4,F8 68 D9 20 A0 25 4A 97
46.781121806,0x316,D4 43 10 8C 64 1B 4A 4A
46.781121806,0x427,ED 49 EE 89 18 A3 2D FF
46.789570852,0x1A4,8E 60 D8 20 98 03 D9 74
46.789570852,0x316,5F 3F 65 0B 84 0D D4 48
46.789570852,0x427,D1 A0 25 55 2F 12 96 04
46.801859016,0x1A4,03 31 D8 20 59 B1 DD 96
46.801859016,0x316,47 DF 85 A0 0C DC 0F F7
46.801859016,0x427,F3 E9 B5 CA 7E 8F 13 10
46.811297390,0x1A4,B2 FB D7 20 E1 91 5D D4
46.811297390,0x316,C1 F7 D3 E0 69 93 D0 6A
46.811297390,0x427,D7 1D D6 ED 48 C2 AA 76
46.820079824,0x1A4,7D CC D6 20 DA ED 65 E2
46.820079824,0x316,BE B9 D7 9B 78 E2 67 92
46.820079824,0x427,0D 3A 1F 3B 38 98 4F EC
46.830420593,0x1A4,53 9B D6 20 4B 98 B5 D5
46.830420593,0x316,B0 CE 44 97 C0 F1 0F 39
46.830420593,0x427,57 72 03 73 88 69 C3 43
46.839967851,0x1A4,63 50 D5 20 62 35 3A E4
46.839967851,0x316,6B 0E ED A6 AF 77 27 DA
46.839967851,0x427,E2 ED E8 09 CA A0 15 D1
46.848361694,0x1A4,C1 BC D4 20 CF 5F 1E AB
46.848361694,0x316,D2 79 85 E7 C7 49 5E 94
46.848361694,0x427,DF 71 0F 41 E3 6F 12 65
46.859450847,0x1A4,42 05 D4 20 A5 D2 18 01
46.859450847,0x316,EA C2 DE 87 B5 37 AE 3A
46.859450847,0x427,F6 19 61 0A 36 F2 C7 38
46.871655525,0x1A4,AE D5 D3 20 96 4A 4E D2
46.871655525,0x316,26 0B 02 73 86 CA 2D 3D
46.871655525,0x427,43 7E A0 65 A0 7B 93 00
46.881997737,0x1A4,71 2F D2 20 D8 3E 3A 0C
46.881997737,0x316,92 43 69 F5 EC A9 7B 13
46.881997737,0x427,14 82 69 CD 09 02 A4 CD
46.889630573,0x1A4,89 EC D1 20 E2 A4 06 89
46.889630573,0x316,A1 22 7E D0 43 3B 45 E6
46.889630573,0x427,03 6F EA 8B EF 64 9E F0
46.898243839,0x1A4,BD 75 D1 20 DF 14 2F 04
46.898243839,0x316,E2 CE 72 80 98 06 59 DE
46.898243839,0x427,D1 69 DD F3 91 82 95 BB
46.908773830,0x1A4,6E DA D0 20 0D A5 4B C4
46.908773830,0x316,EC 53 D8 A3 C0 F6 B9 C9
46.908773830,0x427,BC 64 63 4E C4 AF D6 C4
46.918529009,0x1A4,88 A7 CF 20 93 F5 CE A9
46.918529009,0x316,3B 29 1B 0D B5 82 23 7F
46.918529009,0x427,93 7A 26 FD 3C 6E 86 94
46.929166182,0x1A4,07 56 CF 20 6F 1F BA 88
46.929166182,0x316,67 35 4A A9 99 6A 67 8D
46.929166182,0x427,30 58 9D 49 98 C4 98 C7
46.941378544,0x1A4,C5 C3 CE 20 92 9B F0 DA
46.941378544,0x316,C4 0A 1E 3C 26 08 F6 EC
46.941378544,0x427,41 43 41 FD E4 3D 97 63
46.948648372,0x1A4,F2 9E CD 20 D8 DD C8 B9
46.948648372,0x316,9C 4D 1E 54 B0 62 5F 2D
46.948648372,0x427,FD 43 89 8B FB 55 F6 A7
46.958443760,0x1A4,51 0C CD 20 ED 5A A3 03
46.958443760,0x316,E1 AA 61 AF 7A BE F3 6D
46.958443760,0x427,66 B4 65 14 5F 96 2A 54
46.969691815,0x1A4,64 80 CC 20 5F 66 DF 3E
46.969691815,0x316,F9 F8 52 F2 BA 66 D8 7A
46.969691815,0x427,BB FF 4B 05 E5 34 76 19
46.981466964,0x1A4,7B A6 CB 20 79 63 5B EE
46.981466964,0x316,96 59 D9 BF 12 E7 23 BB
46.981466964,0x427,71 F3 18 42 21 11 45 2B
46.991772831,0x1A4,F1 1C CB 20 3B 43 D5 4A
46.991772831,0x316,17 CC FB AB 34 D0 D0 41
46.991772831,0x427,6B 2A 63 6A D7 C0 6F 29
47.001119799,0x1A4,09 A3 CA 20 9D C9 2B 6D
47.001119799,0x316,D0 75 3F 34 F6 58 AA BA
47.001119799,0x427,3D D4 F5 29 F9 A6 86 5C
47.009102192,0x1A4,99 98 C9 20 6A 1D DD C3
47.009102192,0x316,EB 9B 86 EE 69 63 ED 49
47.009102192,0x427,30 E5 3A 4F 9E 65 75 FF
47.018074691,0x1A4,02 74 C9 20 71 E9 09 B1
47.018074691,0x316,0F 56 76 8C 57 FC 96 A3
47.018074691,0x427,72 19 8F 11 3B 88 83 13
47.030959714,0x1A4,3E AC C8 20 4C 58 D3 27
47.030959714,0x316,1C 6C 8B DF E5 BF 16 1F
47.030959714,0x427,4C 31 60 DA 73 F8 E5 EF
47.038557494,0x1A4,3F 1E C7 20 7C 2E 1E F4
47.038557494,0x316,EE 3D 53 3D C9 36 E4 10
47.038557494,0x427,AC 94 56 C7 23 F7 34 C5
47.051213196,0x1A4,51 89 C7 20 15 A4 29 C2
47.051213196,0x316,3B D5 C1 F1 A8 11 22 45
47.051213196,0x427,F8 A7 13 F7 50 02 D1 2D
47.058478226,0x1A4,BF DD C6 20 78 81 D0 C3
47.058478226,0x316,96 D8 87 73 02 5B 68 56
47.058478226,0x427,0E A1 16 1F 01 59 1E 80
47.069482219,0x1A4,EA 8F C5 20 C2 18 CF D5
47.069482219,0x316,7D C5 8F C7 9C 03 DB 88
47.069482219,0x427,08 B8 1D 77 A9 73 C2 82
47.079364147,0x1A4,51 C8 C5 20 DB AA 32 7B
47.079364147,0x316,01 F1 01 AB 2C 17 47 9D
47.079364147,0x427,B1 B4 3E 47 E6 54 16 C9
47.091133753,0x1A4,F5 0E C4 20 3F CB 33 5B
47.091133753,0x316,F1 E7 FB C9 EB 48 8F 17
47.091133753,0x427,85 F2 6D 5A 6A 74 28 2D
47.099530727,0x1A4,EA 25 C3 20 5B 76 7D CE
47.099530727,0x316,AF F9 75 30 82 12 99 8B
47.099530727,0x427,80 A2 E7 F1 16 15 12 40
47.109814385,0x1A4,92 42 C3 20 68 8F AA 04
47.109814385,0x316,6A 0C 32 E9 EE 07 F4 E9
47.109814385,0x427,21 BB CE 9E B9 8A EB CD
47.120592617,0x1A4,20 0C C2 20 76 5A 16 CB
47.120592617,0x316,7E 4A 38 C4 64 E5 1F 16
47.120592617,0x427,85 C5 FB FD CF 24 3D 10
47.130878657,0x1A4,25 FA C1 20 33 FF 53 25
47.130878657,0x316,95 F1 93 57 EB 07 0C 29
47.130878657,0x427,7F 79 A7 85 98 1F B2 D0
47.139156110,0x1A4,79 06 C1 20 FD 41 E9 88
47.139156110,0x316,6F 27 B5 31 7A 73 8B 7A
47.139156110,0x427,C1 9D B9 FD B1 0C BA EC
47.150454903,0x1A4,89 5A C0 20 A0 96 AE A1
47.150454903,0x316,95 35 F4 59 46 42 A0 07
47.150454903,0x427,40 16 16 57 4B 62 7F DA
47.160205065,0x1A4,90 BC BF 20 2D 1D EC CA
47.160205065,0x316,34 C8 BA C1 50 DE B1 6E
47.160205065,0x427,F9 85 83 1A A0 93 A9 CE
47.170519091,0x1A4,CC F0 BF 20 3D E7 9E C6
47.170519091,0x316,23 BE D2 CF 21 94 07 67
47.170519091,0x427,5B 39 5D 36 D1 C9 E2 2A
47.180924860,0x1A4,BB 41 BE 20 C5 C6 FE 9E
47.180924860,0x316,99 7E 32 A3 2F 9E C1 7B
47.180924860,0x427,2F B2 01 C6 AF 53 1B 96
47.188325255,0x1A4,93 84 BD 20 5B D6 85 B2
47.188325255,0x316,3D 65 20 11 BC 21 E4 F9
47.188325255,0x427,BF B4 36 FE 13 77 A1 BE
47.200802103,0x1A4,C9 5D BD 20 13 86 A2 D5
47.200802103,0x316,52 D6 32 A8 D7 44 0D EF
47.200802103,0x427,2E AF B2 E9 AD 3F E0 C7
47.208312841,0x1A4,03 5F BC 20 5C 8D B5 8E
47.208312841,0x316,B5 B4 55 C5 C2 DD 35 75
47.208312841,0x427,63 7E 24 63 EA 9D 7C 52
47.219102217,0x1A4,BF AC BC 20 22 51 6E 5E
47.219102217,0x316,0D 13 F9 32 03 78 64 E6
47.219102217,0x427,AF 31 BE 0A 6C 2A 50 09
47.231269568,0x1A4,26 DF BB 20 B1 0B 26 30
47.231269568,0x316,66 E8 F3 00 F1 13 29 92
47.231269568,0x427,A6 E6 FC 5A 30 10 62 04
47.240189921,0x1A4,50 71 BA 20 30 EE 21 AA
47.240189921,0x316,7D 62 15 EF 52 9C 5E 5F
47.240189921,0x427,53 4E 12 A6 CC B8 B6 56
47.250968213,0x1A4,4B 6A BA 20 EF 7A EE BF
47.250968213,0x316,24 A7 67 D6 9C 71 E7 01
47.250968213,0x427,B0 A3 36 F8 0D FE AE 50
47.261160386,0x1A4,04 7B B9 20 83 B5 A6 76
47.261160386,0x316,B0 52 D1 15 A4 0A 53 22
47.261160386,0x427,BE 50 D0 D7 CF F8 91 18
47.268640060,0x1A4,35 E2 B8 20 DB 6A 40 85
47.268640060,0x316,36 B7 B8 8F 2D C7 20 C4
47.268640060,0x427,24 8B D2 1D 39 58 C7 97
47.281055386,0x1A4,A1 D7 B8 20 33 B2 32 79
47.281055386,0x316,B3 6B 8D 7E 20 C0 B7 8D
47.281055386,0x427,74 BF 02 FF 0C F5 35 8D
47.290945518,0x1A4,D3 D2 B7 20 1F 2B F7 C2
47.290945518,0x316,67 55 38 57 BB 22 A8 1E
47.290945518,0x427,2B 7F FC 9F 74 82 92 CF
47.299333699,0x1A4,96 9D B6 20 FA E0 40 C9
47.299333699,0x316,E2 6A D1 D5 EC 3A 59 A3
47.299333699,0x427,10 4C 2B 51 96 51 FC 3E
47.311477544,0x1A4,6D 0B B6 20 E5 2C 7E 89
47.311477544,0x316,A4 60 79 D2 79 C8 F6 6C
47.311477544,0x427,28 A0 1F 4B 68 E4 F7 09
47.318889695,0x1A4,97 F0 B5 20 2F 73 48 1B
47.318889695,0x316,5E C7 0E 0E 73 7D 65 F0
47.318889695,0x427,1C 3E DA 4C 2B E2 31 AA
47.330579460,0x1A4,D1 D0 B4 20 8E 58 97 FF
47.330579460,0x316,B8 27 0D 23 4A F2 26 B2
47.330579460,0x427,D4 BA 1E 42 82 47 D1 D0
47.341590669,0x1A4,0D 3B B4 20 E0 DC D0 FF
47.341590669,0x316,CE 6A 2D 27 10 DD D9 47
47.341590669,0x427,CE 62 06 57 2A 5D 88 D9
47.349596290,0x1A4,6D C9 B3 20 48 26 37 FB
47.349596290,0x316,A3 B2 0B 13 29 17 A2 F9
47.349596290,0x427,AE 25 ED 87 94 07 21 5D
47.359611217,0x1A4,90 84 B2 20 67 BD 8F 7F
47.359611217,0x316,F5 53 F2 4E 38 C0 16 BD
47.359611217,0x427,2D 03 C1 4C B7 B0 28 68
47.371749837,0x1A4,AD C7 B2 20 EC 9E B1 06
47.371749837,0x316,0C 74 33 FB A5 EE FF 48
47.371749837,0x427,02 AD E7 53 4A 7D 4D 2F
47.379039328,0x1A4,9C 8B B1 20 48 D8 D3 17
47.379039328,0x316,42 DF 97 DE 4C 44 2E 23
47.379039328,0x427,03 E8 70 EE 6E 68 63 86
47.391388054,0x1A4,1A 13 B0 20 BB D7 7B 99
47.391388054,0x316,08 7C 00 DA D1 A2 A1 19
47.391388054,0x427,73 E8 CE 5C 35 17 06 1D
47.398459996,0x1A4,ED 39 B0 20 89 F2 81 F9
47.398459996,0x316,E4 99 A2 43 78 91 9B C4
47.398459996,0x427,B3 F1 72 55 82 E0 7C 51
47.408861513,0x1A4,7F BB AF 20 17 92 AC 1F
47.408861513,0x316,B7 1D C0 2E EF B1 8F 93
47.408861513,0x427,8C FA 59 36 35 E8 0C 95
47.419795894,0x1A4,11 27 AE 20 B0 C8 2E 14
47.419795894,0x316,BC DA 44 3B 01 6C 90 0C
47.419795894,0x427,33 AE C9 46 22 B6 BD 4F
47.431739654,0x1A4,DA 64 AE 20 C0 EF B8 C2
47.431739654,0x316,EC 74 DA 8C 53 3C 3D C1
47.431739654,0x427,39 0D 93 8A AF 9C B8 E9
47.439686101,0x1A4,26 FA AD 20 A8 CD 64 14
47.439686101,0x316,5B 84 C3 CF 65 F8 7A B6
47.439686101,0x427,3A 1A 87 8C 85 E0 69 EF
47.450772506,0x1A4,E8 FC AD 20 09 02 CC DE
47.450772506,0x316,57 71 C3 B0 22 E4 CA 8B
47.450772506,0x427,EC B7 15 4C 91 8C 04 E8
47.460864899,0x1A4,2C E8 AC 20 88 1D 6C A8
47.460864899,0x316,96 FA 2B 4C B5 27 B6 19
47.460864899,0x427,83 12 34 E5 8D 97 55 67
47.471051732,0x1A4,E4 DB AB 20 99 14 48 EE
47.471051732,0x316,AC C4 6D 0A BA 2A D8 4F
47.471051732,0x427,DF FC 38 EB 2E 44 C2 E0
47.480378133,0x1A4,45 56 AB 20 6C B7 CC 17
47.480378133,0x316,B5 F8 6B A8 EA F4 50 55
47.480378133,0x427,87 57 E0 44 97 5B B8 BD
47.491775596,0x1A4,45 60 AA 20 90 54 0B 23
47.491775596,0x316,84 70 99 11 8B 06 25 18
47.491775596,0x427,8C 9A F0 F2 AF 99 D7 F1
47.500832103,0x1A4,AD 1B A9 20 78 C3 06 01
47.500832103,0x316,0C 20 59 1B 3E F2 32 E4
47.500832103,0x427,B4 2B 1B 7A 8E E8 E2 0A
47.509862414,0x1A4,8A 01 A9 20 13 6E 3B CF
47.509862414,0x316,CA E5 72 5C E9 DF EE 67
47.509862414,0x427,04 2E BE 8A 49 34 5D 1B
47.521868422,0x1A4,7E 00 A8 20 60 92 A7 28
47.521868422,0x316,A6 32 42 97 51 5F 8D F0
47.521868422,0x427,A8 2D AA 8F B6 53 20 E5
47.531073840,0x1A4,A4 9A A7 20 28 20 61 3F
47.531073840,0x316,BC 88 FE 14 45 24 85 55
47.531073840,0x427,6E F0 1A 2B AD A0 64 2F
47.540153198,0x1A4,97 29 A7 20 6C BD 0C EB
47.540153198,0x316,5C FB AA 91 AF E8 60 B3
47.540153198,0x427,27 8A DF DD 3B 79 97 1A
47.549001860,0x1A4,16 A8 A6 20 D7 7F EF CF
47.549001860,0x316,73 FC 4F 04 A9 9B 66 78
47.549001860,0x427,ED 3B EA 37 92 45 8F BA
47.558969344,0x1A4,6D 12 A5 20 16 E2 6C 20
47.558969344,0x316,12 CE 5B 2B 8B 80 E4 BC
47.558969344,0x427,36 0F 11 F5 33 1A 7A D2
47.569615025,0x1A4,82 A7 A5 20 8E EB B4 AE
47.569615025,0x316,2C AE 7A 82 DE 01 14 3D
47.569615025,0x427,FD 7E 59 FD 7D D2 6C 68
47.579341627,0x1A4,9B 74 A4 20 F5 F6 70 AE
47.579341627,0x316,8D B2 E1 85 71 C4 04 E0
47.579341627,0x427,F8 EE F7 45 4B 01 A2 93
47.589134760,0x1A4,74 E7 A3 20 68 88 D7 BA
47.589134760,0x316,71 20 B9 C6 A7 D6 82 D7
47.589134760,0x427,03 46 03 30 84 7E 1E 7E
47.601283348,0x1A4,A9 23 A3 20 07 C8 E7 3C
47.601283348,0x316,39 FB 32 0F 90 55 02 6E
47.601283348,0x427,B6 96 04 36 3D 79 FE 9C
47.610517776,0x1A4,30 CC A2 20 F7 E0 70 63
47.610517776,0x316,C5 D4 45 31 E9 DC 34 D3
47.610517776,0x427,58 AA 1C 87 EF CC EE 4A
47.618623294,0x1A4,77 F0 A2 20 2C B1 DE 22
47.618623294,0x316,5F A9 8E 67 D4 CF 45 F9
47.618623294,0x427,16 B6 3C 97 10 E2 5A 69
47.631269754,0x1A4,56 AA A1 20 CC 8B 0D 94
47.631269754,0x316,3E 44 A4 49 EB CA F4 44
47.631269754,0x427,6E 79 C0 3F BE 65 CB 9D
47.638556144,0x1A4,4F FD A0 20 6C B5 BA E3
47.638556144,0x316,E4 FB E8 1F 31 AF F7 B4
47.638556144,0x427,E0 CF 93 6B 02 A2 47 41
47.648131472,0x1A4,30 74 A0 20 53 0D F2 9A
47.648131472,0x316,8A C6 67 7F 37 33 5F 00
47.648131472,0x427,BB 23 52 FA CD 20 57 1D
47.658430423,0x1A4,6F CB 9F 20 58 90 3A 97
47.658430423,0x316,6B 2F F0 30 E1 57 2D BF
47.658430423,0x427,72 6D C0 40 D2 08 F9 B0
47.669303942,0x1A4,AE 20 9E 20 61 1B 9D 93
47.669303942,0x316,C2 14 32 2F 45 8C 7F D0
47.669303942,0x427,EE D0 0C A4 CB 41 88 94
47.678253578,0x1A4,F0 D3 9E 20 22 BD 98 F7
47.678253578,0x316,CF 36 C8 AB 1B 0E B0 3F
47.678253578,0x427,5A 26 E8 21 B9 90 08 B6
47.690921137,0x1A4,0D F4 9D 20 02 5B 19 3B
47.690921137,0x316,EB 6D 86 FF 75 BC FF 3F
47.690921137,0x427,22 77 B0 BE DE A1 EB 0B
47.699372481,0x1A4,F7 5C 9C 20 60 A6 7B 12
47.699372481,0x316,79 17 1F AF 03 4A 0C 65
47.699372481,0x427,5F CD 09 22 AD A6 18 F7
47.710582309,0x1A4,4A BD 9C 20 60 EB CB 46
47.710582309,0x316,FA 39 9B F5 FF 3D D4 1C
47.710582309,0x427,5D 54 17 93 8F A8 B8 00
47.720817086,0x1A4,93 D6 9B 20 16 FE CF 35
47.720817086,0x316,C9 CF 9C B7 CE B4 5B 1C
47.720817086,0x427,DC F5 78 D4 88 BE 3B B2
47.730075217,0x1A4,34 C5 9B 20 37 B0 D1 69
47.730075217,0x316,8E 50 61 1B E7 2B 63 57
47.730075217,0x427,CD 44 D2 34 98 79 73 72
47.740802831,0x1A4,8D 54 9A 20 E2 F9 A0 25
47.740802831,0x316,FF A7 6C B9 FD EC E0 A5
47.740802831,0x427,AE EA 1C C9 CD ED 8C 1F
47.749492770,0x1A4,76 C0 99 20 FA D8 66 5E
47.749492770,0x316,B3 83 3A 53 68 0E 2D FA
47.749492770,0x427,C7 9B 3F 69 05 19 F4 60
47.760815515,0x1A4,47 51 99 20 DF 65 D4 84
47.760815515,0x316,C1 17 29 AE 17 A2 6A 46
47.760815515,0x427,01 6F 83 71 1E 37 C2 A9
47.769513263,0x1A4,04 B6 98 20 88 E9 95 DB
47.769513263,0x316,6C BD 92 A2 87 B7 5A 25
47.769513263,0x427,56 A1 EF 34 92 55 A3 63
47.780714395,0x1A4,C6 E2 97 20 3F D0 20 30
47.780714395,0x316,16 1D B5 DE 8A 9A 75 AA
47.780714395,0x427,E6 54 AD DB 82 33 5F F2
47.791808201,0x1A4,CF B9 97 20 AB 13 26 3E
47.791808201,0x316,C4 F5 6A 7D 9C 6F 29 7D
47.791808201,0x427,4A 09 FB F2 A3 24 1E 46
47.798516584,0x1A4,E5 C6 96 20 B6 E6 86 0C
47.798516584,0x316,2F 5D 8A 40 9A 5E C8 00
47.798516584,0x427,CB 50 EC 6E F1 57 AD 76
47.811209066,0x1A4,0F 58 95 20 39 36 B8 0F
47.811209066,0x316,83 60 09 C8 DC 5A 91 E3
47.811209066,0x427,E4 B5 6C D5 35 71 41 0F
47.820040242,0x1A4,A5 2E 95 20 D6 7B 70 75
47.820040242,0x316,44 58 37 86 99 AE 00 4A
47.820040242,0x427,B4 D9 2E 34 06 DE D4 69
47.831917926,0x1A4,35 41 94 20 0A 4F 9D E1
47.831917926,0x316,29 97 86 49 6D C6 04 24
47.831917926,0x427,B6 ED 8F 48 9C 0B 82 47
47.838976117,0x1A4,30 CF 94 20 E9 50 18 6D
47.838976117,0x316,C7 B1 E0 C4 49 46 86 03
47.838976117,0x427,65 DC 25 79 7F 52 23 C9
47.850586674,0x1A4,3E F0 93 20 69 5D 93 87
47.850586674,0x316,CF 2C B7 10 48 D8 23 96
47.850586674,0x427,7A 76 55 74 DC 3C 0C 59
47.859275543,0x1A4,99 3B 92 20 B8 91 ED A4
47.859275543,0x316,9C C1 6C 39 D1 25 08 73
47.859275543,0x427,77 C1 6F 33 EB 01 3D B0
47.870068680,0x1A4,41 21 92 20 F8 BD 8E 46
47.870068680,0x316,73 5F E7 D6 76 DF 11 7A
47.870068680,0x427,CC 78 A8 F6 17 07 FE 63
47.879540482,0x1A4,07 18 91 20 76 CB 13 29
47.879540482,0x316,9F 3C F8 7A AA FD 76 38
47.879540482,0x427,BB 3D 29 70 D2 66 A1 E7
47.890366743,0x1A4,D2 2F 90 20 5E AA 63 04
47.890366743,0x316,CF 20 F0 C7 2C 03 03 3C
47.890366743,0x427,46 29 2D A5 58 1C 64 7C
47.901659503,0x1A4,64 F1 90 20 BA 0D 08 38
47.901659503,0x316,16 D0 8A FC C1 E6 D1 F2
47.901659503,0x427,3B 43 3F 8D 89 8C 7B 82
47.909755995,0x1A4,EF CD 8F 20 7F 11 19 EF
47.909755995,0x316,C0 8B 0A 25 B3 73 1D 1C
47.909755995,0x427,97 66 86 44 0C 5C A3 B8
47.921331783,0x1A4,7F FB 8F 20 73 A4 A3 85
47.921331783,0x316,20 4E 3B 41 19 CD 9D B0
47.921331783,0x427,7D 39 4D 19 60 7A 95 45
47.929431754,0x1A4,96 30 8E 20 9E F1 85 A8
47.929431754,0x316,57 11 38 84 81 7F A9 CC
47.929431754,0x427,8F 64 6A 4F 32 43 14 BF
47.941463807,0x1A4,78 D9 8D 20 3E 5A 32 05
47.941463807,0x316,FB A7 1E 10 64 20 31 91
47.941463807,0x427,9C 0D 08 F5 70 D1 82 E2
47.948589780,0x1A4,37 29 8D 20 CF F8 C0 3D
47.948589780,0x316,80 29 16 E6 69 74 66 48
47.948589780,0x427,7C 8B 89 40 27 2A 49 CF
47.960366521,0x1A4,72 10 8C 20 F5 0B FB C1
47.960366521,0x316,C4 72 2A F5 66 56 1F AB
47.960366521,0x427,F6 5E 6E EE 65 47 53 8E
47.971850134,0x1A4,FB FE 8B 20 09 81 14 9D
47.971850134,0x316,2D C6 0C 93 CA E9 8A CC
47.971850134,0x427,15 7D A7 EC DF CA A8 87
47.978466398,0x1A4,D6 E2 8B 20 61 A1 D5 2E
47.978466398,0x316,74 1B A5 A0 F9 CB 3D 7F
47.978466398,0x427,05 47 3A FA 86 7D 40 87
47.991122908,0x1A4,49 E9 8A 20 DA 2C 2B 26
47.991122908,0x316,4D 38 68 F5 D9 8A 02 05
47.991122908,0x427,24 F5 CE 53 11 F7 BB C4
47.998375614,0x1A4,FA 19 8A 20 22 2D 0A C5
47.998375614,0x316,BD 94 CA 8D 7A 2C 73 6B
47.998375614,0x427,BC 3D 65 91 08 31 5F 57
48.010493891,0x1A4,65 B7 86 20 E8 13 24 7B
48.010493891,0x316,B0 EA 83 31 57 9A F7 2F
48.010493891,0x427,61 71 C4 1B 35 EA 8C BB
48.018953741,0x1A4,AE 2B 83 20 45 A4 8B B8
48.018953741,0x316,89 22 A0 C3 0F E2 C2 6C
48.018953741,0x427,F1 86 4C 40 34 D2 2E B2
48.030249427,0x1A4,D6 D1 80 20 49 F6 9D 45
48.030249427,0x316,CD B3 10 96 1B 40 10 33
48.030249427,0x427,A8 1E FC A0 92 6F E6 66
48.041917451,0x1A4,E3 63 7C 20 50 6A 87 D7
48.041917451,0x316,7F 6B ED F5 E2 A4 00 9A
48.041917451,0x427,65 F9 B1 90 18 BF 63 90
48.049075488,0x1A4,DF FA 79 20 8D 59 99 18
48.049075488,0x316,4A 89 42 61 69 74 CB 78
48.049075488,0x427,B8 0B E7 9F 00 AB 3E 32
48.061060465,0x1A4,2D E3 76 20 D1 B8 B0 3E
48.061060465,0x316,AF 86 20 53 06 C6 B9 0B
48.061060465,0x427,39 8C 98 DB 39 CB 0D 56
48.071507407,0x1A4,CF 87 72 20 5E 9C AC 78
48.071507407,0x316,41 02 49 C2 0B 21 BD 3D
48.071507407,0x427,75 00 51 88 60 9D 5B 55
48.081821952,0x1A4,45 1D 6F 20 F3 87 42 3A
48.081821952,0x316,AA 6D 4A 6E 66 D6 1E F5
48.081821952,0x427,22 C2 FB 8F B8 D8 34 04
48.089943558,0x1A4,79 19 6C 20 51 51 86 13
48.089943558,0x316,69 D1 6A 1A E4 41 AE 90
48.089943558,0x427,65 5C 5B E5 1F 27 12 23
48.098126725,0x1A4,6E C4 68 20 D5 F2 25 69
48.098126725,0x316,A8 52 D6 DD A9 81 3B 0B
48.098126725,0x427,52 37 78 34 47 BE 92 77
48.111557581,0x1A4,BF 6A 65 20 ED 7E F4 88
48.111557581,0x316,D7 F9 F6 FE 9B E5 15 BD
48.111557581,0x427,6D 2C 96 12 A1 FC 44 1A
48.119255215,0x1A4,9C 71 62 20 15 DE 61 FD
48.119255215,0x316,8E 5E D6 F9 CD F4 6E 8C
48.119255215,0x427,82 CD F7 70 86 17 EB B7
48.131137067,0x1A4,BC A0 5F 20 13 E7 81 38
48.131137067,0x316,15 2C EF BC F4 AE EB 36
48.131137067,0x427,1A AE ED 37 5B CB F1 5E
48.140833019,0x1A4,3A 91 5B 20 45 A8 5F 09
48.140833019,0x316,D6 22 A7 41 E2 A0 FE 02
48.140833019,0x427,A4 61 0F EB 0E 60 66 96
48.149402002,0x1A4,AA 47 58 20 E9 80 CA 1E
48.149402002,0x316,A9 DB C6 FD 1F 02 C9 47
48.149402002,0x427,7C E8 9C A4 6C 35 B0 96
48.159993613,0x1A4,15 09 55 20 80 82 28 73
48.159993613,0x316,8E 61 A2 E4 D1 8E 86 35
48.159993613,0x427,C7 7F EE 17 C9 9A 3F 57
48.169256826,0x1A4,CA E5 51 20 89 FE 98 3C
48.169256826,0x316,25 39 9D 9C AC 4E 68 1E
48.169256826,0x427,02 48 F0 17 F4 BA 2F CE
48.179534679,0x1A4,F8 C0 4E 20 E4 7F 85 CA
48.179534679,0x316,0E BA 2B 99 BB B1 71 89
48.179534679,0x427,90 3B 15 BF DC 27 0D A1
48.188604748,0x1A4,37 93 4B 20 C7 0B CB C2
48.188604748,0x316,49 F0 BF 3D EE C2 4E 0B
48.188604748,0x427,F9 F3 DB 79 6C 16 62 B0
48.200885151,0x1A4,33 D0 48 20 8D E6 83 8A
48.200885151,0x316,1E FC C2 2A 0B 9E 44 A8
48.200885151,0x427,8E 24 E0 C1 27 76 24 B2
48.210116507,0x1A4,4B C3 44 20 0B 96 A0 01
48.210116507,0x316,DB 4A 1D ED 17 61 90 D7
48.210116507,0x427,DC 1C 53 7D E6 32 2B D1
48.219212555,0x1A4,5A 8D 41 20 04 46 63 37
48.219212555,0x316,A3 74 B4 CB 60 50 6C 69
48.219212555,0x427,E6 1E 31 E3 77 A5 AB 54
48.228038778,0x1A4,17 BB 3E 20 FC B5 B5 16
48.228038778,0x316,5E 83 F2 80 72 92 37 95
48.228038778,0x427,E6 51 B5 3A EB 6A C0 EC
48.239074848,0x1A4,60 6C 3A 20 E4 60 15 47
48.239074848,0x316,D1 16 06 00 D8 CC 56 6D
48.239074848,0x427,56 E6 45 B2 44 5D 55 59
48.248981967,0x1A4,FB 89 37 20 ED C6 5D 5B
48.248981967,0x316,43 10 DA C0 09 97 CD 73
48.248981967,0x427,C1 D0 68 8E 1C 0F 29 B2
48.261405974,0x1A4,E4 31 34 20 80 E0 E2 06
48.261405974,0x316,B0 98 28 BD 0C 7E F6 18
48.261405974,0x427,E5 79 0F FB 10 9A 90 A0
48.268276216,0x1A4,45 35 31 20 C3 F0 77 05
48.268276216,0x316,AD 14 D4 AA DC 4D 77 46
48.268276216,0x427,CE 9A 4A 31 C0 A9 0C 2C
48.279352230,0x1A4,0D 2C 2D 20 E3 25 2E 28
48.279352230,0x316,0A D0 F5 3B 6D 29 CB BC
48.279352230,0x427,03 80 92 0B FB 33 81 BB
48.291341915,0x1A4,01 9B 2A 20 5D 9F 23 32
48.291341915,0x316,BD 74 C8 D3 00 AC 85 35
48.291341915,0x427,58 D7 98 32 6F EB F3 21
48.298384312,0x1A4,26 1E 27 20 F2 99 FA 75
48.298384312,0x316,84 BA AF 0F 1A A2 62 A9
48.298384312,0x427,3D 45 10 73 59 92 C2 39
48.310604289,0x1A4,2D 99 24 20 E7 93 6F 22
48.310604289,0x316,B3 C9 0F 08 F6 22 2D 1E
48.310604289,0x427,28 59 CA B9 4D A4 88 E9
48.319605141,0x1A4,DA 1E 20 20 E5 10 44 34
48.319605141,0x316,F0 46 DC 5D EF A0 8B A0
48.319605141,0x427,92 D7 AF C1 22 95 52 E1
48.329652654,0x1A4,12 F7 1D 20 3D 2B B2 4C
48.329652654,0x316,9D F0 B1 D5 8E 7C CF AF
48.329652654,0x427,D6 EB 8B 6E 01 EC 67 27
48.340043242,0x1A4,58 56 1A 20 80 54 32 10
48.340043242,0x316,2F 19 68 D5 25 31 B2 E6
48.340043242,0x427,C2 BC B8 28 66 5F 46 79
48.349198908,0x1A4,EA 40 17 20 46 91 F3 01
48.349198908,0x316,F4 3D DF 2B 73 91 E1 5F
48.349198908,0x427,40 3F FE 08 C5 A1 74 88
48.359066121,0x1A4,17 13 13 20 BE 6F 37 AF
48.359066121,0x316,B8 CC C8 D7 BB 1E 95 E4
48.359066121,0x427,6B 7E 9C 6B BD 41 C8 1B
48.370458212,0x1A4,01 3E 10 20 86 DE B0 C3
48.370458212,0x316,64 2B 54 28 B3 8D 37 36
48.370458212,0x427,CB 16 BE 12 2C 7C 5B 27
48.378838690,0x1A4,33 E7 0D 20 B4 B4 C2 1B
48.378838690,0x316,CC 27 43 6F 47 98 B0 3A
48.378838690,0x427,F5 B8 1E B3 2A 86 06 D0
48.389346471,0x1A4,C8 5F 0A 20 E1 C1 21 44
48.389346471,0x316,E7 D8 B4 B6 B1 E1 2F 85
48.389346471,0x427,5C 81 B6 B6 1F 4E 14 8E
48.401013827,0x1A4,FC 97 06 20 53 29 59 AD
48.401013827,0x316,38 D2 E6 87 60 07 31 F3
48.401013827,0x427,40 4A A2 E6 6B FB 9A EE
48.410824006,0x1A4,19 88 03 20 A1 3A 23 E6
48.410824006,0x316,D4 7E 3E F6 18 8C C9 EA
48.410824006,0x427,14 39 EB 95 B4 21 02 FC
48.420505632,0x1A4,39 1C 00 20 44 56 EA E2
48.420505632,0x316,56 6C FB 73 1D 2E 4B 28
48.420505632,0x427,38 A2 2A D4 1C A8 49 FF
48.428723990,0x1A4,58 0D FD 1F 44 B6 68 88
48.428723990,0x316,02 9E 17 A9 AF 27 3A 91
48.428723990,0x427,79 BF 30 37 E8 50 20 F4
48.440292003,0x1A4,BD 80 FA 1F 99 59 C5 6C
48.440292003,0x316,43 0A 11 2C 38 23 67 9C
48.440292003,0x427,51 51 31 D6 16 8B 72 CB
48.448678431,0x1A4,BE 7C F6 1F CE 09 78 47
48.448678431,0x316,D6 B1 D3 50 82 58 9E 42
48.448678431,0x427,89 40 35 9B 23 58 D2 36
48.458447761,0x1A4,70 4D F3 1F BE 0B C1 BB
48.458447761,0x316,E4 86 5D CC 39 4F 95 C5
48.458447761,0x427,69 6F EB D5 DC 89 20 05
48.471416145,0x1A4,41 BA F0 1F 66 91 E3 67
48.471416145,0x316,62 21 A8 4B FC 7A 22 60
48.471416145,0x427,8A 5D C6 C5 4A 1A 13 89
48.478435783,0x1A4,44 9D ED 1F D9 18 60 ED
48.478435783,0x316,C0 65 4D 17 FA F5 ED DF
48.478435783,0x427,B0 CB D6 94 3E 6A 87 1D
48.491254440,0x1A4,76 18 E9 1F 22 E8 CB B1
48.491254440,0x316,AB 95 74 20 5B DB 9C E6
48.491254440,0x427,40 53 C5 0D 0F 19 D0 3A
48.498493154,0x1A4,26 44 E6 1F E4 DD 44 B3
48.498493154,0x316,56 44 96 88 1D 89 16 F3
48.498493154,0x427,8B DF 6F DB C4 5F F8 1C
48.510373444,0x1A4,E7 68 E3 1F 58 D3 B4 7A
48.510373444,0x316,A9 F7 04 65 D2 0B CA E8
48.510373444,0x427,FB CE 4F A6 78 49 A6 94
48.519740766,0x1A4,4C 0E E0 1F 54 28 D4 BC
48.519740766,0x316,46 89 13 D1 16 A8 9D 22
48.519740766,0x427,CA 60 86 0D 6B A9 98 84
48.529281772,0x1A4,3A E3 DD 1F 1F 91 FD 89
48.529281772,0x316,68 5E 34 E0 DF 45 57 3B
48.529281772,0x427,8C 85 87 CC 35 86 5D 20
48.539892591,0x1A4,BB 49 D9 1F 57 C5 72 E8
48.539892591,0x316,DF 7C FE 0C AC 8C 27 82
48.539892591,0x427,73 C1 B9 DB C9 E3 5D 9B
48.550494443,0x1A4,83 FD D6 1F 73 6A 69 E2
48.550494443,0x316,49 FF FC 12 56 99 D2 3D
48.550494443,0x427,CF 17 FC 89 A6 0B 62 8D
48.561826608,0x1A4,78 B4 D3 1F 82 0A D0 56
48.561826608,0x316,44 5F 6B 86 DA F4 9D 89
48.561826608,0x427,9C 02 F2 17 1E F6 78 42
48.570603142,0x1A4,72 15 D0 1F 67 EC 02 55
48.570603142,0x316,8E 32 85 8C 6C B0 DC 22
48.570603142,0x427,31 06 FF D3 63 BA A5 2D
48.580715264,0x1A4,EB CC CD 1F A3 1A 7F 6D
48.580715264,0x316,85 F4 91 7D 34 A8 A9 D9
48.580715264,0x427,41 B5 80 D6 AE 90 8E 34
48.590741883,0x1A4,84 31 C9 1F 4E E4 88 CD
48.590741883,0x316,A4 48 3F CA 5F 33 73 38
48.590741883,0x427,CC F3 E2 B2 75 3D E1 A2
48.598855321,0x1A4,6B CF C6 1F 0A B4 98 84
48.598855321,0x316,5E AD D7 25 6E 84 F5 9F
48.598855321,0x427,04 B2 3D 71 4E 94 49 12
48.609227475,0x1A4,CD 36 C3 1F D1 33 8E B8
48.609227475,0x316,6A 49 44 A2 EA 40 F6 8B
48.609227475,0x427,49 29 85 14 EF 99 DC BC
48.619696974,0x1A4,3A 82 C0 1F BA 43 64 52
48.619696974,0x316,83 7D FD 75 CC 7E 25 2A
48.619696974,0x427,9B 3A 6C AE DB 55 BC 46
48.628603268,0x1A4,D4 FC BD 1F 62 CB E3 D8
48.628603268,0x316,4C 4B 72 56 70 77 AB 07
48.628603268,0x427,80 A4 79 08 02 76 F6 C3
48.641655714,0x1A4,D2 9A B9 1F 65 32 B1 C7
48.641655714,0x316,CF 8F FE 06 E3 56 7A C6
48.641655714,0x427,38 B7 35 AA 62 BE DD B0
48.649079848,0x1A4,8E 71 B6 1F 22 15 E6 DC
48.649079848,0x316,CA C7 41 CF 9D 6D 1C B9
48.649079848,0x427,18 D9 C4 07 41 06 69 15
48.661224020,0x1A4,46 23 B3 1F 6E 74 38 2A
48.661224020,0x316,EF 5A EF C1 CB B0 00 BE
48.661224020,0x427,0D 43 D7 CE 39 00 15 A3
48.668765705,0x1A4,45 A5 B0 1F DD 8E C0 14
48.668765705,0x316,0A 69 27 15 36 E9 1D B0
48.668765705,0x427,5A 7F BF 30 C9 63 14 7B
48.681467419,0x1A4,32 9E AD 1F 6B F1 2C CE
48.681467419,0x316,44 9B 27 19 63 EE 60 70
48.681467419,0x427,E7 43 9D C8 A1 78 F0 E4
48.689120662,0x1A4,34 F5 AA 1F E1 AF C5 A5
48.689120662,0x316,63 36 1D 5F ED C6 A7 0E
48.689120662,0x427,86 5B 97 C9 16 20 7F A1
48.698397077,0x1A4,10 D8 A6 1F 12 08 F9 F7
48.698397077,0x316,A7 CF D8 9A 7F 88 9D 06
48.698397077,0x427,07 28 1F B8 B6 AB 57 26
48.709965825,0x1A4,13 F9 A3 1F 22 48 74 5A
48.709965825,0x316,D5 8B 16 50 C9 18 09 61
48.709965825,0x427,E8 E4 13 AC 27 F7 7A 1D
48.718338021,0x1A4,7B C6 A0 1F E1 E0 0C EA
48.718338021,0x316,F3 75 07 81 AD 80 46 A5
48.718338021,0x427,E7 61 34 4A 37 C3 A5 C0
48.730846795,0x1A4,23 8D 9D 1F 37 0E C4 42
48.730846795,0x316,FF 35 C6 28 C9 35 C5 15
48.730846795,0x427,EE EC B7 8B B3 6C 11 D0
48.740830790,0x1A4,FB A1 9A 1F F9 6C B0 99
48.740830790,0x316,FC 74 0B AB C1 F7 8D 93
48.740830790,0x427,B5 50 3E 8A 39 25 0E 7A
48.750641415,0x1A4,AB E0 97 1F 18 4C BB 7D
48.750641415,0x316,FE 59 B0 85 20 61 06 E9
48.750641415,0x427,85 CD 9A C4 D6 4F 9C 13
48.759631796,0x1A4,15 3B 93 1F B4 4F FC 2C
48.759631796,0x316,C5 0F 09 D3 0B F4 62 C3
48.759631796,0x427,D6 68 FA 49 D7 C2 5C 80
48.770935124,0x1A4,88 C7 90 1F DB AC CE C9
48.770935124,0x316,DB A5 DE 0A 57 C0 69 50
48.770935124,0x427,19 53 23 61 FF 26 08 78
48.781660980,0x1A4,1C 8D 8D 1F 2F 2B D4 81
48.781660980,0x316,B6 D6 47 6F 7D CF A1 77
48.781660980,0x427,BD 68 B8 06 E2 2D 4D 0B
48.790712578,0x1A4,48 EF 8A 1F CC A3 81 0C
48.790712578,0x316,36 36 B7 00 BD 43 7B A9
48.790712578,0x427,D9 97 E3 42 AF 50 C3 E2
48.800606189,0x1A4,B3 7B 87 1F 62 C6 BD 60
48.800606189,0x316,DA FF 68 58 34 AB FC A2
48.800606189,0x427,23 D5 6B 57 0C 4B B4 16
48.811090635,0x1A4,8A 15 84 1F BE 75 51 B9
48.811090635,0x316,CD 69 11 84 10 99 6B 46
48.811090635,0x427,78 63 B0 87 FF AF 63 26
48.820725908,0x1A4,9D 18 81 1F BF 55 B2 60
48.820725908,0x316,E2 DD 20 90 0C 26 79 1F
48.820725908,0x427,5E 81 5D 3C 33 8F B8 69
48.831671325,0x1A4,45 C2 7D 1F 69 13 36 CC
48.831671325,0x316,B9 01 F8 44 01 A1 FD 82
48.831671325,0x427,90 08 54 3A 5D 63 9C FD
48.841573456,0x1A4,D0 06 7A 1F 93 E5 9B 5E
48.841573456,0x316,12 86 4C A9 89 20 8B 0C
48.841573456,0x427,1F FB BF 5D 0A 71 64 4F
48.850553461,0x1A4,21 F3 77 1F 6D 90 94 2B
48.850553461,0x316,D7 ED FE C8 C7 D0 AA 93
48.850553461,0x427,70 55 15 60 9C 0B C7 BA
48.860532837,0x1A4,EA 32 74 1F A2 7A 73 8D
48.860532837,0x316,FB 95 DB B6 9F 8B 14 0A
48.860532837,0x427,A6 1B 01 A0 C6 CB 42 78
48.870096259,0x1A4,8B D0 71 1F 15 95 1F 68
48.870096259,0x316,4D 04 3A 35 90 30 8A 3D
48.870096259,0x427,8C C8 01 69 FE 63 23 9A
48.878494541,0x1A4,A2 7E 6E 1F CA C9 3C 9D
48.878494541,0x316,7F 48 EA 8E 37 1C C4 75
48.878494541,0x427,E6 37 3B 9E B7 54 E6 5A
48.890370445,0x1A4,EC 95 6B 1F F2 7D AD FF
48.890370445,0x316,16 BE 59 04 38 CF B9 C5
48.890370445,0x427,61 8E D8 9F FF 3B 53 C7
48.899611989,0x1A4,58 F3 67 1F DE B7 FE F3
48.899611989,0x316,E9 E4 47 F0 FF 0F 2D DB
48.899611989,0x427,92 5C B5 EC 18 42 9C 86
48.910141589,0x1A4,5E DA 64 1F C5 3E 32 20
48.910141589,0x316,1B 06 84 10 7C CE 8A 0F
48.910141589,0x427,BC 3D 8F 44 E6 75 4F CD
48.921125764,0x1A4,53 50 61 1F D6 7D 9A ED
48.921125764,0x316,A2 4A 56 1F 65 1C 81 DD
48.921125764,0x427,5B EA 44 64 C3 7D B8 40
48.928548623,0x1A4,A4 E3 5E 1F 7B BE 50 87
48.928548623,0x316,8E CB CF 1F 46 79 E4 E3
48.928548623,0x427,8C 7A 48 8E 07 D6 4C EA
48.940906781,0x1A4,7C 86 5B 1F 4E BE 0E BD
48.940906781,0x316,DF D3 45 01 E4 BA F8 42
48.940906781,0x427,0B E8 25 A0 DE 90 B8 BB
48.948930708,0x1A4,FF A5 58 1F B4 98 4F F6
48.948930708,0x316,10 CC 60 DB EF 98 CE A4
48.948930708,0x427,43 0A 6D 2D 18 7F 27 8C
48.960169180,0x1A4,4B 4E 55 1F 4F 96 40 79
48.960169180,0x316,A7 3C 9A 7F AF 6E 65 E1
48.960169180,0x427,DC 72 4F EE 04 78 BF 3F
48.971336635,0x1A4,7A 83 52 1F 66 8F A0 31
48.971336635,0x316,AD 5E CA 60 68 BC DA B7
48.971336635,0x427,DD DB 8B C3 07 0F 0C 30
48.978269805,0x1A4,8C 10 4F 1F E8 74 D2 A5
48.978269805,0x316,9C 2D 6D 10 79 4F 53 66
48.978269805,0x427,17 81 8E 44 F6 99 02 3E
48.990348462,0x1A4,4D F7 4B 1F E2 B6 49 AC
48.990348462,0x316,57 9C C6 10 00 68 39 24
48.990348462,0x427,F7 4B 57 B2 EE D0 6B 66
49.001057084,0x1A4,B8 AD 48 1F D9 0D 8B AD
49.001057084,0x316,FF 05 8F 4B 80 74 DA B9
49.001057084,0x427,EA 35 BE 2B 60 AB 8F 85
49.010493393,0x1A4,EE 9B 45 1F 24 EA 2A A5
49.010493393,0x316,37 09 64 AB 2F 22 BF AA
49.010493393,0x427,E4 70 05 BB DD 18 B8 4E
49.018245486,0x1A4,BC 2C 42 1F DC A4 2E 4C
49.018245486,0x316,C0 8A 99 28 AA 35 4D 05
49.018245486,0x427,76 A6 22 3E 75 61 23 E1
49.030424434,0x1A4,6E FE 3F 1F 3B A3 A8 C1
49.030424434,0x316,FC BA 8C B7 D1 20 69 21
49.030424434,0x427,1C 0F 46 5E 70 57 E5 B8
49.038238205,0x1A4,F3 93 3C 1F EF 83 54 D8
49.038238205,0x316,48 0C 40 87 99 BE 4E 6E
49.038238205,0x427,AA 77 C0 36 E2 D4 A5 1A
49.049571586,0x1A4,ED F6 39 1F 1F 43 F5 F5
49.049571586,0x316,AB 54 3E C7 A3 3C 79 40
49.049571586,0x427,EC FA 08 15 4E 5B 43 76
49.060044440,0x1A4,F5 09 36 1F A8 7B 70 0A
49.060044440,0x316,F1 02 71 D2 C9 1A E3 63
49.060044440,0x427,E2 F4 A7 4A 9D 32 09 F2
49.071575850,0x1A4,5B 02 33 1F E5 A7 B2 A1
49.071575850,0x316,51 3B CF 63 27 A8 1B 28
49.071575850,0x427,2F 0D CC 5A EC 57 36 F2
49.078263590,0x1A4,39 33 30 1F B0 81 A8 5F
49.078263590,0x316,14 E0 F5 C1 7D 8A 65 4A
49.078263590,0x427,D2 18 C4 DD B0 87 9B DF
49.089441928,0x1A4,56 6E 2C 1F 65 4D C4 2F
49.089441928,0x316,E0 4D 3D 67 BC 8E E5 C9
49.089441928,0x427,D7 EC A4 3A 22 97 9B B8
49.099066000,0x1A4,EA 02 29 1F 96 E7 79 5E
49.099066000,0x316,00 B3 05 57 44 CC 20 8B
49.099066000,0x427,7A 1B E5 AE A3 4D DC 2F
49.111023645,0x1A4,7B A5 26 1F 6A 6B 11 31
49.111023645,0x316,A0 56 8F F5 10 50 8F DD
49.111023645,0x427,78 AB 53 E9 8B E2 AF BA
49.121334697,0x1A4,D0 A2 23 1F A0 96 2D AB
49.121334697,0x316,98 CB A8 15 C5 E9 46 78
49.121334697,0x427,4C D7 94 60 DC 5B C7 4E
49.131182731,0x1A4,B7 DA 20 1F 53 A8 C6 CA
49.131182731,0x316,AE 29 A0 47 C6 15 F3 DC
49.131182731,0x427,CC CF 64 4A BA AA 52 83
49.138361070,0x1A4,1D B1 1D 1F 90 B4 C0 F5
49.138361070,0x316,CD 9D 91 D0 7F 57 C5 87
49.138361070,0x427,84 DB 55 81 48 F6 90 EA
49.149046681,0x1A4,48 6B 1A 1F E0 08 C2 05
49.149046681,0x316,CB 35 A4 C5 41 61 D2 39
49.149046681,0x427,20 67 14 BB 74 24 E5 1B
49.159665106,0x1A4,2F 9D 17 1F E0 3B CF 3D
49.159665106,0x316,68 EF 5B 8E E7 35 89 B2
49.159665106,0x427,00 8F 3F 80 EB 98 CC 84
49.168450761,0x1A4,DE 33 14 1F 60 1E 96 D4
49.168450761,0x316,53 02 78 FB 38 CA 82 46
49.168450761,0x427,94 8A E0 54 A8 04 BA B9
49.180317913,0x1A4,F9 31 11 1F C8 75 5E 22
49.180317913,0x316,28 FB 36 77 81 33 2F 9C
49.180317913,0x427,D8 C9 ED D4 FD 14 7B B2
49.191106659,0x1A4,77 6F 0E 1F B8 25 76 AC
49.191106659,0x316,79 A1 31 B0 71 96 05 57
49.191106659,0x427,29 49 9C 09 83 87 29 4A
49.199459411,0x1A4,8B EC 0B 1F DF D4 9A A3
49.199459411,0x316,ED DA B9 0E D8 81 3D FE
49.199459411,0x427,81 F0 5B DA 45 A2 97 4A
49.208909621,0x1A4,3B 1E 08 1F 57 47 63 34
49.208909621,0x316,02 D2 9E EA E6 85 54 37
49.208909621,0x427,1A E8 7C 35 6B 59 40 F8
49.221067191,0x1A4,21 15 04 1F 91 92 ED D2
49.221067191,0x316,68 70 E5 5A 3C 8A BF 31
49.221067191,0x427,93 40 1A D4 45 DD B5 86
49.231876904,0x1A4,45 BF 01 1F 21 99 4D 96
49.231876904,0x316,59 AD A8 50 F8 C2 2B E2
49.231876904,0x427,49 08 79 B5 51 37 47 1F
49.239519499,0x1A4,A2 5E FE 1E 04 C4 7B BA
49.239519499,0x316,ED 0C CD 38 FC 37 84 CE
49.239519499,0x427,0D D8 33 24 86 9B 52 CE
49.250042298,0x1A4,20 2F FB 1E 47 04 0E 17
49.250042298,0x316,46 0F 36 18 8E 1E 18 B6
49.250042298,0x427,0D 1C 90 99 DC 18 6A 74
49.261799224,0x1A4,8F CA F8 1E B8 44 69 77
49.261799224,0x316,FA F3 A3 B8 C7 B3 EB E0
49.261799224,0x427,4D 48 91 C9 A0 F7 AF 1F
49.269147107,0x1A4,EF 59 F5 1E 6F 60 5F 0C
49.269147107,0x316,90 BB 40 9B 82 48 C0 F9
49.269147107,0x427,F9 AF D8 32 15 7D B8 3D
49.278886733,0x1A4,40 AB F2 1E 00 37 67 17
49.278886733,0x316,9B EE 80 A1 6D B8 C4 AD
49.278886733,0x427,95 7B AF 32 D7 CA 19 7E
49.290833527,0x1A4,C2 0A EF 1E DF 27 7C 22
49.290833527,0x316,41 B8 AD 67 C5 08 DF A4
49.290833527,0x427,1B 73 B1 52 D7 88 DB FF
49.300138645,0x1A4,17 A1 EC 1E C1 BD 09 0A
49.300138645,0x316,6C D6 E3 E1 5F 03 1A 68
49.300138645,0x427,42 0F D5 DA 93 DD E5 08
49.309626009,0x1A4,AB 2C E9 1E 9B D3 AB 13
49.309626009,0x316,A4 37 CA F4 0E 32 78 15
49.309626009,0x427,F7 97 0A EB FC C7 02 C0
49.320866521,0x1A4,D1 D9 E6 1E 8F 11 E8 C2
49.320866521,0x316,E5 3C 40 81 78 87 25 7F
49.320866521,0x427,F4 64 26 C2 0A 09 32 F6
49.330603421,0x1A4,79 2D E3 1E 5C D4 CD FD
49.330603421,0x316,8F D4 AB 63 7E 17 66 18
49.330603421,0x427,D4 D4 32 76 6E 0D F3 F5
49.338928567,0x1A4,52 CB E0 1E D9 B0 BE DB
49.338928567,0x316,58 18 3E 68 63 DD 66 C7
49.338928567,0x427,AA E7 73 8D F7 AA 64 B8
49.350865891,0x1A4,FC 24 DD 1E D7 EE 43 86
49.350865891,0x316,3A 92 4E E4 D2 51 25 02
49.350865891,0x427,7D 65 BB 02 45 C7 58 E9
49.358351572,0x1A4,FB F0 DA 1E 96 98 6D 35
49.358351572,0x316,02 62 02 D2 3B 3E CD 06
49.358351572,0x427,9E A2 4C FF 1C 32 89 CF
49.369857126,0x1A4,59 A4 D7 1E 5C 03 0A 96
49.369857126,0x316,24 B1 53 1B 31 97 A7 55
49.369857126,0x427,4D 7E 54 C7 4F ED 3E 6A
49.381702205,0x1A4,9F FD D4 1E 01 CA BB 8C
49.381702205,0x316,94 83 BE 20 A1 BD 6C D6
49.381702205,0x427,60 E1 E1 98 DE 53 1C 86
49.390213695,0x1A4,12 A9 D1 1E 79 D8 5B 03
49.390213695,0x316,E8 11 90 3E 1D C4 3A B0
49.390213695,0x427,BA 26 96 60 6F 52 77 55
49.399196673,0x1A4,5E E2 CE 1E 02 84 07 A3
49.399196673,0x316,04 3B ED B3 25 70 52 7F
49.399196673,0x427,B9 1B 8E 43 E0 DB B0 BA
49.409381393,0x1A4,8A 3B CB 1E 4B CF B2 D2
49.409381393,0x316,B3 DB 9F FA 99 2E 98 98
49.409381393,0x427,9D B8 A4 1E FE B6 DA F5
49.418105612,0x1A4,F3 06 C8 1E 8D 8C 6E E8
49.418105612,0x316,28 EC 5E 6A 29 06 AB EA
49.418105612,0x427,E5 76 C9 00 7F 2F DD E1
49.431230791,0x1A4,E9 A9 C5 1E C6 64 1C AE
49.431230791,0x316,A4 28 B5 36 CD 79 4A 64
49.431230791,0x427,18 03 2F 5E A3 17 18 9C
49.440747690,0x1A4,C7 EB C2 1E A5 DC 85 58
49.440747690,0x316,75 FE 48 22 44 4A C9 E2
49.440747690,0x427,8C 7C D5 0E 45 3F 85 13
49.450764797,0x1A4,FF A0 BF 1E 24 85 8B 9A
49.450764797,0x316,7D 55 27 12 95 BF FA CE
49.450764797,0x427,D9 4E 88 1F 95 79 EF DE
49.460975131,0x1A4,45 68 BC 1E D7 68 A8 A3
49.460975131,0x316,45 1A 99 C5 77 0C 35 93
49.460975131,0x427,6A 18 6E 49 F5 FE DD 1B
49.471480307,0x1A4,F0 EE B9 1E 31 78 D0 4A
49.471480307,0x316,01 EB D0 39 AA B8 39 3B
49.471480307,0x427,9C EE A1 65 3C C6 A6 87
49.480432977,0x1A4,D0 67 B6 1E 19 97 CB 57
49.480432977,0x316,7E 71 8B D6 5D 96 C0 06
49.480432977,0x427,F2 9A 28 96 BE BF A8 23
49.489809722,0x1A4,4C 5F B3 1E 7F FE 36 FF
49.489809722,0x316,31 70 43 68 78 3F D8 31
49.489809722,0x427,89 7C AC 2B 17 54 A0 D0
49.500437135,0x1A4,41 84 B0 1E 95 97 5D 28
49.500437135,0x316,F0 B4 0C F1 25 9E 30 37
49.500437135,0x427,F5 0F 48 9B CF 59 1A 9A
49.511384634,0x1A4,3B 8E AD 1E BD 9D DB 25
49.511384634,0x316,7D FF D0 12 B6 F8 79 3D
49.511384634,0x427,41 DE 87 73 57 B0 67 46
49.519713886,0x1A4,5A 18 AA 1E BC 28 73 56
49.519713886,0x316,0A AD 13 6B 3A 89 A5 13
49.519713886,0x427,64 0A 9C 17 DB 55 51 41
49.531965301,0x1A4,32 11 A7 1E E5 F0 56 09
49.531965301,0x316,83 DA 06 B2 03 E2 FA BE
49.531965301,0x427,04 86 76 DB BE F0 10 BB
49.541525392,0x1A4,99 33 A4 1E 1C 1E 4B 21
49.541525392,0x316,A2 C3 09 85 E8 2D 3E 89
49.541525392,0x427,7C 66 41 68 90 99 CF F0
49.550879865,0x1A4,67 EA A1 1E 47 71 F8 0A
49.550879865,0x316,7F 8E 5F D4 2B F6 E8 5D
49.550879865,0x427,F7 00 67 A1 72 EA 70 05
49.560817664,0x1A4,64 37 9E 1E 1D 9F C2 CA
49.560817664,0x316,0B DD 65 56 C3 8A D6 3C
49.560817664,0x427,86 52 0C 7E B3 FA 82 EF
49.569410222,0x1A4,13 43 9B 1E 21 49 BD 6D
49.569410222,0x316,68 7D 74 6F 8F A4 5E F7
49.569410222,0x427,03 68 6D CA 49 DE 66 BE
49.578224334,0x1A4,E2 24 98 1E C6 6A F3 84
49.578224334,0x316,60 6D 95 B1 BD 7E 92 18
49.578224334,0x427,D2 C5 D3 1D 5A 54 10 BF
49.590539186,0x1A4,0C 26 95 1E DB 26 30 6D
49.590539186,0x316,1B 2F C2 C7 B0 A5 B6 D8
49.590539186,0x427,EB 9A 99 04 11 29 58 F0
49.598935311,0x1A4,83 E6 92 1E 1F 05 A0 F1
49.598935311,0x316,14 6C 64 31 91 CC F4 DF
49.598935311,0x427,C8 90 81 FD 52 DF 2D 0E
49.610434839,0x1A4,AA 88 8F 1E C6 40 8B E2
49.610434839,0x316,DF BF 03 34 EF 9A 7F 5C
49.610434839,0x427,7A B0 FD 63 0A 35 D8 65
49.618868133,0x1A4,F8 2F 8C 1E C7 5C 80 9B
49.618868133,0x316,13 0E A0 16 6D BD 73 D1
49.618868133,0x427,1F 45 09 DF C9 AD 42 C3
49.630834574,0x1A4,AC 22 89 1E 26 84 E3 62
49.630834574,0x316,FB 01 6C 27 06 23 56 AF
49.630834574,0x427,00 16 A4 74 2D 1E 9B 12
49.639602072,0x1A4,75 4E 86 1E 29 1B B8 F0
49.639602072,0x316,0D E4 C2 BE 53 90 7D 36
49.639602072,0x427,40 0B 96 19 2F D4 E9 F3
49.651172112,0x1A4,3A 1A 83 1E 14 15 81 C4
49.651172112,0x316,C4 6F F6 37 73 E8 07 41
49.651172112,0x427,67 24 C2 E5 74 32 2D 57
49.659978759,0x1A4,4D 67 80 1E D1 48 53 0D
49.659978759,0x316,67 F9 40 D1 76 F1 06 6E
49.659978759,0x427,FF CA 52 82 8D E5 DF 8C
49.671020941,0x1A4,D1 8E 7D 1E 60 74 AD 6F
49.671020941,0x316,EA 4F 71 92 8E 97 D8 1B
49.671020941,0x427,C7 43 42 7C C4 53 5A A0
49.681568752,0x1A4,FB 48 7A 1E 22 AA 3A 7C
49.681568752,0x316,8D 4C AA 6C F1 5F 57 C3
49.681568752,0x427,2D 00 B6 8F 58 13 E7 A4
49.688500471,0x1A4,7D DB 77 1E 72 28 81 24
49.688500471,0x316,B5 90 05 9F 7F D4 FA 35
49.688500471,0x427,49 2C E2 FB DA 1D 45 86
49.698022516,0x1A4,70 13 74 1E 57 49 87 43
49.698022516,0x316,41 B5 57 4A DB EF E9 BF
49.698022516,0x427,5B A0 8F F6 C4 D7 53 0A
49.708593437,0x1A4,F0 F0 71 1E FA 45 FA 3D
49.708593437,0x316,82 59 D3 4D B6 E1 77 E5
49.708593437,0x427,A0 B9 F5 8D 67 FE 44 01
49.721551832,0x1A4,C2 38 6E 1E 56 8C 1E 87
49.721551832,0x316,4B 96 32 FC FD C5 8A 72
49.721551832,0x427,C6 05 BE C7 BE 84 AE 31
49.728340471,0x1A4,E2 3D 6B 1E AB 94 66 4C
49.728340471,0x316,C8 ED C7 3C 2E 42 15 7A
49.728340471,0x427,06 AB E2 DC AC 82 C7 AA
49.740795427,0x1A4,51 4C 68 1E 34 B0 DF 8C
49.740795427,0x316,41 A0 95 BC 7F 27 CB E4
49.740795427,0x427,FB D9 52 87 AD 5A F1 22
49.750458734,0x1A4,52 1E 65 1E EB 8E CE 0B
49.750458734,0x316,4D 0F 43 36 9B DF D6 3B
49.750458734,0x427,F5 9A 27 A5 9A 4B D2 5F
49.761186223,0x1A4,83 6E 62 1E F8 B6 4E B9
49.761186223,0x316,7C 73 C7 1F 07 A5 AB 0D
49.761186223,0x427,D8 C8 3B 1A 02 33 C2 AA
49.771063569,0x1A4,92 34 5F 1E 87 B9 97 73
49.771063569,0x316,74 70 EC B0 37 D5 A7 B1
49.771063569,0x427,C7 32 9F 04 AB FA 0D 9B
49.779687972,0x1A4,1F 6D 5C 1E 23 63 28 0C
49.779687972,0x316,99 EE E4 81 56 29 45 5E
49.779687972,0x427,81 BB 41 FE 21 91 80 90
49.789517570,0x1A4,F0 2A 59 1E 95 D0 21 B5
49.789517570,0x316,69 59 99 10 85 2F A4 CD
49.789517570,0x427,D4 D0 12 4A 4A DB 27 49
49.799037320,0x1A4,E7 65 56 1E 5E 01 89 2E
49.799037320,0x316,B5 A4 59 EF C8 B7 09 04
49.799037320,0x427,D4 7B F3 B6 CB 24 D0 FE
49.808149543,0x1A4,A3 E1 53 1E 8D C5 EC FD
49.808149543,0x316,EC AB 57 41 35 E0 38 95
49.808149543,0x427,79 D7 AC CE 6B D4 64 2A
49.821546044,0x1A4,61 82 50 1E B8 8C 97 C1
49.821546044,0x316,BF B8 0C 99 41 02 C7 B4
49.821546044,0x427,9D 31 A2 92 7E C1 AF 9F
49.831004471,0x1A4,EA A3 4E 1E 7F 13 3F A0
49.831004471,0x316,F7 7A B5 6B DB C3 41 C4
49.831004471,0x427,5F 2D DE 9F 8E 77 9D 92
49.840556283,0x1A4,EC AD 4B 1E 84 E2 38 60
49.840556283,0x316,51 CB 9C DE B0 12 D0 C7
49.840556283,0x427,53 28 22 A8 97 A2 E1 4B
49.850744646,0x1A4,9A 5F 48 1E 47 A7 7D 8D
49.850744646,0x316,FA AE 49 A4 45 00 CB 9A
49.850744646,0x427,BD 3D 6E C2 07 F6 AD 99
49.858394588,0x1A4,15 1A 45 1E 1D 6E D1 BA
49.858394588,0x316,C6 58 08 AD 3D B6 A3 AD
49.858394588,0x427,46 6D D6 C2 0E 44 32 FB
49.870159894,0x1A4,2B FE 42 1E D9 AB C9 74
49.870159894,0x316,ED 9B F3 16 C7 6C 9F E3
49.870159894,0x427,80 B6 AF 85 8D 00 A9 4B
49.880632324,0x1A4,DB 95 3F 1E DB 19 07 89
49.880632324,0x316,D9 78 95 C8 39 01 BE 5D
49.880632324,0x427,BB AA 4B 94 22 4D 54 62
49.889998923,0x1A4,4F D1 3C 1E 98 05 B2 F3
49.889998923,0x316,91 55 9A 91 B8 16 8A 3F
49.889998923,0x427,7F 53 9D 25 2F 11 92 54
49.899791583,0x1A4,38 1D 39 1E 77 89 5A 1A
49.899791583,0x316,40 4A 5E 4B C5 2B 72 05
49.899791583,0x427,89 6B B5 C5 C1 BA 1C 80
49.908654742,0x1A4,3A 9C 36 1E 93 81 41 4F
49.908654742,0x316,B6 8A C9 91 6C 9A 68 9E
49.908654742,0x427,F4 13 D4 CA D8 03 90 F9
49.920582301,0x1A4,D3 83 33 1E 33 8A C7 31
49.920582301,0x316,CF B6 0A F4 6D E7 D4 2C
49.920582301,0x427,93 68 FA E3 C4 76 BC 30
49.930311353,0x1A4,13 25 30 1E 3E 2F 59 2F
49.930311353,0x316,06 EB D4 D6 54 08 C4 C7
49.930311353,0x427,15 A0 9C CE 66 F2 C1 D1
49.938222502,0x1A4,72 5B 2D 1E 70 DF 5F 4B
49.938222502,0x316,D1 B0 D0 C7 10 BA 2B 24
49.938222502,0x427,E2 8C B9 C6 96 98 17 F8
49.948473690,0x1A4,E9 42 2A 1E F6 72 7A 67
49.948473690,0x316,00 BE 5C 90 8A 3F 52 8F
49.948473690,0x427,F9 B7 EB F5 3C E7 01 F0
49.958357058,0x1A4,6A 92 27 1E 2E D5 66 68
49.958357058,0x316,89 AB 49 9F 0D 12 1E B3
49.958357058,0x427,19 C0 E0 05 C2 1F 72 FD
49.970957628,0x1A4,34 18 25 1E 99 0E 15 79
49.970957628,0x316,20 22 AE 27 BA EB E2 65
49.970957628,0x427,FD BB E6 A3 E1 AD 22 1E
49.981881755,0x1A4,BA D8 22 1E EB D8 87 C3
49.981881755,0x316,7A A0 EE 6A 13 71 EB F8
49.981881755,0x427,98 63 40 E4 2C 2E D0 07
49.991369533,0x1A4,22 EA 1F 1E BB 36 26 71
49.991369533,0x316,3F AB 85 2C B4 96 D0 BF
49.991369533,0x427,E5 AB 45 37 D6 81 3B 4F
50.001759413,0x1A4,53 ED 1C 1E 48 83 6A F1
50.001759413,0x316,63 20 A4 FE AF 5C 72 B9
50.001759413,0x427,B5 70 65 3A E8 4F 1E 85
50.009990794,0x1A4,4D BA 19 1E FC F5 6B 38
50.009990794,0x316,45 31 66 53 95 B9 8E AB
50.009990794,0x427,6E 70 9C A9 9E E4 36 9A
50.019339894,0x1A4,9A 83 16 1E 99 09 9F 5C
50.019339894,0x316,2F D3 72 A6 A2 47 74 3E
50.019339894,0x427,EF 87 05 E6 9E 7B 37 F3
50.030749135,0x1A4,CE 62 13 1E 57 3F 76 23
50.030749135,0x316,25 23 42 A8 06 1A A6 E5
50.030749135,0x427,EC BD A7 8F 69 8D CB C1
50.039780597,0x1A4,06 D5 10 1E 39 36 02 D6
50.039780597,0x316,23 1B 9B D1 6E AA 1E FB
50.039780597,0x427,43 31 E2 48 2D B3 F8 D3
50.050242559,0x1A4,8E 57 0D 1E 6D 3A B2 E5
50.050242559,0x316,37 23 3D 58 F5 E7 C3 F5
50.050242559,0x427,BF 18 50 68 DB F5 24 E3
50.058377969,0x1A4,7F 91 0A 1E 97 7C 28 1E
50.058377969,0x316,83 02 4A FB A1 03 78 24
50.058377969,0x427,01 C2 F9 E6 11 E5 F4 B1
50.070809952,0x1A4,CE ED 07 1E 78 6B 29 9C
50.070809952,0x316,4D 56 24 6F 6F 0A 62 57
50.070809952,0x427,0C 24 AA 07 A6 CA 9B 8C
50.079659880,0x1A4,B5 4C 05 1E 04 36 56 D9
50.079659880,0x316,43 35 B9 C8 19 AD B1 25
50.079659880,0x427,03 C0 FE 67 8D CD 2B 97
50.089249675,0x1A4,E3 DD 02 1E B1 37 D5 5B
50.089249675,0x316,2C 61 64 8B C6 A7 32 AD
50.089249675,0x427,BB 61 88 25 0F 2A 24 6F
50.099590410,0x1A4,47 F6 FF 1D 37 1A 1B 44
50.099590410,0x316,FC 71 EF 17 A3 10 9A C8
50.099590410,0x427,27 09 F5 8C F5 2F E7 61
50.110708086,0x1A4,D5 71 FC 1D 9E 03 D8 60
50.110708086,0x316,BD 66 3F 58 B2 3B 2C 68
50.110708086,0x427,BA CD 5E A1 04 4B A3 12
50.121592940,0x1A4,B7 F7 F9 1D 01 6A 47 D4
50.121592940,0x316,AB 33 75 37 CA A7 D2 03
50.121592940,0x427,4E BC D1 8F 27 B4 5F 7B
50.129222665,0x1A4,90 B9 F6 1D 01 4F 0B 6D
50.129222665,0x316,05 18 27 19 01 F4 08 AC
50.129222665,0x427,8D 21 A3 D4 9F 23 88 AF
50.140147590,0x1A4,91 8D F3 1D FE BE 4D 25
50.140147590,0x316,25 C1 38 C4 93 9F B6 30
50.140147590,0x427,78 C9 A6 CE 6C 14 4C 87
50.148778058,0x1A4,66 4B F0 1D B4 48 4E 92
50.148778058,0x316,E0 F6 3B 56 FF 59 00 FB
50.148778058,0x427,2E DC 7F EC 59 A4 1B C0
50.161977925,0x1A4,6D 81 ED 1D 06 85 7E 40
50.161977925,0x316,D5 05 E3 D7 AF 97 29 31
50.161977925,0x427,83 CC F7 C6 31 32 5D 44
50.171917139,0x1A4,E6 44 EB 1D 02 A7 9D 8A
50.171917139,0x316,99 B8 21 26 95 03 98 3D
50.171917139,0x427,2F B0 6D 96 47 3D D9 CB
50.180089567,0x1A4,3E D2 E8 1D 7D D5 8C 4F
50.180089567,0x316,6F 1A 8A D9 53 DF 4F 82
50.180089567,0x427,6F 55 9B 45 C9 3D 44 A0
50.188602096,0x1A4,FE 76 E5 1D B9 46 62 0A
50.188602096,0x316,5A 7C C9 DA CB 4D 8A 07
50.188602096,0x427,F5 AE 20 D5 DD 9B 8F F5
50.199151378,0x1A4,9F FD E2 1D D4 8E 79 7A
50.199151378,0x316,B4 E2 98 C0 23 AD 46 39
50.199151378,0x427,20 1B 40 00 80 DB AA 01
50.210673183,0x1A4,29 75 DF 1D 96 49 2A DA
50.210673183,0x316,E4 DB 8E 83 FD E2 2A 6F
50.210673183,0x427,A6 51 B3 99 F0 24 03 64
50.218477742,0x1A4,BD 5E DC 1D 63 AE 9E E2
50.218477742,0x316,22 44 A8 63 EB E0 06 10
50.218477742,0x427,31 FE 99 FF BD 5E 1E 0E
50.231013111,0x1A4,73 8D D9 1D 49 09 6E D5
50.231013111,0x316,D4 60 CA FA 91 9C 64 C3
50.231013111,0x427,26 B7 1E 63 EB 8B FF 80
50.240389880,0x1A4,1B 1E D7 1D 28 EB 36 13
50.240389880,0x316,8C 72 CA 14 FD B1 16 AB
50.240389880,0x427,A4 43 7E 31 AD DD 76 D0
50.250837960,0x1A4,6C D0 D4 1D 64 23 B8 55
50.250837960,0x316,05 DD D4 D2 05 AA 30 F8
50.250837960,0x427,AB 69 C5 D2 5C 38 BD DA
50.261798001,0x1A4,E7 34 D1 1D 8C 3B 44 0C
50.261798001,0x316,76 08 02 F2 1F F4 F3 10
50.261798001,0x427,C0 8B 0C 60 5C B6 1E 87
50.268788209,0x1A4,71 1D CE 1D A2 76 B0 9C
50.268788209,0x316,D7 04 F6 A5 8C BC 7C 47
50.268788209,0x427,6B B9 81 14 67 50 04 4B
50.279031481,0x1A4,2A A3 CB 1D A9 CA 45 9B
50.279031481,0x316,10 CC BA 12 8B 31 9B DB
50.279031481,0x427,79 E5 DB BC 34 CC 46 52
50.290938148,0x1A4,B2 25 C8 1D A1 C7 00 74
50.290938148,0x316,6B FE 64 68 B6 35 0E C6
50.290938148,0x427,88 45 5C 2D 64 EA E6 DC
50.299330338,0x1A4,39 5A C5 1D C1 30 95 85
50.299330338,0x316,6F 78 26 32 F5 F2 30 DF
50.299330338,0x427,00 42 1C 95 A3 6E 0D F3
50.311074196,0x1A4,42 00 C3 1D 04 E9 5E A4
50.311074196,0x316,0C 24 40 69 F5 9B 81 A0
50.311074196,0x427,93 1F C6 24 19 68 E0 0C
50.320090194,0x1A4,75 BB C0 1D 0B E9 4C 5E
50.320090194,0x316,C1 64 73 38 9F 63 33 A3
50.320090194,0x427,DA FC A0 47 ED AE 26 45
50.330393528,0x1A4,9B 2D BD 1D 58 CE 4D E5
50.330393528,0x316,95 EF C9 7E AB 68 CE 70
50.330393528,0x427,B9 74 54 71 03 4C 4D 99
50.338711507,0x1A4,52 72 BA 1D 50 67 07 64
50.338711507,0x316,45 4C 8D 29 E3 03 E5 0E
50.338711507,0x427,35 5F DD B6 E1 EB 63 F1
50.348148900,0x1A4,D1 4E B7 1D E3 E6 AB E2
50.348148900,0x316,D2 60 C5 23 A9 86 DC B9
50.348148900,0x427,10 60 39 67 59 C3 51 C3
50.358314289,0x1A4,EB A2 B4 1D 83 A3 61 69
50.358314289,0x316,80 70 E0 AB ED 90 49 21
50.358314289,0x427,7B E7 A7 98 76 16 1F 23
50.370318271,0x1A4,E1 75 B1 1D 52 7E FB 04
50.370318271,0x316,BF EB 32 8E CC 70 75 CC
50.370318271,0x427,3C DE 91 17 F1 E0 F0 BE
50.381279335,0x1A4,5F C6 AF 1D 16 E1 F9 7D
50.381279335,0x316,01 D3 98 B9 D1 89 19 A0
50.381279335,0x427,85 21 75 D3 50 32 61 79
50.390562717,0x1A4,C3 83 AC 1D 9A D5 6C 62
50.390562717,0x316,41 A1 4F EC 2D BF 35 0C
50.390562717,0x427,CB 33 63 FB D3 72 35 29
50.399072584,0x1A4,7E 74 A9 1D FA 08 04 B3
50.399072584,0x316,1F 59 B7 EE 42 72 0F 9A
50.399072584,0x427,23 6B 19 11 29 99 E4 C4
50.409781508,0x1A4,EA F5 A6 1D 10 BE 77 43
50.409781508,0x316,37 F7 D1 05 ED 11 B4 65
50.409781508,0x427,42 58 C3 EF CA A5 23 86
50.420903509,0x1A4,C3 B5 A3 1D 34 D1 95 88
50.420903509,0x316,E5 CC 46 43 D2 45 31 11
50.420903509,0x427,EF 61 65 F8 5E 1E FD 31
50.428838253,0x1A4,25 EA A0 1D AF F2 E1 33
50.428838253,0x316,40 97 30 74 B7 C3 6B 3B
50.428838253,0x427,F7 F2 D4 16 46 12 EF EF
50.440573779,0x1A4,88 60 9E 1D 36 02 46 F4
50.440573779,0x316,9C 5A 6F EE C0 6B 6F 50
50.440573779,0x427,2D F4 9D 5B ED EC 04 B7
50.451344500,0x1A4,87 86 9B 1D FB F0 D6 2B
50.451344500,0x316,96 CF DE 33 25 F4 40 58
50.451344500,0x427,91 23 73 EA 0B 07 05 F6
50.461138658,0x1A4,35 67 98 1D 4E A2 D4 1B
50.461138658,0x316,5B F2 99 77 C2 80 70 8B
50.461138658,0x427,DC CD 5A ED 8E 3A 43 14
50.468744353,0x1A4,12 6B 95 1D D6 64 B9 02
50.468744353,0x316,71 71 75 34 0E D0 7B D9
50.468744353,0x427,14 1F 01 FF BB 54 2C E6
50.480724883,0x1A4,65 F5 92 1D 7E C9 0D 2A
50.480724883,0x316,1A 8D 93 AD 0E 2A 06 1A
50.480724883,0x427,59 C6 1E 14 63 6F 59 9A
50.490467415,0x1A4,D6 74 8F 1D 06 70 1E 00
50.490467415,0x316,6A 82 3C 61 85 AA D4 1C
50.490467415,0x427,3A EF 07 38 5D 21 16 C0
50.501758207,0x1A4,07 9C 8D 1D 1D CC EB 3C
50.501758207,0x316,2C 2B 3E D3 72 43 67 83
50.501758207,0x427,C1 68 C3 FA 79 0F 6D AB
50.511380692,0x1A4,17 74 8A 1D CE 19 E2 21
50.511380692,0x316,DE 00 BD 77 AC 58 E9 7E
50.511380692,0x427,24 0C CE 8B B2 AD CC 92
50.520911719,0x1A4,2C 85 87 1D 1F A4 4F 58
50.520911719,0x316,51 4C 40 60 E6 2B 0B 1F
50.520911719,0x427,3A 37 BD 30 D8 79 DF 37
50.531557805,0x1A4,94 A9 84 1D B6 AF 07 13
50.531557805,0x316,7D D3 32 E4 3E EE F9 AA
50.531557805,0x427,2D 7E 91 8B 63 60 F6 4B
50.541194663,0x1A4,B6 FD 81 1D 12 BD BC 43
50.541194663,0x316,BD AF B1 97 01 56 97 0C
50.541194663,0x427,B4 42 DA B9 D3 AE 13 F6
50.550765568,0x1A4,82 80 7F 1D E1 AB 53 DD
50.550765568,0x316,0C AA 2C 94 01 9D B1 52
50.550765568,0x427,D8 AD 3B 0C DB D1 0E 24
50.558171869,0x1A4,43 27 7C 1D 72 4A 45 65
50.558171869,0x316,71 AA 44 4B E9 F6 A0 82
50.558171869,0x427,56 21 02 0B 40 AD 1B F9
50.570743373,0x1A4,28 25 79 1D 65 37 32 18
50.570743373,0x316,2F 7C 60 6E 78 13 80 46
50.570743373,0x427,73 12 E6 48 55 A8 B3 FE
50.580604077,0x1A4,C6 DC 76 1D 89 C1 8B 3C
50.580604077,0x316,C1 24 A5 73 1A B1 73 34
50.580604077,0x427,14 BF 9A AE CB 40 08 40
50.588561787,0x1A4,D6 FA 73 1D 33 78 03 1A
50.588561787,0x316,A1 E4 FA 65 4F 01 6C 78
50.588561787,0x427,D7 23 C0 88 D5 68 B8 1B
50.598511330,0x1A4,0D B2 71 1D 5A 40 4B 24
50.598511330,0x316,7D E2 B0 E7 B0 9B 94 76
50.598511330,0x427,71 B3 AC BD F3 D5 7A CA
50.608583777,0x1A4,4F 9B 6E 1D 81 9F D2 AA
50.608583777,0x316,3F 94 6D 83 02 F9 99 2B
50.608583777,0x427,AE 9D 48 EA 4D 2F C8 2F
50.621756735,0x1A4,1E E7 6B 1D D0 63 96 03
50.621756735,0x316,22 43 7E D5 7D 8D 56 29
50.621756735,0x427,19 99 99 A3 3B E9 9E 17
50.628620787,0x1A4,7C 80 68 1D 70 E1 D7 7D
50.628620787,0x316,BC A1 EE E4 70 20 15 D2
50.628620787,0x427,02 40 C8 96 4F 49 47 89
50.641672465,0x1A4,14 6D 65 1D 3C 3E B1 2E
50.641672465,0x316,19 D2 32 1A 22 04 D6 A0
50.641672465,0x427,9E B4 81 31 A8 57 D7 42
50.649185964,0x1A4,CB 00 63 1D 8B DA 3A EE
50.649185964,0x316,B2 FC 42 F9 96 73 7C 6B
50.649185964,0x427,63 43 EF 2B 3A A8 90 92
50.660406444,0x1A4,58 DA 60 1D 2E 41 13 57
50.660406444,0x316,FE 55 0B BC 7B 53 6A D4
50.660406444,0x427,51 38 C6 7D BB 14 CE C8
50.670785598,0x1A4,EB CA 5D 1D 96 C3 D0 AF
50.670785598,0x316,4C 32 43 9B 0C 3F 1C 70
50.670785598,0x427,66 8B DE 3B 88 52 04 C2
50.680523854,0x1A4,ED AD 5A 1D 0E 6B D8 DD
50.680523854,0x316,74 9B 8A D3 46 06 4C 3B
50.680523854,0x427,B1 84 EE DF 79 40 92 D2
50.691204815,0x1A4,8D 7D 57 1D 8D 2C 37 3E
50.691204815,0x316,1F AE 6B E0 FB AF 6F 1D
50.691204815,0x427,78 83 1B D9 B5 B8 EA 83
50.699633650,0x1A4,4D 11 55 1D 07 96 23 8B
50.699633650,0x316,3F DD 78 AE 33 4A F4 FE
50.699633650,0x427,18 64 85 51 5D 8D 8E 68
50.709084569,0x1A4,9A D4 52 1D B5 0D A6 56
50.709084569,0x316,CB BB 99 3A E5 77 8A 92
50.709084569,0x427,74 C6 11 C0 33 D2 1B 73
50.721529761,0x1A4,AB 50 4F 1D 7D 0B 21 BD
50.721529761,0x316,BF FF DD 05 A1 D9 29 7E
50.721529761,0x427,C7 95 1D C9 80 F7 EB B3
50.729216957,0x1A4,CB 3F 4C 1D 43 CC 6A 8B
50.729216957,0x316,50 5F 1C B8 31 81 FB A2
50.729216957,0x427,4E 93 BE 6D 75 AE 1C 67
50.738103757,0x1A4,11 53 4A 1D C7 C7 56 ED
50.738103757,0x316,4A 6F 95 FE 33 74 76 1E
50.738103757,0x427,57 68 1D 74 FC 42 73 7A
50.749934706,0x1A4,A9 82 47 1D 69 86 A3 0F
50.749934706,0x316,A1 AE 14 67 EF 34 64 DC
50.749934706,0x427,DD 81 2D F0 88 4A 18 7F
50.758269188,0x1A4,B0 36 44 1D 9A E1 7A E6
50.758269188,0x316,54 A1 B3 67 6E D3 AD 84
50.758269188,0x427,82 99 A6 C7 A4 3E BF CE
50.771248127,0x1A4,38 EB 41 1D 2C 95 2F DC
50.771248127,0x316,4A FD DA CA 71 4E F5 03
50.771248127,0x427,C4 4B 76 5D 2B A2 B8 C3
50.780160399,0x1A4,5E 8D 3E 1D 5B 31 49 60
50.780160399,0x316,77 1D 66 8A CA E6 C4 24
50.780160399,0x427,3E 20 98 15 67 5C AE A8
50.788554398,0x1A4,0C D9 3C 1D D4 BD C2 2B
50.788554398,0x316,72 E7 31 2E 71 0C 52 39
50.788554398,0x427,B1 9B 11 A1 9F F9 6B 59
50.800595164,0x1A4,78 A3 39 1D 5B 99 83 AC
50.800595164,0x316,91 74 C2 28 90 7D 10 16
50.800595164,0x427,4E 98 FD FD 68 07 B3 64
50.808618580,0x1A4,16 5F 36 1D 04 77 9A DF
50.808618580,0x316,3D 9B D8 A8 96 D4 B4 5D
50.808618580,0x427,33 0A CC 03 C3 40 FC C6
50.821972969,0x1A4,4B E7 33 1D BE C9 00 8A
50.821972969,0x316,31 CE 26 FD 22 18 81 72
50.821972969,0x427,5D 15 E3 EF 50 C9 DA 1A
50.829575030,0x1A4,1A AF 31 1D F2 0C D1 43
50.829575030,0x316,A9 CC A9 67 54 48 C6 91
50.829575030,0x427,54 B7 7C 26 1F 71 84 BB
50.841220587,0x1A4,6C 18 2E 1D F3 AC D8 85
50.841220587,0x316,1C B5 BB A6 BE A1 24 C5
50.841220587,0x427,50 A1 E3 EF 2C 56 99 2C
50.849218492,0x1A4,6D F5 2B 1D 24 D3 50 FB
50.849218492,0x316,E1 09 14 92 95 BB 84 23
50.849218492,0x427,73 FF CF 53 F9 BB 5F 91
50.858432886,0x1A4,ED C4 28 1D 02 EA 0A F8
50.858432886,0x316,0D FA EB 74 9C 41 45 C1
50.858432886,0x427,F9 99 1B 98 22 C0 73 F4
50.869779080,0x1A4,76 66 26 1D 06 0D BA 8E
50.869779080,0x316,90 B4 33 97 17 3B C5 88
50.869779080,0x427,B4 34 C7 C5 00 82 8E AE
50.878372168,0x1A4,CD 8F 23 1D 15 53 37 3C
50.878372168,0x316,C4 ED 11 6E 33 91 99 9F
50.878372168,0x427,AC E2 E4 9B B9 2E B7 8A
50.891847829,0x1A4,88 10 20 1D E7 94 89 C8
50.891847829,0x316,19 3E F6 8B 4A 56 3A DE
50.891847829,0x427,3F 79 23 04 F2 80 FD F3
50.899151105,0x1A4,73 C5 1D 1D D4 D1 7A 20
50.899151105,0x316,D7 AE 65 E4 E6 73 28 EB
50.899151105,0x427,A5 7B AC 09 03 C7 D2 D9
50.909409257,0x1A4,A6 A8 1B 1D 48 F7 62 CC
50.909409257,0x316,BB 64 AE 08 1F F3 8E F3
50.909409257,0x427,9F 31 EC 9A 16 5D 19 B1
50.919343420,0x1A4,02 7A 18 1D 9A 1C D4 3A
50.919343420,0x316,EC 61 8D A9 89 D6 7D D7
50.919343420,0x427,B1 03 D3 8A BF F9 E2 6E
50.930932697,0x1A4,20 36 15 1D 3B C4 1C B8
50.930932697,0x316,80 22 25 99 4C FF 7C B7
50.930932697,0x427,14 03 00 B1 40 8C 32 40
50.940515217,0x1A4,EB 6C 12 1D 2E AF 14 F8
50.940515217,0x316,E0 D5 B7 4A 9A 9E FB A5
50.940515217,0x427,B4 E7 46 21 5C B9 52 4C
50.951346101,0x1A4,F2 F0 10 1D 5E 72 08 9B
50.951346101,0x316,77 E1 74 56 8D 56 9C D8
50.951346101,0x427,36 CB 44 BC 63 43 17 9C
50.960855241,0x1A4,84 E8 0D 1D AA DA B4 8D
50.960855241,0x316,63 F6 27 A1 FD 81 E6 10
50.960855241,0x427,59 89 B3 A5 3E F3 81 15
50.968264996,0x1A4,E2 C6 0A 1D 77 88 C6 58
50.968264996,0x316,2D 56 AD 73 E6 D9 45 A0
50.968264996,0x427,15 7F B2 8B B3 CE ED 81
50.979613540,0x1A4,16 FB 07 1D DB CF 61 F6
50.979613540,0x316,C3 28 6D CF E6 F6 4C C0
50.979613540,0x427,89 0A B5 E9 83 27 2A 09
50.990793432,0x1A4,DE E4 05 1D 8E 20 A3 A7
50.990793432,0x316,74 F4 FF 70 60 67 77 17
50.990793432,0x427,B0 47 60 5B F9 48 74 EC
50.998114282,0x1A4,52 B7 02 1D D7 5E 3B 3C
50.998114282,0x316,87 91 2B E5 DF 8B 41 8B
50.998114282,0x427,A7 C0 D2 66 64 8C 94 72
51.011887635,0x1A4,DF 8E FF 1C 7A 16 44 7A
51.011887635,0x316,9F 51 2C 32 F8 9A 0D 8A
51.011887635,0x427,53 37 E4 C4 64 2C DC F8
51.018568043,0x1A4,5B 3E FD 1C 46 92 CF 2F
51.018568043,0x316,27 37 B6 06 36 5B 14 EF
51.018568043,0x427,DD D6 96 9D 43 B1 B6 73
51.030657721,0x1A4,6B D9 FA 1C 34 0F 65 61
51.030657721,0x316,06 54 BE C7 36 46 F7 13
51.030657721,0x427,38 7C A9 F6 F7 B0 30 9D
51.041806411,0x1A4,F3 4B F7 1C 93 2B 2B B8
51.041806411,0x316,BF BE B8 A0 4F BB E7 A9
51.041806411,0x427,1D F3 2D F9 AC B3 1E 76
51.050179861,0x1A4,F4 A6 F4 1C 43 44 45 9C
51.050179861,0x316,3F 15 3E 88 51 97 12 7E
51.050179861,0x427,12 EA 6C 62 88 FD BE 8A
51.059149729,0x1A4,3F F7 F2 1C D6 E8 65 DB
51.059149729,0x316,EA F3 A6 9F 72 84 18 93
51.059149729,0x427,69 4C 52 EA 64 24 BC 6F
51.068984744,0x1A4,1A 78 EF 1C 44 35 4A 7F
51.068984744,0x316,62 38 F2 B7 60 6D 73 D8
51.068984744,0x427,92 FE 66 27 CD 94 48 D6
51.080374120,0x1A4,32 CC EC 1C 0A 18 26 21
51.080374120,0x316,E6 23 F3 51 0C 3C 20 84
51.080374120,0x427,F4 71 A9 93 14 1F 37 32
51.091430464,0x1A4,09 B3 E9 1C 51 5C 83 FE
51.091430464,0x316,B9 90 F0 BF DD 28 C6 09
51.091430464,0x427,2D 0B 60 CA E6 AD AF A4
51.100507176,0x1A4,F5 5E E7 1C B7 15 79 51
51.100507176,0x316,2A E5 7A AE 10 36 3E 86
51.100507176,0x427,C6 E6 2A 00 DB 3B 0A 66
51.111847673,0x1A4,46 A8 E4 1C 7E 3D AD 2F
51.111847673,0x316,3F C0 AD AE 18 1E 0D A0
51.111847673,0x427,C4 11 DB CA 97 98 CB 3C
51.121586898,0x1A4,62 DF E1 1C 01 7C 47 0D
51.121586898,0x316,1E 65 0C B2 DB A0 F2 44
51.121586898,0x427,00 A1 0D E2 1D 61 A7 07
51.131239847,0x1A4,1D BB DF 1C D4 27 0C E5
51.131239847,0x316,BA 52 27 DE A3 5F 40 5C
51.131239847,0x427,3F D9 6C C1 C9 C8 95 FE
51.141929311,0x1A4,24 29 DC 1C 1A 3B 85 61
51.141929311,0x316,D5 CC 49 BA 40 1E 9A 9E
51.141929311,0x427,F0 E2 F5 54 8F 4B 84 AF
51.150434262,0x1A4,83 0F D9 1C 01 AA B6 91
51.150434262,0x316,63 10 CF 09 93 A3 D7 07
51.150434262,0x427,01 77 4A AC 19 90 F4 1F
51.161134006,0x1A4,7E C8 D7 1C B1 AC 93 47
51.161134006,0x316,38 1D 57 E6 E0 71 B1 8A
51.161134006,0x427,3F 41 08 2D F1 D9 43 C7
51.171682450,0x1A4,4A D7 D4 1C 7C B2 B6 57
51.171682450,0x316,EB 3B 3C DA 1F 27 E1 5F
51.171682450,0x427,97 C7 B0 44 E4 04 4F 40
51.179938845,0x1A4,0A FE D1 1C F7 C0 29 EF
51.179938845,0x316,80 A8 09 86 79 02 A7 64
51.179938845,0x427,69 81 EF 75 28 D6 F5 97
51.191748954,0x1A4,40 93 CE 1C B1 15 34 32
51.191748954,0x316,16 40 EE 23 8F 83 5F 5A
51.191748954,0x427,3E 6F 93 D3 78 B0 B2 D0
51.198804991,0x1A4,D2 E2 CC 1C FD 52 4E 4B
51.198804991,0x316,9B 4E 89 2F 63 B5 67 A3
51.198804991,0x427,74 CD 22 3F 89 7B 4A A2
51.211518031,0x1A4,73 AB C9 1C 46 B4 12 22
51.211518031,0x316,6B 88 FB AE 06 3B 5F 88
51.211518031,0x427,37 BB 46 BD F9 38 78 93
51.219522488,0x1A4,32 28 C6 1C CF BA ED 44
51.219522488,0x316,D9 F8 1E CA A9 D4 31 64
51.219522488,0x427,C5 16 8F D4 C3 9C CA DD
51.230084483,0x1A4,98 E9 C4 1C 28 52 C5 DD
51.230084483,0x316,12 81 CB F0 24 32 CF 31
51.230084483,0x427,CC 96 D2 8B 65 AB E1 F5
51.241896197,0x1A4,5E E0 C1 1C A8 44 7C EC
51.241896197,0x316,18 8D 95 92 A8 C5 3D EF
51.241896197,0x427,D2 EE 64 1A 35 6F 16 57
51.251220134,0x1A4,86 98 BE 1C 9A 87 17 2A
51.251220134,0x316,D2 18 BF 42 F1 1E 61 14
51.251220134,0x427,95 60 39 AF 39 2E 37 AE
51.259742814,0x1A4,AC C9 BC 1C DF FC EF 53
51.259742814,0x316,98 22 C5 2F 63 53 75 88
51.259742814,0x427,FC 8B F1 C2 E9 D2 7F 56
51.268631122,0x1A4,70 92 B9 1C 05 15 48 FD
51.268631122,0x316,48 1C A2 EE 20 BC B9 7B
51.268631122,0x427,CC C2 8A 2D 15 E1 F8 E9
51.278219664,0x1A4,4A 1E B6 1C 68 D4 E5 57
51.278219664,0x316,1F 85 9A 63 48 08 ED 2A
51.278219664,0x427,18 01 F8 F7 F4 46 50 93
51.288384367,0x1A4,2A D5 B4 1C D4 B2 55 67
51.288384367,0x316,7D 4C 31 F2 9D D8 D0 96
51.288384367,0x427,8F 31 BE 38 01 28 4B DE
51.301156636,0x1A4,55 27 B1 1C 04 B7 E6 38
51.301156636,0x316,7E 26 E4 57 C3 19 9D 87
51.301156636,0x427,E2 CB A1 9B 7A 59 1C C8
51.311740499,0x1A4,DC 5D AE 1C 7B B8 BB 5E
51.311740499,0x316,39 23 2B 1A FF CF 3A 39
51.311740499,0x427,C7 76 46 DC 12 4F CE FD
51.318325208,0x1A4,35 47 AB 1C DB AE 25 81
51.318325208,0x316,97 9E 30 1B 9E CD 57 8F
51.318325208,0x427,20 E2 EA B5 E5 F2 26 64
51.331800611,0x1A4,64 F3 A9 1C 73 58 A5 5D
51.331800611,0x316,1D 9B 91 06 6F EA 9D F3
51.331800611,0x427,94 83 54 A5 A5 87 58 7D
51.339726614,0x1A4,6A EC A6 1C 42 18 4A 43
51.339726614,0x316,62 63 CD F4 A7 2F E3 62
51.339726614,0x427,AB 7B 17 F3 A8 9C A1 D9
51.348175088,0x1A4,4E F9 A3 1C 2A 54 0A 53
51.348175088,0x316,5D 7C 00 04 20 59 21 9C
51.348175088,0x427,D3 72 08 52 58 6C 88 C1
51.360372274,0x1A4,71 63 A1 1C 4E 8A E3 C5
51.360372274,0x316,1A 3C 1B AE D7 CD 8C 49
51.360372274,0x427,D1 27 2A D3 13 3B FF 42
51.370471317,0x1A4,7A 9C 9E 1C E4 39 F2 01
51.370471317,0x316,9C 70 B4 31 C8 9A 7E 4E
51.370471317,0x427,FF FA CC A0 6E BE 88 9F
51.380486674,0x1A4,1C DD 9B 1C 73 3A B4 E0
51.380486674,0x316,D1 C3 E8 AC E7 79 D4 E4
51.380486674,0x427,DD C2 26 83 95 32 07 D3
51.390588480,0x1A4,63 F3 99 1C 48 10 13 13
51.390588480,0x316,95 37 23 ED 40 FA 17 D5
51.390588480,0x427,A2 78 FA 1C C9 10 F4 E9
51.401858601,0x1A4,54 0F 96 1C E0 21 58 99
51.401858601,0x316,91 BF F7 7B 1D 4F 31 2A
51.401858601,0x427,FF F8 00 0C FD 59 FB 32
51.411557538,0x1A4,BB D0 93 1C 60 18 41 D5
51.411557538,0x316,33 4F 66 B4 27 CD 67 55
51.411557538,0x427,2B 71 FC 94 34 AD 6B 3C
51.418491777,0x1A4,94 F3 91 1C 25 A3 1F CB
51.418491777,0x316,74 16 A6 09 32 C3 04 16
51.418491777,0x427,84 0D AC D6 71 C3 3D 5D
51.430428494,0x1A4,A8 BD 8E 1C A6 F7 FF 64
51.430428494,0x316,23 98 BD 4E 2C C0 94 16
51.430428494,0x427,38 52 43 53 4D A5 2C 4B
51.441699314,0x1A4,92 28 8B 1C 72 9A 86 1B
51.441699314,0x316,7D 0E A7 53 F8 8C DD D3
51.441699314,0x427,79 7B E8 53 A1 BF C9 33
51.449001334,0x1A4,6C EA 89 1C A3 D3 72 37
51.449001334,0x316,9A 51 9B BA 08 21 6B 2C
51.449001334,0x427,90 64 B9 5D 07 A8 8F 9E
51.458917163,0x1A4,77 60 86 1C 39 59 E7 36
51.458917163,0x316,50 39 4A D1 F4 48 63 6B
51.458917163,0x427,BD AC D1 79 CA D4 53 BA
51.468792633,0x1A4,71 4A 83 1C FD 02 5C F3
51.468792633,0x316,82 41 47 86 E6 C1 ED 18
51.468792633,0x427,6E 52 F7 3C DE 66 7E CC
51.480412932,0x1A4,B4 B9 81 1C 56 03 84 72
51.480412932,0x316,CD CA FF D9 2E E6 3B 51
51.480412932,0x427,21 09 B9 0B A3 4B 1C 04
51.488763881,0x1A4,7F 77 7E 1C DE D5 EA 9E
51.488763881,0x316,43 7B 08 44 04 27 E6 F3
51.488763881,0x427,4E 1C BB D8 A3 DA 51 26
51.499582466,0x1A4,19 D8 7C 1C 1A 11 40 DD
51.499582466,0x316,0D 19 B0 A4 1C F1 68 CD
51.499582466,0x427,09 49 EE 1B 1C 11 92 48
51.510338471,0x1A4,78 8C 79 1C 46 F3 0E C5
51.510338471,0x316,65 48 DE CA D4 9C 4E 16
51.510338471,0x427,FD 5A 02 09 43 CE BD C6
51.519554825,0x1A4,60 89 76 1C A1 27 65 2D
51.519554825,0x316,11 E6 E5 74 63 DB 07 62
51.519554825,0x427,B3 BE 9F 9D FC 71 7A 87
51.529492922,0x1A4,CE 7F 74 1C 9A 49 62 FF
51.529492922,0x316,38 4A 3C 1F 8B 39 32 B2
51.529492922,0x427,96 EE 7B 97 4F 94 12 86
51.540504085,0x1A4,45 2B 71 1C 3A 85 BD 8F
51.540504085,0x316,C9 7C 65 0F BC FB E5 9A
51.540504085,0x427,91 3C 85 BB 83 CD BC D5
51.548045888,0x1A4,A6 CA 6E 1C C3 DF FC C1
51.548045888,0x316,32 1D 5F 7A 7E D4 B8 01
51.548045888,0x427,1D F4 8C 45 1F 9E 69 5C
51.560442566,0x1A4,3C FE 6C 1C 68 9C 29 3C
51.560442566,0x316,04 67 3E D8 31 44 A6 83
51.560442566,0x427,B4 41 DB 86 D9 4B CC 8E
51.570039492,0x1A4,97 87 69 1C 83 30 59 C4
51.570039492,0x316,12 41 2B 59 0A 29 F6 66
51.570039492,0x427,F0 92 AC 29 42 2E E3 E3
51.580744435,0x1A4,1B 96 66 1C C8 8F 67 EF
51.580744435,0x316,05 6B B5 54 B8 32 B2 8E
51.580744435,0x427,F1 09 21 CF 9C 58 B3 E9
51.590608623,0x1A4,15 4C 64 1C 31 B4 9E C6
51.590608623,0x316,A8 5A 9B 6D 2C 6C 84 6A
51.590608623,0x427,F7 47 F1 0E A3 AA 9E F4
51.598072603,0x1A4,66 7E 61 1C 0B 5C 31 DD
51.598072603,0x316,FB 72 DE C5 BD A7 64 95
51.598072603,0x427,DB 03 A6 81 CB 09 5F 6A
51.611362381,0x1A4,50 E2 5F 1C 34 26 19 C1
51.611362381,0x316,BB C2 24 73 A9 53 F6 89
51.611362381,0x427,EC 1D 34 71 DD CE 8F 47
51.620735912,0x1A4,76 56 5C 1C D4 DF D2 DC
51.620735912,0x316,5D 2B E7 2A 03 53 62 23
51.620735912,0x427,5C 5D 22 7E EB 13 C3 B4
51.631281092,0x1A4,50 FE 59 1C F5 03 9D 82
51.631281092,0x316,D5 54 58 56 CA F9 AF FB
51.631281092,0x427,00 31 A5 BD 33 DA A6 E4
51.638802528,0x1A4,56 36 57 1C 4D C4 94 47
51.638802528,0x316,D8 E0 95 8A F1 0C D6 A1
51.638802528,0x427,3A D8 EB 56 F8 88 9E BB
51.651962167,0x1A4,2A 38 54 1C 93 DF 05 6C
51.651962167,0x316,CF CA EB F6 3E 15 1C 5D
51.651962167,0x427,46 23 EE CB E0 30 E6 DD
51.659310108,0x1A4,4D 5C 51 1C EF A9 A0 C9
51.659310108,0x316,B2 F1 71 B6 05 8C 71 D7
51.659310108,0x427,08 06 18 9D 9E 81 BC 49
51.668448809,0x1A4,6A AB 4F 1C 53 1D 85 80
51.668448809,0x316,2C 62 FF 20 05 72 F6 4D
51.668448809,0x427,D3 D2 3F F5 49 2C 48 9D
51.681538840,0x1A4,F9 A8 4C 1C 15 5B 60 1E
51.681538840,0x316,4B E3 B6 F7 BA 09 3E 15
51.681538840,0x427,4D 9E FA CF 9C 42 74 B1
51.691248951,0x1A4,38 70 4A 1C 52 43 42 FC
51.691248951,0x316,58 45 11 55 F3 55 80 06
51.691248951,0x427,18 1B D9 22 2D 34 BD EE
51.698541543,0x1A4,58 FF 47 1C 43 18 9A 01
51.698541543,0x316,41 DD EA E1 06 43 16 0A
51.698541543,0x427,16 DA F9 0A A5 E3 EB 27
51.708781566,0x1A4,E6 10 44 1C 54 26 8D 4E
51.708781566,0x316,53 65 5C 5F E8 51 A0 A3
51.708781566,0x427,4F 52 C5 3A 44 CF 19 96
51.719206121,0x1A4,C2 13 42 1C 2D 54 DF E0
51.719206121,0x316,CF 38 6A 3B A5 9F 9F 12
51.719206121,0x427,B9 B8 5D F5 6A 1A 86 3C
51.731723839,0x1A4,0C 99 3F 1C 3E BE 84 A4
51.731723839,0x316,17 6F 9B E0 94 C5 68 D3
51.731723839,0x427,10 CC 11 E2 A4 4A BF FD
51.741137834,0x1A4,7F 44 3C 1C AD B6 A0 1D
51.741137834,0x316,D4 B7 9F CC F2 56 73 53
51.741137834,0x427,06 0A 55 DE 0F 9D 3F 51
51.749682558,0x1A4,B1 E1 3A 1C 1B 07 56 35
51.749682558,0x316,26 04 6D 01 48 21 F0 52
51.749682558,0x427,3E A3 05 57 1B F6 03 7B
51.761927370,0x1A4,64 6A 37 1C A2 D3 93 85
51.761927370,0x316,41 53 3F 34 14 AC 27 A2
51.761927370,0x427,EA 9F 0C A2 C8 8C F9 6C
51.769712748,0x1A4,0E 44 35 1C C2 BB F7 BC
51.769712748,0x316,AA 51 A1 2E 69 38 97 AE
51.769712748,0x427,C8 CE B1 19 BA 4A AE 48
51.781271269,0x1A4,5E 9B 32 1C E8 02 CC 48
51.781271269,0x316,BE 23 E3 D9 13 34 12 85
51.781271269,0x427,E5 C2 58 86 53 B8 ED 9D
51.791561132,0x1A4,34 B7 2F 1C 29 78 C5 62
51.791561132,0x316,8D 81 20 96 D2 D8 B5 9E
51.791561132,0x427,A6 E6 BE FE E6 1B 7C B7
51.800747010,0x1A4,86 E3 2D 1C 79 ED E1 24
51.800747010,0x316,61 C4 E4 7F 79 69 8D F6
51.800747010,0x427,17 04 B0 D9 D9 79 BB B0
51.811811787,0x1A4,60 FC 2A 1C C9 7F C8 EF
51.811811787,0x316,B0 98 DA 38 F7 77 4E 6C
51.811811787,0x427,18 F3 F1 72 68 43 1C E6
51.821300806,0x1A4,F7 85 28 1C D6 9B F0 C9
51.821300806,0x316,08 8F E9 70 25 07 28 B8
51.821300806,0x427,B6 A5 0F F3 62 4D EC 4A
51.831060047,0x1A4,8D 30 25 1C B0 AE CC 69
51.831060047,0x316,D4 0B 53 26 89 D8 34 BF
51.831060047,0x427,6E 29 A1 01 4D 6A 36 21
51.841111631,0x1A4,45 73 22 1C 36 0C 91 D8
51.841111631,0x316,95 9E EB 83 17 32 1B FC
51.841111631,0x427,72 9E 1E BD A0 A7 24 B4
51.850898497,0x1A4,29 F9 20 1C 82 62 53 EB
51.850898497,0x316,7A ED 6B 5E 17 AF B4 49
51.850898497,0x427,54 E8 8A 35 E0 BE 1F F3
51.858329557,0x1A4,FA CF 1D 1C 7A DC D0 11
51.858329557,0x316,4F A4 9C 86 27 98 EB 37
51.858329557,0x427,15 B2 2D CE 7E F1 45 D0
51.870376482,0x1A4,F7 76 1B 1C 21 08 23 B5
51.870376482,0x316,20 F3 19 8B 74 56 C7 CE
51.870376482,0x427,77 B5 FC D0 29 B8 19 1B
51.881819608,0x1A4,E3 0E 18 1C 76 DA 3B 22
51.881819608,0x316,D2 9B BF 30 69 4A 1A D6
51.881819608,0x427,72 3C 1B 10 92 E5 54 20
51.891390936,0x1A4,7B 11 15 1C FB C6 48 9B
51.891390936,0x316,D7 94 A9 24 08 20 F0 E0
51.891390936,0x427,27 B9 56 D7 8B 69 28 A5
51.898146959,0x1A4,8C 46 13 1C 6C 4D 7D A0
51.898146959,0x316,8F EC 0B 4E 52 E9 C2 9F
51.898146959,0x427,D0 E6 B4 17 92 9B 19 0F
51.909878676,0x1A4,35 51 10 1C 19 FF 00 BD
51.909878676,0x316,90 D0 13 02 08 F5 AE E2
51.909878676,0x427,53 79 00 17 B7 E3 03 85
51.919843351,0x1A4,39 D6 0E 1C A5 8E 55 6A
51.919843351,0x316,E4 03 2C 43 4E 5A 52 7D
51.919843351,0x427,90 A4 FF 28 37 87 36 34
51.930474739,0x1A4,72 00 0B 1C FE C2 80 8D
51.930474739,0x316,1F 5D 93 76 B1 62 52 58
51.930474739,0x427,86 A2 33 06 8E C7 52 88
51.941396962,0x1A4,DE 50 09 1C 79 DA 55 C4
51.941396962,0x316,28 C2 BE 78 BE 34 6E 67
51.941396962,0x427,23 4C C8 84 3A 57 C7 B4
51.951988081,0x1A4,66 A7 06 1C C8 BF 47 AA
51.951988081,0x316,66 37 BE 74 13 04 4C 2D
51.951988081,0x427,4E C8 73 C9 11 13 40 2E
51.959180414,0x1A4,51 AD 03 1C 01 59 9F 59
51.959180414,0x316,CF 7E E6 7A 4D D6 D9 76
51.959180414,0x427,BB 26 23 52 9B AF A5 42
51.969674022,0x1A4,0D 07 01 1C A0 ED 29 F9
51.969674022,0x316,73 D9 F9 5C 50 F0 E1 8F
51.969674022,0x427,C7 35 B3 A0 2C 59 00 44
51.978930926,0x1A4,AC 80 FE 1B 8D 0C BB 22
51.978930926,0x316,56 38 00 61 E7 04 9E 27
51.978930926,0x427,4F 61 DC DC 67 65 3B 92
51.991274561,0x1A4,3E F0 FC 1B 90 9E 5E 08
51.991274561,0x316,9B A8 4F 53 6F 53 77 24
51.991274561,0x427,1A 53 5D 9E 4C 94 19 17
51.998625718,0x1A4,39 30 F9 1B 7C 27 11 D1
51.998625718,0x316,9B 59 88 C6 71 5C D9 DA
51.998625718,0x427,A9 FA 76 AB 17 3F ED BD
52.008119197,0x1A4,F6 60 F7 1B D9 CD E5 61
52.008119197,0x316,C0 8E 4F E6 8B 93 5D A8
52.008119197,0x427,46 D2 C5 8D 4A 01 B8 3D
52.021392506,0x1A4,F8 32 F4 1B 7A 0D 2D 1A
52.021392506,0x316,E9 96 7A 64 DE BA 97 0D
52.021392506,0x427,93 C7 A3 8C 03 C6 78 DE
52.031928339,0x1A4,48 C7 F1 1B 21 CB E1 B7
52.031928339,0x316,0F 77 85 70 36 89 D9 F5
52.031928339,0x427,D6 40 F5 1E D6 43 3A A5
52.040788651,0x1A4,2B 79 EF 1B 7D C7 F0 2C
52.040788651,0x316,DA DD 35 10 0C E1 08 75
52.040788651,0x427,2E E0 FE AF 11 BB 0E 37
52.050112508,0x1A4,76 2D EC 1B 88 C8 61 71
52.050112508,0x316,E4 B3 86 C9 86 0C 9A B7
52.050112508,0x427,6E 18 72 BA 75 00 9F 37
52.059876912,0x1A4,57 E6 EA 1B 0A 14 82 90
52.059876912,0x316,BE 09 C8 A7 6E 49 22 95
52.059876912,0x427,4B 6C 74 F7 80 6C A7 2F
52.068333983,0x1A4,8E B3 E7 1B 37 0F 7E D6
52.068333983,0x316,FA 0B 14 ED 71 03 7E 07
52.068333983,0x427,45 1C 69 53 BD BD 89 2E
52.078500079,0x1A4,A3 D5 E5 1B DD A3 BA 27
52.078500079,0x316,36 35 9F 93 EB 83 87 F4
52.078500079,0x427,CD B1 1E 91 79 44 DE E8
52.088710897,0x1A4,CE 22 E2 1B AF 28 CF 36
52.088710897,0x316,0F D2 B1 BD EE EA 74 69
52.088710897,0x427,FA D4 AD E1 CB 46 D3 2B
52.099835786,0x1A4,B0 4A E0 1B EE AF CE 19
52.099835786,0x316,F7 1D 99 BB CC 6D 56 6D
52.099835786,0x427,2E AC A5 CC AF 4D B3 53
52.111668482,0x1A4,8D 58 DD 1B DB 0E 97 DA
52.111668482,0x316,83 24 CE 95 23 FB 4A 13
52.111668482,0x427,5F 78 EE A3 9F 6B 9E 4D
52.119220936,0x1A4,72 53 DA 1B D8 58 9A 8D
52.119220936,0x316,D8 FB F7 8C A9 DB D4 24
52.119220936,0x427,EE 4B 88 3C B6 8F 8E E5
52.128143205,0x1A4,5E ED D8 1B 18 EB 39 53
52.128143205,0x316,24 F5 3F A7 23 F0 1A 5D
52.128143205,0x427,08 17 D5 B3 0D A2 D2 F6
52.140010932,0x1A4,9D F0 D5 1B D9 F3 12 CA
52.140010932,0x316,65 EE DD 93 85 16 0F DB
52.140010932,0x427,EC 5E FF E4 AF 28 48 8A
52.148232053,0x1A4,F4 07 D3 1B B6 DE F8 51
52.148232053,0x316,DC 5A 52 8E F7 EC 8F F0
52.148232053,0x427,FD 1C DD 4E 90 94 4B 44
52.159405345,0x1A4,CD E1 D0 1B D0 A6 45 1F
52.159405345,0x316,60 DE 35 7D 59 94 8B B9
52.159405345,0x427,5A EE 04 A5 6E F7 88 76
52.169836853,0x1A4,76 90 CE 1B 8D 80 60 BE
52.169836853,0x316,9C EF EB E1 35 EB 3B 7E
52.169836853,0x427,8E 9A 07 38 59 1B 5C 29
52.179226325,0x1A4,CF EF CB 1B 53 02 A1 64
52.179226325,0x316,25 23 33 4A 45 42 44 3F
52.179226325,0x427,08 40 20 F1 9E E7 01 05
52.191473368,0x1A4,CF EB C9 1B 8E DB 26 55
52.191473368,0x316,AA 61 D3 42 47 07 8D DD
52.191473368,0x427,22 58 FF 40 A0 2D DE 93
52.199875682,0x1A4,A3 31 C6 1B 92 E1 FC F3
52.199875682,0x316,11 E0 61 C6 EA 9E 84 7F
52.199875682,0x427,DE 71 78 9C 28 69 2A B7
52.210088155,0x1A4,2D 8D C4 1B CF 8F D1 1D
52.210088155,0x316,32 A8 32 2E B0 77 AD E4
52.210088155,0x427,6A 3C 63 72 0E 04 86 9A
52.218554275,0x1A4,06 9E C1 1B 63 D9 12 D9
52.218554275,0x316,E4 36 51 DC FF 5E 0F 95
52.218554275,0x427,5F EF 54 70 82 2A B0 00
52.231114526,0x1A4,75 C7 BE 1B 5D E3 2F 92
52.231114526,0x316,97 ED A0 2C 70 20 AD 70
52.231114526,0x427,75 D1 E3 11 CE B3 7E 29
52.238550657,0x1A4,5C 27 BC 1B 6D 9B C3 54
52.238550657,0x316,0F ED 19 3F 22 32 AE AA
52.238550657,0x427,89 B1 AC E6 47 A0 8C 98
52.249830780,0x1A4,74 56 B9 1B 9A B0 7E C2
52.249830780,0x316,FE 79 E9 86 FA 3D 21 E9
52.249830780,0x427,AF 53 69 7F 40 F5 00 B8
52.258818447,0x1A4,78 A8 B7 1B AD 3F D8 36
52.258818447,0x316,55 1A 86 7D 00 28 3A B5
52.258818447,0x427,52 CD 37 E5 35 B2 47 D1
52.268820153,0x1A4,2E 32 B4 1B B4 03 66 23
52.268820153,0x316,81 42 5F 94 46 33 84 F3
52.268820153,0x427,34 8D ED 8E CF 3A 20 F2
52.279634916,0x1A4,E7 2D B2 1B EC 92 D9 84
52.279634916,0x316,DC 07 37 3E CD 7A 73 21
52.279634916,0x427,A1 90 34 26 E4 24 30 07
52.288728562,0x1A4,EB 40 AF 1B 5C 42 DB AC
52.288728562,0x316,3A 28 B4 C0 C8 93 DA F8
52.288728562,0x427,2A FE 3A 19 56 C4 7C 22
52.299338861,0x1A4,E6 5B AD 1B C2 3D 43 5D
52.299338861,0x316,06 6C AA 65 A4 0D AD BA
52.299338861,0x427,D0 D3 63 CA C0 4C E2 B9
52.311062718,0x1A4,07 23 AA 1B 7B FD E5 0D
52.311062718,0x316,19 62 48 8C 52 A2 3D 30
52.311062718,0x427,B0 2E 5B 2C 7E E5 A3 09
52.320107349,0x1A4,24 A2 A8 1B 2A 19 62 0B
52.320107349,0x316,6F 75 EB 43 1F AF D0 C2
52.320107349,0x427,2A B5 E0 8D 14 87 2B 7D
52.331356711,0x1A4,02 D3 A5 1B 95 BD 92 CF
52.331356711,0x316,F9 F0 91 F0 25 A6 9E AF
52.331356711,0x427,28 EB 83 E2 93 B1 31 77
52.338572435,0x1A4,C0 8A A3 1B 04 CD E2 80
52.338572435,0x316,C0 AB 83 81 3A 66 16 DD
52.338572435,0x427,A5 D3 A4 91 56 03 39 70
52.350110367,0x1A4,52 92 A0 1B 94 3B 00 AF
52.350110367,0x316,4A F2 E8 35 DF 64 7D B1
52.350110367,0x427,07 67 6F BD 25 E8 D7 B8
52.361913143,0x1A4,F7 CA 9E 1B C2 60 E6 E0
52.361913143,0x316,7E 08 48 5F E0 4F D7 AA
52.361913143,0x427,F5 6D AB 83 88 39 7C 5B
52.371651491,0x1A4,12 A1 9B 1B 3A A7 9E 3C
52.371651491,0x316,B4 6C 2E A3 90 13 F5 88
52.371651491,0x427,0F D8 F3 64 03 18 9F EC
52.381043389,0x1A4,DC E5 99 1B 05 15 77 CC
52.381043389,0x316,17 A1 7D D6 48 11 2C EC
52.381043389,0x427,05 C5 27 C0 AB 76 53 CA
52.388719335,0x1A4,4A 27 96 1B AF C8 48 D0
52.388719335,0x316,F1 EA C0 C4 80 21 5A 0A
52.388719335,0x427,1D F5 B5 33 F6 32 70 04
52.400358209,0x1A4,26 8A 94 1B E7 8A 5D FA
52.400358209,0x316,34 A8 56 4D A0 53 7D 3C
52.400358209,0x427,08 E3 2B EC EB 35 4A 63
52.409776307,0x1A4,12 62 91 1B 60 99 FE 14
52.409776307,0x316,41 64 8E D0 AB 3B 9A 92
52.409776307,0x427,E5 71 ED DA AE E1 53 CB
52.418290487,0x1A4,57 FC 8F 1B E4 A1 1B 52
52.418290487,0x316,A6 EF 06 1C AF A2 D0 75
52.418290487,0x427,B8 24 00 11 F3 9D CD 58
52.431570659,0x1A4,AC 9F 8C 1B 29 F0 2F DF
52.431570659,0x316,CC AD BA 29 7A 84 3F F4
52.431570659,0x427,F0 ED C5 35 5C D3 3B DF
52.439345271,0x1A4,E7 70 8A 1B 30 58 0D 92
52.439345271,0x316,2F B3 06 E6 8D 9F B4 ED
52.439345271,0x427,8E 8A 1A DE 64 27 F4 17
52.448756063,0x1A4,46 E1 87 1B B9 ED 68 C7
52.448756063,0x316,9D FA 32 26 F9 DB 95 A4
52.448756063,0x427,31 9F C2 93 41 F9 DF 2A
52.458599605,0x1A4,D5 FE 85 1B 87 D0 46 ED
52.458599605,0x316,E7 FF D1 BA 1B 9C 1B F1
52.458599605,0x427,5E BC 3D 96 87 B3 D0 BF
52.469580408,0x1A4,59 C0 82 1B DA 73 FC A9
52.469580408,0x316,BE D3 26 06 0E 72 AC 17
52.469580408,0x427,55 B0 83 4D 20 25 E7 32
52.478335855,0x1A4,CA 28 80 1B E6 8A F5 46
52.478335855,0x316,C0 77 5C A7 8C DF 2B DE
52.478335855,0x427,22 DB 23 BC 36 DD E9 82
52.489410212,0x1A4,9F B3 7D 1B 87 25 83 0E
52.489410212,0x316,54 49 B1 9C 22 75 C0 D2
52.489410212,0x427,BA DA 42 32 9D 2F 62 E9
52.501088931,0x1A4,AE F1 7B 1B 02 BA 98 93
52.501088931,0x316,5B BD 63 6A DE 67 FF FD
52.501088931,0x427,6C 40 58 78 55 68 28 15
52.510969751,0x1A4,34 E5 78 1B D6 63 D0 AF
52.510969751,0x316,79 A1 EE 97 20 2B F7 7F
52.510969751,0x427,A2 35 CA 17 76 94 D3 9B
52.519410044,0x1A4,C5 7B 76 1B 5C CA 7B 1D
52.519410044,0x316,3C C8 2A 25 C8 7F D7 65
52.519410044,0x427,76 05 65 0C B2 56 1F A2
52.529338317,0x1A4,1B 76 73 1B FD 52 54 BB
52.529338317,0x316,DC 89 DB 26 56 50 95 1D
52.529338317,0x427,9A 0C 0E 35 23 AA 4B 28
52.539716499,0x1A4,63 70 71 1B 4C 13 E2 DD
52.539716499,0x316,25 34 D1 AF 09 72 8A EC
52.539716499,0x427,83 8B 4D B3 F4 07 CA F5
52.551645961,0x1A4,68 27 6E 1B 79 11 FD 68
52.551645961,0x316,4D 01 70 77 F3 50 AE C0
52.551645961,0x427,B8 BD 01 A9 71 1F BF 23
52.559789222,0x1A4,22 67 6C 1B 63 83 7B 1D
52.559789222,0x316,6A 27 18 9B F4 F4 78 C5
52.559789222,0x427,B8 3C FB BE E6 69 66 AC
52.569940713,0x1A4,99 35 69 1B 07 D8 AD 1D
52.569940713,0x316,18 89 DA 1C C5 E5 F0 61
52.569940713,0x427,B7 1A 17 67 F3 DF C0 1A
52.579159619,0x1A4,0E 13 67 1B 72 10 CD E9
52.579159619,0x316,10 D0 42 2E 55 C1 B6 0A
52.579159619,0x427,29 06 F7 1E 62 00 15 9E
52.591209355,0x1A4,03 69 64 1B 6F BC 2B 08
52.591209355,0x316,00 3C 4D 72 79 07 D0 22
52.591209355,0x427,61 7C 16 B9 87 D8 CA 57
52.598254961,0x1A4,4F 54 62 1B 7A B3 19 BE
52.598254961,0x316,A2 93 EF EC 5F B7 76 87
52.598254961,0x427,B8 36 8C C2 E0 F9 08 70
52.611534665,0x1A4,B9 EC 5F 1B F9 16 A9 3F
52.611534665,0x316,22 F0 AC 32 F2 73 EC EC
52.611534665,0x427,92 39 7B 9F 7E 85 2C BF
52.620665788,0x1A4,A6 5E 5D 1B 27 8D CE 36
52.620665788,0x316,5D 57 7A 09 B4 2B 2A 4B
52.620665788,0x427,CC FA 66 92 35 0C 44 31
52.628935364,0x1A4,9B 69 5A 1B 3C 44 5A 61
52.628935364,0x316,22 28 5A 56 C6 D3 59 35
52.628935364,0x427,9B 06 41 89 CB C6 6E 03
52.640359547,0x1A4,3A DC 58 1B 80 4E C8 2D
52.640359547,0x316,18 60 91 74 AC 75 8F A6
52.640359547,0x427,9D B7 7A E0 26 DD 46 AA
52.651058216,0x1A4,3F AF 55 1B 2D D2 2C 4D
52.651058216,0x316,F9 73 D2 C6 48 C7 5F 85
52.651058216,0x427,B0 77 87 1A 8E 44 4E 26
52.660251677,0x1A4,08 1A 53 1B 9E D3 F5 C8
52.660251677,0x316,B1 19 34 48 4A 53 17 2D
52.660251677,0x427,E8 A8 B7 19 F5 D2 10 17
52.669609234,0x1A4,77 BE 50 1B 02 49 D0 05
52.669609234,0x316,EB C1 32 CA AC 6C F2 8E
52.669609234,0x427,72 D2 DB AE 6F 8B 10 65
52.678005105,0x1A4,0A D5 4E 1B CD 5D 5A 86
52.678005105,0x316,B2 18 FF 23 C1 89 03 EC
52.678005105,0x427,AD D4 4F 56 F4 B9 1E DC
52.690278701,0x1A4,0D ED 4B 1B 15 E3 90 93
52.690278701,0x316,E6 6C 38 AA 96 A1 9E 53
52.690278701,0x427,0B 4B 63 FB F8 63 77 22
52.701599410,0x1A4,23 CB 49 1B 28 A4 A8 98
52.701599410,0x316,5E 05 66 49 7C CF 25 60
52.701599410,0x427,D8 85 F9 20 4D A4 61 04
52.708343791,0x1A4,C3 AC 46 1B F2 BC BF D2
52.708343791,0x316,EE 11 66 97 22 4D 93 31
52.708343791,0x427,8C 34 5C B3 D5 AC CC D8
52.720419994,0x1A4,42 D5 44 1B D5 F2 9B FE
52.720419994,0x316,E2 A2 B9 F7 B0 FB 97 59
52.720419994,0x427,56 16 B9 B8 35 29 68 61
52.729267756,0x1A4,49 0B 42 1B A1 60 7D CA
52.729267756,0x316,19 87 E6 10 D5 9B 7A CF
52.729267756,0x427,2F 0E FB BD E7 65 69 BC
52.740183346,0x1A4,47 54 3F 1B E5 01 51 00
52.740183346,0x316,DF 36 2C CE 92 67 42 EE
52.740183346,0x427,4D 37 F1 36 1B 5E 36 B7
52.749220935,0x1A4,89 45 3D 1B 55 78 A1 91
52.749220935,0x316,4C BE A0 98 9D 91 61 58
52.749220935,0x427,F1 EE D1 20 B1 E3 7A C7
52.758598728,0x1A4,E6 B8 3A 1B 95 8F 5D 95
52.758598728,0x316,CC 6D 1E 7F CF 7A D0 D2
52.758598728,0x427,04 EA 5F 04 86 B9 BF C6
52.769656708,0x1A4,83 01 38 1B F5 C7 96 3A
52.769656708,0x316,7A E1 08 F8 FA EE 27 74
52.769656708,0x427,58 DE 5F 1E F6 2E 52 24
52.781009112,0x1A4,73 AC 35 1B ED 69 D5 30
52.781009112,0x316,41 3A 82 6C D2 39 67 EF
52.781009112,0x427,2A 7A E8 5B 5D CF B8 8C
52.790895625,0x1A4,1F 9C 33 1B 95 CD 25 8A
52.790895625,0x316,80 6F DF 5D 2B 99 2A 63
52.790895625,0x427,3A F5 93 4E 45 ED 37 C3
52.799634099,0x1A4,EB 93 30 1B 1E 8B 5D 21
52.799634099,0x316,44 75 46 36 6F E0 A9 D8
52.799634099,0x427,00 3C EC 06 CF 3C 65 42
52.809355809,0x1A4,55 F9 2E 1B A1 DB 2F 13
52.809355809,0x316,0C AC 5A E3 54 02 1E BE
52.809355809,0x427,00 28 4D C7 5D CB FA 27
52.819009938,0x1A4,F3 B4 2B 1B CE 78 0E 24
52.819009938,0x316,9F 31 77 FD A7 AE 5A 7B
52.819009938,0x427,85 9E 20 EE 99 D8 C6 0D
52.830192809,0x1A4,26 53 29 1B FB 52 84 1F
52.830192809,0x316,8B 67 A0 5C 4A 90 3F 9D
52.830192809,0x427,F7 CE 75 29 D6 17 B4 7A
52.838899975,0x1A4,73 27 27 1B 78 2E BA 8E
52.838899975,0x316,52 F4 AE 7E AC 78 26 47
52.838899975,0x427,94 68 70 0F BD 08 96 2A
52.851033419,0x1A4,2F 71 24 1B 50 9F 92 9E
52.851033419,0x316,31 AE BF 0F F5 F4 6F 71
52.851033419,0x427,66 F6 05 B8 26 56 B7 B8
52.860335238,0x1A4,F5 4F 22 1B 31 0B DB 15
52.860335238,0x316,C8 8E 64 6E 96 5E 1B 6D
52.860335238,0x427,0A B1 A9 DC D5 7F 3F 97
52.870059334,0x1A4,A1 B8 1F 1B 72 30 8F 69
52.870059334,0x316,AA 65 6B 3A 31 DE 46 21
52.870059334,0x427,DD 2C 61 20 A7 AC 29 DC
52.879269315,0x1A4,26 C0 1D 1B 81 B5 F2 87
52.879269315,0x316,F2 93 6C A6 94 82 F5 F1
52.879269315,0x427,E9 CC AF E6 D3 F3 66 1B
52.888542892,0x1A4,60 E4 1A 1B CA 80 C6 51
52.888542892,0x316,1C F3 D4 42 B7 33 F2 F3
52.888542892,0x427,54 B8 32 DD 50 E8 99 28
52.901369349,0x1A4,7F 94 18 1B F1 16 EB E0
52.901369349,0x316,94 07 38 AF 07 5E B9 A1
52.901369349,0x427,55 CC 5C A4 FC 98 F0 01
52.911287897,0x1A4,A7 4D 15 1B B0 E8 81 B3
52.911287897,0x316,AE 4C D8 B5 47 F3 CF DD
52.911287897,0x427,8B A1 13 49 52 40 4A 08
52.918564885,0x1A4,FA 2B 13 1B AF 8A 03 0F
52.918564885,0x316,AF FD EB 1F 37 F2 50 04
52.918564885,0x427,EB 2A BB 9D FA CE F9 5C
52.928676586,0x1A4,0E 69 11 1B 8B 63 B4 E7
52.928676586,0x316,36 78 D1 67 70 05 E3 F4
52.928676586,0x427,7A 38 13 7F 2D 5F 7E 90
52.938033002,0x1A4,C6 70 0E 1B 47 AE B6 C4
52.938033002,0x316,C1 77 CC A3 75 C6 93 73
52.938033002,0x427,0A 59 5A 5E 78 1F 56 6C
52.948476668,0x1A4,6E 6F 0C 1B 7F 51 6E C9
52.948476668,0x316,5B 15 EA 4E 6F CB 76 9F
52.948476668,0x427,DF 21 9C 10 33 84 F2 5E
52.958309844,0x1A4,07 25 09 1B 5A 4B 12 97
52.958309844,0x316,E9 5B 54 AD D3 EE 43 C7
52.958309844,0x427,EC 84 7F FF 25 A2 18 59
52.971921532,0x1A4,AD 69 07 1B 30 9E F8 48
52.971921532,0x316,A3 F2 D7 6C DA F6 EF D7
52.971921532,0x427,31 D0 27 2C 36 FE 1D F2
52.978519676,0x1A4,8A 3F 04 1B 4E F7 53 40
52.978519676,0x316,88 32 C5 7A 46 B4 71 D7
52.978519676,0x427,A1 AB 3E 1B AD 33 09 23
52.990362190,0x1A4,72 92 02 1B 35 EA 61 CF
52.990362190,0x316,7B 0F 48 40 48 FA 34 76
52.990362190,0x427,7C BD 26 6F DA 0B B3 00
53.000653760,0x1A4,FD AC 00 1B 23 AF 4B 0B
53.000653760,0x316,C7 A3 10 8E 08 BD 34 0F
53.000653760,0x427,0D 77 E7 C4 FB A4 56 1E
53.011177651,0x1A4,50 2B F1 1A BD 0C 9A C8
53.011177651,0x316,AC 7F A1 83 6E 20 65 1F
53.011177651,0x427,35 3C EA 09 9F 55 0C 35
53.020680047,0x1A4,DE 3B E2 1A 20 5B 5C CE
53.020680047,0x316,93 F5 55 E9 D3 42 97 BC
53.020680047,0x427,BB 3D E3 CA C9 5D 9E 69
53.028832226,0x1A4,97 AD D3 1A DC 82 D7 3A
53.028832226,0x316,CA 51 B2 19 9F 03 07 73
53.028832226,0x427,92 29 0D 66 8A 13 B3 46
53.041027210,0x1A4,E3 14 C4 1A BD 2F 76 F1
53.041027210,0x316,6E F9 08 17 BD 11 2E 7D
53.041027210,0x427,12 99 70 29 AD 80 7E 6C
53.048903103,0x1A4,AC EB B5 1A B4 5E E9 0A
53.048903103,0x316,40 01 5C 8B 48 6C 5C 03
53.048903103,0x427,64 68 50 84 1E 10 F1 18
53.061205556,0x1A4,57 43 A6 1A F5 24 0D BA
53.061205556,0x316,71 DD 91 AB D3 28 C2 5D
53.061205556,0x427,9C 7A A0 72 29 B5 7E 1B
53.070187464,0x1A4,EE FC 97 1A D9 4A BE 97
53.070187464,0x316,EB AB CD 07 32 99 51 DE
53.070187464,0x427,38 54 44 B8 48 CA B1 1B
53.078988812,0x1A4,72 3F 88 1A 8A 6E BC 57
53.078988812,0x316,88 40 4D B4 AA BF 90 0F
53.078988812,0x427,5C 02 A5 76 0C 88 9D 15
53.090404771,0x1A4,B7 5A 79 1A 3C 15 24 82
53.090404771,0x316,41 0B DE 0A 84 25 99 68
53.090404771,0x427,52 64 F5 73 F0 CF 06 1A
53.100572032,0x1A4,20 D2 6A 1A 11 48 CB 0D
53.100572032,0x316,9F 1A 42 76 A8 58 6E B6
53.100572032,0x427,79 21 AC 3A A7 14 07 55
53.109587419,0x1A4,3A B7 5B 1A BF A8 01 F8
53.109587419,0x316,D3 83 3C 0C D6 94 20 D0
53.109587419,0x427,CA 56 C7 DE 9E 5D A8 49
53.119114456,0x1A4,34 6F 4C 1A EF E7 4F F8
53.119114456,0x316,11 92 DB 87 F1 F8 31 F4
53.119114456,0x427,D3 4C 8A 46 19 E2 F5 7D
53.128542983,0x1A4,CD 4D 3D 1A D1 12 12 33
53.128542983,0x316,11 15 10 CD 27 D8 8E 66
53.128542983,0x427,CB 87 CB 2C 59 98 3C 1D
53.141378440,0x1A4,43 96 2E 1A 1E 56 51 32
53.141378440,0x316,A8 A5 58 06 4D 44 76 04
53.141378440,0x427,63 70 AC 90 24 75 62 6F
53.149518222,0x1A4,07 96 1F 1A D4 B5 53 59
53.149518222,0x316,4C F2 1C 88 9D EF 01 DC
53.149518222,0x427,52 06 33 87 A4 54 26 AD
53.161235940,0x1A4,3A 23 10 1A CB C8 62 72
53.161235940,0x316,07 55 08 6D FB 87 12 B4
53.161235940,0x427,25 B9 F2 6D ED F5 9D 98
53.171982459,0x1A4,4A 75 01 1A CA 44 05 7F
53.171982459,0x316,BC 5F 99 07 37 2B 5E 34
53.171982459,0x427,A2 D9 D8 1E 7E 98 AE 8F
53.181738895,0x1A4,B7 43 F3 19 09 79 71 55
53.181738895,0x316,5D 5B EF 32 27 30 F0 FF
53.181738895,0x427,B3 FB C9 AB 08 3B BC CD
53.190009740,0x1A4,96 68 E4 19 C4 C9 E9 C6
53.190009740,0x316,22 29 4B 33 2E E8 61 9B
53.190009740,0x427,21 79 0F 67 62 EB 15 28
53.201723418,0x1A4,A8 F5 D5 19 89 61 53 CF
53.201723418,0x316,74 7B 61 EB 1D 4B 51 F0
53.201723418,0x427,AE 83 81 70 4A 2D 06 EC
53.210286850,0x1A4,DC A2 C6 19 77 D7 9C D6
53.210286850,0x316,67 5A FE 6F C2 37 BF E3
53.210286850,0x427,04 8C C4 64 71 B4 D2 6F
53.220453987,0x1A4,04 C8 B7 19 EA 32 1F 26
53.220453987,0x316,EB FA 34 14 BA 86 6D 5A
53.220453987,0x427,CD 34 CC 95 8A 30 67 10
53.229414343,0x1A4,8D 3A A8 19 FD 8A 94 3D
53.229414343,0x316,96 4C A8 D4 B8 84 62 23
53.229414343,0x427,ED F0 10 B3 C4 55 8F DA
53.238645002,0x1A4,9E D2 99 19 AA E9 DB 04
53.238645002,0x316,D1 B2 36 08 EF 9E BD 0E
53.238645002,0x427,17 AB D5 FA E5 DC 18 44
53.248547028,0x1A4,46 FB 8B 19 AA 98 30 6A
53.248547028,0x316,98 BB F1 6C 55 8E A4 19
53.248547028,0x427,DA 90 83 4F 81 8B 0F F7
53.258066147,0x1A4,0A 9F 7C 19 8F 6E 78 A0
53.258066147,0x316,80 4B DD 96 B6 08 62 06
53.258066147,0x427,8E F9 4D C1 DE 13 5C 11
53.269538001,0x1A4,7B E5 6D 19 42 9A D1 1D
53.269538001,0x316,9A A6 F2 0C 44 18 6A 72
53.269538001,0x427,54 DF A8 96 B0 CC 53 7C
53.281447926,0x1A4,44 23 5E 19 97 D0 A4 77
53.281447926,0x316,D0 A8 D3 1F E7 46 F7 E9
53.281447926,0x427,97 D2 97 40 7B D1 8F 09
53.291481091,0x1A4,53 A4 4F 19 15 F3 BF BF
53.291481091,0x316,C9 D7 B4 A7 33 ED 3F 43
53.291481091,0x427,D0 8F E7 95 34 59 67 3C
53.300415902,0x1A4,6C 96 41 19 E4 84 AD C4
53.300415902,0x316,45 9C 04 F1 57 24 52 8D
53.300415902,0x427,E6 D2 64 11 B3 65 0F D2
53.310516917,0x1A4,19 DE 32 19 8F 93 1B 90
53.310516917,0x316,65 93 DD C1 F2 DD 2E B3
53.310516917,0x427,70 AA A0 DB B7 34 1F B5
53.320907187,0x1A4,64 1A 23 19 C8 C3 49 B2
53.320907187,0x316,90 A3 01 45 FC BA FC 92
53.320907187,0x427,C8 5E C6 00 22 EB A6 50
53.331300270,0x1A4,E5 80 14 19 91 05 EF AA
53.331300270,0x316,52 2D 5B FF C8 B8 2D B5
53.331300270,0x427,9E E1 D6 10 4C 04 11 51
53.341799107,0x1A4,2A 38 06 19 0E 18 10 2C
53.341799107,0x316,B9 F8 D3 0A 84 DE 69 41
53.341799107,0x427,2C 8E 4D 9C C3 8A DD 9B
53.351108175,0x1A4,91 53 F7 18 BF AB B3 09
53.351108175,0x316,FC 12 CE CE D7 05 F3 96
53.351108175,0x427,B6 67 31 4C 74 88 86 A5
53.358747463,0x1A4,4A 76 E8 18 BE 28 12 99
53.358747463,0x316,19 B2 5B D2 43 38 35 7F
53.358747463,0x427,F0 0C E4 ED 70 93 9E E9
53.370219024,0x1A4,D2 BB D9 18 2C 0B 88 C8
53.370219024,0x316,6E F7 29 9B E6 DB 78 87
53.370219024,0x427,4E D7 5C FD DC BD 29 7E
53.381273978,0x1A4,8C BE CB 18 C3 23 43 39
53.381273978,0x316,8A 17 E5 A5 B1 9D AB 10
53.381273978,0x427,3D A1 DB 32 B7 67 97 76
53.389956385,0x1A4,76 06 BC 18 C4 70 63 70
53.389956385,0x316,67 5D 66 AF D3 88 CA 1E
53.389956385,0x427,8E 5E 4C D0 97 AB 21 6A
53.399900431,0x1A4,7C 40 AD 18 CE 5A 5D 9A
53.399900431,0x316,82 89 79 8E B2 E3 F9 BF
53.399900431,0x427,36 E2 E8 4A CC 4D 20 1A
53.411612465,0x1A4,6C E7 9F 18 0D A7 77 E8
53.411612465,0x316,F3 03 CB 61 6E 81 98 F4
53.411612465,0x427,EB DC 7D 19 AA 27 00 26
53.419672180,0x1A4,72 5C 90 18 E1 09 26 7C
53.419672180,0x316,4F 39 62 49 3E 14 DA F3
53.419672180,0x427,49 17 92 0C A2 5C 2A 7C
53.431516963,0x1A4,A6 31 81 18 BC 3A 2E 92
53.431516963,0x316,D5 FC 23 44 6B C6 8C 3F
53.431516963,0x427,B9 79 B9 3B F2 F0 B6 D4
53.440451564,0x1A4,21 12 72 18 EB 37 1F C3
53.440451564,0x316,9C 88 83 52 0A 44 D8 6F
53.440451564,0x427,D5 17 DA 2E 0C DD FF 35
53.448254210,0x1A4,BA EE 64 18 BF B6 5A B0
53.448254210,0x316,83 FD 8F F7 B3 79 F0 83
53.448254210,0x427,0C 86 73 AB 47 24 4A 97
53.459381748,0x1A4,42 DF 55 18 C1 D7 02 4A
53.459381748,0x316,2E 92 36 95 A1 C2 86 91
53.459381748,0x427,9F D7 76 E9 D0 11 2B 1D
53.471285378,0x1A4,34 44 47 18 FD C0 4C 9C
53.471285378,0x316,D4 82 31 72 40 6E 98 CE
53.471285378,0x427,01 CA C0 03 9E 9F 26 11
53.480154430,0x1A4,3A 01 38 18 7C 5F 92 D2
53.480154430,0x316,44 F0 3B E9 F8 F4 9C 43
53.480154430,0x427,32 CB 46 2A F8 23 28 E2
53.489680210,0x1A4,95 0E 29 18 1A 7E 1E D9
53.489680210,0x316,C5 86 F0 FC F0 51 AC F4
53.489680210,0x427,CD E1 0A A9 CA A2 BA 23
53.498742210,0x1A4,71 0D 1B 18 39 22 DF 36
53.498742210,0x316,3D E8 9E 77 D3 13 0D 0D
53.498742210,0x427,2B 7A FC 83 8E 2C F3 75
53.510132478,0x1A4,F0 4F 0C 18 1B 8E 71 E7
53.510132478,0x316,AE 81 61 8A 62 D3 20 D8
53.510132478,0x427,60 45 E9 2B E1 93 0E 1B
53.519531089,0x1A4,1C 33 FD 17 F5 61 26 69
53.519531089,0x316,19 66 0F 0E 0E 93 4D D7
53.519531089,0x427,51 2E 8A 28 42 4D 27 A9
53.531780790,0x1A4,8F E6 EF 17 0F 84 C5 A8
53.531780790,0x316,15 9D 05 07 1D B9 7D A1
53.531780790,0x427,6E C2 A1 CD BC 9A 12 A9
53.539325699,0x1A4,0C 8A E0 17 B6 08 6E 42
53.539325699,0x316,FA 08 57 18 84 A7 80 D9
53.539325699,0x427,16 BB 4E EE 66 4D E5 E6
53.548665076,0x1A4,75 4C D2 17 76 1E B6 8B
53.548665076,0x316,22 40 97 F1 3C 39 26 F9
53.548665076,0x427,71 71 97 CC 2B 99 6C 15
53.560193718,0x1A4,59 C5 C3 17 7E 7D 8F 5E
53.560193718,0x316,40 4F 31 AF 5C 47 AA B3
53.560193718,0x427,32 AA 3C C0 48 5E 7E 9D
53.568830709,0x1A4,FE EA B4 17 D8 08 51 83
53.568830709,0x316,FA FA 70 98 07 14 24 81
53.568830709,0x427,9C 25 8C E2 35 9C 38 FE
53.578754751,0x1A4,E2 A9 A6 17 6F BF AF 95
53.578754751,0x316,E9 27 D6 72 C8 F4 9C E6
53.578754751,0x427,A0 F6 87 25 79 13 BF E5
53.591043125,0x1A4,D9 31 97 17 C8 4E 60 15
53.591043125,0x316,7E E0 DB F9 F1 EB C7 71
53.591043125,0x427,1A A9 67 F6 63 DE BC 05
53.599057226,0x1A4,F4 FA 89 17 FC 76 16 D6
53.599057226,0x316,12 B8 99 89 CF 2C EF 80
53.599057226,0x427,6A F5 3E A0 55 0F 70 96
53.610132898,0x1A4,DC DB 7A 17 A0 25 2E 4A
53.610132898,0x316,9D 85 84 ED 45 2B 57 A9
53.610132898,0x427,C9 8A 1A 82 6F 31 D1 07
53.620221919,0x1A4,BB BC 6C 17 D5 5C 02 D2
53.620221919,0x316,88 63 F5 D9 EC 74 13 12
53.620221919,0x427,CC 39 73 F8 E1 2A EF 8B
53.629079622,0x1A4,31 5F 5D 17 ED F8 24 66
53.629079622,0x316,A3 E7 E7 E4 8C B3 91 42
53.629079622,0x427,87 6B DA 4D 9A 92 FC 88
53.639665402,0x1A4,37 BD 4F 17 72 B4 24 29
53.639665402,0x316,6F 52 01 C2 EB 3C C8 1E
53.639665402,0x427,50 D4 87 73 82 B0 61 F2
53.650720429,0x1A4,2B 4D 40 17 61 36 29 E2
53.650720429,0x316,33 26 26 5B BF 45 9E 85
53.650720429,0x427,20 7E 5D 83 94 3B C9 BC
53.661602900,0x1A4,61 93 32 17 8E EB AE 3B
53.661602900,0x316,60 CC 32 92 76 73 9C FB
53.661602900,0x427,4D 03 BB 70 EC 03 F7 F8
53.668635955,0x1A4,3F CA 23 17 5B 4F B1 5F
53.668635955,0x316,FF FF 0A 70 EB C6 B8 EE
53.668635955,0x427,D0 E4 F3 02 1E 71 02 8A
53.678121032,0x1A4,BD E0 15 17 20 85 CC 0F
53.678121032,0x316,31 BB D6 CF 1A D0 93 06
53.678121032,0x427,F9 A2 6E 42 23 AA 43 8A
53.688434457,0x1A4,45 8C 06 17 B9 A9 35 6B
53.688434457,0x316,AD 39 6C 79 67 81 F8 51
53.688434457,0x427,3D 91 28 79 56 40 A5 AA
53.700495057,0x1A4,FD 87 F8 16 05 EF 2C D4
53.700495057,0x316,69 26 B4 D7 30 56 09 2E
53.700495057,0x427,7F 18 95 D7 AE B0 5C 30
53.710412863,0x1A4,C7 0E E9 16 B1 E3 3C 90
53.710412863,0x316,79 F3 CA 15 2B AE AF 4C
53.710412863,0x427,8B 82 7E 98 97 0C 3A 67
53.718240059,0x1A4,75 C9 DB 16 84 73 BD C3
53.718240059,0x316,86 2E E0 A5 A9 FB 00 AB
53.718240059,0x427,A4 27 83 15 07 5E 24 EF
53.729012697,0x1A4,72 9C CC 16 C9 3A CA 82
53.729012697,0x316,DF EA 17 E4 20 50 EB 7F
53.729012697,0x427,86 93 A1 AC 7A 3A 30 D1
53.741852145,0x1A4,B2 6A BE 16 82 FD 39 45
53.741852145,0x316,9A 56 9D CA 26 57 54 2A
53.741852145,0x427,99 28 93 99 BD 24 A0 AB
53.749136005,0x1A4,7A D3 AF 16 AE C5 47 8F
53.749136005,0x316,C3 32 60 E7 F1 25 33 81
53.749136005,0x427,4C 0A 83 26 1C B3 9E 76
53.758394122,0x1A4,90 99 A1 16 1F 55 8D C0
53.758394122,0x316,60 F6 60 64 F9 DD 1E 94
53.758394122,0x427,3B 27 7A F1 7B 9E C1 FF
53.770371387,0x1A4,EF 37 92 16 EF 91 22 EE
53.770371387,0x316,A9 18 12 D9 FC 90 25 7A
53.770371387,0x427,A9 23 22 AA 7D D3 A8 A2
53.779395807,0x1A4,9B 76 84 16 AE EC 62 44
53.779395807,0x316,0F E0 0A 0B 1B 54 BE 96
53.779395807,0x427,D4 C4 C9 5A D0 D8 B5 3A
53.790762803,0x1A4,E6 33 76 16 71 9C 2F 1E
53.790762803,0x316,0E FB 36 42 39 D4 9B E7
53.790762803,0x427,4A 4C 5C CA 4E CE A3 16
53.799628214,0x1A4,D1 14 67 16 B5 C2 BA 94
53.799628214,0x316,66 FD 6B 6C 5E 57 CC 1C
53.799628214,0x427,4D B9 C7 5A 12 AE 59 6D
53.810373545,0x1A4,07 F9 59 16 8B 14 8E 7E
53.810373545,0x316,23 55 4B E6 21 E9 45 8D
53.810373545,0x427,B5 87 6F A4 8F 3C 84 3F
53.819653885,0x1A4,94 CA 4A 16 B6 3E CD 7C
53.819653885,0x316,17 EC BB 48 67 E0 97 AC
53.819653885,0x427,B9 A3 CD E4 52 8A F8 CE
53.830037264,0x1A4,56 D1 3C 16 BC 42 9F 8D
53.830037264,0x316,46 62 E5 8E 0E A1 60 39
53.830037264,0x427,05 9A 53 55 73 B3 0D B9
53.839666868,0x1A4,82 6C 2E 16 E1 88 A2 5A
53.839666868,0x316,32 EF 64 1B 04 8E 6E C7
53.839666868,0x427,A4 AE 56 EE 73 41 D2 75
53.848122003,0x1A4,BD A0 1F 16 A5 D3 40 CC
53.848122003,0x316,7F FC E6 DB 5A 21 08 CE
53.848122003,0x427,28 0D 9C A8 70 FC 86 AB
53.861321595,0x1A4,77 2B 11 16 D9 B1 ED 65
53.861321595,0x316,C6 8B 85 2E 92 35 F8 4A
53.861321595,0x427,3A F3 D6 A3 34 1A 90 0B
53.869418817,0x1A4,F0 1E 03 16 DC AF D0 9A
53.869418817,0x316,17 38 1D ED A6 1B F0 6B
53.869418817,0x427,B4 FE B6 B3 75 5D C0 A3
53.880209516,0x1A4,F8 4E F4 15 5D 3C C8 D5
53.880209516,0x316,65 7A 1D 9C 65 27 56 60
53.880209516,0x427,71 2C 3C 62 8C FB FA 8B
53.890344508,0x1A4,54 D9 E6 15 43 2E 69 B8
53.890344508,0x316,06 FD CB 43 89 A1 80 EF
53.890344508,0x427,C0 2E 9F 9C 34 25 E7 6D
53.900333939,0x1A4,B5 19 D8 15 72 4A 01 44
53.900333939,0x316,82 B9 FB 73 DC CF FE 82
53.900333939,0x427,31 08 F9 4F C1 1D D5 26
53.910678224,0x1A4,53 1B C9 15 25 79 A6 71
53.910678224,0x316,85 37 F9 02 A4 AE 27 27
53.910678224,0x427,C3 C2 92 8F 91 57 88 56
53.921643087,0x1A4,D9 69 BB 15 61 A6 CC 62
53.921643087,0x316,CC 5F 70 24 9E 20 E9 28
53.921643087,0x427,5F A5 31 FB A3 74 F4 EE
53.928662516,0x1A4,8E B9 AD 15 84 B5 7A 94
53.928662516,0x316,FD 95 92 C2 1E 9B 3F 3E
53.928662516,0x427,1E 44 55 D3 48 66 5C A1
53.938669975,0x1A4,7E F7 9E 15 F5 A2 74 46
53.938669975,0x316,31 1F E9 8A A8 4F F5 8B
53.938669975,0x427,1E C8 03 20 AC 7F 16 00
53.951409291,0x1A4,0D FE 90 15 E4 A5 B8 F7
53.951409291,0x316,A7 2A E9 92 6B A8 CC F5
53.951409291,0x427,56 75 12 CA 9B 9B 56 C7
53.961412361,0x1A4,46 29 82 15 7B 37 13 44
53.961412361,0x316,09 FE DC 88 91 F4 6E 66
53.961412361,0x427,AA 40 5F 88 25 22 5A B2
53.969459291,0x1A4,77 8A 73 15 FF 10 5B 3A
53.969459291,0x316,E9 5C 34 9D 34 BD 84 0A
53.969459291,0x427,42 96 5D E1 BD AE 97 6F
53.980758465,0x1A4,C9 89 65 15 67 C6 29 FC
53.980758465,0x316,3E 20 2F 42 28 13 2B 65
53.980758465,0x427,0F 0F C2 7A E5 21 BE 26
53.991699792,0x1A4,95 A5 57 15 B6 4F CE FC
53.991699792,0x316,AF BE BD C0 47 30 F7 86
53.991699792,0x427,A8 F1 F6 71 BB E6 18 9A
53.999261405,0x1A4,43 5E 48 15 F7 44 72 11
53.999261405,0x316,51 31 C7 6C A9 62 A5 05
53.999261405,0x427,41 98 8C 9F F5 D6 40 D5
54.011377455,0x1A4,ED A2 3A 15 2D 9F D4 16
54.011377455,0x316,C9 39 C6 4C 9E 08 E8 12
54.011377455,0x427,04 50 E6 36 A0 82 AB FF
54.020258165,0x1A4,46 F9 2C 15 C0 0A EA 1C
54.020258165,0x316,9D BA 24 96 96 2B 64 E5
54.020258165,0x427,00 58 B6 C1 E1 44 85 FE
54.030983257,0x1A4,3F 95 1E 15 A4 9D 8F 3F
54.030983257,0x316,9F 50 95 5B BD 2A 43 A9
54.030983257,0x427,84 DC 67 C1 27 EE B4 FC
54.040046953,0x1A4,BC 49 0F 15 B3 65 DD A3
54.040046953,0x316,DC E2 9A D0 42 6E CA 29
54.040046953,0x427,47 DF A2 FF 2A 92 1C D2
54.051975185,0x1A4,92 A1 01 15 01 C5 5E 34
54.051975185,0x316,A9 DB F8 B6 D0 05 4A 68
54.051975185,0x427,18 4C A3 1B E0 E0 8E 3B
54.061288123,0x1A4,EF B2 F3 14 86 D5 A0 79
54.061288123,0x316,CA 34 3F B8 7C 9A 5A 68
54.061288123,0x427,93 2E FA E4 8E D0 1B 00
54.068460606,0x1A4,97 8D E5 14 1C BB C3 2F
54.068460606,0x316,B7 A4 23 FB 9F E9 A5 3F
54.068460606,0x427,A1 E0 35 0B 1B 07 19 EB
54.080023715,0x1A4,B7 BB D7 14 5C 50 3B 52
54.080023715,0x316,D3 44 69 8E 40 C0 D3 82
54.080023715,0x427,A3 4E 2A 18 E1 43 8E 66
54.089873083,0x1A4,7F 7D C8 14 AE 46 9E C7
54.089873083,0x316,90 BB 7E D4 FE F0 48 B3
54.089873083,0x427,E6 42 9D 05 46 66 F6 E8
54.098870984,0x1A4,01 04 BA 14 7B AE 3D 5C
54.098870984,0x316,7A BC 0B E8 EF 21 C6 F4
54.098870984,0x427,64 50 46 47 A6 39 1F C0
54.109088917,0x1A4,7C A6 AC 14 61 1D DF 7E
54.109088917,0x316,01 6D 07 25 74 68 1E 43
54.109088917,0x427,9C C6 E3 1F 5F 80 C4 9D
54.121937551,0x1A4,05 AE 9E 14 43 8D CD 6D
54.121937551,0x316,05 D3 60 51 90 20 79 A6
54.121937551,0x427,25 B2 14 08 AC AC 7F DF
54.128182778,0x1A4,BB BD 8F 14 B2 8B 6F B2
54.128182778,0x316,6D E0 05 4A F9 A7 0A 46
54.128182778,0x427,8D B7 3B 07 F0 92 A6 C9
54.139620478,0x1A4,49 49 81 14 99 97 98 6A
54.139620478,0x316,1C B7 ED 66 1A 4E 5A D8
54.139620478,0x427,BA 89 2C 10 CE F2 54 78
54.150620366,0x1A4,A3 5C 73 14 AB A1 86 BD
54.150620366,0x316,2E 20 F7 7B 3D FC 85 E5
54.150620366,0x427,7B 9B 5B E9 27 7A 6D EE
54.160729427,0x1A4,D6 96 65 14 99 B3 B9 10
54.160729427,0x316,64 FF BB C5 9C A1 0A 84
54.160729427,0x427,D2 79 74 20 35 F4 3F B3
54.170406780,0x1A4,3E A1 57 14 AD 3E 34 98
54.170406780,0x316,26 1B CA 89 4E 80 BF 92
54.170406780,0x427,95 24 C5 C0 54 5D EF 8B
54.181790994,0x1A4,4E 97 49 14 07 6E B5 0A
54.181790994,0x316,71 D1 F4 8B 78 B7 81 8A
54.181790994,0x427,45 57 D8 F4 90 66 55 E8
54.190932576,0x1A4,47 94 3A 14 33 E1 BA 00
54.190932576,0x316,46 C1 C5 DD 0D 94 94 66
54.190932576,0x427,1D 9D 33 76 DF FA 54 D5
54.199285363,0x1A4,2A 5C 2C 14 14 E1 3C 25
54.199285363,0x316,87 50 CE 18 86 EE 80 45
54.199285363,0x427,D8 F0 61 14 42 AE 5E 71
54.211416526,0x1A4,CB BD 1E 14 61 35 E8 69
54.211416526,0x316,19 40 58 84 19 D3 08 D9
54.211416526,0x427,41 6F CA FE 63 2A C6 1A
54.218343987,0x1A4,08 FA 10 14 E6 35 FA 39
54.218343987,0x316,4C D9 F8 D6 35 19 92 53
54.218343987,0x427,23 46 5F 9F 6A 05 49 2F
54.230140844,0x1A4,D8 3B 02 14 41 3D FF 64
54.230140844,0x316,70 35 68 A0 AE 62 64 60
54.230140844,0x427,35 B6 7A F2 07 C6 D8 43
54.238203801,0x1A4,3C 16 F4 13 B4 52 14 6C
54.238203801,0x316,9C DB D0 9D F9 5F C5 A9
54.238203801,0x427,09 D4 D4 89 DF 5C 0E 9E
54.251183634,0x1A4,C8 2A E6 13 0D 7D 46 EA
54.251183634,0x316,63 E0 BC 3F 39 D9 E9 B2
54.251183634,0x427,6D 5D AA F9 02 DA EE 94
54.260794665,0x1A4,8C F4 D8 13 82 77 4C B2
54.260794665,0x316,B6 F8 58 9E 8A 72 AF 8C
54.260794665,0x427,9C 8E BA 70 43 0D C6 4F
54.268173489,0x1A4,56 C8 C9 13 44 9C B8 81
54.268173489,0x316,3D DC 93 61 FE 6B 35 91
54.268173489,0x427,8A 30 F6 4F 79 EE 4D B0
54.280986159,0x1A4,6A 66 BB 13 23 2A E2 DD
54.280986159,0x316,4D A1 1D 17 6C AD CB 53
54.280986159,0x427,CB EA 1C 57 DE 3F 9E 96
54.290665906,0x1A4,68 3D AD 13 CF F0 98 FA
54.290665906,0x316,2B 2F 45 50 57 5F B7 CD
54.290665906,0x427,A9 A3 EF A8 AA F5 9E 0C
54.298448625,0x1A4,87 4B 9F 13 B3 1E C6 1F
54.298448625,0x316,F5 40 1B 9D 9D 22 80 22
54.298448625,0x427,E8 FF ED B8 94 26 5F 99
54.310620005,0x1A4,FC 38 91 13 84 95 3A 2E
54.310620005,0x316,C1 A0 FF 0E 25 06 46 D8
54.310620005,0x427,32 E5 FC AF 72 A1 F2 C7
54.320240010,0x1A4,8D 43 83 13 B1 9C A3 FE
54.320240010,0x316,CE 35 7F 5C 4A D7 13 3F
54.320240010,0x427,BE FE 6D B2 5D 73 C2 ED
54.330446624,0x1A4,9D 52 75 13 A1 95 9F E3
54.330446624,0x316,91 3A DC B1 1E 98 63 0B
54.330446624,0x427,63 3E EC 59 AA 07 07 1D
54.340586416,0x1A4,D9 A9 67 13 61 93 77 79
54.340586416,0x316,4C 8B 1F 14 62 CA 27 6C
54.340586416,0x427,99 C1 C9 AE 5C 29 6B BA
54.350386335,0x1A4,18 86 59 13 6C 35 21 3A
54.350386335,0x316,48 4B 20 D5 7D E2 93 98
54.350386335,0x427,CB 67 AE 89 A3 5C B1 C0
54.360194750,0x1A4,1C 6B 4B 13 1D 2B 24 8E
54.360194750,0x316,64 93 B8 CE C6 3B 17 65
54.360194750,0x427,4E 3A 07 35 84 F6 D6 6B
54.371408064,0x1A4,8E BB 3D 13 2A 29 A1 3F
54.371408064,0x316,B1 81 29 69 FD 3C D2 F9
54.371408064,0x427,5F 65 98 B5 67 53 CA A5
54.379891164,0x1A4,A2 01 2F 13 09 25 9A 19
54.379891164,0x316,96 44 C1 83 A6 F6 4A 94
54.379891164,0x427,1D 28 89 42 55 1F E1 53
54.389398136,0x1A4,2D D8 21 13 C1 6D 78 99
54.389398136,0x316,43 A7 49 0E 68 06 05 61
54.389398136,0x427,DB 42 4A 7C 17 35 F7 01
54.399166196,0x1A4,22 35 13 13 4F 89 57 06
54.399166196,0x316,C7 13 18 98 5C CF F3 A7
54.399166196,0x427,A4 63 BD A6 F5 CB 88 92
54.411258718,0x1A4,4C 09 05 13 44 21 97 CE
54.411258718,0x316,43 79 C9 22 C6 7A 78 4C
54.411258718,0x427,50 34 C5 87 4A 76 A5 F8
54.418420544,0x1A4,69 BA F7 12 40 45 0E 40
54.418420544,0x316,07 32 CE 2D AB 75 05 0C
54.418420544,0x427,A8 D8 16 4B 02 71 A6 EB
54.428274732,0x1A4,24 86 E9 12 21 DF A6 FF
54.428274732,0x316,7B ED 02 60 52 51 B2 AE
54.428274732,0x427,5A B1 7C DD 45 02 23 46
54.438260447,0x1A4,8E A6 DB 12 00 F3 2C E7
54.438260447,0x316,29 58 95 BD C8 79 8F DC
54.438260447,0x427,C2 52 87 8E 5B 28 07 9D
54.449906197,0x1A4,B1 21 CD 12 64 4C 6C 6E
54.449906197,0x316,CC 62 5C 7F 3B ED 13 69
54.449906197,0x427,32 F4 CC 0C CE 0B AE 53
54.461459411,0x1A4,6E 90 BF 12 AF D9 90 6F
54.461459411,0x316,1F 01 1B 43 CD A4 6D 29
54.461459411,0x427,34 C6 AC 03 CF 0F F8 D1
54.468145319,0x1A4,05 67 B1 12 F3 C3 6F EE
54.468145319,0x316,0B CB 8C 4F 87 4C 93 50
54.468145319,0x427,48 70 70 6C 85 54 7C DD
54.480457575,0x1A4,AC 64 A3 12 73 8F 72 7D
54.480457575,0x316,0F AB 9A C1 56 BE 6E 71
54.480457575,0x427,99 C8 04 57 CE C6 9A 89
54.491050680,0x1A4,DC 7E 95 12 AE 9D 78 07
54.491050680,0x316,13 D4 3A 92 93 EA 5B 73
54.491050680,0x427,F9 05 53 C8 69 3D F7 F3
54.498332016,0x1A4,27 42 87 12 42 00 9C C4
54.498332016,0x316,4E 8B A5 51 B6 5E FA F6
54.498332016,0x427,D7 EF 81 38 2D C1 39 31
54.511288706,0x1A4,5E 9F 79 12 E0 DC A4 81
54.511288706,0x316,81 D2 25 CE 88 E9 CD 9B
54.511288706,0x427,22 6C 65 07 E1 B9 D6 6C
54.521427409,0x1A4,8C C4 6B 12 EE 91 15 3E
54.521427409,0x316,53 CC 66 DB F9 42 40 C8
54.521427409,0x427,0D 7F 99 5E 3F 17 12 42
54.529925617,0x1A4,85 AC 5D 12 8D 27 89 67
54.529925617,0x316,B6 0A 3A E0 05 48 9A 61
54.529925617,0x427,C6 FA 84 C8 B1 82 7C 21
54.541236049,0x1A4,15 A2 4F 12 A5 3D 2F A2
54.541236049,0x316,54 F2 2F 2F A2 8D 3A C5
54.541236049,0x427,4F 26 32 6B 3A 58 25 56
54.551730132,0x1A4,1C 6B 41 12 84 62 08 4A
54.551730132,0x316,A3 8D DF 0D 50 04 C0 1B
54.551730132,0x427,DE 64 80 65 BC A5 F3 A1
54.558797213,0x1A4,14 29 33 12 2A D6 88 9A
54.558797213,0x316,52 A0 B5 9B F6 87 D6 58
54.558797213,0x427,2F 54 99 3A 5D E3 E3 EC
54.571344194,0x1A4,ED 38 25 12 CB 0D 58 02
54.571344194,0x316,B7 EC DD B1 36 02 92 EE
54.571344194,0x427,88 55 DE AC 4E 48 ED 6C
54.581134624,0x1A4,05 12 17 12 C2 FE 06 DB
54.581134624,0x316,AE 10 CE 2F 1F 66 50 1E
54.581134624,0x427,C2 C3 C6 2C 26 AF F3 26
54.590699373,0x1A4,0D F2 09 12 7A E5 58 2E
54.590699373,0x316,4E 73 99 F6 1C D4 14 C3
54.590699373,0x427,FF 4D 56 CC E5 71 B1 73
54.598298534,0x1A4,98 55 FB 11 4A 97 DE F6
54.598298534,0x316,E2 6D A0 E1 37 1F 76 7A
54.598298534,0x427,D3 AE A6 B1 B9 D4 19 A8
54.611774974,0x1A4,2D AF ED 11 31 8C 84 4F
54.611774974,0x316,BD 68 B7 66 6C E1 63 22
54.611774974,0x427,0E FB 88 C3 3B B8 E5 50
54.618850620,0x1A4,C5 77 DF 11 09 B0 3C 11
54.618850620,0x316,07 72 E0 63 53 8D 1A 07
54.618850620,0x427,3C 38 89 1A FF 9B 3D 14
54.629350322,0x1A4,4C D8 D1 11 72 11 EB 47
54.629350322,0x316,21 43 8A B5 3E 42 C6 FB
54.629350322,0x427,93 02 94 19 A1 FB A0 17
54.639782920,0x1A4,73 C4 C3 11 1A E0 24 E9
54.639782920,0x316,AE 01 F0 F8 C3 B3 0E DA
54.639782920,0x427,A1 3B DC 80 02 8D B6 D0
54.648793965,0x1A4,0E 27 B6 11 34 B6 4E 40
54.648793965,0x316,51 7C 8D 88 90 74 00 CC
54.648793965,0x427,B9 AA 5E 84 DA E3 B0 A3
54.660564519,0x1A4,E8 04 A8 11 EA B9 4D FE
54.660564519,0x316,7C 1A 5A 0F 80 08 91 01
54.660564519,0x427,5F AA AF C2 17 33 89 E7
54.670227595,0x1A4,75 D9 9A 11 E5 07 6F 89
54.670227595,0x316,5B F5 D7 03 45 AF BC 1B
54.670227595,0x427,89 6C 7E 79 42 3F BC 96
54.679472737,0x1A4,95 4B 8C 11 DC F1 62 FB
54.679472737,0x316,C1 8F 65 65 49 F2 2F 7B
54.679472737,0x427,CE EF 01 B6 58 CB 99 7E
54.689650638,0x1A4,80 EB 7E 11 09 71 0F 8F
54.689650638,0x316,3F EB BA 20 FF 70 25 32
54.689650638,0x427,A4 04 E7 DF 14 01 42 14
54.698150225,0x1A4,B2 76 70 11 5C 4B ED 93
54.698150225,0x316,52 49 74 98 2E 1D EA E1
54.698150225,0x427,C0 BE 17 F1 B6 CD BD 5B
54.710114532,0x1A4,FF C5 62 11 C9 01 44 EE
54.710114532,0x316,63 A7 1C C9 0B 2F B3 E5
54.710114532,0x427,32 99 7C 03 96 0E 55 EE
54.719714339,0x1A4,8E 3C 54 11 1C 3F F0 45
54.719714339,0x316,F0 9D 34 72 71 76 89 22
54.719714339,0x427,FE F0 84 FE 81 16 E1 B7
54.729426243,0x1A4,7B A5 47 11 C3 22 E3 CA
54.729426243,0x316,43 FA 5B 43 48 49 4D DA
54.729426243,0x427,F9 1B 03 2A 56 E6 7A A3
54.741489378,0x1A4,AD 82 39 11 72 06 CC 6C
54.741489378,0x316,05 E4 7D 13 2E CC B3 25
54.741489378,0x427,D2 90 FE BA C8 72 64 1C
54.749544985,0x1A4,0D C7 2B 11 B7 CA 24 2A
54.749544985,0x316,2C 4A B0 0D 7F 32 32 34
54.749544985,0x427,67 F0 5C 87 24 83 50 40
54.758794791,0x1A4,F7 21 1D 11 08 35 44 BC
54.758794791,0x316,96 26 7D C2 0F 75 6E E2
54.758794791,0x427,20 83 8D 7A E8 29 97 57
54.768368098,0x1A4,BC A1 0F 11 73 F7 19 6E
54.768368098,0x316,2D 0E 81 58 8C 84 49 B2
54.768368098,0x427,15 CF B7 96 CA 43 C0 BA
54.780104068,0x1A4,0E 57 01 11 A5 48 CC DD
54.780104068,0x316,90 B4 A7 C0 6D 27 44 88
54.780104068,0x427,2E DE 4F 0C BD 7B 11 76
54.788093713,0x1A4,68 FF F4 10 99 D3 B0 59
54.788093713,0x316,17 98 44 F9 74 0C AA D1
54.788093713,0x427,1B EE B3 A2 F5 B6 36 2B
54.799228673,0x1A4,48 BD E6 10 38 2C C0 FB
54.799228673,0x316,A4 27 C5 43 7D 57 AF F2
54.799228673,0x427,41 2E 99 83 4D 8E C1 2C
54.811288260,0x1A4,E8 9F D8 10 2B 26 BF 20
54.811288260,0x316,61 87 97 1F 28 C0 F7 AB
54.811288260,0x427,02 CD B7 8E 69 EA D8 B1
54.818164585,0x1A4,CA 3C CA 10 88 19 89 3B
54.818164585,0x316,40 EE E2 80 58 40 05 53
54.818164585,0x427,16 34 EF E0 BE E1 D2 40
54.829618372,0x1A4,A9 F1 BC 10 53 AE 02 CC
54.829618372,0x316,3E B1 9E C0 98 E3 DD FA
54.829618372,0x427,9B BF 34 F3 AA E5 B2 44
54.840512673,0x1A4,42 F6 AF 10 AD 28 0C 08
54.840512673,0x316,A0 94 02 AD 1B 85 CF F1
54.840512673,0x427,22 7E E2 6D F9 98 24 41
54.849104812,0x1A4,38 73 A1 10 37 4B 1F A7
54.849104812,0x316,18 B6 0F 5E 8A 52 03 49
54.849104812,0x427,50 0A F7 A6 E4 FE 9B 77
54.861059049,0x1A4,4E 81 93 10 6D 67 61 BD
54.861059049,0x316,37 CB 48 25 7F D2 AF DE
54.861059049,0x427,8F 18 62 32 E9 56 73 D8
54.870510447,0x1A4,0F 40 85 10 03 DC A2 13
54.870510447,0x316,4F F3 84 1C B8 59 D3 23
54.870510447,0x427,37 6A C8 F1 E8 6E 8C 31
54.880979059,0x1A4,DC 47 77 10 C3 88 45 EF
54.880979059,0x316,87 44 82 B6 2A F8 16 FC
54.880979059,0x427,4A 0B 8C 72 1B 4C 14 49
54.890426869,0x1A4,99 65 6A 10 E0 52 8A 89
54.890426869,0x316,06 00 62 9D 0E FA ED C3
54.890426869,0x427,FE E2 89 BC A4 FE 20 BB
54.898195363,0x1A4,7A 89 5C 10 40 C9 C2 7D
54.898195363,0x316,9E D4 A2 AE A6 68 A9 F0
54.898195363,0x427,68 18 EC 9E 7C B6 C2 BB
54.910070501,0x1A4,E9 16 4E 10 FE D9 B8 FB
54.910070501,0x316,69 D4 B9 15 1B 5C 64 73
54.910070501,0x427,2B 38 3A 70 27 1A B3 E6
54.921209027,0x1A4,B1 9C 40 10 9C C3 EC 65
54.921209027,0x316,B3 CF 9F C3 06 C3 CE 34
54.921209027,0x427,01 72 2E 3E 53 8B 1C AA
54.929305719,0x1A4,A2 D6 33 10 2F F9 22 A5
54.929305719,0x316,DA 5E 3A A4 A8 5E B3 AD
54.929305719,0x427,6E D9 04 BE 13 6A 96 2A
54.939534162,0x1A4,A8 CB 25 10 94 D6 72 2B
54.939534162,0x316,0C 4A DC 07 ED 8A 0E 31
54.939534162,0x427,90 AD 1B DE B9 89 25 D5
54.948377680,0x1A4,7D 4D 17 10 E0 15 F5 89
54.948377680,0x316,64 5E 27 61 7D 99 61 AF
54.948377680,0x427,39 81 72 2B 58 6F D4 D1
54.960626913,0x1A4,0B 72 09 10 41 3D D2 E5
54.960626913,0x316,F2 16 88 79 12 82 87 5A
54.960626913,0x427,20 E9 D6 B6 76 C6 3A 03
54.969600487,0x1A4,CD AB FC 0F F3 9F FB 8A
54.969600487,0x316,32 29 8F 0F 40 30 1B CD
54.969600487,0x427,BE 8C C7 D8 44 B5 38 11
54.979353247,0x1A4,D4 58 EE 0F A2 B9 B6 C8
54.979353247,0x316,CC 0F 14 63 A3 5A 5A F6
54.979353247,0x427,AF 53 37 3F CB B6 A2 D3
54.988586415,0x1A4,B7 04 E0 0F 47 16 43 41
54.988586415,0x316,3C 27 36 54 72 64 FA B6
54.988586415,0x427,0C C0 A5 A2 F3 B3 C1 31
54.999678354,0x1A4,EF CD D3 0F DE 11 F9 62
54.999678354,0x316,67 9C DF 9B 6A 68 8C FE
54.999678354,0x427,D4 A7 F6 CA 0D A0 96 FA
55.008025239,0x1A4,05 6C C5 0F 5D 2E 33 53
55.008025239,0x316,0B 9D 1C B8 13 01 9A 8B
55.008025239,0x427,D4 50 C7 80 35 12 6A D4
55.020878648,0x1A4,E1 56 B7 0F 9A BB 4A 44
55.020878648,0x316,49 EA C6 9F F3 B2 CF E4
55.020878648,0x427,6C 66 BC 3A 61 FE BD 54
55.031172992,0x1A4,2D 7C A9 0F 82 B7 C1 3A
55.031172992,0x316,8E 8B 8F E1 8A BB 3A 4E
55.031172992,0x427,E0 53 06 03 FC D2 27 09
55.038922012,0x1A4,43 4D 9C 0F 74 AE BB EB
55.038922012,0x316,72 2B FC DC 69 81 33 B3
55.038922012,0x427,45 D5 AF C9 F3 04 66 A2
55.050097677,0x1A4,DA B6 8E 0F 3E 0F 95 1A
55.050097677,0x316,48 86 C3 83 24 15 B2 11
55.050097677,0x427,44 6C 14 B7 E1 DB 61 DF
55.060571291,0x1A4,6D 79 80 0F 6A 55 C7 70
55.060571291,0x316,34 3F 63 79 6C EF 51 81
55.060571291,0x427,40 FE 5E 49 F0 DC A1 83
55.068955741,0x1A4,8B 46 73 0F E5 58 24 11
55.068955741,0x316,E5 05 B2 D7 41 CB CB 6C
55.068955741,0x427,1B 3A 68 58 0F 75 28 FD
55.078923989,0x1A4,03 93 65 0F 23 FC 62 47
55.078923989,0x316,46 DE 0C 41 55 EB 1F 41
55.078923989,0x427,E3 BB B2 EA C5 D1 86 AB
55.089837654,0x1A4,F4 66 57 0F EE DC 05 5C
55.089837654,0x316,F1 AC FB 42 57 10 0B 43
55.089837654,0x427,9E 79 70 6D 5D 56 B1 0D
55.099734070,0x1A4,CD 06 4A 0F 11 EA 1F 88
55.099734070,0x316,5B FE D3 35 F1 6C C7 D1
55.099734070,0x427,4A 04 FB 88 32 AE 06 E1
55.108166006,0x1A4,29 E6 3C 0F 65 36 3D B0
55.108166006,0x316,58 95 E2 10 27 E7 A0 79
55.108166006,0x427,FC F6 4E 9A 83 3E 9A 9E
55.121929082,0x1A4,0B 53 2E 0F EC 3F 49 73
55.121929082,0x316,2F 25 5F B4 01 75 C6 C8
55.121929082,0x427,62 BE 6E 8D 53 63 6E 1B
55.131968331,0x1A4,6C 5E 21 0F D4 26 4C A4
55.131968331,0x316,8E 73 AD AF 98 19 A2 A6
55.131968331,0x427,D8 64 72 C1 1C 96 0C E9
55.139750077,0x1A4,D0 7D 13 0F 42 E7 DC B9
55.139750077,0x316,EB 89 65 AB D3 31 0C 52
55.139750077,0x427,BF 2A AD 3D CE 34 C6 A4
55.150981246,0x1A4,3E 7E 05 0F C9 BD 92 1F
55.150981246,0x316,A7 44 A7 25 1B A4 60 89
55.150981246,0x427,13 BF DC 74 55 2B D9 F5
55.158716665,0x1A4,A1 4D F8 0E 9B B2 32 83
55.158716665,0x316,35 EA 3B A9 74 9D 65 41
55.158716665,0x427,F8 35 C7 DF 99 2A F3 89
55.168270568,0x1A4,2E 51 EA 0E CD AB D0 62
55.168270568,0x316,D9 B9 CC CD CF DF 41 9F
55.168270568,0x427,6C CC 61 91 04 AD 4B 94
55.179509106,0x1A4,AB 22 DC 0E F8 D6 F8 FC
55.179509106,0x316,56 73 19 96 B3 F0 16 87
55.179509106,0x427,3D C7 B5 83 BE E2 C2 C6
55.188923624,0x1A4,0A 50 CF 0E 8D 33 82 E2
55.188923624,0x316,BB 65 00 E3 93 67 AB C3
55.188923624,0x427,F3 27 CB B0 03 43 4E 99
55.201681965,0x1A4,97 82 C1 0E 22 EF 5A 4E
55.201681965,0x316,8F DB 42 FE 4D 8F 3B FC
55.201681965,0x427,57 35 83 50 DF 99 32 7B
55.209828093,0x1A4,09 9C B3 0E 4C E4 FC B3
55.209828093,0x316,9F 1F 02 22 9D 15 67 D6
55.209828093,0x427,3C 1C B6 7A F6 9C CA 1A
55.218225472,0x1A4,F6 A5 A6 0E 98 92 F9 D6
55.218225472,0x316,0E CE 0C 73 7F 92 57 AE
55.218225472,0x427,7F 2F 35 23 FF 95 F8 40
55.229767209,0x1A4,69 BA 98 0E A2 79 88 3B
55.229767209,0x316,4A 6C 53 09 3F D4 6A CF
55.229767209,0x427,B5 34 EC 16 33 10 A2 DC
55.241027833,0x1A4,7E 26 8B 0E 1D FB 8A FC
55.241027833,0x316,EE C5 24 99 61 BC 5A 8A
55.241027833,0x427,65 33 69 BF 71 63 A8 F6
55.248876526,0x1A4,88 66 7D 0E 51 88 E1 B5
55.248876526,0x316,43 92 AC 40 86 BC CE 2C
55.248876526,0x427,08 84 8E 44 88 EF D7 21
55.259642003,0x1A4,73 26 6F 0E 9E FB 27 34
55.259642003,0x316,F7 75 E6 D4 B2 F9 86 8E
55.259642003,0x427,CF 09 11 A6 EB 4F F4 39
55.270946799,0x1A4,9D 0F 62 0E AE 6D 14 73
55.270946799,0x316,04 F0 A8 29 16 A1 7E 85
55.270946799,0x427,0C 7D 47 3C AA 13 FF 3C
55.281177919,0x1A4,BB 4F 54 0E BE 5E D7 CA
55.281177919,0x316,D2 88 6B 1A 0D 85 A4 26
55.281177919,0x427,18 1B CD F9 09 D9 DB 1C
55.288802038,0x1A4,D1 9E 47 0E 98 EE 64 A5
55.288802038,0x316,BF 05 D7 A8 01 82 B9 8C
55.288802038,0x427,E1 FA FD 7F 70 8E B3 07
55.301287077,0x1A4,72 5F 39 0E 24 E2 81 EB
55.301287077,0x316,ED 1A 21 D1 14 C7 38 28
55.301287077,0x427,21 6B 96 F1 A6 25 AE E1
55.310804228,0x1A4,F9 77 2B 0E 83 79 C8 35
55.310804228,0x316,64 75 C0 FB 9C 91 22 2C
55.310804228,0x427,5D 6D 5F 84 30 64 EF DD
55.320481048,0x1A4,9C 53 1E 0E 52 57 95 EC
55.320481048,0x316,80 E9 A3 0C 55 5C 31 B6
55.320481048,0x427,73 A9 FC 93 72 8E 9A 8E
55.331811543,0x1A4,CD 53 10 0E A2 9A 4B 36
55.331811543,0x316,CD D7 F3 2A B6 F7 4C 25
55.331811543,0x427,EB 26 02 1F F7 D6 76 0B
55.340584853,0x1A4,28 6C 03 0E F5 F0 F1 1D
55.340584853,0x316,19 AC D0 03 2D A6 63 2F
55.340584853,0x427,E8 8D E2 3A D7 95 FC 2C
55.349920183,0x1A4,65 1F F5 0D 85 73 8A 00
55.349920183,0x316,5F C2 2A 04 A1 C8 22 10
55.349920183,0x427,89 F4 10 B1 67 34 A3 85
55.359524650,0x1A4,B9 F3 E8 0D EE 5A 18 76
55.359524650,0x316,34 B1 18 6F 78 84 20 61
55.359524650,0x427,69 5D 57 1D 08 69 99 0B
55.368560256,0x1A4,43 6E DA 0D 2A 01 A1 07
55.368560256,0x316,E7 40 07 82 7E CD 5D D7
55.368560256,0x427,5E 0F A2 A1 26 3E CC 98
55.378640986,0x1A4,07 A8 CC 0D FF 7A 2A DE
55.378640986,0x316,4D 31 E0 8E 2C A7 67 EB
55.378640986,0x427,9F 5F 52 CD 05 87 3E AD
55.389334643,0x1A4,A5 C0 BF 0D 85 74 01 B7
55.389334643,0x316,68 38 E0 62 B5 E8 27 1F
55.389334643,0x427,56 45 DE 02 8B C1 38 8C
55.398991284,0x1A4,9B 8E B1 0D 43 4C 5D D1
55.398991284,0x316,A8 08 A4 4B D3 4B 79 30
55.398991284,0x427,A6 63 67 5F 63 34 3B 62
55.411764169,0x1A4,65 FD A4 0D 6B F2 CA 17
55.411764169,0x316,32 6E EC 49 8E 58 CC 0F
55.411764169,0x427,02 27 D2 EA AC 38 79 B9
55.420623797,0x1A4,AA 26 96 0D C3 5B D2 E5
55.420623797,0x316,1B 8A 93 8D 7C B1 13 4A
55.420623797,0x427,91 DB B5 ED 61 43 BF 51
55.431824618,0x1A4,03 40 89 0D 44 BA 74 3E
55.431824618,0x316,14 9F 22 A4 45 03 83 F1
55.431824618,0x427,34 FE C5 15 06 2A F2 96
55.438051251,0x1A4,56 4C 7B 0D 9F 5B 4F C1
55.438051251,0x316,60 17 20 0C 82 5B 42 C9
55.438051251,0x427,91 E0 8A 7B 8B C3 BF 46
55.450034833,0x1A4,6F D7 6E 0D E5 33 75 C8
55.450034833,0x316,C7 75 46 C0 D5 0A 35 C4
55.450034833,0x427,78 E0 30 DB DB 85 E2 8C
55.459660064,0x1A4,DD 4B 60 0D 66 87 64 23
55.459660064,0x316,F4 B1 EA 31 1F C9 9A 50
55.459660064,0x427,94 40 30 4F E5 77 9E 68
55.468295491,0x1A4,B0 69 53 0D 9B 51 81 FB
55.468295491,0x316,C7 25 B5 96 BF 14 FF 50
55.468295491,0x427,D7 B8 01 D5 FA C3 20 AD
55.478679845,0x1A4,6B 5A 45 0D C9 1F 00 19
55.478679845,0x316,47 30 ED 08 77 33 EF 00
55.478679845,0x427,82 8C D4 32 D1 DB BB BB
55.488763987,0x1A4,66 88 38 0D C3 21 9D FE
55.488763987,0x316,6D AB 53 04 EF D6 00 75
55.488763987,0x427,82 4A D6 D5 4C A6 68 C0
55.500596922,0x1A4,4D BE 2A 0D 0B EE 7E EA
55.500596922,0x316,1E 6B B0 2E AF EB E5 00
55.500596922,0x427,BF 23 BC 5E 95 24 3F D1
55.510434726,0x1A4,C1 DF 1D 0D CB 1D 69 47
55.510434726,0x316,89 7D 86 F1 3B 21 55 54
55.510434726,0x427,C7 D5 D6 F3 52 75 00 BE
55.520244434,0x1A4,45 8D 0F 0D 82 8E 12 61
55.520244434,0x316,16 49 02 70 50 FF 86 D5
55.520244434,0x427,27 96 14 13 4A 1E D7 54
55.529063576,0x1A4,55 E9 02 0D 09 09 27 E7
55.529063576,0x316,38 60 64 B0 29 B7 CB 0B
55.529063576,0x427,0C E8 97 6F F1 4F CF 6E
55.540980868,0x1A4,D0 18 F4 0C 4E 5F 9A E5
55.540980868,0x316,27 03 1F AB C6 B7 D2 63
55.540980868,0x427,97 8D 0D 6C 76 B9 C7 44
55.551773901,0x1A4,D7 1D E7 0C 97 3E E6 12
55.551773901,0x316,FE B6 56 03 E2 3B AD E7
55.551773901,0x427,11 C5 B5 A5 18 D2 9A 64
55.559765903,0x1A4,91 24 D9 0C E1 C9 F7 5E
55.559765903,0x316,2F 37 91 4C 89 B9 14 DE
55.559765903,0x427,9A 99 27 16 6C 52 7E B5
55.571232533,0x1A4,1D A8 CC 0C 61 90 3E B4
55.571232533,0x316,0F A7 39 D7 28 9A 4D E4
55.571232533,0x427,61 F3 3C FE 3E FB 4D F1
55.580928819,0x1A4,C0 31 BE 0C 7E B7 9D FC
55.580928819,0x316,3A C5 3D 48 A6 EA 67 00
55.580928819,0x427,F1 8B C9 CE FD F6 6F 72
55.589196211,0x1A4,9A D3 B1 0C 87 24 ED 52
55.589196211,0x316,3B 0F BF 19 48 48 19 66
55.589196211,0x427,A0 DE 36 9D 51 D6 64 D1
55.598535867,0x1A4,23 11 A3 0C F6 26 93 EA
55.598535867,0x316,58 51 6B 97 CA 4E D4 44
55.598535867,0x427,95 B4 BD C5 A1 78 5D 9E
55.611467644,0x1A4,EC CF 96 0C D1 BC BD 0A
55.611467644,0x316,D9 BE D5 85 CE 24 7C 9D
55.611467644,0x427,17 F3 D9 03 32 57 06 5E
55.618056942,0x1A4,86 B1 88 0C F2 6D CB 8F
55.618056942,0x316,1C 0B 9D C2 73 68 D4 31
55.618056942,0x427,95 B2 0D 6E D5 D4 70 6B
55.630092338,0x1A4,00 1D 7B 0C EE 11 CA 33
55.630092338,0x316,4D C3 50 4B E3 64 D0 8D
55.630092338,0x427,3A 38 0D 24 4E 68 BF 60
55.639949750,0x1A4,98 9C 6D 0C B2 F1 C1 B9
55.639949750,0x316,17 96 45 91 FD BC 89 90
55.639949750,0x427,8C 41 30 9F 6E E2 BE 67
55.648314569,0x1A4,B1 40 60 0C 3D 1E 6F 63
55.648314569,0x316,2D FA 5F 9B 89 73 88 75
55.648314569,0x427,2F F8 EF C8 E0 FF F2 03
55.661806907,0x1A4,62 06 52 0C 0C A8 EC 3B
55.661806907,0x316,69 38 39 8A 19 84 F6 6E
55.661806907,0x427,F1 0E DB 8E 9C 0E 30 8E
55.670090627,0x1A4,CD 46 45 0C 1F 11 D0 E5
55.670090627,0x316,20 A6 A1 A2 99 2B D5 90
55.670090627,0x427,6A C7 49 1E 89 58 F4 78
55.680309059,0x1A4,F0 A0 38 0C 0B BF B8 FE
55.680309059,0x316,1D F4 9F AE 02 C0 10 A9
55.680309059,0x427,99 01 0E A4 2F 4C 3C 7C
55.689076301,0x1A4,27 3C 2A 0C 35 0A 47 9D
55.689076301,0x316,B3 0C 99 12 19 A2 34 5D
55.689076301,0x427,EC AF D7 07 C3 93 F9 5E
55.699798112,0x1A4,6A A0 1D 0C 6C 7E 63 97
55.699798112,0x316,DB D7 C2 6D 79 76 3C 2E
55.699798112,0x427,9C F7 EE 5C C2 D2 1A 74
55.710733171,0x1A4,6D 5E 0F 0C D0 4A D9 13
55.710733171,0x316,C0 E6 C0 91 D6 30 58 74
55.710733171,0x427,30 2C 94 E5 F3 A5 86 60
55.719036344,0x1A4,75 D0 02 0C FC 6F 76 B1
55.719036344,0x316,3B 5D 3E 98 D1 7C 9B 3C
55.719036344,0x427,46 94 62 20 16 F1 B3 05
55.729246493,0x1A4,55 03 F4 0B 45 06 44 16
55.729246493,0x316,25 B2 F8 21 BC 2F 7E 6E
55.729246493,0x427,21 FB 94 E1 F4 44 98 B3
55.740989905,0x1A4,9E 89 E7 0B E3 06 FE FC
55.740989905,0x316,22 18 C7 5B 29 87 5D 74
55.740989905,0x427,58 C4 69 D9 1F E0 A0 F6
55.749184753,0x1A4,8D 21 DA 0B 9C 42 A0 85
55.749184753,0x316,E1 BB CA 93 47 11 1F 8F
55.749184753,0x427,7B D7 BE D4 83 12 68 DF
55.759659701,0x1A4,B1 49 CC 0B 16 E2 50 61
55.759659701,0x316,E5 E3 C2 03 FB 6D 7F 4D
55.759659701,0x427,6C A6 4F FA 0D 04 23 14
55.769710736,0x1A4,D1 CE BF 0B 6E E6 D2 DA
55.769710736,0x316,0E 04 7F 01 E1 54 D4 C2
55.769710736,0x427,EC 4C 90 F1 18 6C FB FA
55.778664129,0x1A4,D0 EA B1 0B 39 FA 56 92
55.778664129,0x316,7A E2 58 5E 8F FC 3C EF
55.778664129,0x427,E4 9F A2 23 0C AD D4 F0
55.790384055,0x1A4,AF 9E A4 0B 8C EF B1 C8
55.790384055,0x316,84 25 03 76 70 0E 78 5C
55.790384055,0x427,59 D3 EA 55 66 EA AF 82
55.798271033,0x1A4,AC 8A 96 0B 16 3C B5 F8
55.798271033,0x316,3E 08 14 F5 3D BC 26 1E
55.798271033,0x427,31 F5 E7 75 AD 9C 95 7C
55.808292236,0x1A4,94 96 89 0B C6 09 71 4A
55.808292236,0x316,9A C3 C0 B4 DF 27 18 17
55.808292236,0x427,76 4F C4 AB B6 DC 79 BF
55.819135032,0x1A4,3A FC 7C 0B 4B C5 FF 7C
55.819135032,0x316,DB F1 FA 4B 41 B0 95 62
55.819135032,0x427,B8 BE 24 9A C6 2D 54 2F
55.831584134,0x1A4,6C 0C 6E 0B FA D6 1A 13
55.831584134,0x316,30 F1 B8 18 82 1A B4 8A
55.831584134,0x427,A4 0A 48 AC F8 91 17 CC
55.840078486,0x1A4,B6 83 61 0B 23 7A 1D A5
55.840078486,0x316,18 3E 2A 8D C0 01 08 25
55.840078486,0x427,CC C3 C3 47 B7 E4 86 17
55.851979383,0x1A4,C2 0A 54 0B FF 19 78 B6
55.851979383,0x316,4C C5 9B 97 8E BF 1E 67
55.851979383,0x427,55 92 A1 F0 07 F2 44 23
55.861809829,0x1A4,5F D1 46 0B 4A 58 2A 44
55.861809829,0x316,14 96 51 2D 41 F0 A7 29
55.861809829,0x427,7E E4 12 24 0E 99 68 9A
55.870920789,0x1A4,57 18 39 0B 73 45 3F 7A
55.870920789,0x316,D5 8C 92 55 14 4B 21 83
55.870920789,0x427,47 3D 6F 96 72 08 0F 13
55.881835317,0x1A4,83 F4 2B 0B 28 44 AB 0D
55.881835317,0x316,C8 5C A8 CF 35 AA 06 B5
55.881835317,0x427,EE 40 B3 E1 50 69 E6 FE
55.891498508,0x1A4,55 6E 1E 0B 74 ED 45 E2
55.891498508,0x316,68 61 AB 43 E9 DA 93 B8
55.891498508,0x427,1C C5 3D BB AA 19 CF 5D
55.901602793,0x1A4,D9 DB 11 0B C7 37 8F EA
55.901602793,0x316,E2 90 C3 21 95 BB F0 1A
55.901602793,0x427,BD 47 C4 D2 5F 97 B5 8D
55.909707868,0x1A4,12 87 03 0B 03 04 57 AE
55.909707868,0x316,FF 8B 2C 4B 57 FE 72 5F
55.909707868,0x427,DB 7A 71 7C B2 41 5C D5
55.918108665,0x1A4,18 1B F6 0A 54 76 9D 0B
55.918108665,0x316,45 64 A7 51 F8 DE 63 6F
55.918108665,0x427,42 76 8D C7 CE F3 7B 81
55.929697720,0x1A4,B1 FF E9 0A 62 25 BD 00
55.929697720,0x316,20 CC 4C D8 6F 5B F6 93
55.929697720,0x427,06 B3 3B 24 1F 11 57 20
55.938046835,0x1A4,00 5A DB 0A F1 F4 A0 DE
55.938046835,0x316,7C C7 FE 5D F7 C8 37 7F
55.938046835,0x427,1A F2 9B D4 3E FD 03 00
55.949803541,0x1A4,93 A7 CE 0A 0F EA 13 93
55.949803541,0x316,FD B2 9F 04 FC 1E 27 F0
55.949803541,0x427,97 38 FC BB 5D 73 BE 0C
55.961191838,0x1A4,E4 F8 C0 0A A2 80 D2 A1
55.961191838,0x316,22 6C 38 66 0B E8 34 38
55.961191838,0x427,FD 21 E3 EC 95 A6 41 B4
55.969710598,0x1A4,06 8D B3 0A 11 87 98 57
55.969710598,0x316,58 55 F6 68 C1 8A 6D 46
55.969710598,0x427,4D 16 5D F3 36 FF 86 0D
55.980605438,0x1A4,10 7F A6 0A 43 07 F3 2B
55.980605438,0x316,E4 ED 15 36 CA AC C8 D3
55.980605438,0x427,FA B5 D1 22 C1 3E 48 47
55.988541857,0x1A4,86 83 98 0A E7 F7 50 DD
55.988541857,0x316,DE 18 52 78 29 D0 EB FD
55.988541857,0x427,72 DA 78 2D 5D 13 CB 80
56.000195804,0x1A4,37 6B 8B 0A 2A 21 67 EB
56.000195804,0x316,49 81 5B 8F 4E 3C 6C 9C
56.000195804,0x427,E3 40 FE 53 C4 3A 2E E3
56.011975567,0x1A4,95 49 7E 0A 53 BD AE E2
56.011975567,0x316,F3 B5 9C C9 55 FC AD 47
56.011975567,0x427,36 68 4B 01 14 02 F4 0E
56.020519429,0x1A4,3D 0B 70 0A D9 13 48 7C
56.020519429,0x316,4F E7 29 85 01 2C E6 A6
56.020519429,0x427,99 7B 00 F2 E9 F6 93 E9
56.031068526,0x1A4,6B 94 63 0A FA 1D 47 84
56.031068526,0x316,F6 E5 C9 2E 03 E8 31 29
56.031068526,0x427,0B 4C 58 B0 D8 79 06 43
56.039665874,0x1A4,A3 57 56 0A 11 2A DF 73
56.039665874,0x316,62 EB 88 3D 77 1A 10 17
56.039665874,0x427,FC 42 E1 22 4E 31 62 FE
56.050650732,0x1A4,F6 7E 48 0A AD 92 8E 12
56.050650732,0x316,FB 5B B5 63 C0 88 0C F1
56.050650732,0x427,25 07 18 EF 42 90 D0 8A
56.061887302,0x1A4,8E 1B 3B 0A B6 3B 65 EE
56.061887302,0x316,31 B8 7A CB 1D E8 BD C5
56.061887302,0x427,AF 35 86 5F 3B 67 99 01
56.069205241,0x1A4,AD A3 2E 0A 94 8C DF 10
56.069205241,0x316,DA 36 15 0F D2 08 4B C9
56.069205241,0x427,1A 77 F7 59 89 8E 66 F1
56.080496179,0x1A4,CF 43 21 0A 8A 0F 38 A4
56.080496179,0x316,81 1B B1 B2 82 6A C8 C0
56.080496179,0x427,C9 FD E3 F2 FD BE 1A 0F
56.088769844,0x1A4,B8 5E 13 0A 83 3A BD 1D
56.088769844,0x316,A6 51 09 93 1E 62 2E 5F
56.088769844,0x427,A6 8C 87 F9 4A 38 43 00
56.101378151,0x1A4,94 61 06 0A AF 6C 91 2D
56.101378151,0x316,6A EE 05 D8 73 07 BD 76
56.101378151,0x427,8D E7 CA E2 58 BE A8 CE
56.111956867,0x1A4,7F 02 F9 09 9F 69 26 FB
56.111956867,0x316,E7 D4 F7 D0 46 0A 2D A8
56.111956867,0x427,F3 79 0F 16 11 C0 A2 50
56.120717536,0x1A4,07 18 EB 09 CB 53 6A 6D
56.120717536,0x316,52 F3 B3 14 FB 39 5E BF
56.120717536,0x427,3F 04 4F E1 44 A7 2A 0B
56.131747944,0x1A4,11 25 DE 09 8B B2 DB 5C
56.131747944,0x316,07 B9 37 3A 2E DF 6E F2
56.131747944,0x427,80 02 23 D1 A0 C9 B8 DC
56.138809508,0x1A4,4F FC D1 09 70 6F CA 70
56.138809508,0x316,C5 24 A1 0D 04 F7 20 D2
56.138809508,0x427,C7 87 CB 91 81 A9 DB 22
56.149425736,0x1A4,E0 9C C3 09 66 C3 39 0B
56.149425736,0x316,2A 6B 67 08 E8 3C 5E 76
56.149425736,0x427,FD 33 25 12 15 02 46 CF
56.158913453,0x1A4,72 CC B6 09 0E 58 F9 97
56.158913453,0x316,86 69 5C 50 14 4B 34 AE
56.158913453,0x427,0D C3 C3 03 C4 B1 2D 01
56.171400684,0x1A4,BC B6 A9 09 81 B3 DE 7B
56.171400684,0x316,1F 1D A5 41 9D F4 F2 E7
56.171400684,0x427,F5 85 5E B3 10 61 79 D4
56.181627105,0x1A4,92 E1 9C 09 FE 54 55 A7
56.181627105,0x316,97 F8 2C 16 CF E2 93 E0
56.181627105,0x427,F3 F0 11 81 D0 D3 F1 92
56.188761701,0x1A4,4C 5D 8E 09 31 2A F0 4F
56.188761701,0x316,0C 72 D0 8F 5B C5 1C B6
56.188761701,0x427,48 44 C5 53 1A FA F9 B2
56.200807259,0x1A4,17 61 81 09 16 E4 1C 3A
56.200807259,0x316,99 E1 8B CF 20 10 57 A5
56.200807259,0x427,22 B2 0E 24 1B 9A 25 CC
56.210055525,0x1A4,91 D3 74 09 E4 6E 9B 85
56.210055525,0x316,50 29 E4 77 DD C2 C7 69
56.210055525,0x427,83 46 D5 97 5A 4C 2A 8E
56.218787514,0x1A4,E3 A7 66 09 D4 5A 9D 36
56.218787514,0x316,E6 0A 7E DD 7D B6 82 DB
56.218787514,0x427,78 06 81 69 C7 9B 38 58
56.230787266,0x1A4,DD 50 59 09 C0 94 5D 98
56.230787266,0x316,88 B4 D0 41 06 6A 6E 47
56.230787266,0x427,0F 74 E0 F4 35 3D E3 78
56.241104337,0x1A4,56 FE 4C 09 EA CD 95 1D
56.241104337,0x316,F5 DD D5 69 CE E0 19 D6
56.241104337,0x427,70 63 92 BB EF 1D 8D 16
56.248047850,0x1A4,00 0E 3F 09 41 05 D9 9F
56.248047850,0x316,56 1D 04 CB F0 33 90 B8
56.248047850,0x427,63 70 C1 83 C9 60 FA EC
56.259950799,0x1A4,12 01 31 09 89 29 37 FA
56.259950799,0x316,10 E8 60 79 62 5E C2 33
56.259950799,0x427,81 A2 05 CE 3E 2B 94 4F
56.270653534,0x1A4,A3 8D 24 09 78 E1 D5 89
56.270653534,0x316,7C 0E 28 15 38 6A 95 36
56.270653534,0x427,68 95 D5 E6 E9 4B 40 C5
56.278137424,0x1A4,9E B9 17 09 01 91 00 C6
56.278137424,0x316,14 EB 1A 12 D6 F2 17 09
56.278137424,0x427,56 4A 00 42 86 F7 10 55
56.290150369,0x1A4,A5 97 0A 09 D6 C9 5A 27
56.290150369,0x316,DB 3C 0F 5A 4F A3 51 C6
56.290150369,0x427,FD 2C BD 8F 54 1B FB A9
56.300252603,0x1A4,2E AD FC 08 04 78 3D 67
56.300252603,0x316,D8 82 C6 38 DD 19 42 AF
56.300252603,0x427,62 9D E4 2E B0 AE 97 11
56.309548181,0x1A4,89 AD EF 08 D0 72 74 E4
56.309548181,0x316,08 1D F9 4B E1 2B 9D 36
56.309548181,0x427,21 AC 87 F8 D1 B9 B3 E1
56.318639184,0x1A4,F2 B2 E2 08 BD 35 69 CA
56.318639184,0x316,F5 96 76 BA 40 3A 25 5C
56.318639184,0x427,AD F6 16 70 A2 6A 8B 41
56.329613778,0x1A4,AB 09 D5 08 32 A1 91 C3
56.329613778,0x316,8C 76 9D E1 94 40 E8 D2
56.329613778,0x427,C0 DD F0 3D 87 86 5F 56
56.339071443,0x1A4,70 42 C7 08 30 04 1C EB
56.339071443,0x316,F2 18 C1 26 8B 7A B1 6B
56.339071443,0x427,80 20 AA 87 45 52 7B 0F
56.349740588,0x1A4,73 78 BA 08 CD ED AE DC
56.349740588,0x316,68 E2 E3 45 97 A2 A0 FA
56.349740588,0x427,DE 07 B1 8B 54 CC 77 6F
56.360452880,0x1A4,39 84 AD 08 86 12 CE BE
56.360452880,0x316,ED 6F E4 6D 69 53 A3 72
56.360452880,0x427,9F 00 9A 31 62 E9 99 96
56.368513654,0x1A4,73 B1 A0 08 7F 4F 12 38
56.368513654,0x316,36 B6 5E FD DF 51 BE B7
56.368513654,0x427,76 BB 17 FF 46 D8 59 40
56.378738096,0x1A4,38 4C 92 08 85 FE B0 4C
56.378738096,0x316,7B AB 52 EE 52 B6 BC 8A
56.378738096,0x427,05 80 DD 80 4D B8 FA 31
56.391770467,0x1A4,EF D6 85 08 59 55 BB 4D
56.391770467,0x316,0D 6B B9 F7 5A CB 47 2D
56.391770467,0x427,FF 2B 63 51 BF 08 DA CC
56.398683685,0x1A4,EA 79 78 08 80 B7 F3 61
56.398683685,0x316,1A A8 CF EB C8 D9 3C FB
56.398683685,0x427,F5 33 3C CC 4B 8D 62 E8
56.411614402,0x1A4,1F 71 6B 08 F3 79 13 F8
56.411614402,0x316,38 20 8D D9 17 2D 44 4C
56.411614402,0x427,E0 8C E8 67 37 BC 3D EA
56.418074302,0x1A4,CF 65 5D 08 E1 07 4A 8A
56.418074302,0x316,00 8F 24 0C CD 79 B2 54
56.418074302,0x427,5A 88 80 55 BE 30 96 0D
56.430397225,0x1A4,6F 57 50 08 40 53 F9 D0
56.430397225,0x316,1B D7 BF 71 4E A8 50 ED
56.430397225,0x427,41 D3 D5 46 99 6D 66 B4
56.438397602,0x1A4,10 BA 43 08 A1 AE BA 64
56.438397602,0x316,96 E9 2F 5C 0D B9 F0 72
56.438397602,0x427,8E 1A B0 9E 00 7E E7 55
56.448233038,0x1A4,E8 74 36 08 2D EB 7E 14
56.448233038,0x316,78 A8 3D 5D 0A EA FE F5
56.448233038,0x427,40 1C A6 65 D6 17 D2 28
56.461608729,0x1A4,78 C2 29 08 73 BA 87 90
56.461608729,0x316,B7 29 CA 2E EC F7 AB BA
56.461608729,0x427,FB 63 1C D3 7E DF 7D 02
56.469219895,0x1A4,0C C0 1B 08 47 29 B5 08
56.469219895,0x316,9A A1 74 8A 9A D0 D9 EF
56.469219895,0x427,1A 93 53 55 CC 01 FE E6
56.481817176,0x1A4,64 47 0E 08 9A DE 15 53
56.481817176,0x316,27 89 6D 1B 7E 9E E1 0A
56.481817176,0x427,73 72 4E 7E 45 7A 02 A1
56.491327911,0x1A4,60 87 01 08 7F A4 39 4F
56.491327911,0x316,63 E7 09 BB A0 EE 0D 07
56.491327911,0x427,60 60 84 AA 16 09 78 FD
56.501750572,0x1A4,E9 64 F4 07 F2 1A 0A 1A
56.501750572,0x316,1D 2C B5 E3 32 4F CB 3B
56.501750572,0x427,8E E5 87 19 FF 7C 77 F3
56.511048370,0x1A4,95 6B E7 07 F4 10 2D FF
56.511048370,0x316,9D 45 A1 19 16 7D 73 76
56.511048370,0x427,8E 97 66 C7 4F 33 EC 81
56.519801722,0x1A4,B0 D6 D9 07 09 6E 4D 63
56.519801722,0x316,73 D8 41 18 19 E8 DC 99
56.519801722,0x427,3E DC 7C FC 5A 22 CA AF
56.529180229,0x1A4,EB 83 CC 07 1D 5C 6F 24
56.529180229,0x316,27 CD 1A 54 C3 66 31 CE
56.529180229,0x427,C6 A8 80 4B A3 CD 43 B4
56.541521968,0x1A4,EA 0E BF 07 7C A8 F7 71
56.541521968,0x316,3E 0E 96 AE 13 C5 99 63
56.541521968,0x427,5F DB D1 0D 49 09 CE AF
56.551785221,0x1A4,8F F6 B2 07 9D 8B 59 2D
56.551785221,0x316,7C 81 0E 2B AB B9 43 A2
56.551785221,0x427,62 4C 17 06 A4 AB F7 67
56.561975878,0x1A4,65 FF A5 07 A9 B5 F8 9E
56.561975878,0x316,0E 84 F6 5E D8 4E 5C EB
56.561975878,0x427,AC D4 DA 3B 6D 2A AC 50
56.569412619,0x1A4,B7 70 97 07 3E B0 7F EB
56.569412619,0x316,10 88 A2 EE 2A E0 9E 44
56.569412619,0x427,FA 95 D9 B2 91 65 C4 F0
56.578547758,0x1A4,D7 D4 8A 07 24 15 BE AE
56.578547758,0x316,3A 29 58 2D C0 BF 8A FF
56.578547758,0x427,B2 99 2A 00 B5 9A 99 E4
56.591502478,0x1A4,5F 5E 7D 07 D1 6D B7 AA
56.591502478,0x316,06 A4 9E 22 A8 56 A7 2E
56.591502478,0x427,85 8E 0F 70 3C 99 AF E6
56.598844141,0x1A4,49 B9 70 07 09 68 F1 C8
56.598844141,0x316,1D 21 3C CB 4A CF 6C E6
56.598844141,0x427,EE 2F DE 90 04 EC 7A 5B
56.610413116,0x1A4,64 57 63 07 4D 40 44 F6
56.610413116,0x316,4F C5 3C 0F 6D 16 B5 02
56.610413116,0x427,E0 B3 6C 28 02 7A 24 DC
56.621924441,0x1A4,58 20 55 07 8F A4 71 C2
56.621924441,0x316,28 1E FD CF FA 58 1B B3
56.621924441,0x427,2F CE 41 EB C2 84 FF 0C
56.629400037,0x1A4,ED 67 48 07 06 3F CB 51
56.629400037,0x316,E0 16 6A 1C F9 B5 56 56
56.629400037,0x427,01 F2 EF 36 F5 02 E2 DC
56.641542658,0x1A4,EF 76 3B 07 04 57 35 EE
56.641542658,0x316,1A 2B DF 2E 30 C0 10 E8
56.641542658,0x427,F9 E2 E5 E0 43 99 D6 58
56.651043289,0x1A4,27 E9 2E 07 B8 4B 46 CC
56.651043289,0x316,BA DE 98 A7 C9 F3 B6 AF
56.651043289,0x427,CD 7D B7 AF A8 4F 94 96
56.660161030,0x1A4,1C 17 21 07 ED F7 AD 70
56.660161030,0x316,D7 3E 3B A2 6B 26 FE E3
56.660161030,0x427,48 57 1D 9E 76 1A FC 56
56.668002061,0x1A4,82 89 14 07 94 CF 24 70
56.668002061,0x316,8D 33 53 48 49 2C 38 0B
56.668002061,0x427,3F 59 B3 F4 40 68 B2 D5
56.681047119,0x1A4,61 34 06 07 67 97 92 19
56.681047119,0x316,1E 0E D6 C3 A2 A9 64 71
56.681047119,0x427,0D 6F 45 B4 CD 99 F6 30
56.691721249,0x1A4,32 C7 F9 06 01 00 0F 21
56.691721249,0x316,17 C1 B4 76 19 54 4F 98
56.691721249,0x427,0C 98 FD 8C 63 2D AD 0C
56.701921285,0x1A4,44 A7 EC 06 37 EF 96 5A
56.701921285,0x316,86 F3 52 B5 0D F7 3F BE
56.701921285,0x427,C1 D8 02 97 83 F1 8F AC
56.711755375,0x1A4,05 7F DF 06 9A 80 D7 A4
56.711755375,0x316,7A 4E 2E 07 B6 34 D8 E9
56.711755375,0x427,88 93 08 3B C4 F6 9A AA
56.720510102,0x1A4,F5 47 D2 06 0D A7 48 D4
56.720510102,0x316,B8 D5 D5 10 B3 32 53 0C
56.720510102,0x427,94 30 7D 02 BC 85 89 FB
56.730952739,0x1A4,75 0C C5 06 36 40 B0 49
56.730952739,0x316,D0 AE 17 F5 6B 28 73 AD
56.730952739,0x427,38 0F 3E 9F 9E F7 5A 37
56.739673948,0x1A4,B7 16 B7 06 74 09 D7 4D
56.739673948,0x316,CC 3D DA C5 09 8E AB B8
56.739673948,0x427,E1 DA 1F 03 97 12 09 34
56.749578683,0x1A4,C1 C3 AA 06 55 FD B2 E5
56.749578683,0x316,94 EA 37 94 85 29 57 1E
56.749578683,0x427,08 E2 C4 00 BA EC 05 47
56.760062917,0x1A4,39 47 9D 06 2D 3D 45 20
56.760062917,0x316,C5 4C 0C F0 9F F9 0B 08
56.760062917,0x427,BB 68 D7 E0 5D 52 EA 36
56.768944286,0x1A4,B6 29 90 06 AC E8 AC 0B
56.768944286,0x316,B0 D2 A8 81 21 28 90 9C
56.768944286,0x427,FE F2 DF B2 38 E9 E8 F8
56.781754236,0x1A4,F2 23 83 06 70 13 C2 48
56.781754236,0x316,87 23 7D 10 A9 28 6F 12
56.781754236,0x427,BD 63 F2 8A 05 B7 C5 4C
56.788828789,0x1A4,5A F6 76 06 19 CF 09 9D
56.788828789,0x316,34 68 EC E8 30 F7 02 18
56.788828789,0x427,71 DD 95 F4 55 73 AC 38
56.800150478,0x1A4,B6 77 68 06 19 B1 68 A7
56.800150478,0x316,74 3A 39 56 DF 74 68 E1
56.800150478,0x427,32 20 89 9D 46 76 D9 9D
56.811684508,0x1A4,86 02 5B 06 3B 76 9C 2C
56.811684508,0x316,17 5C B8 F5 11 2D A2 8B
56.811684508,0x427,AF D6 F2 5B 9D 8B 9A 58
56.819025061,0x1A4,33 14 4E 06 6B CD 02 C0
56.819025061,0x316,86 99 5E 3E 96 0D C8 E8
56.819025061,0x427,49 58 B1 5F 4B 50 9F AF
56.831891026,0x1A4,A9 4C 41 06 B6 E2 28 57
56.831891026,0x316,22 8B 81 25 14 4C B3 0B
56.831891026,0x427,AD 2B 81 5C 15 E1 4E 63
56.841108990,0x1A4,43 E2 34 06 11 93 83 08
56.841108990,0x316,57 EA 2F 0F 0D A9 55 68
56.841108990,0x427,C2 96 B8 F6 3C 01 A5 7C
56.849217733,0x1A4,37 D6 27 06 A9 35 C9 F0
56.849217733,0x316,9E 2F DE 93 D1 20 57 03
56.849217733,0x427,B7 65 E5 A4 A9 B4 EB 04
56.861609740,0x1A4,10 23 1A 06 A0 B3 39 92
56.861609740,0x316,D8 6A B0 6D E0 31 62 F1
56.861609740,0x427,B3 5F FC E9 68 4B A9 E8
56.871702358,0x1A4,6F E7 0D 06 A4 D4 28 8C
56.871702358,0x316,77 D9 0C 0F 2D 33 DD 12
56.871702358,0x427,8B D8 F6 8B E1 15 09 63
56.879705229,0x1A4,27 C1 FF 05 8C 87 71 70
56.879705229,0x316,8E 7B 3D 7A 69 C2 44 43
56.879705229,0x427,DB 67 49 0B 17 45 3E C7
56.888170841,0x1A4,CD 21 F2 05 27 77 3B E5
56.888170841,0x316,D1 D9 DB 3D E9 73 01 FF
56.888170841,0x427,31 90 9E 7A DE 82 3E 80
56.900356865,0x1A4,24 C6 E5 05 B3 6C C3 B1
56.900356865,0x316,BB C5 22 AE 50 14 14 20
56.900356865,0x427,F6 CB 76 B7 64 89 C7 E3
56.908188931,0x1A4,CD B8 D8 05 00 00 C2 37
56.908188931,0x316,C0 BF 86 A9 66 DA 9F 31
56.908188931,0x427,9D 9B FD 91 11 C0 28 D9
56.921639241,0x1A4,5E 55 CB 05 62 9C 87 4E
56.921639241,0x316,60 E6 BF 94 50 68 EA B2
56.921639241,0x427,63 F9 92 F6 0D 92 8E FC
56.929933933,0x1A4,CF F1 BE 05 9E B1 A4 DC
56.929933933,0x316,7B 74 9B 39 D7 38 40 05
56.929933933,0x427,58 21 B6 00 C2 6E 83 64
56.939310586,0x1A4,84 87 B1 05 64 B3 5E 75
56.939310586,0x316,B2 8F 81 60 1A 47 3E C2
56.939310586,0x427,99 DE 1A D9 57 F7 B4 D8
56.951576737,0x1A4,EC A7 A3 05 08 72 8C 55
56.951576737,0x316,F7 D1 FD 53 A5 8F 0F 02
56.951576737,0x427,28 A2 CC 37 F9 54 22 29
56.960033131,0x1A4,93 A0 96 05 3E 85 12 59
56.960033131,0x316,FE CA 14 D4 9D 72 D4 02
56.960033131,0x427,F1 2A A8 12 D7 56 44 7E
56.971659644,0x1A4,4A 7C 89 05 21 17 41 FC
56.971659644,0x316,48 CB 25 61 C2 8E 27 50
56.971659644,0x427,C1 7C 4E 41 49 32 48 21
56.978185229,0x1A4,16 A3 7C 05 1B 42 23 64
56.978185229,0x316,0C 5A 03 2F 0C B7 2E 49
56.978185229,0x427,48 9A 13 1B 75 D4 99 75
56.991818486,0x1A4,52 7D 6F 05 EA AE 38 41
56.991818486,0x316,38 91 0B 2F C7 5A 05 95
56.991818486,0x427,5B 6A A7 0F 3A 54 B3 A0
56.998266960,0x1A4,45 2B 62 05 1D 81 57 A9
56.998266960,0x316,23 3A 70 F2 7B 4C 9B 92
56.998266960,0x427,8A 2F D4 B3 B6 FD 72 C7
57.011274186,0x1A4,5F 76 55 05 40 94 05 38
57.011274186,0x316,C2 0B 0E CA 14 95 A8 38
57.011274186,0x427,97 6D C6 4E 70 61 BE 54
57.021341289,0x1A4,5E 91 48 05 8C 3B 62 18
57.021341289,0x316,5E BE DA 11 1E 55 E6 03
57.021341289,0x427,58 06 BB BC 4B A5 96 C9
57.030648355,0x1A4,72 C3 3B 05 29 E0 41 92
57.030648355,0x316,88 8C 32 0A D6 8B A5 A4
57.030648355,0x427,32 B3 20 E5 B0 DA 70 E4
57.040583920,0x1A4,01 20 2D 05 2E 22 C4 D6
57.040583920,0x316,67 98 40 AD 70 88 E0 0B
57.040583920,0x427,8C EC 2D 5B 35 7B 89 3E
57.050959327,0x1A4,74 38 20 05 DD FA 1F A3
57.050959327,0x316,32 85 A9 C3 40 F4 85 F5
57.050959327,0x427,6E E2 7F 8A 7D FB 47 8E
57.061088533,0x1A4,D1 BD 13 05 9F 33 FC 69
57.061088533,0x316,8D FB AB 82 AC C0 D6 40
57.061088533,0x427,33 A8 33 3E C5 DD 91 03
57.068211077,0x1A4,46 87 06 05 22 02 EB E2
57.068211077,0x316,6C 5E 21 E7 0A A9 DC 1D
57.068211077,0x427,2C 7B A0 16 A5 88 4F 62
57.079843724,0x1A4,41 42 F9 04 B9 B0 AE 71
57.079843724,0x316,C1 40 4E 38 F9 7B 69 CB
57.079843724,0x427,B7 35 D6 22 C6 A0 C3 9D
57.090529263,0x1A4,74 D8 EC 04 D0 AB A9 01
57.090529263,0x316,44 46 16 48 EC 77 79 E5
57.090529263,0x427,F0 93 A7 AD 90 8F A2 55
57.098911311,0x1A4,82 06 DF 04 50 B3 AB F9
57.098911311,0x316,CC 6F 6C EC F3 0A 7F E9
57.098911311,0x427,CE B5 DF 74 82 76 86 55
57.111952369,0x1A4,8E AE D2 04 84 81 5F E0
57.111952369,0x316,80 54 FB FE 85 C5 04 90
57.111952369,0x427,BD B4 75 8E 79 73 3A CA
57.119545872,0x1A4,D3 C3 C5 04 E4 09 04 8B
57.119545872,0x316,ED 68 7E 73 6E 52 C2 52
57.119545872,0x427,14 1B 72 DB EB BE CA 90
57.128319150,0x1A4,DA 14 B8 04 C3 27 A2 2F
57.128319150,0x316,27 44 75 16 6B 20 C6 2B
57.128319150,0x427,2C 50 EA 97 11 89 A8 BC
57.138677081,0x1A4,E4 F3 AA 04 6A 95 64 C5
57.138677081,0x316,E9 58 6A 6C 6A 94 CA 4F
57.138677081,0x427,26 6F E0 2A 57 89 2E 65
57.151942111,0x1A4,94 96 9D 04 F0 38 1F 3B
57.151942111,0x316,28 46 08 F4 CE 9C D9 D7
57.151942111,0x427,77 4B 82 3D 39 D8 48 6B
57.161589798,0x1A4,BA 0B 90 04 51 F2 D9 CD
57.161589798,0x316,1A C3 DE E1 40 CD DE 2D
57.161589798,0x427,3D 71 1E CC 42 2E 2B 02
57.171845745,0x1A4,13 9A 83 04 6D 10 B8 B1
57.171845745,0x316,EE 11 37 24 31 83 23 75
57.171845745,0x427,17 34 BB 5E 31 99 8D 5A
57.179752092,0x1A4,F9 05 76 04 9C FE C0 2F
57.179752092,0x316,F3 9D E6 13 DC 5E 7E 41
57.179752092,0x427,FB F1 41 76 EE C4 B9 FB
57.191566496,0x1A4,26 3D 69 04 9D 54 D2 E3
57.191566496,0x316,12 63 50 06 90 2A E5 B1
57.191566496,0x427,7B D2 88 98 B5 EE 46 20
57.198963366,0x1A4,CB EA 5C 04 88 D6 46 E8
57.198963366,0x316,D1 1F E6 71 06 21 52 1D
57.198963366,0x427,7B E7 40 17 A5 5E 18 CD
57.211341204,0x1A4,4F EA 4F 04 D0 B9 83 D7
57.211341204,0x316,1E 8F 7F 29 ED 2E C4 39
57.211341204,0x427,A5 AA B4 B6 C4 C4 7E C0
57.219112001,0x1A4,12 B1 42 04 3F 07 91 01
57.219112001,0x316,70 98 51 2E EE 42 65 30
57.219112001,0x427,76 72 73 6E 5B FD 4E B3
57.230076268,0x1A4,7B 79 35 04 51 55 12 2B
57.230076268,0x316,3F 67 56 19 B2 14 A4 A5
57.230076268,0x427,24 45 96 CB AE 85 A5 9B
57.240505007,0x1A4,00 1D 28 04 41 5B 06 A9
57.240505007,0x316,FB 33 C1 2B 4E 54 49 11
57.240505007,0x427,92 22 42 5A 45 E2 2A E8
57.248393798,0x1A4,AC 0A 1B 04 79 3C 41 86
57.248393798,0x316,CD 15 22 C9 F3 C4 DE 1F
57.248393798,0x427,A7 6F B2 85 4C 58 A6 92
57.260207609,0x1A4,9B A3 0D 04 D4 28 24 7D
57.260207609,0x316,F4 B9 08 B9 0A 3A 18 01
57.260207609,0x427,D8 9C B7 AF F0 EE B4 5D
57.271449053,0x1A4,BA 73 00 04 D2 BF 2E 18
57.271449053,0x316,45 3F 09 6F 4B 14 3E 1B
57.271449053,0x427,62 63 D6 C5 76 43 B0 1C
57.279637357,0x1A4,3E 51 F3 03 03 76 C0 6F
57.279637357,0x316,79 AB 20 36 A7 87 18 89
57.279637357,0x427,3F EE 15 5F 07 A5 12 55
57.291421698,0x1A4,15 67 E6 03 DE 31 F4 8C
57.291421698,0x316,D3 A8 E0 14 9F E8 F6 BA
57.291421698,0x427,CA A3 AA 96 38 2A 77 E1
57.301664385,0x1A4,46 51 D9 03 48 59 A8 91
57.301664385,0x316,DA 66 E7 BF E9 51 B8 76
57.301664385,0x427,E7 5C B5 B0 10 36 0A F9
57.311393536,0x1A4,6A 18 CC 03 F8 ED DF 2A
57.311393536,0x316,04 E2 37 B4 6F CE D3 B0
57.311393536,0x427,F9 40 1D 18 B2 62 B8 61
57.319227938,0x1A4,A6 DD BF 03 C9 A5 4A 84
57.319227938,0x316,C4 89 61 0B 69 DD 75 B5
57.319227938,0x427,EA 56 E3 0C C4 07 1B C0
57.331235791,0x1A4,A1 ED B2 03 17 A0 EB C5
57.331235791,0x316,7F 92 F4 56 29 83 CB EA
57.331235791,0x427,CD 54 80 3C AD 5F 8F 7A
57.341523800,0x1A4,62 51 A5 03 30 91 FD C3
57.341523800,0x316,D5 79 EC CE 7D 88 09 B3
57.341523800,0x427,80 7A 97 9A 41 23 AB DB
57.351316618,0x1A4,45 51 98 03 7F F8 31 11
57.351316618,0x316,62 3B 28 8C 3B 9B A5 FA
57.351316618,0x427,82 AF 1C 60 4E E9 D0 9B
57.360454031,0x1A4,13 8D 8B 03 1C 1C 92 27
57.360454031,0x316,28 63 2E 82 FE FB 9A E8
57.360454031,0x427,4E 61 F6 94 59 88 C6 7A
57.369562249,0x1A4,0A EF 7E 03 0E FB 20 2C
57.369562249,0x316,37 AA BF CD 78 0D 52 82
57.369562249,0x427,7C 35 AF 46 18 37 EA 54
57.381206993,0x1A4,32 41 71 03 A4 33 CF E1
57.381206993,0x316,80 27 9D 4F 3A 6C C1 DD
57.381206993,0x427,45 F6 AC 0D 9E 84 48 A8
57.391445291,0x1A4,96 C8 64 03 35 6E D4 FE
57.391445291,0x316,02 D8 8F 83 E9 A8 5A 23
57.391445291,0x427,50 00 0A 2B C6 0E EE B8
57.400660273,0x1A4,46 AB 57 03 E1 BB 0D 7A
57.400660273,0x316,68 7D 9A 29 10 E6 4F 00
57.400660273,0x427,38 43 D1 0D DF 4E 79 2D
57.409219286,0x1A4,CB 6E 49 03 13 6A B8 36
57.409219286,0x316,F2 62 73 9D 3A 56 67 4B
57.409219286,0x427,DC 31 62 89 C8 45 A1 20
57.419831034,0x1A4,46 D4 3C 03 84 0C 37 ED
57.419831034,0x316,1A E8 B3 D6 39 CD B8 FA
57.419831034,0x427,EC 0C 88 3A B5 12 A1 22
57.430736512,0x1A4,EE A3 2F 03 EA 3A 0D F2
57.430736512,0x316,17 00 CE 27 2B 15 25 0F
57.430736512,0x427,48 95 80 40 75 C4 B3 16
57.440200444,0x1A4,96 47 22 03 8C CE 5B 47
57.440200444,0x316,BC 08 BE 7C 3A 71 C6 FC
57.440200444,0x427,9F E3 5C 47 37 2E A3 A7
57.448986206,0x1A4,24 C9 15 03 CB 23 2C BB
57.448986206,0x316,93 B8 B5 21 EB 9E AF EC
57.448986206,0x427,D7 85 D2 BF E1 9F 39 DC
57.458920943,0x1A4,3C E3 08 03 4D 07 6E BF
57.458920943,0x316,5F B5 15 1C 6F EE E7 10
57.458920943,0x427,62 D0 E4 6B 8B 01 54 F9
57.468016488,0x1A4,C9 AD FB 02 8A 04 E1 F4
57.468016488,0x316,FE 81 22 5C 11 40 C8 93
57.468016488,0x427,36 BC 39 9A 2A F6 E5 B5
57.478823902,0x1A4,B2 9B EE 02 4E 57 7B B3
57.478823902,0x316,DA FB 9C 02 B5 00 52 AC
57.478823902,0x427,4F 77 64 20 6E 19 58 BC
57.491981635,0x1A4,2F EA E1 02 63 F6 1A BC
57.491981635,0x316,AB F7 56 03 97 20 A9 20
57.491981635,0x427,80 E0 3E 09 FC B2 50 A2
57.500413453,0x1A4,88 28 D4 02 D2 7A 8A FA
57.500413453,0x316,8A 2D FB 0C EC 5A E9 46
57.500413453,0x427,90 16 E6 EF 7A 88 E2 B6
57.510654051,0x1A4,DE 18 C7 02 74 68 36 26
57.510654051,0x316,28 88 11 38 B5 44 35 DA
57.510654051,0x427,EE 5B 96 21 70 FC 6D 21
57.519735949,0x1A4,3E 59 BA 02 53 30 5C 70
57.519735949,0x316,ED B2 7E 7F DB E8 F2 5B
57.519735949,0x427,79 7B B9 D9 B2 92 2C EE
57.528876103,0x1A4,8C A9 AD 02 71 2E 09 B2
57.528876103,0x316,44 1E 35 E0 E5 A2 6D 1A
57.528876103,0x427,1E 13 63 3E 18 63 78 5F
57.540528918,0x1A4,A7 2B A0 02 35 94 A7 31
57.540528918,0x316,71 14 9B 0A 8C D3 04 E6
57.540528918,0x427,A7 62 DF C6 3D C0 61 C2
57.549478652,0x1A4,00 CE 93 02 6F C4 DA 80
57.549478652,0x316,40 0B F2 17 ED 5F FD 6A
57.549478652,0x427,39 0B E1 55 95 E8 E6 E2
57.560669734,0x1A4,83 79 86 02 BC 81 3B 68
57.560669734,0x316,0C 20 E3 40 EE EC 57 65
57.560669734,0x427,01 4F 71 32 4E 20 BD 00
57.569398025,0x1A4,8B 79 79 02 29 18 FF FB
57.569398025,0x316,0D 3C 2B D3 2E 76 B4 0E
57.569398025,0x427,7F D9 2C 58 C1 72 1A B7
57.580920519,0x1A4,18 24 6C 02 B7 73 49 98
57.580920519,0x316,64 4E 16 3B E2 C8 55 EF
57.580920519,0x427,3E 65 03 D4 DD E5 A1 70
57.588757312,0x1A4,E2 94 5E 02 7D 45 A8 75
57.588757312,0x316,07 92 19 5B 04 B4 DB 65
57.588757312,0x427,7B 20 31 E7 44 DE A5 95
57.600133393,0x1A4,B4 6D 51 02 A8 64 71 9C
57.600133393,0x316,52 77 8A 89 1D 1E 68 39
57.600133393,0x427,11 02 CC 21 6A 6E 95 C4
57.609610181,0x1A4,2E 86 44 02 3C AA 0C AF
57.609610181,0x316,23 F0 DD 05 D1 D3 D9 A6
57.609610181,0x427,82 38 72 29 C3 70 9C FD
57.620929601,0x1A4,85 9D 37 02 C8 E1 F3 16
57.620929601,0x316,16 02 6C 6A 6E 3F C1 AE
57.620929601,0x427,CC 75 2A E2 22 CC 1D D0
57.631659836,0x1A4,B4 C8 2A 02 40 92 70 FA
57.631659836,0x316,45 22 07 BE FD 77 F3 12
57.631659836,0x427,61 B7 3C 78 1C FC 6C 4C
57.641277981,0x1A4,BD 7A 1D 02 C9 08 7D DD
57.641277981,0x316,C6 A6 AD 9B 04 E4 76 0A
57.641277981,0x427,2D 52 50 DC E6 53 E4 F1
57.649889158,0x1A4,51 2D 10 02 CE 97 00 95
57.649889158,0x316,5D 53 C3 BF 01 6F AE F4
57.649889158,0x427,E5 23 E8 87 4A F9 D9 37
57.660314721,0x1A4,99 84 03 02 B6 59 B1 F1
57.660314721,0x316,BF 20 00 C9 D1 CA 77 07
57.660314721,0x427,6B EB 7F 43 C5 17 79 3F
57.671740594,0x1A4,BC EF F6 01 5E E4 21 F7
57.671740594,0x316,27 75 EB BD D7 E2 8C 8A
57.671740594,0x427,04 B8 38 D2 9B C1 A1 46
57.681147557,0x1A4,28 1A E9 01 D3 22 BE 9E
57.681147557,0x316,D2 F1 18 63 F7 61 52 64
57.681147557,0x427,08 18 86 29 22 2C 9D 26
57.690605095,0x1A4,0A F7 DC 01 96 E4 C6 14
57.690605095,0x316,4B 61 2C CD 79 D2 5E DE
57.690605095,0x427,64 62 F9 33 EC D4 5A F0
57.698009070,0x1A4,2D 07 CF 01 E4 FB 77 6B
57.698009070,0x316,1F 10 A2 7C 90 FC 94 03
57.698009070,0x427,77 40 47 80 F6 F5 4D 0E
57.711993505,0x1A4,98 AA C2 01 FE 9F E6 67
57.711993505,0x316,F9 59 A3 8E CD 20 82 E2
57.711993505,0x427,47 E4 5A 5E 26 D5 05 F8
57.719058677,0x1A4,11 69 B5 01 60 57 ED 6A
57.719058677,0x316,11 42 68 D7 6D 13 3F F8
57.719058677,0x427,40 19 4C E8 A3 70 AC 64
57.728800777,0x1A4,A3 A0 A8 01 BA 67 3C F4
57.728800777,0x316,6D F9 CD C0 B5 EB 83 E0
57.728800777,0x427,D3 A4 13 E4 F2 68 63 0A
57.739022124,0x1A4,34 15 9B 01 F4 C3 DE 3B
57.739022124,0x316,CA 21 4F B3 84 43 DD 64
57.739022124,0x427,3A 68 0B EE B0 26 29 27
57.751982236,0x1A4,73 68 8E 01 09 03 01 92
57.751982236,0x316,03 EF 1B 83 CC DC DE CD
57.751982236,0x427,E8 98 CA 64 6A 5C AF 5C
57.761068989,0x1A4,3D 70 81 01 76 4B 79 0F
57.761068989,0x316,77 4C 9E 4D D9 68 CA 94
57.761068989,0x427,B7 E1 74 49 CF A0 5F C7
57.768063197,0x1A4,FB 5C 74 01 4B 46 81 C8
57.768063197,0x316,29 5C 36 41 5B C5 ED 4C
57.768063197,0x427,25 64 F1 A7 CD F1 42 09
57.778697052,0x1A4,53 C1 67 01 5D B5 1E F7
57.778697052,0x316,06 D0 75 6E 98 68 3A 64
57.778697052,0x427,F1 64 CD FA E9 CE 43 32
57.791848694,0x1A4,7C D7 5A 01 F3 20 61 4E
57.791848694,0x316,59 F1 CA 9A 93 7F 2C C5
57.791848694,0x427,8C C3 45 30 1D A5 9F B7
57.801335470,0x1A4,7F 3B 4D 01 4E 25 4B 91
57.801335470,0x316,FD 84 B5 6A 89 9D 02 58
57.801335470,0x427,A5 6C 2F 02 FE 96 63 4D
57.810289377,0x1A4,E6 6B 40 01 F0 B7 C1 9A
57.810289377,0x316,3F 68 7E 60 F1 85 D2 2A
57.810289377,0x427,99 22 20 74 56 F2 94 30
57.820690392,0x1A4,FA 52 33 01 72 D6 B4 D8
57.820690392,0x316,5D DE 3F 2B 21 AA A5 62
57.820690392,0x427,12 05 7B 22 45 21 10 6F
57.831783286,0x1A4,9E F5 25 01 59 8D 82 D5
57.831783286,0x316,DC 96 12 1E A0 4A A5 16
57.831783286,0x427,70 0C A7 4B BC EF F9 F7
57.838021270,0x1A4,51 7D 18 01 7A 49 77 41
57.838021270,0x316,8E C0 68 37 78 2F 2C C9
57.838021270,0x427,43 14 33 69 53 E3 5B AA
57.851103425,0x1A4,BE 9F 0B 01 98 35 6D EB
57.851103425,0x316,1C DF 28 D4 18 E1 24 BD
57.851103425,0x427,FB 19 F1 57 0A C8 DA F0
57.858099349,0x1A4,01 54 FE 00 B4 B7 07 8E
57.858099349,0x316,F2 75 07 B2 09 50 10 52
57.858099349,0x427,A1 F3 3C 44 E1 E5 6A AC
57.869150566,0x1A4,75 F6 F1 00 A2 20 F6 19
57.869150566,0x316,B6 98 DE AD 70 88 C2 83
57.869150566,0x427,2A 74 A3 D9 B7 92 63 83
57.881392145,0x1A4,59 1D E4 00 C2 87 E3 E2
57.881392145,0x316,8D 3E 78 F4 15 F6 0E 0A
57.881392145,0x427,A1 2D A7 88 BD D3 25 BC
57.890384469,0x1A4,79 BE D7 00 2F 12 FB F2
57.890384469,0x316,53 09 80 FC 03 27 18 98
57.890384469,0x427,B9 83 4B F3 1C 2E EF AF
57.898777831,0x1A4,DB 89 CA 00 E6 2B 1C 19
57.898777831,0x316,E8 6E 6A BD 2A 29 6E 9F
57.898777831,0x427,92 7A 28 EE AD 1B 56 68
57.911844319,0x1A4,9D CC BD 00 FE 4E B4 A3
57.911844319,0x316,6E 54 77 3D 66 52 6F B9
57.911844319,0x427,7E 89 A6 4F A4 FA 4D E8
57.918059378,0x1A4,58 D0 B0 00 DA 3C 12 B6
57.918059378,0x316,3B AA AA 15 C8 AB 73 A8
57.918059378,0x427,F3 0D CD 99 B2 15 26 92
57.930842801,0x1A4,9C 50 A3 00 30 21 59 61
57.930842801,0x316,D9 DB 7F 43 94 72 79 38
57.930842801,0x427,D9 99 75 33 0A DE 48 8F
57.939554636,0x1A4,F5 EB 96 00 68 58 14 CE
57.939554636,0x316,83 C1 4A 3D 82 20 2A E3
57.939554636,0x427,31 60 4C 22 C8 C2 5C B8
57.950332943,0x1A4,AA B4 89 00 CF 37 60 F6
57.950332943,0x316,DB 54 44 FD 4B AF 1F 48
57.950332943,0x427,3C F9 7D F2 7F B5 FF 75
57.961299895,0x1A4,9A 29 7C 00 C0 38 3F F5
57.961299895,0x316,30 E2 C8 2F 79 1B 93 E3
57.961299895,0x427,CD 24 9A 5D 26 89 AD AA
57.970884881,0x1A4,23 15 6F 00 D9 0B 5B 5D
57.970884881,0x316,77 D2 18 88 1C AE 60 3C
57.970884881,0x427,71 E3 93 39 50 91 DA 3E
57.978440443,0x1A4,8B FD 62 00 F0 13 01 F3
57.978440443,0x316,3F 62 CA 33 46 82 09 F3
57.978440443,0x427,5E 57 B3 D0 E4 5B E4 08
57.991432802,0x1A4,06 2C 55 00 B8 AA 84 B0
57.991432802,0x316,57 AE AA 3D 05 35 DA 13
57.991432802,0x427,FC BC 24 14 39 03 D7 B4
57.999425277,0x1A4,2E C4 48 00 90 F9 A7 5D
57.999425277,0x316,C8 C6 2C D9 63 44 20 AB
57.999425277,0x427,DD AC 6C 87 C0 C5 DF 7F
58.011919177,0x1A4,3B D8 3B 00 87 50 2A 07
58.011919177,0x316,40 6C B5 5F 54 50 EA FA
58.011919177,0x427,83 2D 01 B8 D1 1A 5F 44
58.021387406,0x1A4,75 E1 2E 00 C6 BB 12 DD
58.021387406,0x316,52 0D 87 77 AF BB 42 C7
58.021387406,0x427,45 C1 4E BA 53 89 F1 63
58.030736810,0x1A4,7D FE 21 00 76 A1 98 B0
58.030736810,0x316,7A A8 4F 90 73 F1 D5 AC
58.030736810,0x427,4E 8B C0 44 9E 55 D7 7F
58.038858428,0x1A4,52 F5 14 00 DB FB CA CB
58.038858428,0x316,6D A2 1A 74 7B 9E C0 66
58.038858428,0x427,20 43 3A 96 ED 99 4C B6
58.049684085,0x1A4,B0 1D 07 00 A0 18 76 B8
58.049684085,0x316,28 26 28 CC 7B 85 88 FD
58.049684085,0x427,BE 1B AC 44 5C 53 C4 B8
58.061477886,0x1A4,96 9A 00 00 55 80 57 F1
58.061477886,0x316,28 E7 C7 E6 B9 34 8B EA
58.061477886,0x427,3D 0F BF A2 96 8F E3 55
58.069703731,0x1A4,69 E6 00 00 89 CD 09 33
58.069703731,0x316,43 3E 49 5C 8A DF 90 F7
58.069703731,0x427,76 FF 6B 3D F6 1B C4 6F
58.081086279,0x1A4,C6 6D 00 00 71 1F 77 90
58.081086279,0x316,40 52 E1 78 EB 93 BA FD
58.081086279,0x427,33 7F 74 DB A2 B8 56 45
58.091061965,0x1A4,AD 72 00 00 4B 19 FC 62
58.091061965,0x316,25 AF 62 EE 39 F4 66 BA
58.091061965,0x427,16 CD 3A 98 2D 47 E4 C6
58.101076378,0x1A4,4F D4 00 00 EF EB DE 61
58.101076378,0x316,B2 A9 57 F6 E8 8E 90 CE
58.101076378,0x427,49 EB 46 10 F3 FC 4F 6E
58.109562150,0x1A4,EA 3B 00 00 3F FF EB E7
58.109562150,0x316,53 7D C5 47 8D 8B 60 20
58.109562150,0x427,B7 7F 3E 14 14 53 55 2D
58.118686210,0x1A4,1D BA 00 00 FF D9 19 49
58.118686210,0x316,06 54 B4 5E D3 0C AA 05
58.118686210,0x427,64 A3 15 89 6B 2D 9F B2
58.129635692,0x1A4,F4 A4 00 00 6D 00 07 02
58.129635692,0x316,8D 95 9B 92 DF 99 00 55
58.129635692,0x427,05 01 E0 EC 52 BF B9 D6
58.139024374,0x1A4,09 2C 00 00 60 92 4A 9E
58.139024374,0x316,0C C6 C4 EA F1 07 9D F0
58.139024374,0x427,B2 EB 6C 4E 42 46 0F 82
58.148997644,0x1A4,F8 E9 00 00 5E 80 94 D0
58.148997644,0x316,35 07 79 57 DD 10 74 2F
58.148997644,0x427,0C BE AA C2 E4 7A 2B 66
58.161046165,0x1A4,6B D2 00 00 6B 21 81 24
58.161046165,0x316,D4 73 B6 52 B9 DB 59 C9
58.161046165,0x427,7D A7 A0 F0 07 FE 07 5F
58.170705979,0x1A4,66 29 00 00 D1 03 9C 61
58.170705979,0x316,35 B3 A6 65 A3 93 55 4D
58.170705979,0x427,66 14 20 D8 C4 E6 59 72
58.180511926,0x1A4,64 74 00 00 18 31 E3 1C
58.180511926,0x316,DB 9A 7B DA 6D 00 32 EC
58.180511926,0x427,FC C7 51 3D 28 C4 77 03
58.189721111,0x1A4,D3 EF 00 00 D3 E7 BF DE
58.189721111,0x316,1F 29 18 FB BF FC B3 46
58.189721111,0x427,30 5A FF 22 0B 40 56 3D
58.200799549,0x1A4,80 7E 00 00 94 34 E4 C6
58.200799549,0x316,BA D1 A7 B7 BB 05 A8 96
58.200799549,0x427,CA A2 BF FC 33 BA 60 1E
58.209524156,0x1A4,F9 97 00 00 3F DB 7C 2E
58.209524156,0x316,D5 A4 82 62 D2 C4 5E 1F
58.209524156,0x427,B3 4A E1 EE F9 8F 4A D0
58.218023630,0x1A4,94 BD 00 00 0F C2 79 0D
58.218023630,0x316,68 05 69 FF 08 3F EE AA
58.218023630,0x427,84 DC 22 F4 87 17 C8 43
58.229557224,0x1A4,DA FD 00 00 0D D8 61 8B
58.229557224,0x316,74 A5 61 95 A3 9B 06 32
58.229557224,0x427,B2 A1 70 3F FB 5B EA CA
58.240771896,0x1A4,55 DF 00 00 B4 3A 4C 28
58.240771896,0x316,55 AA E2 F0 E4 54 5B 6A
58.240771896,0x427,C1 41 0B D1 4A B7 C8 1D
58.250943716,0x1A4,CD 2A 00 00 97 30 D9 C6
58.250943716,0x316,8B 89 15 51 70 79 D9 E2
58.250943716,0x427,4E 1A 17 4F 1E 58 A7 36
58.260093006,0x1A4,A4 B0 00 00 B1 80 41 CF
58.260093006,0x316,BF 4D 4B 0E 4E 0A EB 73
58.260093006,0x427,32 D0 0A 91 8B 61 A3 69
58.270313224,0x1A4,46 9F 00 00 16 A1 64 A8
58.270313224,0x316,2D AF 33 C5 85 C9 38 75
58.270313224,0x427,BB 7E DB 39 C1 1D B0 1A
58.279358631,0x1A4,A0 68 00 00 AD 52 4F E8
58.279358631,0x316,26 5D 40 AE 05 B7 56 E7
58.279358631,0x427,77 5D A0 04 B1 45 AD 07
58.291233846,0x1A4,88 92 00 00 E0 20 47 A5
58.291233846,0x316,1D A2 AE AF BD 56 1A BB
58.291233846,0x427,02 35 3A 1F FD 0A E5 7E
58.298057371,0x1A4,FB 73 00 00 BA 7D E4 87
58.298057371,0x316,21 6C 6B D2 DE 5E 34 5B
58.298057371,0x427,21 E7 74 EB D1 4F C1 2A
58.308812466,0x1A4,94 ED 00 00 21 63 92 EE
58.308812466,0x316,33 86 C8 1E DB 9C 53 14
58.308812466,0x427,E6 DC 4C 5E 2A 09 DA BA
58.319628427,0x1A4,F6 22 00 00 7C 9D 56 72
58.319628427,0x316,11 17 A6 17 7D D2 88 EA
58.319628427,0x427,D9 6A BA EE 1A 55 96 8E
58.329690925,0x1A4,56 DF 00 00 E0 71 7E 51
58.329690925,0x316,96 09 0B 28 F1 93 88 35
58.329690925,0x427,45 0F DD 5C 57 24 CE D0
58.340167714,0x1A4,DC 98 00 00 C1 DA 6E A8
58.340167714,0x316,9F 25 84 47 4A 41 37 BD
58.340167714,0x427,31 5F 71 E5 B3 A2 1C 2D
58.349602608,0x1A4,5D 85 00 00 5D 4F A1 E3
58.349602608,0x316,10 5D E5 E7 FA 86 67 81
58.349602608,0x427,82 A5 29 CC CF 76 ED 75
58.361351941,0x1A4,4B BC 00 00 54 FF 5D 44
58.361351941,0x316,D1 A8 19 D8 92 96 26 AE
58.361351941,0x427,54 4E 86 A6 A8 46 EA E3
58.369262543,0x1A4,1F 1C 00 00 BC 8D 80 7F
58.369262543,0x316,E2 AA 71 0C 38 1F C8 1C
58.369262543,0x427,D9 D0 49 7F 4C B1 A9 31
58.381305171,0x1A4,B4 93 00 00 F4 F1 01 F7
58.381305171,0x316,4C BB E1 29 FD 3D A4 DE
58.381305171,0x427,58 31 EA A5 84 D1 0A EF
58.390331437,0x1A4,A3 B7 00 00 9F 91 3C AD
58.390331437,0x316,70 0C 7B 06 40 35 06 B1
58.390331437,0x427,09 F4 6E 87 7A 31 32 69
58.399348877,0x1A4,CB 1D 00 00 78 6C 68 57
58.399348877,0x316,DF 73 14 E0 53 DE F1 BD
58.399348877,0x427,5B D6 02 D2 24 52 C8 25
58.411252857,0x1A4,ED FA 00 00 66 F8 A9 E7
58.411252857,0x316,8F 7C D8 71 4B 00 7A 76
58.411252857,0x427,4E 9A F5 73 D0 7A CE 21
58.419954677,0x1A4,F0 3D 00 00 55 D2 12 6E
58.419954677,0x316,70 63 7A 66 1C 7E 95 AE
58.419954677,0x427,CA 03 EC 52 28 F5 1F 68
58.431930629,0x1A4,70 72 00 00 21 28 EA 31
58.431930629,0x316,32 DA D0 77 6B 2B DF 00
58.431930629,0x427,38 A2 89 1C 69 16 56 47
58.439473032,0x1A4,7F 0C 00 00 68 A7 DB 0F
58.439473032,0x316,89 F4 4C A5 09 77 D1 D3
58.439473032,0x427,DB AF F0 0B 0E D3 CC EC
58.449841835,0x1A4,0D 8F 00 00 40 CA 19 A1
58.449841835,0x316,47 A1 44 B3 34 8E 6B 5B
58.449841835,0x427,DA EA B6 D0 55 48 0A 27
58.461932574,0x1A4,DB C4 00 00 3E D3 77 70
58.461932574,0x316,22 AB B3 EE 17 7B 79 89
58.461932574,0x427,BF 05 19 10 DC 4E 4B 06
58.468317394,0x1A4,94 54 00 00 EE 07 A1 EF
58.468317394,0x316,9C AB 13 5E 78 E5 52 53
58.468317394,0x427,B2 EB 29 A6 F9 9E E6 84
58.478780839,0x1A4,94 62 00 00 D5 E5 EC FB
58.478780839,0x316,2B 6D AE 0B 66 51 4F 09
58.478780839,0x427,D1 30 7B 06 CC E6 B7 EB
58.488492626,0x1A4,B6 5C 00 00 E3 42 DD 7B
58.488492626,0x316,F2 C2 38 DB 8C F9 B2 AE
58.488492626,0x427,D8 4B 9D 2D 99 BD BF BA
58.499651321,0x1A4,0A 27 00 00 32 8A D2 10
58.499651321,0x316,DB FE 26 4F 40 EB B1 2F
58.499651321,0x427,9D AA DD 51 58 AF 8E 76
58.510360591,0x1A4,9B 0F 00 00 A9 24 C0 D8
58.510360591,0x316,E7 4F 03 F2 19 D7 E2 31
58.510360591,0x427,70 C1 B2 1E 51 7F E8 6C
58.520488397,0x1A4,C2 B8 00 00 E8 DA AD 9A
58.520488397,0x316,03 75 16 4D 80 9C 09 3A
58.520488397,0x427,5A 89 B8 F7 51 A9 DB 92
58.531478417,0x1A4,C7 8D 00 00 31 D3 B0 CA
58.531478417,0x316,B1 50 98 1F 3A DF EC C4
58.531478417,0x427,92 0C 21 EB 07 BA B5 37
58.539913267,0x1A4,A5 26 00 00 12 11 E3 65
58.539913267,0x316,18 38 72 87 7F 13 5E CE
58.539913267,0x427,8E E3 A6 A0 70 5B B2 B1
58.548567760,0x1A4,84 72 00 00 E9 7F 8F 7E
58.548567760,0x316,7E 0A 53 FE ED 41 1B 2A
58.548567760,0x427,A4 12 8F E8 DC 27 FB 08
58.560107681,0x1A4,B1 3D 00 00 94 B1 22 1F
58.560107681,0x316,56 B4 B7 32 D1 13 CA 60
58.560107681,0x427,FC DB 57 9F E7 7D 8A 58
58.571448035,0x1A4,B2 5B 00 00 97 4C 8D B5
58.571448035,0x316,38 FE 77 27 2D 09 A2 84
58.571448035,0x427,1F 75 8B C6 EC 33 09 64
58.580815600,0x1A4,09 02 00 00 FB 58 0F E8
58.580815600,0x316,75 5A 89 B8 92 A4 DB 06
58.580815600,0x427,85 BF D6 99 DA 8C 16 A5
58.588356313,0x1A4,23 9D 00 00 B4 67 5B 93
58.588356313,0x316,1F CE EB B9 47 33 94 A1
58.588356313,0x427,73 39 1F DB 95 58 11 7C
58.598562010,0x1A4,26 52 00 00 21 75 02 3F
58.598562010,0x316,E4 60 0E 58 65 D8 B8 20
58.598562010,0x427,4A 54 19 B8 01 97 9F 5F
58.610929937,0x1A4,E6 61 00 00 A4 E7 88 9D
58.610929937,0x316,A8 FB 2C 5A 6C 75 C6 D3
58.610929937,0x427,29 1E AC E4 12 4E 1C DC
58.619152108,0x1A4,4D 2C 00 00 C9 95 D1 AE
58.619152108,0x316,8C D7 94 36 29 EA D7 E8
58.619152108,0x427,CF CB 10 3C 57 D4 FA 25
58.630245591,0x1A4,3A 02 00 00 48 46 99 26
58.630245591,0x316,0B E3 D2 A3 84 31 77 B1
58.630245591,0x427,34 F0 56 C5 B5 F8 8E D0
58.639804760,0x1A4,EE 63 00 00 31 26 12 3A
58.639804760,0x316,96 03 06 B3 AA CE AE 9D
58.639804760,0x427,AE A9 AA 30 71 60 C4 E4
58.649396249,0x1A4,5B B7 00 00 1F C0 77 9A
58.649396249,0x316,99 E3 A0 9B 05 57 9F 2C
58.649396249,0x427,A8 55 5D 00 A4 6B 8E 49
58.658908344,0x1A4,88 45 00 00 25 4D 55 DA
58.658908344,0x316,6F 2F 43 79 09 D2 F1 B0
58.658908344,0x427,6A BD 88 B1 87 D4 0B D4
58.668280704,0x1A4,AB 86 00 00 13 4C 1E C8
58.668280704,0x316,A3 84 E3 D4 84 E4 D8 38
58.668280704,0x427,47 E4 27 C8 BF 49 A2 5A
58.681859592,0x1A4,2F 7D 00 00 E0 6C 13 21
58.681859592,0x316,D7 E4 04 3A 36 98 58 6C
58.681859592,0x427,3F 2C 44 6D 2F AF 4C 16
58.691746894,0x1A4,7C D5 00 00 F1 20 9A 59
58.691746894,0x316,6F 86 D4 F8 83 ED E5 08
58.691746894,0x427,CE EE 33 78 A3 15 A8 65
58.700722589,0x1A4,10 97 00 00 55 3C 4B E8
58.700722589,0x316,7B 4F 88 0C A3 37 1D 8D
58.700722589,0x427,43 35 E3 F9 A1 8A 88 75
58.709580805,0x1A4,1E EE 00 00 08 6E EE 82
58.709580805,0x316,57 E8 FB 2F 51 66 9B 63
58.709580805,0x427,2F 27 6D 9B FC 0F 72 7F
58.718172500,0x1A4,09 9D 00 00 D7 ED A8 F5
58.718172500,0x316,0D 4D EC 1E BD B2 B5 C3
58.718172500,0x427,2A 5A 73 81 21 B0 92 CE
58.730183604,0x1A4,CC 91 00 00 F3 78 6B D4
58.730183604,0x316,74 9B 81 DA C7 DC 2C 33
58.730183604,0x427,64 EE 91 61 F0 02 E0 09
58.739733110,0x1A4,CF 74 00 00 6B F4 9F 03
58.739733110,0x316,13 E1 CB 7D F5 1C EB 1F
58.739733110,0x427,DB B5 ED 27 01 28 7C 65
58.749340310,0x1A4,FD F6 00 00 3D 36 AE 5A
58.749340310,0x316,38 04 12 A5 F3 01 67 D8
58.749340310,0x427,85 1D C0 F3 82 31 D9 D2
58.761331527,0x1A4,D9 00 00 00 36 2C BA 8D
58.761331527,0x316,15 1F E6 38 6D 44 98 E4
58.761331527,0x427,1F 83 76 F6 03 2A EB 8E
58.771309973,0x1A4,E3 64 00 00 1B 9F 6A 8F
58.771309973,0x316,FF 9D D2 A1 3F A6 3F F6
58.771309973,0x427,37 8D D1 2E D6 1D C2 B4
58.779535873,0x1A4,16 AF 00 00 F3 41 B2 F6
58.779535873,0x316,4C 66 E9 DB C3 ED 34 7E
58.779535873,0x427,81 6F 8D AA D7 94 33 CB
58.789047905,0x1A4,E8 27 00 00 44 2B 59 A1
58.789047905,0x316,1A 3D 4B 6F CD 89 4C EC
58.789047905,0x427,05 8A 1B B5 4B 5E 15 C3
58.799283434,0x1A4,0A 80 00 00 00 E6 BC 88
58.799283434,0x316,8E 1C 0A DC 83 06 1E 42
58.799283434,0x427,0A 87 83 C7 A1 AD 0C 67
58.810119321,0x1A4,78 6D 00 00 6C 21 47 33
58.810119321,0x316,E4 19 06 53 E5 4B 4F 71
58.810119321,0x427,46 DE F5 C0 C2 65 3D 43
58.821303589,0x1A4,31 CC 00 00 9D 75 28 25
58.821303589,0x316,92 C6 B6 35 35 2E CC FA
58.821303589,0x427,53 0B 49 F8 7D 01 D4 F6
58.830899720,0x1A4,AD 0E 00 00 31 55 6E FB
58.830899720,0x316,B4 A7 DB B0 99 42 83 FB
58.830899720,0x427,AC B0 1B 27 D7 26 42 24
58.839954811,0x1A4,16 E3 00 00 BB 94 50 29
58.839954811,0x316,5F B3 6D EB F5 46 4A B6
58.839954811,0x427,95 C4 23 82 51 BA 52 04
58.848395110,0x1A4,70 59 00 00 8B 5F 2B 1B
58.848395110,0x316,40 22 1F C1 19 6A 80 9B
58.848395110,0x427,89 EE C2 4A 58 2C F6 40
58.861443944,0x1A4,59 74 00 00 9A 7D 6A 27
58.861443944,0x316,1E 69 9A 58 1A 20 6A 8F
58.861443944,0x427,0A 2B 8A FD 5D 40 9C AB
58.868849676,0x1A4,A2 1A 00 00 F5 C7 95 BD
58.868849676,0x316,DE 31 EA 90 25 17 7F 27
58.868849676,0x427,37 92 A4 B7 9D D9 D0 D0
58.881599629,0x1A4,93 B4 00 00 D1 E1 A5 FD
58.881599629,0x316,29 A9 71 AF 4A 30 9F A1
58.881599629,0x427,57 30 38 DC 87 4D 23 2F
58.891130971,0x1A4,DF 3B 00 00 58 F8 F7 BB
58.891130971,0x316,5C B5 56 F5 F5 A2 8E 5A
58.891130971,0x427,D7 DF AF 67 20 08 A2 0E
58.898424380,0x1A4,71 D6 00 00 89 BD DB 2E
58.898424380,0x316,88 85 30 D2 F6 01 70 E3
58.898424380,0x427,D6 D1 30 9E 66 E0 2E FE
58.910924378,0x1A4,F5 0D 00 00 24 9E 68 56
58.910924378,0x316,8A 42 08 36 33 90 20 5F
58.910924378,0x427,E0 7E F5 A7 AD 82 9F 0C
58.918613911,0x1A4,CA B2 00 00 6B 91 BD 63
58.918613911,0x316,EA A5 03 3E 32 19 47 D5
58.918613911,0x427,2F 9D A7 E5 13 A7 AB A2
58.930737927,0x1A4,D7 C1 00 00 6C E9 D8 B8
58.930737927,0x316,44 E1 91 7A E8 6D 4F DD
58.930737927,0x427,86 18 7A CC 43 DD A0 3E
58.939021797,0x1A4,C1 39 00 00 1B C2 E6 DA
58.939021797,0x316,AF 39 D3 A5 F2 9F 5F 1D
58.939021797,0x427,1C 25 15 88 B6 20 30 0E
58.948201045,0x1A4,15 B2 00 00 90 FA 95 65
58.948201045,0x316,D3 45 05 AF BF EB 00 CB
58.948201045,0x427,45 0D E5 7D C2 7F 99 46
58.960168613,0x1A4,67 39 00 00 47 63 E2 D3
58.960168613,0x316,D1 1F 7F 3C 1E B9 9D 01
58.960168613,0x427,98 1B 4E 7C 83 BD 43 AB
58.969509801,0x1A4,7C 92 00 00 CF 4A A7 3A
58.969509801,0x316,7B 66 55 DB BB 72 13 8F
58.969509801,0x427,FD A4 24 F3 6F 4D 0D 4E
58.979605216,0x1A4,75 F2 00 00 00 02 3D 1F
58.979605216,0x316,E8 30 38 A7 26 90 CA 8F
58.979605216,0x427,F2 F7 EE 52 CD E8 03 26
58.989361183,0x1A4,BA 25 00 00 F3 55 73 E3
58.989361183,0x316,4F 31 F5 A8 CD 5C 5D 12
58.989361183,0x427,05 A3 41 38 06 38 57 C6
59.000199605,0x1A4,D3 65 00 00 2A 00 AD 2C
59.000199605,0x316,3C 1D BB 66 91 BF 3D A9
59.000199605,0x427,04 4E AD 0E 6B 57 3B 82
59.011620851,0x1A4,5C F2 00 00 95 48 6D 49
59.011620851,0x316,6C F3 F9 A9 25 4B 38 66
59.011620851,0x427,87 61 AF 3A E9 31 27 92
59.020981244,0x1A4,64 13 00 00 67 27 58 B8
59.020981244,0x316,CD 09 39 79 B4 62 27 A8
59.020981244,0x427,8C 37 89 5D EE 84 D8 62
59.031017504,0x1A4,82 A5 00 00 F3 39 57 50
59.031017504,0x316,92 E3 01 BB FB 90 DF 46
59.031017504,0x427,5A DD 6E CA 19 91 E4 79
59.038323280,0x1A4,24 47 00 00 9D 5E 8D 5C
59.038323280,0x316,88 00 84 51 1C 86 5D 40
59.038323280,0x427,72 D0 94 91 DE DF 9D 12
59.050091799,0x1A4,9C C1 00 00 63 9B 9D 2C
59.050091799,0x316,F8 0A D1 EF 5C 3F 4F A0
59.050091799,0x427,05 54 E1 A8 A0 19 3A 11
59.058037876,0x1A4,F7 15 00 00 47 6B 23 16
59.058037876,0x316,F0 35 99 6D C0 DE 33 FA
59.058037876,0x427,F8 D0 6A B8 0D E6 85 44
59.068836843,0x1A4,ED F5 00 00 92 97 D6 13
59.068836843,0x316,24 37 F4 90 70 91 34 C4
59.068836843,0x427,B0 7E 16 EB 64 D4 58 AC
59.079740354,0x1A4,3C CA 00 00 31 7E 77 54
59.079740354,0x316,E0 C9 A2 6D C7 D5 88 45
59.079740354,0x427,20 04 54 04 35 B2 CF 91
59.089829205,0x1A4,5F B6 00 00 51 8B A7 AB
59.089829205,0x316,23 02 61 17 57 F0 83 93
59.089829205,0x427,BC AC 8C B8 1D EA 3F 60
59.098939909,0x1A4,57 2B 00 00 BC 9E 19 FC
59.098939909,0x316,14 2C 26 36 A7 7D 47 97
59.098939909,0x427,B0 B6 2F 52 85 83 6B 73
59.110156462,0x1A4,C1 2B 00 00 BC 87 24 7F
59.110156462,0x316,5E AE 95 5B DD E1 0A CE
59.110156462,0x427,9F 2A 53 2F F3 24 69 0F
59.118924859,0x1A4,B3 2E 00 00 36 77 AD CD
59.118924859,0x316,4C 99 22 00 F4 07 AB CF
59.118924859,0x427,A3 30 18 23 F3 24 A6 04
59.129171439,0x1A4,57 4D 00 00 E7 B5 31 2B
59.129171439,0x316,23 BC 41 6F CD FB F4 F9
59.129171439,0x427,5F 11 86 28 02 76 AA AA
59.140274034,0x1A4,60 12 00 00 72 F6 34 12
59.140274034,0x316,7F 80 6C 9F 54 AA EB DD
59.140274034,0x427,FA 5E EB A6 1B 67 02 7F
59.151051290,0x1A4,8C 9D 00 00 A0 F6 CD 22
59.151051290,0x316,D4 64 9D BA 87 BD 60 A9
59.151051290,0x427,70 7C FD 16 02 D9 50 26
59.160014037,0x1A4,27 13 00 00 13 3D C3 12
59.160014037,0x316,AD 51 D8 F0 51 34 A8 33
59.160014037,0x427,20 A6 52 92 F5 E7 5F 3E
59.168698014,0x1A4,32 5F 00 00 0E 6E 69 B7
59.168698014,0x316,9D 3F 14 6E AE 7B EB E7
59.168698014,0x427,65 AA 56 F2 81 41 CC 9E
59.178745380,0x1A4,85 FB 00 00 0F 45 77 76
59.178745380,0x316,64 DC 2F 88 B5 13 08 91
59.178745380,0x427,2E 3E B3 A5 5A 00 33 74
59.188564189,0x1A4,F2 87 00 00 8A 4B 4D 09
59.188564189,0x316,09 3E FF 90 B4 BD 73 F4
59.188564189,0x427,46 BC F1 85 28 30 7D 79
59.199526219,0x1A4,FE D5 00 00 F5 55 FE 12
59.199526219,0x316,3F B7 3B 2A E2 16 26 6D
59.199526219,0x427,CE A6 94 7D 4F 84 A8 E4
59.208662442,0x1A4,46 15 00 00 2B 10 38 3B
59.208662442,0x316,9F 84 74 14 CD 82 42 CC
59.208662442,0x427,E8 E0 18 9A 04 DB 2E FC
59.219787567,0x1A4,F9 E9 00 00 72 B0 74 2F
59.219787567,0x316,E7 06 C1 21 05 E1 16 70
59.219787567,0x427,8C B8 EB A6 A4 F1 AF 63
59.230578664,0x1A4,4D 87 00 00 44 7D BF C3
59.230578664,0x316,7F DF 3F 07 81 9C DB 75
59.230578664,0x427,28 73 8A F5 F3 7E D0 56
59.239690663,0x1A4,14 33 00 00 38 91 A7 93
59.239690663,0x316,6E DF BD F6 61 77 C9 87
59.239690663,0x427,96 5E E6 88 B5 A1 23 9F
59.248717250,0x1A4,A8 B6 00 00 1B 5F 14 A6
59.248717250,0x316,E4 3C 71 8B 7C 7D 9C 6B
59.248717250,0x427,11 FE 37 5A DE 32 BB 3C
59.260761540,0x1A4,9D 7F 00 00 AE CE 2C A3
59.260761540,0x316,9B B0 9B EF 99 CE 3F 35
59.260761540,0x427,81 04 D2 F0 6F EF 86 A1
59.269587078,0x1A4,59 15 00 00 C0 B0 58 92
59.269587078,0x316,DC 8E 6D E6 16 B2 74 EA
59.269587078,0x427,91 B6 C2 B2 1C 68 66 B1
59.279678662,0x1A4,27 61 00 00 8C CF F8 33
59.279678662,0x316,F3 85 83 1D CA 2A 45 9A
59.279678662,0x427,66 5B 79 17 6D 67 45 A1
59.291890932,0x1A4,29 52 00 00 19 E8 D9 61
59.291890932,0x316,93 43 2D 54 93 55 0B 4F
59.291890932,0x427,9F 6A 39 30 81 91 E7 07
59.298590459,0x1A4,7F 15 00 00 B9 D1 32 83
59.298590459,0x316,3A A1 0F AC 19 EC 9E B9
59.298590459,0x427,86 8D 1F C9 23 1F 06 94
59.309407509,0x1A4,97 1E 00 00 FE 1D BA 55
59.309407509,0x316,BE 2B 83 2E 1B 59 B1 3B
59.309407509,0x427,E7 A1 EB 1F 5F 23 0D 25
59.320439828,0x1A4,D8 BA 00 00 25 0C 96 28
59.320439828,0x316,3B 39 FD 1E 74 39 0A 96
59.320439828,0x427,F9 91 BA 11 61 E4 1A 5A
59.330299960,0x1A4,8B 1E 00 00 E8 56 05 06
59.330299960,0x316,10 E8 4B C6 44 F9 5E 59
59.330299960,0x427,90 7F 7D 7C 91 DF BB CE
59.339919513,0x1A4,24 84 00 00 3E A1 B4 45
59.339919513,0x316,20 86 41 FE 25 D0 64 48
59.339919513,0x427,AB 69 23 90 6E 89 DC A3
59.350282464,0x1A4,1D A1 00 00 4C B6 AE CC
59.350282464,0x316,A4 F6 F1 EB A9 47 BA 48
59.350282464,0x427,95 36 DD 7A CD 63 C3 01
59.361851592,0x1A4,B2 E5 00 00 21 FA C8 0C
59.361851592,0x316,21 07 4E 00 81 6B E9 23
59.361851592,0x427,3D CD BD 6B 05 F6 D9 F7
59.371557136,0x1A4,92 E4 00 00 47 37 DA 76
59.371557136,0x316,C8 DF 48 65 34 2E 61 4E
59.371557136,0x427,21 DE 26 4F 0C 19 75 8B
59.378532731,0x1A4,79 6D 00 00 E0 33 34 C3
59.378532731,0x316,C6 18 6D 6F 1C D8 14 7F
59.378532731,0x427,B7 47 A2 66 5A F1 38 4C
59.390595810,0x1A4,F6 88 00 00 C6 BA A4 72
59.390595810,0x316,86 79 D4 97 EE 4D 3C 73
59.390595810,0x427,EB 23 61 EC 88 03 3C 4F
59.399968955,0x1A4,79 23 00 00 58 24 E5 F0
59.399968955,0x316,42 77 CA 16 89 54 77 6B
59.399968955,0x427,CD 83 F3 D0 1B CF 88 33
59.411893076,0x1A4,66 69 00 00 9A 89 F9 E3
59.411893076,0x316,F7 9B F9 58 80 A6 37 6D
59.411893076,0x427,09 E1 CC B0 61 77 98 FD
59.419579762,0x1A4,C4 75 00 00 4B 44 C6 41
59.419579762,0x316,8F 65 9F DB AE E5 A3 54
59.419579762,0x427,8E 68 74 08 08 D7 E6 05
59.429938653,0x1A4,2B E3 00 00 90 14 88 3E
59.429938653,0x316,18 6D 5E 5A 70 74 92 50
59.429938653,0x427,00 BC F3 B2 69 A3 78 38
59.441452698,0x1A4,CF F1 00 00 44 73 FD 32
59.441452698,0x316,73 73 A2 09 E0 BE BF 96
59.441452698,0x427,4A A0 36 BD 20 D2 D8 62
59.448348407,0x1A4,8F F9 00 00 02 FB BB 45
59.448348407,0x316,FE DF A6 90 E8 45 37 6D
59.448348407,0x427,DE 3C D0 9D 34 98 BC 2F
59.459862103,0x1A4,52 B3 00 00 8E 1E E3 76
59.459862103,0x316,06 3E FE 70 C2 77 3E 14
59.459862103,0x427,19 0F 23 1C E4 B7 FA E1
59.470688510,0x1A4,F6 AF 00 00 A8 31 C0 90
59.470688510,0x316,83 3D 6B A6 79 02 AC 5B
59.470688510,0x427,06 94 29 23 C3 48 BE 91
59.481403854,0x1A4,FF 7A 00 00 ED F6 51 61
59.481403854,0x316,C0 7F 05 39 AD 5C 33 52
59.481403854,0x427,65 1E B5 34 44 01 AF 0C
59.491704179,0x1A4,80 44 00 00 04 59 F7 5E
59.491704179,0x316,1D D7 F3 97 6B 9B 48 77
59.491704179,0x427,26 6C 11 B8 DC 78 09 02
59.501476801,0x1A4,3D 15 00 00 47 B2 35 5E
59.501476801,0x316,D1 2B 8A 59 F5 F3 30 1C
59.501476801,0x427,AB D9 58 29 13 9B 6D 87
59.510969155,0x1A4,AE FF 00 00 2A B5 71 76
59.510969155,0x316,11 CE DC 69 4B DD A6 AC
59.510969155,0x427,34 AB D4 34 8B 75 33 6D
59.521225588,0x1A4,C6 C5 00 00 42 EF 19 3C
59.521225588,0x316,C6 66 C9 FC 24 9B 0F 14
59.521225588,0x427,17 88 73 DA 7D 31 63 50
59.529874925,0x1A4,54 72 00 00 E2 2F 3C 4A
59.529874925,0x316,6D CC 89 EA C1 F5 46 86
59.529874925,0x427,37 73 EA 9E FB 98 95 D9
59.538387372,0x1A4,F0 5C 00 00 11 BF 2A D7
59.538387372,0x316,DD 10 E6 91 D4 80 71 C3
59.538387372,0x427,A8 B8 DC 55 BC F2 99 9C
59.550325110,0x1A4,BF 82 00 00 72 27 43 59
59.550325110,0x316,E6 B9 2F EC D0 07 1D 48
59.550325110,0x427,B9 76 F8 69 75 3D 4F A8
59.560293605,0x1A4,A3 8D 00 00 13 D3 7D 3F
59.560293605,0x316,6D ED 6C 4C 6A 8B ED F8
59.560293605,0x427,40 97 95 54 B1 BE F3 C0
59.568466463,0x1A4,97 6C 00 00 EE A6 E9 DF
59.568466463,0x316,0D 3B B0 E6 DC 2E 2D F1
59.568466463,0x427,53 63 60 EC 79 FD CA 4A
59.578473241,0x1A4,4C E2 00 00 31 1B AE 38
59.578473241,0x316,73 36 B1 4E 91 6D 83 B5
59.578473241,0x427,92 D3 E4 41 F2 C2 1A C9
59.589531146,0x1A4,EB BA 00 00 5C 51 AD CA
59.589531146,0x316,CB 55 8D E5 2E 95 2B 4E
59.589531146,0x427,54 29 AB 9C 3D 52 0E 1F
59.599696613,0x1A4,D1 EC 00 00 13 3F C3 91
59.599696613,0x316,55 9B 91 ED B4 B4 7D 9A
59.599696613,0x427,17 7D CE 96 7A 54 9D 3E
59.608458615,0x1A4,28 65 00 00 AB 8F 82 9B
59.608458615,0x316,31 BB 11 3E 08 D4 72 D5
59.608458615,0x427,99 EA A7 B4 8C 22 DB F1
59.619928411,0x1A4,00 DB 00 00 E9 A8 2B 42
59.619928411,0x316,EE 09 9A 46 1D BC 0C 94
59.619928411,0x427,A9 8D 6D 73 D1 95 FB 48
59.629954743,0x1A4,9B 54 00 00 81 F3 2D 93
59.629954743,0x316,A3 CF 83 E1 07 13 07 45
59.629954743,0x427,59 E2 87 E0 68 60 F0 68
59.638205004,0x1A4,FE 06 00 00 D7 A8 65 04
59.638205004,0x316,DD 6F 9C 86 4E 71 52 C2
59.638205004,0x427,F7 C0 0F AD 9D A8 36 D6
59.648922705,0x1A4,EE 3A 00 00 D0 85 19 B3
59.648922705,0x316,A1 1B B5 8F D7 C3 DC 2B
59.648922705,0x427,D6 14 67 25 CC B7 7A 39
59.659331445,0x1A4,4B F7 00 00 3F E2 E3 97
59.659331445,0x316,1D 21 04 54 15 0C 21 80
59.659331445,0x427,42 86 8D 6B E4 82 D8 20
59.668067982,0x1A4,A7 08 00 00 E3 40 13 B9
59.668067982,0x316,7A 82 1E 7A 2F 50 3A B9
59.668067982,0x427,6A E8 67 EF 95 56 F1 37
59.678707197,0x1A4,66 02 00 00 84 CC 5B 93
59.678707197,0x316,46 19 44 AB 19 6D 4C D1
59.678707197,0x427,9D 64 7E 88 53 D8 7D A4
59.688186907,0x1A4,01 EA 00 00 D7 D3 E0 E1
59.688186907,0x316,41 05 BB 85 02 B1 27 95
59.688186907,0x427,9D A4 AE DB D0 BB 0A EF
59.698527090,0x1A4,D0 13 00 00 B9 CD 89 19
59.698527090,0x316,17 14 CA 3F 04 97 5E 28
59.698527090,0x427,C4 45 86 1A 87 79 A3 F7
59.710184804,0x1A4,A8 B8 00 00 1C AF 69 FF
59.710184804,0x316,B9 5A EB E4 8F AA 9F C2
59.710184804,0x427,FF 82 2D 92 3D 1C 0F 72
59.720300714,0x1A4,0A F6 00 00 B8 0F AB 0F
59.720300714,0x316,D8 32 F7 B0 CA D1 5F 2C
59.720300714,0x427,D0 0B 7A 1D 79 91 44 DC
59.730553945,0x1A4,4F 85 00 00 4A B4 FD C2
59.730553945,0x316,55 19 19 0B 2C 2B 9B 7A
59.730553945,0x427,3A B4 AA 53 14 D6 25 4D
59.741128813,0x1A4,7D 72 00 00 DF 23 04 DA
59.741128813,0x316,70 24 C1 84 87 FD 05 59
59.741128813,0x427,87 DC 55 31 5C 1E 7D 49
59.750613447,0x1A4,3E 29 00 00 2B 87 B2 B5
59.750613447,0x316,4D 68 CC C8 79 2A AD 69
59.750613447,0x427,3E F9 DB 5E 9B 89 30 56
59.760137623,0x1A4,0C 78 00 00 B7 ED E3 CC
59.760137623,0x316,8B 37 EA 95 D5 F6 C4 21
59.760137623,0x427,2A D4 F0 DB EC 5C 1A C7
59.770791446,0x1A4,D1 50 00 00 FB FD 8B 09
59.770791446,0x316,83 37 93 3E 55 E3 99 02
59.770791446,0x427,BC 32 FC 0A 4F E1 40 4D
59.781459448,0x1A4,A3 07 00 00 8D 44 12 91
59.781459448,0x316,E9 6C CE 6E A8 57 27 D9
59.781459448,0x427,E4 48 EC 4D 2D 14 AA 61
59.788378474,0x1A4,95 6A 00 00 24 17 68 10
59.788378474,0x316,C7 57 FC 25 8E 8E 39 B9
59.788378474,0x427,CD 75 66 9C ED C2 33 39
59.800335889,0x1A4,9D F6 00 00 C9 C4 FA 0D
59.800335889,0x316,48 8A AD D2 DB C1 02 07
59.800335889,0x427,E0 17 35 24 08 72 B1 E5
59.808923618,0x1A4,3D 7A 00 00 39 83 E8 DF
59.808923618,0x316,48 D7 13 5B A7 80 4C 1B
59.808923618,0x427,3E 84 E8 22 9C 76 5E C7
59.820203472,0x1A4,4C 73 00 00 CE F9 3B 34
59.820203472,0x316,1F DD DC BB 5E 52 20 DD
59.820203472,0x427,9A F5 22 76 B9 5B 54 55
59.830878866,0x1A4,DD CC 00 00 9D 41 BB 64
59.830878866,0x316,1B 05 44 DD 4E 7B 32 5B
59.830878866,0x427,CB 24 5D 87 DD 8F FC B4
59.840121415,0x1A4,BA BB 00 00 EF 4F 40 64
59.840121415,0x316,E1 74 B8 30 86 2B AD 54
59.840121415,0x427,6E E8 14 95 B8 A7 5E 56
59.850353221,0x1A4,37 E6 00 00 97 50 73 AD
59.850353221,0x316,72 E7 EE D6 52 9C AA 78
59.850353221,0x427,8C 5F BE F6 F0 D5 97 00
59.861395066,0x1A4,D0 33 00 00 D0 A0 9E F0
59.861395066,0x316,6B 7A 24 6E 8A C7 89 F8
59.861395066,0x427,DA CA 60 CE 83 90 31 14
59.870535746,0x1A4,88 ED 00 00 5F A6 DB 92
59.870535746,0x316,C4 23 07 9C A4 1E E9 37
59.870535746,0x427,0D 02 C3 F1 98 D9 9B 11
59.881261168,0x1A4,C8 E3 00 00 14 60 B0 B4
59.881261168,0x316,D1 7A 49 5C A6 F2 73 8D
59.881261168,0x427,7B 50 60 4C 84 4D 6C 30
59.888038331,0x1A4,CF 64 00 00 6B 85 1D B2
59.888038331,0x316,E6 0D C7 53 75 38 84 65
59.888038331,0x427,2F 84 4C 63 4C 48 A6 38
59.898140645,0x1A4,47 1A 00 00 82 FB 8D 12
59.898140645,0x316,85 E1 0A 39 70 97 3E EF
59.898140645,0x427,08 1E C3 8A 4B A5 FC 8C
59.910260228,0x1A4,9B FA 00 00 2E 86 4D 0C
59.910260228,0x316,40 8A 90 E2 FB 73 67 34
59.910260228,0x427,F1 82 EF 4B 9E 58 E7 E3
59.919001845,0x1A4,38 42 00 00 E6 31 C4 30
59.919001845,0x316,55 20 2D D4 68 15 4B 68
59.919001845,0x427,21 98 56 28 3B 34 CB EE
59.931580092,0x1A4,94 2C 00 00 8A 1C A9 BD
59.931580092,0x316,D3 52 BF 22 FD 80 92 08
59.931580092,0x427,4B 44 A4 DB F8 3F A8 3F
59.938705691,0x1A4,6A 26 00 00 23 F4 5D 4F
59.938705691,0x316,03 FC 1F 75 74 FF F1 4A
59.938705691,0x427,CA 66 E0 2E 14 1C DF 43
59.949584864,0x1A4,07 76 00 00 22 BD 39 35
59.949584864,0x316,56 24 F1 A7 60 90 97 1B
59.949584864,0x427,F5 9B CA 04 9A 3B 1F 4D
59.961034678,0x1A4,00 BE 00 00 50 17 CD A9
59.961034678,0x316,90 27 65 73 FD 2D D6 B6
59.961034678,0x427,74 8B 56 94 B2 58 6A 6A
59.971495198,0x1A4,DB A1 00 00 2B C4 CF BD
59.971495198,0x316,65 0B 72 B1 D4 81 BF AC
59.971495198,0x427,08 17 0E CD 57 D5 74 A8
59.978598157,0x1A4,EE 50 00 00 D7 DB 0B C8
59.978598157,0x316,AD 63 51 D2 B2 48 4F 8A
59.978598157,0x427,F2 33 C9 D4 69 58 2C 07
59.990724361,0x1A4,E6 07 00 00 23 F1 5A 8D
59.990724361,0x316,8C C2 9D CA 54 AF CF E6
59.990724361,0x427,C5 5A 13 FD 0A 1B 15 F3
