timestamp,can_id,data
0.000000000,0x1A4,9D 79 01 80 7F 31 80 1C
0.000000000,0x316,D1 1A 67 06 FB 40 D6 BD
0.000000000,0x427,57 52 68 46 90 3B B1 3E
0.010000000,0x1A4,DE 56 04 00 E9 C1 B8 23
0.010000000,0x316,A9 60 89 BC A7 1F 3D 1A
0.010000000,0x427,6D 2D 3C AD B3 66 9C BD
0.020000000,0x1A4,50 E1 05 80 34 24 9D 8B
0.020000000,0x316,82 9F 41 16 69 84 2A 97
0.020000000,0x427,99 11 03 6C F3 E8 22 08
0.030000000,0x1A4,6E CA 00 00 5A 69 FC 17
0.030000000,0x316,8B A8 F8 37 18 AA 8F 3B
0.030000000,0x427,D1 F6 5E 81 44 E6 1D 9A
0.040000000,0x1A4,B3 0F 03 00 A6 C1 AD 8F
0.040000000,0x316,29 06 E7 32 B1 0F 4D B7
0.040000000,0x427,89 D3 5E A6 8C 08 8A B3
0.050000000,0x1A4,F6 48 01 80 A4 A6 65 6B
0.050000000,0x316,E0 CB 6E 38 2A 5D FF 72
0.050000000,0x427,AC 1D DA 96 90 81 37 47
0.060000000,0x1A4,8B D5 06 80 4B 77 8A DE
0.060000000,0x316,1F E7 A9 01 0B 33 41 C2
0.060000000,0x427,BD 2B 4A CE C4 6E DF 28
0.070000000,0x1A4,7A 43 01 80 11 75 30 6C
0.070000000,0x316,76 A8 1A 57 89 93 22 47
0.070000000,0x427,30 81 CD 27 7B CD 1E 37
0.080000000,0x1A4,63 EA 03 80 EE 59 74 C3
0.080000000,0x316,79 0F 2B 56 ED 73 2A 1A
0.080000000,0x427,11 31 BE 17 7D EA 42 61
0.090000000,0x1A4,97 67 02 00 8E 12 E6 5B
0.090000000,0x316,13 64 F5 D8 71 7B 0D 58
0.090000000,0x427,03 CA 8D 9A A6 A3 B7 43
0.100000000,0x1A4,7F F5 07 80 63 91 1F 0B
0.100000000,0x316,D0 B3 CF BA 66 DE 9C 75
0.100000000,0x427,85 3E 46 89 78 9B F4 1F
0.110000000,0x1A4,4C 1D 06 80 A1 8C 1B EC
0.110000000,0x316,13 A1 E7 60 E8 3F 2C 14
0.110000000,0x427,F1 88 52 8D 41 BB 0D 4B
0.120000000,0x1A4,32 DD 03 80 AE 89 EE A0
0.120000000,0x316,7A 4F 57 9E 2F F7 AC E2
0.120000000,0x427,C1 D2 98 DC F0 1C 94 5C
0.130000000,0x1A4,BF 59 05 80 2C D3 39 31
0.130000000,0x316,F0 D1 5E B4 D2 5D CE 11
0.130000000,0x427,99 25 BB 0B 99 8D 48 A9
0.140000000,0x1A4,8E 8A 07 00 8A CE E7 C5
0.140000000,0x316,4D 54 15 4A 4C 7A 37 FC
0.140000000,0x427,31 3F 6D 14 26 1A F6 DA
0.150000000,0x1A4,F8 2E 00 00 B2 DF D1 DD
0.150000000,0x316,D0 3A DB 19 D7 F3 4F 61
0.150000000,0x427,39 47 29 47 93 B2 12 74
0.160000000,0x1A4,2F 37 04 80 DE 42 88 D5
0.160000000,0x316,41 A4 65 5D E9 B2 A3 29
0.160000000,0x427,08 2E C4 5E 53 05 F3 5A
0.170000000,0x1A4,AE 40 02 00 A4 99 90 AB
0.170000000,0x316,85 A8 58 44 FE 7E AA B3
0.170000000,0x427,49 98 C8 EF D8 FA FC AE
0.180000000,0x1A4,AB A5 05 80 57 6F 47 12
0.180000000,0x316,73 02 F0 9B E3 EF 8D A2
0.180000000,0x427,01 BE CF 2B 07 64 BD 88
0.190000000,0x1A4,D4 0D 00 80 CB ED AB 3E
0.190000000,0x316,EF BE D4 29 72 AF 56 76
0.190000000,0x427,F7 FD 23 61 F3 4C 1B 45
0.200000000,0x1A4,E6 66 01 80 A2 6F E6 EC
0.200000000,0x316,28 06 D7 A3 C4 61 2B B0
0.200000000,0x427,39 42 94 8E 26 B3 38 38
0.210000000,0x1A4,2F E1 02 80 7F 31 04 53
0.210000000,0x316,A5 24 C5 D7 CC 32 B0 C4
0.210000000,0x427,39 EE A7 C6 0D F3 51 0E
0.220000000,0x1A4,F9 E4 02 00 AB A7 61 D2
0.220000000,0x316,A3 B8 37 08 4E 7B 17 CE
0.220000000,0x427,FC 87 C1 50 5B BC B2 66
0.230000000,0x1A4,9E AA 02 00 81 BC F1 10
0.230000000,0x316,AC F8 02 36 E0 49 C3 E9
0.230000000,0x427,E4 87 62 F1 3E B6 32 91
0.240000000,0x1A4,EE A0 01 80 CF 3A C9 B7
0.240000000,0x316,D7 BA 8E 50 6F B1 6E 36
0.240000000,0x427,15 D4 CA A7 B1 9E CD 7F
0.250000000,0x1A4,D0 21 00 00 4D 98 7A E2
0.250000000,0x316,65 CA 1F EA B2 F0 91 A4
0.250000000,0x427,A9 50 77 75 83 3B 93 24
0.260000000,0x1A4,DE 2F 07 00 1D D0 BE 23
0.260000000,0x316,F8 FA 22 3F 19 99 B7 BE
0.260000000,0x427,7B D2 B5 8F 68 6A FA 89
0.270000000,0x1A4,BC 08 03 00 06 4C 3C BF
0.270000000,0x316,79 6D A7 95 C7 D6 AD 6D
0.270000000,0x427,75 B8 D7 E5 F0 69 62 95
0.280000000,0x1A4,97 1C 07 00 97 CC AB 5C
0.280000000,0x316,B8 67 25 38 E4 BD 50 FF
0.280000000,0x427,F0 9F 5E FF 84 B5 69 23
0.290000000,0x1A4,A8 50 00 80 DF 0D 57 7E
0.290000000,0x316,D8 D6 45 17 8A F0 7A C1
0.290000000,0x427,95 D1 0F 0C 96 3D 71 DC
0.300000000,0x1A4,35 F7 01 00 DF 9B 20 27
0.300000000,0x316,C4 4D A0 A0 81 94 F4 28
0.300000000,0x427,8C B6 C5 CA 54 04 34 AE
0.310000000,0x1A4,E8 AC 02 00 34 43 AE 98
0.310000000,0x316,10 5A 43 10 45 1C 80 62
0.310000000,0x427,22 CD B1 61 C9 24 8C 98
0.320000000,0x1A4,99 CF 01 80 02 1E D2 77
0.320000000,0x316,A9 09 74 87 EC AC 5C 40
0.320000000,0x427,B9 97 98 F8 5B 36 A0 8D
0.330000000,0x1A4,ED 0E 04 80 2F 26 43 F1
0.330000000,0x316,90 6B F0 02 A7 0D 27 AE
0.330000000,0x427,B9 39 81 B8 4B 43 53 1D
0.340000000,0x1A4,17 92 04 80 FD 7E 81 E2
0.340000000,0x316,34 E3 76 89 10 87 39 C0
0.340000000,0x427,C8 A7 4E 44 E3 E2 C2 C4
0.350000000,0x1A4,93 12 06 80 6F BD 15 57
0.350000000,0x316,E9 AE 8E 1C 08 D3 22 4B
0.350000000,0x427,9A C6 4C 6F CA 06 7D 28
0.360000000,0x1A4,A3 3C 07 00 59 AF D4 00
0.360000000,0x316,CC 47 2D F4 72 06 DB B8
0.360000000,0x427,ED E5 37 E0 0B FE 3C B8
0.370000000,0x1A4,E2 76 05 00 8B A8 CD F8
0.370000000,0x316,5F 69 26 80 6E F4 0F C3
0.370000000,0x427,34 21 BC 2D 1C 6D F7 81
0.380000000,0x1A4,6F FA 01 80 5C BD 3D 1B
0.380000000,0x316,16 4E DA DE 6E AC 13 A0
0.380000000,0x427,A8 E0 66 4C 77 A4 77 D7
0.390000000,0x1A4,A7 31 02 80 D4 31 F6 81
0.390000000,0x316,C7 78 E5 9B 89 D6 EB 32
0.390000000,0x427,7D 79 20 27 6C D1 B8 5F
0.400000000,0x1A4,61 E8 03 80 15 47 5B 29
0.400000000,0x316,62 BE 14 8A 3F 8F 18 F4
0.400000000,0x427,8F 10 54 C7 C5 A3 24 EC
0.410000000,0x1A4,1E 42 05 80 DD 63 22 EB
0.410000000,0x316,D1 7A 25 00 B4 6E 54 99
0.410000000,0x427,3B E4 FB 52 85 43 15 7D
0.420000000,0x1A4,82 6D 04 00 FB 5C A3 1C
0.420000000,0x316,31 68 D9 ED B5 4E EC 5C
0.420000000,0x427,B0 EA F3 E0 8B 05 3E FC
0.430000000,0x1A4,39 08 00 80 2D CB 88 CE
0.430000000,0x316,FF 3E B9 4E 37 BF 4C 3D
0.430000000,0x427,1A 2F D4 0E A9 C2 A9 3D
0.440000000,0x1A4,B8 3C 05 80 E2 4D 3E 91
0.440000000,0x316,76 47 6B F2 07 6C 29 14
0.440000000,0x427,69 62 ED 15 CF 4B 5E BB
0.450000000,0x1A4,E1 DE 01 00 60 E6 E6 D0
0.450000000,0x316,48 E9 B7 11 00 31 5D FA
0.450000000,0x427,C5 D2 B6 C2 66 6E 5F 88
0.460000000,0x1A4,B4 B9 05 80 50 D7 31 20
0.460000000,0x316,5D 43 DE 20 0C 6E E5 A8
0.460000000,0x427,1E 1B AC 79 CC AC 64 F2
0.470000000,0x1A4,B0 ED 07 80 AB C2 45 2A
0.470000000,0x316,43 C0 DA 43 03 A1 15 87
0.470000000,0x427,9A C5 57 DF 26 BD 49 9B
0.480000000,0x1A4,9F C4 02 00 C0 7C E0 F6
0.480000000,0x316,21 68 38 36 5E 46 CD ED
0.480000000,0x427,FB 4E 0F 8A 53 0F 59 C1
0.490000000,0x1A4,2A C3 04 80 5C 2A 9B B0
0.490000000,0x316,DF A2 7E 33 E6 D2 83 B6
0.490000000,0x427,9A A3 CC 4F FA 5B 24 66
0.500000000,0x1A4,BE 1B 02 80 39 AD F3 AB
0.500000000,0x316,8E 68 5E A6 71 7C 98 5F
0.500000000,0x427,A1 53 27 70 CB 1B 4D E6
0.510000000,0x1A4,B4 D9 07 80 8F 98 94 73
0.510000000,0x316,97 21 FA 1E 1D BE 76 3F
0.510000000,0x427,CF C3 85 39 5C 00 64 10
0.520000000,0x1A4,9B C6 04 00 59 80 62 05
0.520000000,0x316,62 66 9B 96 03 CD CD 8D
0.520000000,0x427,93 CC E8 3A F2 02 A4 96
0.530000000,0x1A4,B6 2A 00 00 56 42 D7 01
0.530000000,0x316,56 9A 2C 12 6E 10 35 B5
0.530000000,0x427,B6 F6 8F A1 E0 59 12 0F
0.540000000,0x1A4,D4 ED 03 00 C6 25 41 11
0.540000000,0x316,26 9B C9 E7 FB AD 0A 08
0.540000000,0x427,C1 10 11 DC 3C F6 96 54
0.550000000,0x1A4,13 B5 03 00 50 BC 9F 83
0.550000000,0x316,2D DF ED 3C 3B 49 4A 47
0.550000000,0x427,A7 20 42 AB E7 1F 44 7C
0.560000000,0x1A4,3A 39 00 00 33 3C 0B 8A
0.560000000,0x316,6F 30 DF 21 2B A2 2D B9
0.560000000,0x427,76 DC 7D EF 63 DB E3 E1
0.570000000,0x1A4,5A E1 07 80 43 9B 82 93
0.570000000,0x316,F9 F7 00 79 28 11 35 3E
0.570000000,0x427,9F D1 DC C8 20 C1 14 79
0.580000000,0x1A4,9D 1F 00 80 F2 14 35 68
0.580000000,0x316,5F B4 BE 30 54 BC 25 18
0.580000000,0x427,2B 75 D0 18 FA 17 B3 A8
0.590000000,0x1A4,D3 5E 01 00 DF 3E B3 5A
0.590000000,0x316,11 A6 6F 6C BC FF 3D 69
0.590000000,0x427,B3 ED 8E 77 AC 67 24 DD
0.600000000,0x1A4,1A B7 04 80 A6 29 DE 0D
0.600000000,0x316,63 9E 61 AC CF DB 48 A7
0.600000000,0x427,50 40 F2 FB 41 09 6C A5
0.610000000,0x1A4,EE E9 01 00 EF 4F 84 0F
0.610000000,0x316,3A 30 12 67 AB 34 6C BA
0.610000000,0x427,07 89 DC 56 71 A1 F3 CC
0.620000000,0x1A4,5E 92 06 80 27 0E F9 1B
0.620000000,0x316,04 F1 A7 3F 00 0C 0C 31
0.620000000,0x427,EF 87 B1 30 E4 05 4A 89
0.630000000,0x1A4,7D 56 00 00 B4 FC E2 23
0.630000000,0x316,61 6F 00 6C 76 12 F9 2E
0.630000000,0x427,19 BC 4E 47 15 CB 6E 76
0.640000000,0x1A4,BF 50 03 00 BF 4F DE DF
0.640000000,0x316,7C 22 5B EC 92 6C 4C 13
0.640000000,0x427,34 04 71 71 BB 8B DA CE
0.650000000,0x1A4,E7 5F 01 80 6E A5 20 DB
0.650000000,0x316,A3 1E E2 8C E5 8B 10 19
0.650000000,0x427,58 5B F3 0C B8 F7 F2 A6
0.660000000,0x1A4,D5 F9 00 80 81 F8 63 8A
0.660000000,0x316,70 E7 05 D6 A8 2B C7 03
0.660000000,0x427,83 23 10 F8 B7 11 E0 17
0.670000000,0x1A4,E9 62 06 80 30 AB E9 C0
0.670000000,0x316,A5 1F 44 D9 C0 5D 83 3C
0.670000000,0x427,62 5D 93 2A 7A C0 0A 68
0.680000000,0x1A4,17 FA 02 00 3E 4E 3A 7B
0.680000000,0x316,81 24 B8 36 71 BA 59 DD
0.680000000,0x427,85 93 AA 66 F4 7E 06 E7
0.690000000,0x1A4,D0 BA 02 00 88 A8 25 2A
0.690000000,0x316,E3 61 04 61 27 41 8D 00
0.690000000,0x427,48 33 3D FC 24 AE F2 63
0.700000000,0x1A4,FC 58 04 00 CF 49 30 ED
0.700000000,0x316,C6 D9 B8 C8 CD 3C FE C8
0.700000000,0x427,BA 6D 7B 74 F2 17 06 49
0.710000000,0x1A4,EA 37 02 00 18 D2 53 B2
0.710000000,0x316,C3 C4 12 F5 76 65 02 BB
0.710000000,0x427,7D 05 D4 FE 8E 61 8A C8
0.720000000,0x1A4,34 D5 06 80 E1 65 70 A9
0.720000000,0x316,CA 9A E9 B7 79 7F 96 7C
0.720000000,0x427,D7 C3 A0 27 8C 25 9D 30
0.730000000,0x1A4,52 0B 05 00 EC 3E BB 37
0.730000000,0x316,46 56 FD F7 D6 C2 F8 0E
0.730000000,0x427,C0 28 45 94 85 45 59 BC
0.740000000,0x1A4,10 4E 05 80 4B EA 9A 0F
0.740000000,0x316,9B 53 7B BF BA 67 48 50
0.740000000,0x427,2B 62 A2 0E C2 20 D6 0C
0.750000000,0x1A4,BA A9 04 80 EA CF 0E 7A
0.750000000,0x316,64 CD BA 80 67 F4 5C EB
0.750000000,0x427,CA D9 4B DA FB E1 F7 87
0.760000000,0x1A4,E5 82 05 00 E0 A8 8F 0E
0.760000000,0x316,22 9B F5 F5 62 0C 01 82
0.760000000,0x427,53 2F 82 14 D0 95 F1 D9
0.770000000,0x1A4,96 39 02 00 29 9D 8A 11
0.770000000,0x316,81 38 54 98 10 E2 65 11
0.770000000,0x427,CC BA DA AC EC 2E A0 DC
0.780000000,0x1A4,96 52 06 00 AF D5 5D 67
0.780000000,0x316,8A E3 B0 1E 8B 71 0C F1
0.780000000,0x427,99 DE E9 E3 78 3F D6 91
0.790000000,0x1A4,14 F8 07 00 03 0A 34 94
0.790000000,0x316,56 68 32 98 7E 82 2C 0A
0.790000000,0x427,65 C9 8F 9E 54 DD FC 14
0.800000000,0x1A4,E3 52 02 00 92 9B 49 A8
0.800000000,0x316,0C 8C 6B 95 33 B6 B2 90
0.800000000,0x427,95 16 D5 85 3F 9D FD 50
0.810000000,0x1A4,D5 E8 00 80 62 8A C1 42
0.810000000,0x316,B8 54 4A 34 5B 29 73 AB
0.810000000,0x427,8D 58 58 B7 9A 5A 6E 50
0.820000000,0x1A4,DD 85 02 00 11 50 FF 43
0.820000000,0x316,A6 38 52 65 25 3D 81 21
0.820000000,0x427,FC E3 F3 AB 28 8A 3F A5
0.830000000,0x1A4,C2 9B 04 00 75 AB 0C 75
0.830000000,0x316,0A FD F0 50 3B 25 D4 ED
0.830000000,0x427,F2 30 7A C0 5B 48 8C EF
0.840000000,0x1A4,83 2F 02 00 73 7F 62 02
0.840000000,0x316,27 33 52 75 ED 4A 04 9F
0.840000000,0x427,C2 B5 9A FF E4 59 20 90
0.850000000,0x1A4,4D 2D 00 80 15 5F 98 19
0.850000000,0x316,E0 36 C1 12 8B 68 A2 89
0.850000000,0x427,EB 47 91 36 CC A8 81 81
0.860000000,0x1A4,AF 2C 04 00 68 AC E8 21
0.860000000,0x316,3E 16 EA EE 99 A4 58 59
0.860000000,0x427,81 50 80 E1 A3 4E 9C 11
0.870000000,0x1A4,C3 DA 07 80 64 6C 89 3E
0.870000000,0x316,D2 53 99 5E 12 EF F4 48
0.870000000,0x427,B8 18 62 28 20 DD 2C 70
0.880000000,0x1A4,32 4F 00 80 0C 55 10 8B
0.880000000,0x316,43 31 1B B4 66 C3 71 4D
0.880000000,0x427,EC E9 96 9C 7C CF DD FB
0.890000000,0x1A4,59 4E 03 80 11 1A 9E CE
0.890000000,0x316,E6 FD 6A A7 4F A8 68 87
0.890000000,0x427,F0 B1 00 02 31 15 F9 AA
0.900000000,0x1A4,9A BC 05 80 56 6A FA 8D
0.900000000,0x316,EA 15 A4 4C 5E 90 87 EE
0.900000000,0x427,C7 D7 D3 A9 1A A5 84 1A
0.910000000,0x1A4,6E B7 05 80 C5 ED CC E0
0.910000000,0x316,0F E7 60 22 EF 09 B4 43
0.910000000,0x427,AC BB 8C 1D 57 36 C4 E3
0.920000000,0x1A4,A9 B5 06 00 1B 05 0F BE
0.920000000,0x316,97 10 A0 8D 2A 6F CB 27
0.920000000,0x427,D9 9C B8 45 DB 2D 21 48
0.930000000,0x1A4,AB 20 06 80 2D D3 EB 35
0.930000000,0x316,A7 6E B5 B7 AA 00 C7 57
0.930000000,0x427,0B F4 1E 34 D2 CF FF AF
0.940000000,0x1A4,29 6B 05 80 8A 7E 58 DA
0.940000000,0x316,E6 72 94 43 F1 7C 62 81
0.940000000,0x427,60 6C 10 7D 71 7B 49 40
0.950000000,0x1A4,C7 21 04 80 78 1C 7D E8
0.950000000,0x316,C0 40 9A D8 0F 28 01 0D
0.950000000,0x427,49 DF A0 17 23 77 60 A2
0.960000000,0x1A4,33 76 07 00 1C 28 50 D4
0.960000000,0x316,F3 83 D4 46 2D 45 49 0B
0.960000000,0x427,CE 5E E8 00 16 F6 63 55
0.970000000,0x1A4,CD 11 00 80 A0 65 7D 21
0.970000000,0x316,B4 DC 19 A3 E2 09 D4 FA
0.970000000,0x427,1D 80 0F 43 BF 6F 5D 29
0.980000000,0x1A4,1F 4F 01 80 C9 21 1C 71
0.980000000,0x316,99 ED 3A 8D 3C 9F A6 B4
0.980000000,0x427,C9 E3 7C 6D B0 97 97 8F
0.990000000,0x1A4,A6 B6 01 00 48 C4 A3 1C
0.990000000,0x316,61 2E 43 13 A3 DB EE F1
0.990000000,0x427,B0 42 13 E2 69 A9 E6 B0
1.000000000,0x1A4,EA DC 07 80 FB 6B 28 26
1.000000000,0x316,3B CE AB 8B DE 23 39 09
1.000000000,0x427,EB 04 A8 D5 58 F0 84 5E
1.010000000,0x1A4,D0 58 07 80 E2 48 72 8D
1.010000000,0x316,77 79 E9 25 97 80 06 6E
1.010000000,0x427,02 45 A0 20 DE 4B B5 0A
1.020000000,0x1A4,E7 04 02 00 2A CD 59 5D
1.020000000,0x316,89 A6 23 E6 07 DB DE EE
1.020000000,0x427,DE AB CE CB A7 DA E1 F8
1.030000000,0x1A4,31 01 07 80 E7 8C 36 0A
1.030000000,0x316,C0 EC 1F E6 C6 62 99 5B
1.030000000,0x427,6C 93 C7 35 36 EC 9B AE
1.040000000,0x1A4,47 2E 01 00 FA 25 BC AA
1.040000000,0x316,C3 AE 50 1A CA AE 8A 5A
1.040000000,0x427,BC B2 B5 C7 B7 86 54 8F
1.050000000,0x1A4,DC A6 06 80 43 2C ED DF
1.050000000,0x316,3F 59 08 68 04 62 4D F9
1.050000000,0x427,2A AC E3 9E D9 C3 DD BF
1.060000000,0x1A4,BD CE 00 00 99 DB FE EC
1.060000000,0x316,B5 AE 0C EE 4C D1 9A 3C
1.060000000,0x427,94 CC 56 DD 35 B7 99 29
1.070000000,0x1A4,69 A3 00 80 69 65 C5 CC
1.070000000,0x316,5A BC 8E CF D0 4D 53 2D
1.070000000,0x427,10 7E A4 E1 6F 20 8C 69
1.080000000,0x1A4,3A 66 00 00 93 94 EA 2D
1.080000000,0x316,29 7D 8F BC 01 33 AB EC
1.080000000,0x427,46 1B 0A 55 28 7B 4A C8
1.090000000,0x1A4,29 F3 01 80 AA 08 66 69
1.090000000,0x316,22 48 5F CD 9A 08 7F AB
1.090000000,0x427,C7 4C 33 DD 0D BB 2C BC
1.100000000,0x1A4,6A 44 05 80 62 E3 87 3F
1.100000000,0x316,0B 61 4D 44 91 30 C1 28
1.100000000,0x427,3F 60 91 C9 A4 F7 86 B3
1.110000000,0x1A4,A7 27 04 00 1A 41 EE 61
1.110000000,0x316,90 52 46 DF 0A DB E9 09
1.110000000,0x427,77 C4 CC DB 25 24 7F 78
1.120000000,0x1A4,81 6A 01 00 70 34 17 33
1.120000000,0x316,D0 D1 0B D1 F2 A9 1F EB
1.120000000,0x427,D4 6E D6 75 E3 36 83 59
1.130000000,0x1A4,1A FD 00 00 17 AC 0E D2
1.130000000,0x316,26 C3 9B CB CB 06 0F DF
1.130000000,0x427,BA B2 43 3A 97 84 11 39
1.140000000,0x1A4,5B DF 06 00 5A EF F7 A8
1.140000000,0x316,37 F4 70 31 D0 DD 01 66
1.140000000,0x427,AC F9 08 54 AA 87 52 47
1.150000000,0x1A4,09 3C 06 80 F0 8E C5 11
1.150000000,0x316,50 0B 86 F7 16 BC F8 C5
1.150000000,0x427,58 BC 74 47 71 B6 E4 59
1.160000000,0x1A4,B5 25 00 80 0B 69 68 82
1.160000000,0x316,9E 52 51 66 2D E6 F4 AD
1.160000000,0x427,25 A0 2C FB 8D 2D FA D7
1.170000000,0x1A4,27 6F 05 80 D8 3C C6 54
1.170000000,0x316,79 D8 71 F0 30 D4 10 07
1.170000000,0x427,66 09 87 1D DB 96 85 E0
1.180000000,0x1A4,A2 2C 04 80 CC FF DE 42
1.180000000,0x316,DB 9E B6 2D 5D 87 A1 94
1.180000000,0x427,17 A6 68 F6 7A F8 C9 FB
1.190000000,0x1A4,85 9A 05 00 42 39 CB 09
1.190000000,0x316,FC 44 C0 1B CC E4 B8 98
1.190000000,0x427,0C 92 3F 6F 44 F3 7E 58
1.200000000,0x1A4,D9 ED 01 80 63 5B 53 C9
1.200000000,0x316,1F 28 4D 50 71 82 B7 6F
1.200000000,0x427,D5 80 30 9B 6F E1 F6 FB
1.210000000,0x1A4,2D 9F 04 80 59 F6 9A 1D
1.210000000,0x316,E3 2A 9C 62 29 F1 45 E6
1.210000000,0x427,2D 46 9B 93 AD 00 A9 30
1.220000000,0x1A4,8C 7E 05 00 6A EA 5C 0B
1.220000000,0x316,D0 F3 72 B5 35 77 A1 6F
1.220000000,0x427,E3 D6 6E 00 F4 7F 19 85
1.230000000,0x1A4,76 7E 02 80 00 7F 77 CE
1.230000000,0x316,6C FD D7 89 A5 DE D5 AF
1.230000000,0x427,74 90 2C B8 6B 15 B5 F0
1.240000000,0x1A4,AA 70 00 80 81 80 AE BC
1.240000000,0x316,43 4F AE AB FA E4 70 32
1.240000000,0x427,56 9E 3D 5D A3 81 69 6E
1.250000000,0x1A4,AA CD 01 00 2D 70 E9 F2
1.250000000,0x316,14 7B 0B AA 85 A3 B7 EB
1.250000000,0x427,4F FD 87 54 E7 1C 87 9F
1.260000000,0x1A4,86 C6 04 00 E6 C2 D3 A9
1.260000000,0x316,93 87 17 D9 D6 71 E7 1F
1.260000000,0x427,A0 D0 41 B8 33 78 69 E6
1.270000000,0x1A4,90 EB 01 00 DE C7 D2 81
1.270000000,0x316,96 47 2D 4F 49 7E B9 AA
1.270000000,0x427,15 70 8C 68 04 B9 80 53
1.280000000,0x1A4,36 B6 03 00 26 40 7C B2
1.280000000,0x316,20 0F B0 4B FB F9 ED 8D
1.280000000,0x427,F6 EE 95 20 B6 6E 1C 31
1.290000000,0x1A4,FE 5E 02 00 A1 D0 38 AA
1.290000000,0x316,67 AC BB F0 3F AA 0F 61
1.290000000,0x427,6C B5 64 AD 0E BF 85 BF
1.300000000,0x1A4,A6 43 06 80 44 0E 8D 2C
1.300000000,0x316,AF 62 92 9D D9 E1 B0 91
1.300000000,0x427,1A 0D 0B 4D D5 8A F4 67
1.310000000,0x1A4,E2 9C 05 80 50 03 6F D5
1.310000000,0x316,8B 9A 1A 00 B7 BF CA 4D
1.310000000,0x427,6C 2D 73 49 41 88 CE 35
1.320000000,0x1A4,48 26 05 00 9B 7D 27 C9
1.320000000,0x316,E6 E1 79 94 24 2C 4E 9B
1.320000000,0x427,AA C9 9A A7 FA EC 7E 52
1.330000000,0x1A4,49 77 01 00 64 E3 18 71
1.330000000,0x316,69 62 31 71 1E E8 F5 AC
1.330000000,0x427,9A 22 B5 36 8E 4C DC 82
1.340000000,0x1A4,C2 BA 02 00 35 3E 32 CB
1.340000000,0x316,44 C9 B3 E6 C7 8C B7 F5
1.340000000,0x427,59 47 C8 CB 31 F8 67 BC
1.350000000,0x1A4,25 E5 00 00 58 71 AA A8
1.350000000,0x316,08 29 B5 15 D0 39 A6 48
1.350000000,0x427,A9 A9 F4 83 36 53 F2 A9
1.360000000,0x1A4,77 69 00 80 4C E0 87 9E
1.360000000,0x316,DB E5 CE 55 2A 39 E8 17
1.360000000,0x427,24 33 84 D1 E1 3F B6 F3
1.370000000,0x1A4,C4 96 02 80 2F 59 20 3C
1.370000000,0x316,40 56 3C AC 65 A6 77 4F
1.370000000,0x427,FF 0C 82 39 F6 E7 7A CE
1.380000000,0x1A4,E8 2D 02 00 4B FD B8 25
1.380000000,0x316,0F BE 40 06 90 A9 D4 0B
1.380000000,0x427,32 00 AE 3E 24 3B E3 FB
1.390000000,0x1A4,03 89 02 00 77 73 7C 9C
1.390000000,0x316,DD 68 88 D9 A9 B7 BB C4
1.390000000,0x427,F0 DE A4 12 64 27 96 74
1.400000000,0x1A4,4C CE 00 00 5D DE D9 E2
1.400000000,0x316,DC 4D 38 A1 0A 2B 5F 93
1.400000000,0x427,EC 81 C6 31 81 84 E5 B7
1.410000000,0x1A4,A7 45 04 80 B6 69 4C 62
1.410000000,0x316,95 80 8F 7E 63 A6 4F 66
1.410000000,0x427,B4 C3 75 3E 44 3C C7 25
1.420000000,0x1A4,E9 6A 03 80 CC 05 08 B0
1.420000000,0x316,87 62 6B 01 A1 5A 85 E4
1.420000000,0x427,38 35 3F C0 39 D5 45 DC
1.430000000,0x1A4,2D BF 01 80 09 D9 AD E2
1.430000000,0x316,15 4E 49 1B 59 8F 46 C7
1.430000000,0x427,93 61 D6 6C 07 F9 05 38
1.440000000,0x1A4,CF E8 06 00 BA 24 DA CD
1.440000000,0x316,30 43 3D F5 2C 46 27 B2
1.440000000,0x427,13 E1 98 84 D6 BD EC 76
1.450000000,0x1A4,A4 1C 03 00 79 25 B2 8E
1.450000000,0x316,46 75 CB 3F 85 50 DF EA
1.450000000,0x427,27 92 2C D9 76 5B 11 1F
1.460000000,0x1A4,BF AE 02 00 E1 82 22 22
1.460000000,0x316,6F A3 29 CD FE DB F2 76
1.460000000,0x427,C1 5F E6 AA 4D 42 F8 87
1.470000000,0x1A4,04 85 06 80 58 BA 15 8F
1.470000000,0x316,25 90 6F 98 52 70 3A 51
1.470000000,0x427,A3 CB 35 F3 92 10 58 C1
1.480000000,0x1A4,51 7D 04 80 F4 7D 4C 71
1.480000000,0x316,52 C8 D6 9C 32 44 A4 D0
1.480000000,0x427,88 56 22 B8 2E 71 5B E4
1.490000000,0x1A4,43 24 01 80 DC E1 3E 6D
1.490000000,0x316,53 2E A0 D4 B9 A1 27 E8
1.490000000,0x427,1B 56 41 8C E6 64 27 72
1.500000000,0x1A4,39 6E 07 80 88 92 BE 28
1.500000000,0x316,F7 33 60 BE 30 EE 8A DC
1.500000000,0x427,88 43 84 79 99 C5 37 73
1.510000000,0x1A4,9F 60 02 00 8E 71 74 C0
1.510000000,0x316,70 1A 4B 3F 0D 41 01 D7
1.510000000,0x427,AF C7 3D A3 62 E0 FD 46
1.520000000,0x1A4,91 5D 04 80 B9 B2 15 C7
1.520000000,0x316,93 E7 73 85 D8 8C 0E 7C
1.520000000,0x427,E9 95 72 A0 99 37 3F 3D
1.530000000,0x1A4,AF 04 04 00 97 7D 9B 70
1.530000000,0x316,F7 F2 D5 13 5B E0 AA B6
1.530000000,0x427,F1 7A 25 49 74 C5 07 3C
1.540000000,0x1A4,19 1F 07 00 B8 1A FA 55
1.540000000,0x316,64 7C D8 51 1D 68 9D E4
1.540000000,0x427,87 6A 47 8A CB BC A0 14
1.550000000,0x1A4,87 7B 04 00 96 D6 9C 26
1.550000000,0x316,D8 F3 33 3B D3 99 0E 62
1.550000000,0x427,F1 B1 A6 B1 E2 3E 1E 27
1.560000000,0x1A4,8E E2 07 80 AC 9D C5 36
1.560000000,0x316,51 4D 71 10 54 C8 34 6A
1.560000000,0x427,BA 6E 58 68 82 A4 B4 54
1.570000000,0x1A4,5B 90 00 80 BA D0 46 77
1.570000000,0x316,2F 2E 70 6A 5C A5 F0 0F
1.570000000,0x427,3C 19 F3 34 0E 5B 38 D5
1.580000000,0x1A4,9F 86 06 00 8B C0 B4 63
1.580000000,0x316,81 7E A3 E7 FF 55 11 C5
1.580000000,0x427,76 3A 86 95 17 1F 31 F2
1.590000000,0x1A4,6E CB 05 80 C6 0B 00 05
1.590000000,0x316,58 CA 52 DB 25 B7 72 E1
1.590000000,0x427,83 01 FE C3 5F 71 60 93
1.600000000,0x1A4,B4 A6 00 00 06 58 1B 7A
1.600000000,0x316,C4 67 82 01 70 84 57 F1
1.600000000,0x427,7C DD 0C 5A FE E0 71 4C
1.610000000,0x1A4,FD BE 03 80 39 2A D6 63
1.610000000,0x316,95 90 7B DA BB 9E 42 E4
1.610000000,0x427,B1 02 14 F4 73 50 F2 D5
1.620000000,0x1A4,8D FA 04 00 AB D2 C8 89
1.620000000,0x316,DF 2F 5D BF 52 FA 10 BC
1.620000000,0x427,A1 53 CF 8B 03 29 C4 CC
1.630000000,0x1A4,F5 C2 06 80 E6 F6 D6 E5
1.630000000,0x316,4C 39 75 38 79 9B FC 7C
1.630000000,0x427,3F 04 2C 38 B6 16 DF 45
1.640000000,0x1A4,5E F2 02 00 BF 08 53 7C
1.640000000,0x316,BA 2B 6E 07 4C 25 8C 63
1.640000000,0x427,EE 95 0C 56 37 4D 3B AB
1.650000000,0x1A4,13 3E 04 80 36 0E 53 CC
1.650000000,0x316,1F 4C 81 67 7F F3 63 B9
1.650000000,0x427,12 5F 40 2A 08 61 2B D7
1.660000000,0x1A4,7C E1 06 00 6A 14 67 EB
1.660000000,0x316,03 37 AC 20 7F 98 10 FB
1.660000000,0x427,79 3B 4C 9F 9C 53 BC 88
1.670000000,0x1A4,F9 45 07 00 7B 7D 2C E8
1.670000000,0x316,E6 82 DE 64 F8 48 86 97
1.670000000,0x427,36 FE 7B 90 27 5A BA A9
1.680000000,0x1A4,FF 28 00 00 A1 94 7D 15
1.680000000,0x316,BE 3D 8B A4 02 91 B9 6D
1.680000000,0x427,88 33 BD 22 63 F8 E9 DD
1.690000000,0x1A4,9D DE 01 00 21 CB 85 2E
1.690000000,0x316,2B 74 DF 0C A4 9A 99 42
1.690000000,0x427,73 F3 0C 61 68 62 CD 53
1.700000000,0x1A4,5C 5E 07 00 D9 2C 67 74
1.700000000,0x316,B9 2A AC 53 9F 6F 66 56
1.700000000,0x427,35 F3 DF C2 17 16 30 E1
1.710000000,0x1A4,64 6A 06 00 58 D3 3B 47
1.710000000,0x316,3A B7 83 C0 FD 1C 82 F3
1.710000000,0x427,72 FD F8 D4 31 AC EB 6B
1.720000000,0x1A4,ED DD 04 00 D0 B8 BC D5
1.720000000,0x316,8D CE F7 14 65 07 66 78
1.720000000,0x427,86 4D F6 04 C8 0D C0 BF
1.730000000,0x1A4,FE 5D 07 80 61 7B 55 0D
1.730000000,0x316,85 F5 F9 FF 5B 02 B1 F3
1.730000000,0x427,43 00 97 59 A7 9F 66 39
1.740000000,0x1A4,F7 D7 07 80 38 F9 90 11
1.740000000,0x316,9F E3 FE C7 53 AB 10 F5
1.740000000,0x427,A3 64 D9 A6 70 5B 4E 0A
1.750000000,0x1A4,6D 6D 05 80 F9 94 F1 07
1.750000000,0x316,25 C1 19 F3 61 F5 4D 3F
1.750000000,0x427,35 4D 09 33 B8 B3 D7 D6
1.760000000,0x1A4,F6 9F 07 00 8D DA 0F 9F
1.760000000,0x316,8B 87 02 27 02 48 11 3D
1.760000000,0x427,94 04 50 20 32 4C 3B 79
1.770000000,0x1A4,B1 A7 01 80 71 A0 48 1D
1.770000000,0x316,62 4F 60 90 59 34 A0 F2
1.770000000,0x427,3B 86 CC 37 98 77 0C 77
1.780000000,0x1A4,F0 22 00 80 DF 2F 99 41
1.780000000,0x316,1D 6F 53 C4 07 EA 6F 5E
1.780000000,0x427,B7 3A F4 2A 95 C8 1B 9B
1.790000000,0x1A4,45 92 04 80 F7 51 B7 F6
1.790000000,0x316,3F 0E 78 BF 7C 42 E6 B7
1.790000000,0x427,AB 06 52 1D 60 5E 1D C7
1.800000000,0x1A4,C0 B8 05 80 49 8E EC 29
1.800000000,0x316,CC F0 F7 F6 26 3F A0 4F
1.800000000,0x427,15 5C AC 1B D5 AE 24 94
1.810000000,0x1A4,63 DC 02 00 B6 8C CB ED
1.810000000,0x316,1B 6E DC 4F 02 6A 67 93
1.810000000,0x427,BD A1 66 AD D7 66 74 E8
1.820000000,0x1A4,A2 D0 02 80 E9 1D 14 60
1.820000000,0x316,23 25 8B 65 85 37 04 F1
1.820000000,0x427,20 34 0B B7 89 BD C5 32
1.830000000,0x1A4,46 81 04 00 B4 B9 93 97
1.830000000,0x316,3B 1B CC B0 A7 57 A0 D4
1.830000000,0x427,2A F5 92 A0 91 60 2B 3E
1.840000000,0x1A4,2C 34 06 00 90 3D 7B B2
1.840000000,0x316,B4 4E C1 C5 C5 85 34 4D
1.840000000,0x427,58 D1 AC D9 B4 99 2B AF
1.850000000,0x1A4,50 93 04 80 AF 14 37 CE
1.850000000,0x316,E9 76 FD 1E F6 8B D5 CB
1.850000000,0x427,33 39 DD FB A0 F4 E0 90
1.860000000,0x1A4,46 CA 02 80 BE 81 83 0A
1.860000000,0x316,88 58 E2 58 18 FE 61 88
1.860000000,0x427,68 2E AA 6D 63 76 59 A9
1.870000000,0x1A4,BF BB 05 00 09 26 A7 11
1.870000000,0x316,76 A5 86 81 0C 65 C5 A5
1.870000000,0x427,2C ED 5A 57 CE 2B 3D 03
1.880000000,0x1A4,CD C9 05 80 3D F8 88 6B
1.880000000,0x316,6C 47 84 D2 ED DB 7D 7D
1.880000000,0x427,63 98 04 1B B1 63 FB 6E
1.890000000,0x1A4,97 2C 06 80 ED 5A B8 5C
1.890000000,0x316,98 B4 B5 A2 88 42 3E E4
1.890000000,0x427,82 29 26 D4 55 7A B1 75
1.900000000,0x1A4,F8 2D 02 80 8E 6D 2A 27
1.900000000,0x316,EA 15 7C 6F C9 4F 17 2D
1.900000000,0x427,42 02 DA BB D2 31 91 85
1.910000000,0x1A4,51 49 01 80 99 60 84 A6
1.910000000,0x316,A6 1E 24 45 83 6E AC 9D
1.910000000,0x427,D0 24 E6 CE 16 10 6C EB
1.920000000,0x1A4,1A B3 05 80 E3 E6 4E C6
1.920000000,0x316,1F 7E C6 7B BB F7 01 77
1.920000000,0x427,4F CF 81 6F B6 57 63 D3
1.930000000,0x1A4,A3 88 04 80 A8 6A AC 97
1.930000000,0x316,F7 91 B5 44 80 8D 82 52
1.930000000,0x427,A0 DF 09 DA 6C C5 D8 3E
1.940000000,0x1A4,A3 C9 02 80 3C 61 43 EF
1.940000000,0x316,24 8A 2F 16 6C D7 67 47
1.940000000,0x427,DE 94 B2 E1 8D C2 67 73
1.950000000,0x1A4,8B D5 05 00 BF 36 1F C0
1.950000000,0x316,55 22 F7 76 96 AA E1 91
1.950000000,0x427,D5 B2 3E 9C 4E 66 0E AB
1.960000000,0x1A4,6B 71 05 00 D1 16 1E 56
1.960000000,0x316,01 E2 58 07 E7 DE 8A 7E
1.960000000,0x427,8D 0B D8 D9 E6 20 34 53
1.970000000,0x1A4,87 0E 05 00 9D 12 D0 7C
1.970000000,0x316,87 7C 4D 36 06 CF D5 5A
1.970000000,0x427,DE BD 3E CC 3B 62 23 42
1.980000000,0x1A4,46 72 00 00 C9 B2 97 47
1.980000000,0x316,66 A6 5C E1 4A 9D 9D 98
1.980000000,0x427,3A C7 80 B3 0D B7 4E E1
1.990000000,0x1A4,91 89 01 00 23 52 48 8E
1.990000000,0x316,6A 43 99 02 FD AE 41 84
1.990000000,0x427,BF 3A B4 F2 F2 12 E9 30
2.000000000,0x1A4,27 BB 02 00 90 82 C9 3D
2.000000000,0x316,35 D0 56 B8 63 AC 0B 68
2.000000000,0x427,18 70 13 7D 24 07 20 8E
2.010000000,0x1A4,29 14 07 80 89 DE 85 3D
2.010000000,0x316,1F C6 CB B0 EA 3C E1 79
2.010000000,0x427,63 E4 59 A5 C3 4D 3B B6
2.020000000,0x1A4,85 77 06 00 2D 91 BB 72
2.020000000,0x316,13 A6 FD CA F5 0D 6A 04
2.020000000,0x427,2E 58 D2 17 E5 05 53 4B
2.030000000,0x1A4,BC 8A 02 00 06 D5 86 67
2.030000000,0x316,8D F6 18 B1 43 3F 49 3E
2.030000000,0x427,BB 84 63 4E B2 48 F9 A9
2.040000000,0x1A4,BA D3 00 80 D7 1F 78 5E
2.040000000,0x316,73 99 27 79 46 67 B0 8D
2.040000000,0x427,F5 7F EA 87 02 7C 00 58
2.050000000,0x1A4,5D D1 05 00 5F 3D 23 FF
2.050000000,0x316,E6 9F F5 BE 4D 42 E6 8C
2.050000000,0x427,1B BD AE 54 29 41 10 5A
2.060000000,0x1A4,3B 4D 06 80 56 A6 28 74
2.060000000,0x316,62 C7 5A 45 27 D8 7E 4E
2.060000000,0x427,C9 FD 5B 40 8B 8A 04 3B
2.070000000,0x1A4,C4 4D 03 00 1F 17 A6 B8
2.070000000,0x316,41 34 4D 31 06 C0 C7 50
2.070000000,0x427,BC 23 9B 1E 0A 74 2D BE
2.080000000,0x1A4,61 61 06 80 2B B6 6C F3
2.080000000,0x316,BC DB 1E C3 08 8F AE B0
2.080000000,0x427,FA FA 65 2F 48 D4 08 31
2.090000000,0x1A4,DA FB 04 00 C8 31 15 BD
2.090000000,0x316,42 70 F4 7B FE AD C8 46
2.090000000,0x427,03 67 7E B9 D6 2A EF 96
2.100000000,0x1A4,EC EA 02 80 0C FC 9C C2
2.100000000,0x316,13 9A 4E 86 2A 47 C7 98
2.100000000,0x427,4D 9A 72 48 BB BE 02 FB
2.110000000,0x1A4,3E 14 04 00 E7 21 27 D5
2.110000000,0x316,99 B0 B1 31 E6 CE D6 4B
2.110000000,0x427,3E 56 3C 3A A2 B3 62 5C
2.120000000,0x1A4,93 E1 07 00 BD 68 61 4D
2.120000000,0x316,25 3A 9F 03 0E B3 40 B5
2.120000000,0x427,D1 13 BD 88 AC BD 67 20
2.130000000,0x1A4,7B 44 01 00 B9 EA A6 0B
2.130000000,0x316,8A 64 6B F9 C6 6A F5 0D
2.130000000,0x427,E4 EE A8 8D 8D 77 C9 4A
2.140000000,0x1A4,24 F2 01 80 65 DB AF F1
2.140000000,0x316,42 DA 53 20 F6 6C 4B A3
2.140000000,0x427,0A 79 53 DE E2 FC B6 C0
2.150000000,0x1A4,F0 39 02 00 0A 2F 43 1A
2.150000000,0x316,93 8F 6A DF 42 D3 23 03
2.150000000,0x427,7B DF F5 92 51 76 CA 48
2.160000000,0x1A4,E0 65 02 00 AA 03 8D 7A
2.160000000,0x316,3F 90 C2 70 1D 81 38 57
2.160000000,0x427,1E 75 32 2F 9B DA 2A F7
2.170000000,0x1A4,59 06 07 00 60 6C A2 40
2.170000000,0x316,3B 8B E9 F0 4C E0 99 DC
2.170000000,0x427,D4 75 4C 7A 8E D0 34 1D
2.180000000,0x1A4,DC 2B 06 80 E3 58 BA 10
2.180000000,0x316,43 C3 94 66 51 1A E3 7D
2.180000000,0x427,97 0C F7 12 86 A8 B7 93
2.190000000,0x1A4,8C 5A 03 80 1A 41 BB AF
2.190000000,0x316,01 53 B9 0D D3 94 D7 26
2.190000000,0x427,0B D0 31 26 CD 01 A7 CF
2.200000000,0x1A4,61 41 06 80 FA E5 F9 F2
2.200000000,0x316,1E 2A C8 4D 66 6A CE 15
2.200000000,0x427,14 6B 71 FE 42 71 89 3F
2.210000000,0x1A4,70 D7 02 00 CD DF DD 8E
2.210000000,0x316,D0 90 B2 C3 6F 61 8A 6A
2.210000000,0x427,2B A2 37 9B DA C4 9B 98
2.220000000,0x1A4,A1 FD 05 80 42 AA 50 9E
2.220000000,0x316,CA A1 C6 39 11 DA 93 C6
2.220000000,0x427,4B 50 C7 85 59 74 60 61
2.230000000,0x1A4,6F EA 04 00 3D BE 93 E8
2.230000000,0x316,EE 29 56 71 AB 55 1F 4C
2.230000000,0x427,F9 E1 33 DC 4F 95 A9 96
2.240000000,0x1A4,50 B0 02 80 C7 CA C7 6D
2.240000000,0x316,45 66 2D 4E 63 B3 91 91
2.240000000,0x427,8B A5 FB 9E D0 40 6B 0F
2.250000000,0x1A4,72 C5 00 80 47 B0 C9 F5
2.250000000,0x316,35 7E 76 BD 06 5F 67 19
2.250000000,0x427,6E 45 95 F2 2B BD 42 C3
2.260000000,0x1A4,8D 96 01 00 CA C0 21 A0
2.260000000,0x316,54 BF 05 36 31 D9 BF 43
2.260000000,0x427,92 D1 11 A9 B4 B3 C8 14
2.270000000,0x1A4,C0 E4 04 00 E9 CD 67 3D
2.270000000,0x316,79 0B 7F 2C 27 5D 4F 8D
2.270000000,0x427,9E 73 37 13 9A 85 12 28
2.280000000,0x1A4,3A 5B 07 00 8D 9B 94 68
2.280000000,0x316,EA 35 54 73 66 A0 7A B0
2.280000000,0x427,A2 02 04 98 29 2F 4C 78
2.290000000,0x1A4,10 F8 07 00 FB 15 5B 08
2.290000000,0x316,C5 06 42 3B E7 3D C1 49
2.290000000,0x427,B9 0E FB B4 32 3B 60 48
2.300000000,0x1A4,0D FE 06 80 CF 2F 0F DC
2.300000000,0x316,A2 65 3B 74 30 D6 38 12
2.300000000,0x427,4D 75 F8 AF 87 A9 C1 3B
2.310000000,0x1A4,37 6F 05 80 13 DA B9 43
2.310000000,0x316,F8 18 AF C9 53 36 8F CA
2.310000000,0x427,28 CD 03 A0 4D 73 FC 96
2.320000000,0x1A4,A0 4A 03 80 3A C3 CC CD
2.320000000,0x316,7D E5 04 EF B2 47 A4 32
2.320000000,0x427,59 E8 D5 6C C3 FA 61 1D
2.330000000,0x1A4,B5 70 00 80 A6 1C 8D 39
2.330000000,0x316,A2 63 CB A5 40 2B 24 26
2.330000000,0x427,19 A7 8D E8 5A 7D 00 44
2.340000000,0x1A4,8B 19 06 80 E8 98 69 24
2.340000000,0x316,4E EA 47 12 4F 70 44 0F
2.340000000,0x427,68 EA 79 2A A7 B4 E9 CA
2.350000000,0x1A4,C3 A5 07 00 4E CE 54 98
2.350000000,0x316,7F B1 BB BF 89 69 01 D3
2.350000000,0x427,8E 8D B7 91 16 46 D3 EB
2.360000000,0x1A4,3D 62 02 00 56 5C 6C 70
2.360000000,0x316,23 A4 D5 1F 03 97 FC 77
2.360000000,0x427,76 33 4D B0 85 EB D8 4D
2.370000000,0x1A4,21 BF 01 80 5C CC 0A 67
2.370000000,0x316,E8 3A 53 F1 25 ED B1 45
2.370000000,0x427,DA F1 1E 80 5E 3B 3C 8A
2.380000000,0x1A4,0D 5D 01 00 19 F7 10 70
2.380000000,0x316,58 D6 97 14 46 EE 18 99
2.380000000,0x427,FC 50 34 0A FC 37 B1 E3
2.390000000,0x1A4,3E 6E 01 00 5D 6A 0A BC
2.390000000,0x316,C7 AA 83 52 3C FA 8C 9A
2.390000000,0x427,6E 1C 18 40 F1 14 9F 06
2.400000000,0x1A4,ED 32 01 00 5E CA 9A 3A
2.400000000,0x316,41 CE 3F F6 56 D1 9E AC
2.400000000,0x427,37 62 01 D6 6B D5 4A DC
2.410000000,0x1A4,AD 3F 00 80 3F B0 4D 96
2.410000000,0x316,D4 BA 66 F3 FF 92 4F 05
2.410000000,0x427,49 FA E3 FF 11 56 C7 C3
2.420000000,0x1A4,54 A5 02 80 A7 A9 48 D2
2.420000000,0x316,AE AC FE 44 2B EC 84 93
2.420000000,0x427,7F 9F 4C 0A 8C 1C 5B C3
2.430000000,0x1A4,8C D5 02 80 BB 4C D9 2C
2.430000000,0x316,EB BD 72 78 6A D0 DA 84
2.430000000,0x427,7F 53 C9 A6 21 F2 35 71
2.440000000,0x1A4,00 BF 03 80 F9 44 35 47
2.440000000,0x316,8B 12 76 2E 9C D1 37 FF
2.440000000,0x427,80 29 D8 95 82 28 96 6F
2.450000000,0x1A4,44 40 01 80 5C 5B 72 D0
2.450000000,0x316,FE BD E1 7D 02 01 14 F8
2.450000000,0x427,8D A9 5B 17 F4 99 52 78
2.460000000,0x1A4,D3 F9 03 00 3E 80 89 68
2.460000000,0x316,FE B2 53 55 BD DF 30 52
2.460000000,0x427,B4 DE 8D AB C0 0E C7 1A
2.470000000,0x1A4,70 65 04 80 56 D1 2B 29
2.470000000,0x316,5A 03 6E 54 9E 92 61 69
2.470000000,0x427,0B 99 94 B1 D7 0E D7 7E
2.480000000,0x1A4,3F A4 00 00 18 13 9F A9
2.480000000,0x316,3E 34 F8 F1 E3 09 84 66
2.480000000,0x427,1C DD 45 D0 FD 1C B0 C2
2.490000000,0x1A4,B0 21 03 80 BF FB 64 09
2.490000000,0x316,91 78 6F 74 25 16 8B 16
2.490000000,0x427,42 32 84 50 02 36 9D 40
2.500000000,0x1A4,21 12 02 00 B2 09 AD 1D
2.500000000,0x316,A1 06 5E F8 7A B3 C5 C5
2.500000000,0x427,3B 04 78 67 B8 C7 6A DD
2.510000000,0x1A4,78 94 04 80 CD 6D 2E D3
2.510000000,0x316,88 61 F5 FC AB 6F 4B 00
2.510000000,0x427,4A 6E 5C A8 0B DE 8E DE
2.520000000,0x1A4,ED 69 07 80 FD 14 44 76
2.520000000,0x316,D2 97 CA 69 A6 51 E0 0D
2.520000000,0x427,D2 68 05 30 BB 71 B8 84
2.530000000,0x1A4,7D 92 05 00 ED EE 64 9F
2.530000000,0x316,3B 42 A6 C1 64 3E 9D 7F
2.530000000,0x427,92 C9 1A A0 89 98 29 71
2.540000000,0x1A4,70 BD 06 80 FC 6D 36 0D
2.540000000,0x316,94 64 1C 34 38 CC 5D 44
2.540000000,0x427,94 A8 99 8C 36 15 8A 21
2.550000000,0x1A4,56 F6 03 80 3F 47 BC 49
2.550000000,0x316,46 60 28 70 E1 29 7F E1
2.550000000,0x427,94 83 C0 B2 8D 12 16 7C
2.560000000,0x1A4,B6 C7 05 00 D0 FC 63 07
2.560000000,0x316,4C 26 20 F9 C2 23 49 A1
2.560000000,0x427,77 03 DF 9B 34 D3 9F CC
2.570000000,0x1A4,3C 99 02 00 CA 53 B4 B5
2.570000000,0x316,B5 78 8B 28 38 52 8D 4F
2.570000000,0x427,1E C9 03 8D 70 2B 80 03
2.580000000,0x1A4,36 59 00 80 F9 13 72 68
2.580000000,0x316,FF 8E DC 17 62 FB 85 39
2.580000000,0x427,59 90 04 FE DA 5C 66 D7
2.590000000,0x1A4,CF C5 05 80 BD C9 0B 1D
2.590000000,0x316,ED 72 21 76 B6 92 72 F2
2.590000000,0x427,E3 42 12 1E 53 4D D0 A5
2.600000000,0x1A4,D9 55 07 80 CE A6 6A 27
2.600000000,0x316,7C 89 95 7F DC 59 C2 EE
2.600000000,0x427,CA 50 73 B7 6E 70 B7 4A
2.610000000,0x1A4,B4 6F 05 80 4E DB 95 B4
2.610000000,0x316,83 2C FF 45 2B 93 5D 6A
2.610000000,0x427,E0 77 B0 D5 9A 17 85 7B
2.620000000,0x1A4,F0 4F 01 80 4B 65 E3 78
2.620000000,0x316,03 26 65 3E 45 F5 EF 74
2.620000000,0x427,40 B5 1F 8D 81 41 07 25
2.630000000,0x1A4,7A B1 02 00 55 D7 CB 30
2.630000000,0x316,15 8D FF EB 60 CF 70 99
2.630000000,0x427,36 13 1C 82 3D 07 0D BF
2.640000000,0x1A4,8D 86 03 80 F2 35 F2 22
2.640000000,0x316,89 DE 30 DD D7 12 DF 11
2.640000000,0x427,59 26 B8 46 9C 09 CE C5
2.650000000,0x1A4,59 D8 05 80 0D C5 BA DA
2.650000000,0x316,A6 AA 39 6A 49 10 02 57
2.650000000,0x427,13 E7 2A EF 1F D9 A7 C9
2.660000000,0x1A4,B3 18 03 80 6B 6D 65 44
2.660000000,0x316,D0 87 0F D2 E9 1D A8 00
2.660000000,0x427,B9 22 68 48 3A 7A DE B9
2.670000000,0x1A4,FF 27 06 00 64 D2 64 D6
2.670000000,0x316,ED 8C 41 96 C9 DB 75 94
2.670000000,0x427,2D 10 B8 FF 91 E0 F1 A8
2.680000000,0x1A4,C6 11 01 00 F5 B7 81 DD
2.680000000,0x316,62 59 0A 26 18 EE 50 72
2.680000000,0x427,B3 6A E0 89 12 CC FD 7B
2.690000000,0x1A4,FA 0A 02 00 EA C8 1A 55
2.690000000,0x316,B8 75 4A 8D BB 9F 4B C3
2.690000000,0x427,9D 3B 1E 8B 97 D6 90 60
2.700000000,0x1A4,F4 76 01 00 D2 67 CF EE
2.700000000,0x316,1E 00 60 52 57 37 9E DE
2.700000000,0x427,90 85 4B 30 C3 0B 14 FB
2.710000000,0x1A4,DE 41 07 80 30 5C 22 3D
2.710000000,0x316,9D 54 61 92 AC 60 0A 62
2.710000000,0x427,85 BF CA 3B 8C AA 23 DB
2.720000000,0x1A4,2F 15 02 80 92 8E 28 69
2.720000000,0x316,2A 78 2C 0B F8 00 74 51
2.720000000,0x427,31 FF A4 BE A8 F8 14 79
2.730000000,0x1A4,70 D0 01 80 23 8F D6 E9
2.730000000,0x316,6F 7E B8 CF 54 5D 98 61
2.730000000,0x427,93 0E D6 62 2C B3 08 FD
2.740000000,0x1A4,D4 82 07 80 80 4F DA CA
2.740000000,0x316,F8 82 1C D2 9E B7 EA A6
2.740000000,0x427,DB E5 16 FB CF 5F F0 26
2.750000000,0x1A4,AF DB 05 00 0E BC FE F6
2.750000000,0x316,10 1E 7A 09 EF AC 51 20
2.750000000,0x427,18 27 96 80 BB 69 21 F7
2.760000000,0x1A4,8E 10 06 80 D3 9A FD 54
2.760000000,0x316,17 AE A4 DE 80 7E B1 19
2.760000000,0x427,B7 F0 CA DF F0 80 54 D8
2.770000000,0x1A4,68 E8 07 00 B2 B4 86 19
2.770000000,0x316,E4 BA A4 86 BF B4 12 E9
2.770000000,0x427,17 3D F9 74 F8 D1 ED 03
2.780000000,0x1A4,23 14 02 80 8E 5E E7 24
2.780000000,0x316,CE 5B F4 68 89 76 F5 DE
2.780000000,0x427,AF BF 9F A7 B3 16 4F F8
2.790000000,0x1A4,8F 37 04 00 BC F1 27 13
2.790000000,0x316,30 89 30 78 8E 0A 12 C8
2.790000000,0x427,A1 BA 1D F8 70 88 D8 43
2.800000000,0x1A4,F1 F2 03 00 97 ED 8D 9F
2.800000000,0x316,BC 16 55 B1 95 77 C1 65
2.800000000,0x427,F2 B1 5B A6 74 8B 8F 14
2.810000000,0x1A4,5F 4A 05 80 CD DF 1C 54
2.810000000,0x316,A1 0A 33 DA 48 B1 A2 AC
2.810000000,0x427,7E D9 FD DB D5 78 9B 88
2.820000000,0x1A4,B3 4B 00 00 0B 7E 42 F4
2.820000000,0x316,92 B4 10 51 27 E9 75 A0
2.820000000,0x427,71 DD FD B7 63 2E 2F E3
2.830000000,0x1A4,3E 28 00 80 45 20 EA 7C
2.830000000,0x316,50 7E 54 DF 8D 06 80 8A
2.830000000,0x427,F6 AE 30 09 CD D2 11 9E
2.840000000,0x1A4,AD 05 04 00 1D E7 19 3C
2.840000000,0x316,B2 C4 93 A1 65 CF 34 AF
2.840000000,0x427,6F 02 C2 EB 9B AB 91 49
2.850000000,0x1A4,2B 4E 07 80 71 8A 3C 3A
2.850000000,0x316,A0 14 2C BF 9D 19 23 17
2.850000000,0x427,08 C1 18 6F 61 57 74 FA
2.860000000,0x1A4,8C 91 03 00 89 96 A7 C2
2.860000000,0x316,2F 4C 3D A2 70 30 32 B4
2.860000000,0x427,5C 5A 61 DF AE D7 BA 19
2.870000000,0x1A4,E2 EA 04 00 E2 E1 96 2A
2.870000000,0x316,6A 0F AA B1 07 CF A9 4C
2.870000000,0x427,B9 CC 46 E7 5F 16 69 07
2.880000000,0x1A4,66 10 06 00 DF 37 0A 53
2.880000000,0x316,F2 0E D0 CB 62 D4 5D 0E
2.880000000,0x427,9B 26 1A 4B F1 40 C4 5B
2.890000000,0x1A4,EA 95 05 00 47 7D 41 6E
2.890000000,0x316,E0 0F 44 25 1F B9 83 3E
2.890000000,0x427,1A 84 FA 87 23 39 7C 69
2.900000000,0x1A4,5B A9 00 80 13 78 8A AE
2.900000000,0x316,66 8E E2 CA 54 35 18 2E
2.900000000,0x427,67 0C 84 2B 6A 58 D1 2C
2.910000000,0x1A4,09 45 07 00 51 A7 07 9C
2.910000000,0x316,0F 58 EF DE 5B 6C EE 61
2.910000000,0x427,AA 56 A5 9E 6B E8 E1 AE
2.920000000,0x1A4,77 05 07 00 EC 1E 67 7F
2.920000000,0x316,9D 29 AF E9 31 C9 49 95
2.920000000,0x427,F2 5C A3 24 A1 B3 70 3B
2.930000000,0x1A4,BB EB 05 00 C5 B7 4D A3
2.930000000,0x316,B5 A8 04 41 81 69 A6 75
2.930000000,0x427,4A 17 5D 41 C9 12 B6 AA
2.940000000,0x1A4,B3 DE 07 00 90 DE 1E E6
2.940000000,0x316,E0 6E FC CD 55 D6 1A 77
2.940000000,0x427,2C A9 B5 E6 89 3A A2 49
2.950000000,0x1A4,2F E8 07 80 12 DB ED 8B
2.950000000,0x316,33 17 71 28 10 9D E8 12
2.950000000,0x427,F3 33 15 71 65 F6 FA F1
2.960000000,0x1A4,09 FD 06 00 CA BD D6 FC
2.960000000,0x316,64 19 6B 96 6A 5F 95 4C
2.960000000,0x427,99 7C 91 A3 86 89 47 F6
2.970000000,0x1A4,B9 82 07 00 EF 62 B8 B0
2.970000000,0x316,F2 6F 06 40 03 31 F3 74
2.970000000,0x427,9A D6 65 D8 80 D8 57 4D
2.980000000,0x1A4,94 E2 07 00 32 F2 D6 FF
2.980000000,0x316,A1 41 7B 62 52 31 74 DA
2.980000000,0x427,05 86 B3 7B FE A0 4D 1B
2.990000000,0x1A4,50 83 01 00 29 17 A1 61
2.990000000,0x316,98 86 69 92 51 BF E4 5B
2.990000000,0x427,FD DF 26 93 FF 4A BE 4B
3.000000000,0x1A4,D0 10 01 80 38 F4 03 B3
3.000000000,0x316,30 3E 94 4B 5D D5 9D 05
3.000000000,0x427,CA 91 5A FA 7B 57 7D D4
3.010000000,0x1A4,D3 BF 19 80 7D 86 53 65
3.010000000,0x316,B4 58 44 46 54 B5 12 02
3.010000000,0x427,5F B9 E0 90 98 0E 75 DD
3.020000000,0x1A4,3C 8E 28 80 1B 6E 3F C7
3.020000000,0x316,FE 9D A2 BE D5 08 3E F9
3.020000000,0x427,E3 29 8E 0C 4E 31 1E E9
3.030000000,0x1A4,BD 74 45 80 37 9A C3 BE
3.030000000,0x316,F5 84 29 7F 1D EE 34 D5
3.030000000,0x427,86 B8 76 E7 23 BE 26 E7
3.040000000,0x1A4,1B 05 5C 00 E6 F5 96 C6
3.040000000,0x316,DA 18 82 CC FE 09 E9 3A
3.040000000,0x427,88 9C 68 9B A9 69 4B CD
3.050000000,0x1A4,CC B4 69 00 66 AE 10 38
3.050000000,0x316,A3 63 F9 A2 7B 7D AC 30
3.050000000,0x427,3E B9 F2 9E EC 13 29 40
3.060000000,0x1A4,BD F8 81 80 ED 83 6D C1
3.060000000,0x316,18 C3 8E B8 F1 F6 78 C4
3.060000000,0x427,05 1F C0 A8 FF 84 4C AE
3.070000000,0x1A4,F1 42 95 80 C6 F6 03 23
3.070000000,0x316,3D DE D4 A0 3C BC DF 18
3.070000000,0x427,04 77 45 E7 39 18 A1 A0
3.080000000,0x1A4,11 94 AE 80 1E 99 17 0A
3.080000000,0x316,A0 39 16 4F 74 60 E2 C9
3.080000000,0x427,F8 C9 D9 70 EC 93 8A 08
3.090000000,0x1A4,E4 F2 C6 80 B1 8B 67 5D
3.090000000,0x316,03 EE 7B BB 4F 34 A4 21
3.090000000,0x427,16 FB 12 17 5A 5E DD E8
3.100000000,0x1A4,DC 5B D4 00 5A DD A3 53
3.100000000,0x316,E6 E7 5A BF 20 69 5E 6A
3.100000000,0x427,75 BF F6 2C B5 49 67 33
3.110000000,0x1A4,71 39 ED 00 5E E7 58 C9
3.110000000,0x316,6C A0 16 8A BC B8 5F E0
3.110000000,0x427,8B 8A B3 F8 D2 D6 A8 5D
3.120000000,0x1A4,FE F0 05 81 1F 9F 75 80
3.120000000,0x316,4A 48 DA E9 3E 5A C4 45
3.120000000,0x427,99 DA 99 D4 5A 95 1F 2A
3.130000000,0x1A4,8C CA 10 01 AE 1C FF E9
3.130000000,0x316,1A DF 1E D3 FE 4A B6 F1
3.130000000,0x427,1A 61 5A 7B 94 7B A6 F7
3.140000000,0x1A4,AD 07 2E 81 D4 63 8E 4B
3.140000000,0x316,66 83 1E BF D0 55 D2 DE
3.140000000,0x427,FC 0A B6 56 1C 2F E2 CD
3.150000000,0x1A4,13 C3 43 01 C7 90 E4 77
3.150000000,0x316,DB 2C 80 F6 A9 D1 46 13
3.150000000,0x427,DC A6 08 24 66 12 10 C1
3.160000000,0x1A4,DE 8E 54 81 62 E2 C1 39
3.160000000,0x316,97 2C 32 DC 36 8D 23 AD
3.160000000,0x427,2A 44 66 B9 FD E2 A5 AC
3.170000000,0x1A4,A3 7E 6D 81 72 C2 BC 65
3.170000000,0x316,70 FD 9E F7 C1 B5 82 D8
3.170000000,0x427,A7 74 F9 CD 33 0A AC 8E
3.180000000,0x1A4,1B 6F 7B 01 CC 16 1E 17
3.180000000,0x316,24 22 6A CA A2 D6 02 65
3.180000000,0x427,5D 2C 90 03 B4 8E B3 43
3.190000000,0x1A4,99 CD 94 81 E8 82 A3 1F
3.190000000,0x316,77 DB 6C 74 3D A1 5B 5E
3.190000000,0x427,0D 7B 3E AC 7B 39 BF BF
3.200000000,0x1A4,D8 86 AE 81 9F 02 1D 43
3.200000000,0x316,FA BA A5 95 05 E3 8A 61
3.200000000,0x427,AB F0 89 D2 F1 F6 77 A3
3.210000000,0x1A4,3F F8 BE 81 83 E5 18 5F
3.210000000,0x316,F7 91 BC 1B A0 16 C2 AC
3.210000000,0x427,9E C0 DB 3B 49 B5 B2 78
3.220000000,0x1A4,EE 03 D0 01 83 9F 9A 9E
3.220000000,0x316,EB 36 5D E2 56 88 73 F1
3.220000000,0x427,E4 64 B8 8F 2B 38 F8 53
3.230000000,0x1A4,17 36 EE 81 DE 58 2E 9C
3.230000000,0x316,4C 85 AB 38 F7 8B CC A5
3.230000000,0x427,E5 FD 2E 10 D8 D4 A9 A2
3.240000000,0x1A4,38 2F F8 81 A0 3C DA 76
3.240000000,0x316,CC A0 CD E8 1E CB 79 B3
3.240000000,0x427,C7 55 5C 4D 78 8E 34 A6
3.250000000,0x1A4,DB 13 16 02 69 79 DE 1D
3.250000000,0x316,30 6D C8 23 34 D9 9B 0B
3.250000000,0x427,3D 32 3E F2 EB BB 86 09
3.260000000,0x1A4,45 D6 2A 02 A6 18 F5 FE
3.260000000,0x316,A1 A5 1C 7E 67 12 BA 1D
3.260000000,0x427,31 93 E1 18 CC DA 1B 3C
3.270000000,0x1A4,1A 6D 3B 82 82 A7 9C 89
3.270000000,0x316,0E E1 BA 22 01 4B 7E 63
3.270000000,0x427,46 FF 21 74 5B 9C FA 5E
3.280000000,0x1A4,03 FC 54 82 32 9E 0A F3
3.280000000,0x316,57 6E 3E BE 4F C6 4C B2
3.280000000,0x427,98 5B 2B F2 2D 0E 4A 8A
3.290000000,0x1A4,11 E4 63 02 DF EF 5B 96
3.290000000,0x316,87 57 05 BE EF 66 02 BA
3.290000000,0x427,0D D0 8E 27 5D 7A AA E2
3.300000000,0x1A4,59 DF 7D 02 36 F6 A8 A7
3.300000000,0x316,5A 7B 59 19 EA E8 6C D5
3.300000000,0x427,EF D8 45 7D 31 62 9B 9D
3.310000000,0x1A4,50 48 92 02 17 C8 65 F0
3.310000000,0x316,37 EA 96 F3 DA 0C 9D 47
3.310000000,0x427,33 18 60 08 CF 3B B6 B0
3.320000000,0x1A4,3C 0D A3 02 6E FC 9E 37
3.320000000,0x316,CF 8D 81 71 65 96 D7 71
3.320000000,0x427,60 95 57 F3 BE E0 71 3C
3.330000000,0x1A4,A9 C8 BE 82 1A FE D8 5C
3.330000000,0x316,FA 4D 6F 19 3B 14 1E FB
3.330000000,0x427,EC BD 88 AF EE A9 09 5E
3.340000000,0x1A4,41 1D D2 82 1D 90 D5 E6
3.340000000,0x316,4D E3 53 FA A0 5E 13 A5
3.340000000,0x427,98 0C D2 5B F5 35 80 0F
3.350000000,0x1A4,CD 7A E4 02 9B 2A A0 46
3.350000000,0x316,2B 4B 97 30 E0 67 DC F7
3.350000000,0x427,FD DB 45 1F EF 5E F2 F2
3.360000000,0x1A4,E5 B3 F8 82 DE 2F FE D2
3.360000000,0x316,98 5B 68 74 CB E8 77 17
3.360000000,0x427,4A 36 AB A9 1A 91 4C 36
3.370000000,0x1A4,72 BE 0E 83 CE CE B5 A3
3.370000000,0x316,BB 8E DE 98 46 92 99 F8
3.370000000,0x427,A9 AE 77 05 9B B6 F2 0C
3.380000000,0x1A4,DB 5E 23 83 22 DB 60 55
3.380000000,0x316,E3 87 5A 3E EF 5D 23 FD
3.380000000,0x427,25 8C 3C 20 98 65 77 C9
3.390000000,0x1A4,AF 2E 38 83 46 5A 88 34
3.390000000,0x316,50 6F 90 11 04 F1 6E D4
3.390000000,0x427,85 5A E1 C3 C2 8F E0 8D
3.400000000,0x1A4,F0 43 48 03 BA 33 1D 96
3.400000000,0x316,7F 96 48 37 72 3D 24 D0
3.400000000,0x427,19 5C A4 DE 2F CD A5 3B
3.410000000,0x1A4,86 7A 64 03 EE 04 3D C6
3.410000000,0x316,45 1C C6 25 8C 8E E4 C9
3.410000000,0x427,A9 33 89 E6 AC 40 92 98
3.420000000,0x1A4,A3 D4 79 03 F3 7B FB 46
3.420000000,0x316,FD 80 C0 DB 99 44 E9 FB
3.420000000,0x427,78 45 0A 25 F6 96 CE FC
3.430000000,0x1A4,15 2A 8F 03 7C 8F 4B 8A
3.430000000,0x316,9C DF 2A 40 E5 66 6B CC
3.430000000,0x427,E7 D7 AB 2C 0E 22 24 1C
3.440000000,0x1A4,CD 12 A3 83 66 87 CF DD
3.440000000,0x316,31 87 99 06 41 DB BD 21
3.440000000,0x427,E3 E2 CD 03 0C C4 B5 5B
3.450000000,0x1A4,5F 6F BC 83 3B A6 D6 C9
3.450000000,0x316,E7 15 E9 3C AB 10 BF 96
3.450000000,0x427,D9 AF E2 52 AE 3A 0A 04
3.460000000,0x1A4,2E 66 CB 03 16 20 EF 43
3.460000000,0x316,B3 05 6A 0D 6D 3F 73 20
3.460000000,0x427,1B 3C E1 BD 3E 12 C4 6B
3.470000000,0x1A4,8C 8A E5 83 E9 1E 18 1D
3.470000000,0x316,79 EB E3 BE E5 56 45 10
3.470000000,0x427,68 41 EB 79 16 2A C2 72
3.480000000,0x1A4,E3 1F F4 83 10 96 AE 5C
3.480000000,0x316,07 90 63 83 04 7F FA 97
3.480000000,0x427,AC F6 EA 1B 9B A0 B6 73
3.490000000,0x1A4,96 92 0B 84 07 7C B7 38
3.490000000,0x316,69 C2 06 F2 5E A4 77 9D
3.490000000,0x427,8E F8 19 0B CE 98 2C BA
3.500000000,0x1A4,65 90 21 84 41 F3 A3 E8
3.500000000,0x316,EB 75 F2 DD 36 DF AD A8
3.500000000,0x427,B3 D3 7D 85 39 A5 37 4D
3.510000000,0x1A4,46 46 32 04 91 F9 B1 A4
3.510000000,0x316,8B 6B CA F6 05 7D F9 07
3.510000000,0x427,E1 40 92 0F BE 61 A3 FF
3.520000000,0x1A4,EF 8E 4E 04 BB 8E E8 D8
3.520000000,0x316,71 63 D0 66 96 44 20 6D
3.520000000,0x427,E5 15 A4 AF E7 62 A3 1B
3.530000000,0x1A4,64 42 62 04 A9 EE 5F B6
3.530000000,0x316,43 27 E2 E8 05 4D 8D 71
3.530000000,0x427,8D 49 D0 12 C9 58 36 E6
3.540000000,0x1A4,5C AF 76 04 94 EB 75 52
3.540000000,0x316,55 61 B9 9B BF 34 F9 25
3.540000000,0x427,11 8D D0 10 8C 17 4E 20
3.550000000,0x1A4,CE 72 8F 04 79 45 D3 9F
3.550000000,0x316,F9 50 11 A2 C1 75 DA 95
3.550000000,0x427,54 16 61 8C 4A A5 4F B6
3.560000000,0x1A4,72 5A A7 04 47 F3 82 61
3.560000000,0x316,AA EC 9F FE 2B AC EE 98
3.560000000,0x427,A6 92 D2 87 3C 6B 7E 4B
3.570000000,0x1A4,93 B1 B6 04 9F CB 6B 81
3.570000000,0x316,15 40 FD 9A 09 8B 21 6E
3.570000000,0x427,6D C2 63 19 7D 58 08 CB
3.580000000,0x1A4,E0 D0 CF 84 81 3D 4A 1D
3.580000000,0x316,ED 9F 50 DA B6 44 9B A7
3.580000000,0x427,67 79 A2 A6 BA 5A B1 E0
3.590000000,0x1A4,DB BD DA 84 3E 4E 24 8D
3.590000000,0x316,ED F6 88 B8 9E E7 90 DD
3.590000000,0x427,63 C0 0B 37 42 10 19 6E
3.600000000,0x1A4,47 1A F1 04 E1 EE 59 E3
3.600000000,0x316,14 8E 7E 3A B1 AF EF 69
3.600000000,0x427,E4 38 C4 56 0F BF D1 D3
3.610000000,0x1A4,09 81 08 05 69 2E 13 66
3.610000000,0x316,36 4C 7E 6A B9 E2 C7 BA
3.610000000,0x427,AF 8B 57 18 35 2B 03 50
3.620000000,0x1A4,F4 67 18 05 7B 8B 01 50
3.620000000,0x316,59 82 44 AA 2C 75 40 41
3.620000000,0x427,09 31 D2 5F AC A3 1E F4
3.630000000,0x1A4,2C 58 33 05 C4 80 D3 AF
3.630000000,0x316,55 BF 48 EC D2 9E 69 79
3.630000000,0x427,12 A6 2F 11 EC 81 5A 17
3.640000000,0x1A4,AA 00 4F 85 5C 70 DA 15
3.640000000,0x316,81 ED DD 17 A1 75 8F 6E
3.640000000,0x427,45 72 B8 18 EE 61 9D BE
3.650000000,0x1A4,11 BC 59 85 CE C8 65 5F
3.650000000,0x316,BD 1C D0 CF 12 3F 4F 21
3.650000000,0x427,03 50 6E 8E D3 E9 5A 0F
3.660000000,0x1A4,48 93 72 85 E5 59 E5 F4
3.660000000,0x316,92 20 C4 8F 6A 7B CA 8F
3.660000000,0x427,C7 AD 63 54 59 FD 85 AB
3.670000000,0x1A4,A1 8C 82 05 39 C1 2A 69
3.670000000,0x316,50 67 85 5A 9F BB A4 DF
3.670000000,0x427,9C C1 53 AA 03 E3 ED F0
3.680000000,0x1A4,FF A0 9A 85 F6 96 45 6C
3.680000000,0x316,6F 49 3B DE 18 BB 74 EA
3.680000000,0x427,C5 6E 97 B8 EF 91 2B 0D
3.690000000,0x1A4,E5 F8 B0 85 AE 14 A2 49
3.690000000,0x316,D4 79 B4 99 B1 A6 FC 4F
3.690000000,0x427,11 7C 05 5A 0D 91 85 1A
3.700000000,0x1A4,CC 77 C2 85 F6 C9 E5 81
3.700000000,0x316,E5 0C 76 36 8A 65 9C 27
3.700000000,0x427,C3 DE 1F A8 B8 C3 70 7B
3.710000000,0x1A4,81 1C D8 05 2F 01 E7 D8
3.710000000,0x316,32 33 B4 1B 0E 12 A1 59
3.710000000,0x427,60 64 6A D8 01 6A 67 8E
3.720000000,0x1A4,24 7B F0 05 BA 1F 69 1D
3.720000000,0x316,6C 1F 3A C3 1D 3F 50 47
3.720000000,0x427,D4 37 F8 92 F0 8F E5 39
3.730000000,0x1A4,4C 0F 06 86 8D 4F DA 6D
3.730000000,0x316,BD 16 5C D8 AE 72 9B 8F
3.730000000,0x427,DD E2 7B F9 56 75 76 C4
3.740000000,0x1A4,39 6C 1C 86 8B 4A 29 9F
3.740000000,0x316,63 23 13 9D 1A 46 CB AC
3.740000000,0x427,AB EE 87 A4 3C 7F 86 8E
3.750000000,0x1A4,31 92 30 06 37 17 E7 9B
3.750000000,0x316,C8 77 D8 ED 96 A0 67 A8
3.750000000,0x427,D9 8A 57 D4 E6 53 87 B1
3.760000000,0x1A4,42 74 47 06 D6 79 69 07
3.760000000,0x316,77 BF 2F 2E 52 0C F5 45
3.760000000,0x427,0A 11 E4 B3 26 45 2D C3
3.770000000,0x1A4,C0 9E 59 06 07 E2 E9 EB
3.770000000,0x316,B9 BF FE 56 D0 AB DC 59
3.770000000,0x427,20 26 90 01 38 98 70 2E
3.780000000,0x1A4,8D 52 6F 86 30 21 AC 24
3.780000000,0x316,57 6B FA 90 E7 BC 47 A8
3.780000000,0x427,99 CD 99 66 B2 59 D0 11
3.790000000,0x1A4,A4 E5 81 06 FF 25 B0 BD
3.790000000,0x316,84 8F 17 A2 AE 8F C8 F8
3.790000000,0x427,CE 24 D9 07 7E 6E 7D 17
3.800000000,0x1A4,32 2E 99 86 A1 B6 CD 87
3.800000000,0x316,D1 F2 12 37 CB 46 4E 60
3.800000000,0x427,60 24 7A 6B 67 21 22 74
3.810000000,0x1A4,96 F5 AC 06 62 F9 4B 28
3.810000000,0x316,A5 CC BB 5E 68 77 C7 4F
3.810000000,0x427,68 83 BA B8 C7 C1 0A 53
3.820000000,0x1A4,F0 B2 C6 86 A7 13 00 F1
3.820000000,0x316,AE CF 4D 91 1C 1F A2 98
3.820000000,0x427,97 BE BF 15 A6 B6 22 E2
3.830000000,0x1A4,A0 C5 DF 06 B6 15 D4 27
3.830000000,0x316,D2 03 4C 28 B3 B5 22 C1
3.830000000,0x427,AC A4 2A 9E 03 3C BD 0C
3.840000000,0x1A4,BC 36 E9 86 E5 86 E2 14
3.840000000,0x316,29 88 A8 45 0A DA 6F 71
3.840000000,0x427,79 D0 74 A9 6A 3B 8C 6C
3.850000000,0x1A4,5F 53 04 07 4D 55 69 9B
3.850000000,0x316,C7 CE 29 71 13 F2 07 6A
3.850000000,0x427,2D 43 EE 45 1A 87 2F 37
3.860000000,0x1A4,26 F4 13 87 B7 20 29 83
3.860000000,0x316,E6 24 23 1D 86 3F 5D 58
3.860000000,0x427,E8 D1 0E 6E AB 45 63 1C
3.870000000,0x1A4,3C D7 2A 07 0D B0 9F AD
3.870000000,0x316,70 46 B1 AD 60 A5 D7 97
3.870000000,0x427,CC F6 93 7C 53 27 E5 86
3.880000000,0x1A4,16 33 41 87 C1 92 F4 4E
3.880000000,0x316,E8 78 A0 0B 7F E5 73 38
3.880000000,0x427,49 FB 2F 65 68 A1 04 FC
3.890000000,0x1A4,50 5C 55 87 CD 30 06 0E
3.890000000,0x316,EC C7 F7 01 F7 12 55 34
3.890000000,0x427,AB D1 29 4D 61 C2 00 F2
3.900000000,0x1A4,15 6E 6B 07 C0 04 71 C4
3.900000000,0x316,E1 D1 21 23 6F 0C A0 C3
3.900000000,0x427,FC B9 69 41 01 35 19 4A
3.910000000,0x1A4,A2 D3 87 07 56 4B B7 1E
3.910000000,0x316,4E 96 FA 01 11 A5 54 7F
3.910000000,0x427,40 51 3C BF 3A 68 3F 6E
3.920000000,0x1A4,B0 55 92 07 7C 50 12 21
3.920000000,0x316,67 46 55 61 17 51 57 88
3.920000000,0x427,DE CC 23 B4 26 89 E8 3A
3.930000000,0x1A4,6B 31 A9 87 EE 81 08 8F
3.930000000,0x316,7D B3 56 D5 7F 34 05 AB
3.930000000,0x427,B6 22 63 CE 2F B3 AA 5A
3.940000000,0x1A4,23 8A C3 07 C2 74 A6 65
3.940000000,0x316,DE 96 9C DC A5 6B F6 BD
3.940000000,0x427,30 52 D4 0A 73 16 AC 6F
3.950000000,0x1A4,DE 3E D4 07 55 74 B2 75
3.950000000,0x316,2C 4D D1 EB C6 CD EE 13
3.950000000,0x427,F3 3D B3 DC C6 BD 24 50
3.960000000,0x1A4,D0 F3 EC 87 32 93 E5 6D
3.960000000,0x316,5A 52 CA 92 09 42 88 67
3.960000000,0x427,49 B9 A1 B5 09 53 E0 A3
3.970000000,0x1A4,C7 FD FD 07 32 AB 1D 4A
3.970000000,0x316,98 00 7C 1D 83 32 B0 67
3.970000000,0x427,EA DA 56 05 E2 DC 58 F7
3.980000000,0x1A4,FC 01 14 08 7B E1 FF 2B
3.980000000,0x316,C2 72 23 CD F0 D9 96 F2
3.980000000,0x427,0D 75 3D 9E 0D E9 C8 75
3.990000000,0x1A4,66 A6 2F 88 95 48 8A B0
3.990000000,0x316,C9 07 76 EB C9 60 A2 5C
3.990000000,0x427,12 AE 8F 16 DD 57 CC 6F
4.000000000,0x1A4,81 20 38 88 B8 D8 19 1B
4.000000000,0x316,09 FD 49 3E 28 7F 88 6F
4.000000000,0x427,D0 44 C0 96 07 E1 83 66
4.010000000,0x1A4,D1 68 52 88 3F 37 22 14
4.010000000,0x316,4A F7 50 65 27 B0 DA DE
4.010000000,0x427,4B 27 6E 4F B6 10 ED BE
4.020000000,0x1A4,B3 57 6A 08 4E F2 B8 38
4.020000000,0x316,3C FC 43 55 CB 44 74 C7
4.020000000,0x427,DD BE 0A 2B 4C 99 8D 13
4.030000000,0x1A4,5C 08 7F 88 07 03 1B A2
4.030000000,0x316,90 D9 30 1D BE B7 D5 87
4.030000000,0x427,E7 37 8C 82 4D AC A3 31
4.040000000,0x1A4,5A 8D 92 88 AD E4 B6 C6
4.040000000,0x316,59 A8 70 59 09 AC E1 59
4.040000000,0x427,4E 84 35 BA 19 20 4E F5
4.050000000,0x1A4,87 9D A6 88 24 C0 3B A5
4.050000000,0x316,FE 43 A6 D0 41 00 CF 25
4.050000000,0x427,85 1D 7C 3C CA 65 51 1A
4.060000000,0x1A4,52 5E BD 08 2B 22 87 41
4.060000000,0x316,A1 67 80 32 9A 6E 6A 2C
4.060000000,0x427,EC D1 36 9A 6E 79 22 27
4.070000000,0x1A4,2B 78 D5 88 73 CF 57 C2
4.070000000,0x316,5C 70 CF A7 2F 5A 4A 13
4.070000000,0x427,C6 72 59 2D BD E1 87 F3
4.080000000,0x1A4,51 5F E1 88 35 40 C1 A0
4.080000000,0x316,19 74 7E 7E DC A0 C5 76
4.080000000,0x427,91 5C 23 C1 EF F7 50 90
4.090000000,0x1A4,06 4F FF 88 4E 05 58 94
4.090000000,0x316,74 74 EB 72 65 C3 5E AE
4.090000000,0x427,87 5F 95 EC 7F E8 CD E1
4.100000000,0x1A4,9B 88 12 89 D9 1C 9B A4
4.100000000,0x316,1F E9 A2 A2 93 5B 8D FC
4.100000000,0x427,C7 A8 E0 9F 61 C6 BD 52
4.110000000,0x1A4,7E 48 27 89 C3 B0 91 F8
4.110000000,0x316,E0 51 91 A0 92 7A EE 50
4.110000000,0x427,E3 24 A5 26 DB 4B 94 70
4.120000000,0x1A4,5B 35 3B 09 57 36 0B 78
4.120000000,0x316,2A 8C 34 71 85 74 A2 A1
4.120000000,0x427,D2 A3 85 4D 18 43 DC CB
4.130000000,0x1A4,67 03 49 09 00 49 67 97
4.130000000,0x316,CD 4B 61 0E A3 E2 18 5A
4.130000000,0x427,89 D4 E0 81 BF 28 FE 12
4.140000000,0x1A4,88 E3 66 09 69 C1 34 76
4.140000000,0x316,91 A0 B0 73 F6 A0 A0 09
4.140000000,0x427,B6 58 90 0E 54 96 65 5E
4.150000000,0x1A4,0A 12 7A 89 6D E1 7D 49
4.150000000,0x316,92 A4 A4 13 95 DC 08 A5
4.150000000,0x427,7E 7D 3F DD E8 D2 34 FA
4.160000000,0x1A4,A7 81 8C 89 F9 AB 1D 17
4.160000000,0x316,84 30 71 9D 6C 9D 15 98
4.160000000,0x427,52 32 CF 81 9D 71 6D 62
4.170000000,0x1A4,6F 45 A4 09 C2 77 90 94
4.170000000,0x316,6C AD E7 8D 85 83 48 F4
4.170000000,0x427,3B 92 B4 CA E9 ED 29 BD
4.180000000,0x1A4,16 2E B8 89 EC 76 80 0A
4.180000000,0x316,6B BF 21 73 7B 7F B7 E8
4.180000000,0x427,89 18 50 CF B7 17 58 92
4.190000000,0x1A4,D8 D1 CE 89 33 76 30 30
4.190000000,0x316,FF 93 4F 52 91 A9 E1 9A
4.190000000,0x427,E4 D2 C2 79 93 9B 59 80
4.200000000,0x1A4,C9 D4 E6 09 F2 4A 2D F5
4.200000000,0x316,7E F4 D6 0F 9D 7B 55 73
4.200000000,0x427,5B 19 7F 1A 58 85 9B CF
4.210000000,0x1A4,06 2D F5 89 DD 59 5E D6
4.210000000,0x316,B1 89 EB 57 1C 9F 7D FB
4.210000000,0x427,57 62 DD B6 02 98 96 15
4.220000000,0x1A4,9B 1F 0A 8A C6 95 68 A5
4.220000000,0x316,2B D2 2C 2C F0 37 05 0A
4.220000000,0x427,F7 21 6C 3F 2D B2 26 B5
4.230000000,0x1A4,13 ED 20 0A 9E 42 B1 FD
4.230000000,0x316,51 F2 7D 70 5D 5B 29 86
4.230000000,0x427,A6 D0 D2 85 17 35 1C 9C
4.240000000,0x1A4,79 97 33 0A A4 6A 28 5D
4.240000000,0x316,3E 3A 73 5F D9 E7 FD EA
4.240000000,0x427,BF B6 6B 48 5E BB 2D 63
4.250000000,0x1A4,68 1C 4D 0A 00 53 43 C6
4.250000000,0x316,B3 3A 9F 56 AF 3D CC AD
4.250000000,0x427,5B 0C 0F 99 8E D3 67 0D
4.260000000,0x1A4,AC C6 62 8A 5E C8 81 A1
4.260000000,0x316,C2 CD B5 A5 6D 94 AB 55
4.260000000,0x427,74 99 DF 10 19 9D 66 54
4.270000000,0x1A4,A3 8A 71 0A 5E AD D6 8E
4.270000000,0x316,CA 44 AA AD 2B DF F5 62
4.270000000,0x427,3E DB BD 48 B9 CB 82 40
4.280000000,0x1A4,CF 9B 8E 8A 16 3F 00 DA
4.280000000,0x316,62 95 14 A8 56 93 E3 F6
4.280000000,0x427,3C 13 06 E8 B2 99 4A 9A
4.290000000,0x1A4,97 41 9F 8A CE DD 7E 26
4.290000000,0x316,F8 36 57 55 61 50 DD 14
4.290000000,0x427,BB 6A 2E 95 A9 7B E2 A9
4.300000000,0x1A4,78 A6 B4 0A 43 E5 AF EA
4.300000000,0x316,EC DA 8D 59 C8 58 6B 4F
4.300000000,0x427,5E F5 BA F7 B3 33 F3 A7
4.310000000,0x1A4,2D 95 CF 8A 98 B0 81 A9
4.310000000,0x316,C4 5B 57 64 C9 F9 02 21
4.310000000,0x427,22 9F 54 98 5E 25 76 B5
4.320000000,0x1A4,92 E9 D8 8A 30 25 B0 15
4.320000000,0x316,2F C2 40 4F 49 84 15 8F
4.320000000,0x427,1C 0E 6E 60 62 F9 BB A4
4.330000000,0x1A4,BE 5B F2 8A 17 0A 17 54
4.330000000,0x316,C1 E0 2C D0 85 17 B7 20
4.330000000,0x427,97 BF 8C AB 51 B9 EC B3
4.340000000,0x1A4,A8 A7 0E 8B F3 B5 75 F2
4.340000000,0x316,3B 56 20 BD AF 25 46 FF
4.340000000,0x427,0E 52 77 AF F7 30 96 E9
4.350000000,0x1A4,CB B6 19 8B 9C 88 EC 17
4.350000000,0x316,E9 E1 61 A5 CB 01 A3 AB
4.350000000,0x427,15 5C 64 6C 32 4D 2C 82
4.360000000,0x1A4,28 C4 30 0B B7 C1 AA 04
4.360000000,0x316,69 33 D3 5C DC D8 11 4F
4.360000000,0x427,EE B5 25 2E 0D D5 7F F3
4.370000000,0x1A4,94 54 45 0B 5A C5 7B 57
4.370000000,0x316,39 63 9A F2 3E D0 22 C4
4.370000000,0x427,4E 40 7C 7C 48 41 27 31
4.380000000,0x1A4,9C B9 5E 0B C8 77 FE FF
4.380000000,0x316,BC 7B 37 23 BC 7C AA 27
4.380000000,0x427,54 17 C1 13 EC 07 B9 4B
4.390000000,0x1A4,65 75 74 8B 69 3E C2 C9
4.390000000,0x316,6A 5C E4 19 FB F3 F7 81
4.390000000,0x427,B2 0B 58 C5 93 6A 2E 8A
4.400000000,0x1A4,AB 69 82 8B E8 C5 17 BD
4.400000000,0x316,93 FE 38 E2 F4 C6 CA 86
4.400000000,0x427,C1 D1 A9 09 DB 31 74 A9
4.410000000,0x1A4,94 30 9E 0B C5 46 5B E0
4.410000000,0x316,39 BC 2C C4 7A 4F 37 9E
4.410000000,0x427,1C 6E 8C 21 99 24 E5 98
4.420000000,0x1A4,A1 B6 B0 0B E9 1B 7D 27
4.420000000,0x316,80 08 89 29 C4 EB 4B 2E
4.420000000,0x427,95 07 D3 D4 F6 54 5E B1
4.430000000,0x1A4,81 AA C6 8B FF FD EE 9F
4.430000000,0x316,3A 7D 1D CF 68 76 14 E7
4.430000000,0x427,52 C6 60 2A F3 72 9F B8
4.440000000,0x1A4,5F 5D DB 0B 5C 6D 2F 0B
4.440000000,0x316,B6 07 2E 69 E9 B9 42 5D
4.440000000,0x427,C5 1E 26 AD 48 C4 36 B8
4.450000000,0x1A4,6C C7 EE 0B 71 F5 36 F8
4.450000000,0x316,AA 01 B7 71 46 FB 4F 9C
4.450000000,0x427,6D 09 F1 48 06 B5 9C C0
4.460000000,0x1A4,C2 16 00 8C E9 23 A7 C8
4.460000000,0x316,6E F1 EC 72 F4 9D E7 3B
4.460000000,0x427,74 F4 B4 88 82 25 3A 3D
4.470000000,0x1A4,A8 49 19 0C 49 57 31 F7
4.470000000,0x316,44 F9 01 CF FE 7C CC C8
4.470000000,0x427,02 68 11 78 A9 DC 6A E7
4.480000000,0x1A4,C7 FD 29 8C 56 0B AB 31
4.480000000,0x316,2D D3 2A 5E 17 84 A5 AD
4.480000000,0x427,63 1F 77 F2 58 01 07 92
4.490000000,0x1A4,08 3F 44 8C D8 FD CA 70
4.490000000,0x316,A7 A8 30 76 CD EC F9 C4
4.490000000,0x427,20 31 22 48 04 23 33 C7
4.500000000,0x1A4,5A 64 52 0C 35 7E BE 80
4.500000000,0x316,D4 9A 07 87 09 5B 2D 6B
4.500000000,0x427,9F 59 5D F7 FF A4 7C 29
4.510000000,0x1A4,C0 C8 6F 8C FB 63 1F 33
4.510000000,0x316,18 53 1F CD 4A 39 CB 9A
4.510000000,0x427,08 16 6E 23 D7 0D 7D DF
4.520000000,0x1A4,F0 35 80 0C CD A7 5B 0D
4.520000000,0x316,23 4F 24 A4 31 FD 07 7B
4.520000000,0x427,CE 20 C6 DF A5 C1 07 5F
4.530000000,0x1A4,DA 61 96 8C C4 DC 2D EF
4.530000000,0x316,06 52 43 1A DB 5F 1E B6
4.530000000,0x427,6D 65 8C D8 35 A3 12 84
4.540000000,0x1A4,B3 04 AE 8C E0 E1 EA 1F
4.540000000,0x316,D0 E3 F9 48 09 D7 78 15
4.540000000,0x427,EA 9F 5B C3 BB 3A 0A 29
4.550000000,0x1A4,8D A6 C5 0C 88 95 06 73
4.550000000,0x316,DA 25 C2 E7 C7 15 6B 83
4.550000000,0x427,2F A4 B8 25 4B 7A BF D4
4.560000000,0x1A4,B3 33 D6 0C 5F 8A 7A 17
4.560000000,0x316,AB 23 48 F2 57 DA 16 E9
4.560000000,0x427,9A 7B D7 38 E0 76 13 D1
4.570000000,0x1A4,B6 1F ED 0C C5 18 77 E2
4.570000000,0x316,45 68 7E 59 8D 68 33 EE
4.570000000,0x427,93 DB D3 06 18 AF 36 6A
4.580000000,0x1A4,5C 3E FA 0C C9 01 7E 65
4.580000000,0x316,C8 89 83 80 B1 F0 BB 5F
4.580000000,0x427,A7 F3 5B 3C 50 C8 DB 62
4.590000000,0x1A4,A3 36 11 8D 0C 18 E4 14
4.590000000,0x316,EF 46 FA 5F 51 5F 7B 39
4.590000000,0x427,86 4C 37 07 E3 54 95 51
4.600000000,0x1A4,5D 9B 2A 8D F8 82 5D 19
4.600000000,0x316,CC 41 D4 D6 F1 DB F6 B6
4.600000000,0x427,CD D2 63 A6 AF 96 D5 55
4.610000000,0x1A4,F5 EB 3F 8D C3 7C 63 25
4.610000000,0x316,19 BA 39 23 FB 3C CE 09
4.610000000,0x427,9A ED 70 49 A3 79 DA EA
4.620000000,0x1A4,5D 41 53 8D 6B CE F2 78
4.620000000,0x316,0B C6 31 B2 32 A8 C3 D4
4.620000000,0x427,F6 EA 87 23 E7 69 43 C2
4.630000000,0x1A4,CC 04 6E 8D FF 99 17 78
4.630000000,0x316,DD 8B D7 72 A0 76 87 9D
4.630000000,0x427,63 24 58 01 C7 46 E6 E7
4.640000000,0x1A4,F7 23 78 0D 54 70 DD 04
4.640000000,0x316,03 3B 84 41 2D 26 35 37
4.640000000,0x427,4D 24 C0 D5 F9 EA 46 26
4.650000000,0x1A4,42 6F 96 8D D1 A5 B2 F0
4.650000000,0x316,19 0F 2C BA F2 90 DF 9B
4.650000000,0x427,84 08 1C 87 93 6C 5A 6C
4.660000000,0x1A4,F6 BD A6 0D E6 3F B3 C6
4.660000000,0x316,69 06 C1 49 7F FD D5 3C
4.660000000,0x427,BA 3E 18 4D 05 74 31 1F
4.670000000,0x1A4,C7 4E B9 0D 0C 5F 0A 3D
4.670000000,0x316,CC AF 79 6B 31 57 92 A3
4.670000000,0x427,CA F8 3C CB 68 83 70 9F
4.680000000,0x1A4,F5 65 D5 0D 31 21 14 10
4.680000000,0x316,C2 2E 61 1C 80 2A 31 D6
4.680000000,0x427,C6 B4 B7 E7 C6 CE F4 7F
4.690000000,0x1A4,CA E3 E3 8D 32 D2 3A 89
4.690000000,0x316,64 1B 35 04 8A CC C7 A1
4.690000000,0x427,F3 A9 EF 83 7E 4F 36 93
4.700000000,0x1A4,49 A8 FF 0D 72 85 F2 B7
4.700000000,0x316,B9 73 C1 24 0C CD 90 4A
4.700000000,0x427,A1 99 E2 6D 3D 85 66 00
4.710000000,0x1A4,32 29 0C 8E E6 26 52 5A
4.710000000,0x316,3F 9E 95 3D 75 04 17 92
4.710000000,0x427,9F 2C A4 6A E4 CD F3 2F
4.720000000,0x1A4,D8 3C 24 8E CE 21 10 AB
4.720000000,0x316,CF CB EA 15 6A 15 03 86
4.720000000,0x427,E0 F4 82 F9 20 87 50 5C
4.730000000,0x1A4,99 6E 3B 0E 60 43 12 F4
4.730000000,0x316,E7 D4 AB 86 96 F4 48 8B
4.730000000,0x427,5E 3A E0 81 85 51 52 C9
4.740000000,0x1A4,DA 4A 4B 8E D4 8D F3 81
4.740000000,0x316,19 E7 DC 8D 01 A1 34 05
4.740000000,0x427,9D C6 F4 63 21 A6 92 DF
4.750000000,0x1A4,D0 C5 62 0E 79 12 25 0B
4.750000000,0x316,2B 52 BB A2 67 A7 0A 63
4.750000000,0x427,4D 66 25 FB D6 BE 90 5F
4.760000000,0x1A4,35 39 77 0E F4 23 50 BF
4.760000000,0x316,78 73 28 04 02 81 6A 5B
4.760000000,0x427,B8 72 DC C9 47 95 4B 11
4.770000000,0x1A4,FC F9 8C 0E A8 6D BA 3D
4.770000000,0x316,CA 05 A2 BB 68 FE 37 A8
4.770000000,0x427,C8 72 D5 A0 1E B7 89 1A
4.780000000,0x1A4,2D 1D A1 8E BA 9D F7 94
4.780000000,0x316,DF 36 35 BC CA B5 B5 C1
4.780000000,0x427,86 F0 1F 55 9F 21 27 22
4.790000000,0x1A4,62 95 B1 0E 28 45 30 5A
4.790000000,0x316,81 8E C7 8B 7A 08 AB 56
4.790000000,0x427,FA 1D 42 D0 F1 40 8E A4
4.800000000,0x1A4,04 A4 CA 0E F0 05 94 D4
4.800000000,0x316,95 E3 75 C7 49 5B 47 AF
4.800000000,0x427,AB 86 F1 76 57 F7 16 FB
4.810000000,0x1A4,BB 07 E5 8E DE 04 81 7A
4.810000000,0x316,D0 70 B9 A1 42 C5 A9 2E
4.810000000,0x427,E9 4F BE CF EF B2 85 22
4.820000000,0x1A4,53 5B F7 0E 93 BA 4E B7
4.820000000,0x316,EF 69 B4 C6 7E 1B 90 F1
4.820000000,0x427,25 7D 2A 75 13 C5 77 09
4.830000000,0x1A4,7B 0D 0F 0F A8 77 9B 33
4.830000000,0x316,56 E3 36 0B 25 22 86 CA
4.830000000,0x427,75 74 10 33 AA 28 C3 E2
4.840000000,0x1A4,0E 59 1A 0F 2D E3 CA 50
4.840000000,0x316,94 66 F1 EE 17 22 61 4F
4.840000000,0x427,C7 2D F0 83 F9 02 F2 65
4.850000000,0x1A4,39 25 37 8F EE 73 BE D0
4.850000000,0x316,49 0F 04 8B 20 BA 30 79
4.850000000,0x427,CE 2B D9 40 81 FA 5F 09
4.860000000,0x1A4,73 AC 4F 8F 7F 45 9B A5
4.860000000,0x316,96 27 EC 30 4D 90 3E 49
4.860000000,0x427,DF A8 62 5B 53 1C B5 DC
4.870000000,0x1A4,BB 3B 5D 8F 84 E2 3C 0C
4.870000000,0x316,A7 F4 A4 DD CC 02 DE A7
4.870000000,0x427,29 04 F9 54 19 86 F1 45
4.880000000,0x1A4,0A 98 75 0F 5C B4 A1 CC
4.880000000,0x316,27 81 36 5E AD 0B DC 6F
4.880000000,0x427,60 63 B5 E3 BB D3 67 66
4.890000000,0x1A4,EC 69 81 8F 7D 94 92 70
4.890000000,0x316,70 F6 06 E5 07 CA DB F4
4.890000000,0x427,D7 26 FB 62 B0 1A CB 56
4.900000000,0x1A4,FD F2 9D 8F C0 40 D3 2F
4.900000000,0x316,B9 2C 07 7F 80 66 2B B1
4.900000000,0x427,63 B1 5D 7F AB 72 0A 5E
4.910000000,0x1A4,54 9C B7 8F 57 41 1B CC
4.910000000,0x316,24 43 EF 84 AB CE 47 44
4.910000000,0x427,82 0A 18 CD 18 07 26 15
4.920000000,0x1A4,65 00 C2 8F 8C 02 AC 6C
4.920000000,0x316,62 8F 34 14 32 45 3C 6E
4.920000000,0x427,03 61 3A 9A DB C0 BE FE
4.930000000,0x1A4,4E F5 DC 8F 67 65 32 2E
4.930000000,0x316,CC 35 A4 8B BC 46 34 4B
4.930000000,0x427,93 E9 3A 52 54 DB 43 1A
4.940000000,0x1A4,70 65 EF 0F 11 8F F2 53
4.940000000,0x316,94 00 32 A9 5E 0F AF 4B
4.940000000,0x427,3A 83 76 4E 0E 89 27 72
4.950000000,0x1A4,3D 69 05 90 A5 C1 B8 B7
4.950000000,0x316,6F F1 15 6D 43 3B A9 2A
4.950000000,0x427,2A 6D 94 B0 D2 FA A3 71
4.960000000,0x1A4,BC FB 1E 10 EC 16 77 72
4.960000000,0x316,A2 C9 D7 0A 17 82 10 BA
4.960000000,0x427,86 C1 BA DE 6C 17 5F E9
4.970000000,0x1A4,B3 53 29 10 15 E8 66 9D
4.970000000,0x316,31 CC 86 FF C3 42 58 6F
4.970000000,0x427,96 42 49 46 BD 42 B4 A3
4.980000000,0x1A4,4B 11 43 90 62 4A 9E CA
4.980000000,0x316,8A DC A9 F2 B5 04 AF 0E
4.980000000,0x427,DB E5 35 13 12 B5 D2 AB
4.990000000,0x1A4,8A 05 5C 90 C4 64 FD 67
4.990000000,0x316,5F F5 01 5D F6 9A 59 83
4.990000000,0x427,3E A0 14 CD 7D 50 F9 BF
5.000000000,0x1A4,80 DA 6D 90 CE E3 F4 28
5.000000000,0x316,84 01 EA F3 F0 D4 F8 07
5.000000000,0x427,EC 31 8D 24 4C 64 42 D9
5.010000000,0x1A4,CB E5 81 90 67 3B 97 AD
5.010000000,0x316,B7 0F 04 C8 21 18 2C 70
5.010000000,0x427,D7 95 E8 08 62 9C 50 20
5.020000000,0x1A4,A5 34 96 10 74 31 6A 3C
5.020000000,0x316,90 C8 4C C7 FF 64 29 A5
5.020000000,0x427,E6 B3 C7 5D 9C E6 B5 5C
5.030000000,0x1A4,E6 BE AA 10 DC 46 10 F3
5.030000000,0x316,F8 F1 36 91 80 67 4A 08
5.030000000,0x427,AB 7E E7 9A 3C B9 47 27
5.040000000,0x1A4,C9 02 C7 90 16 20 2E 73
5.040000000,0x316,5F 19 E6 F2 B8 87 F7 5E
5.040000000,0x427,DC 44 3C 5F 4C 01 A6 71
5.050000000,0x1A4,0A 81 D1 90 76 C3 AE 13
5.050000000,0x316,AF 89 EC 92 82 FC 3F 23
5.050000000,0x427,D9 AE 8A 87 8C 6E F0 5D
5.060000000,0x1A4,34 8F ED 10 72 90 7B 50
5.060000000,0x316,DC 9C 49 A6 7B 36 58 47
5.060000000,0x427,9C 8C E6 3F 71 A4 E4 F5
5.070000000,0x1A4,F7 F7 FA 10 AF 41 A2 06
5.070000000,0x316,0B 30 55 BC 42 D8 A0 2F
5.070000000,0x427,58 58 C1 7F 40 F4 8A 84
5.080000000,0x1A4,CA 9A 11 11 F5 EB DD E9
5.080000000,0x316,6B C8 C9 8F B8 95 25 1E
5.080000000,0x427,C1 CB 03 43 85 12 64 C6
5.090000000,0x1A4,A6 59 2A 11 7F D2 3B B4
5.090000000,0x316,66 F4 3E 72 40 16 EE 36
5.090000000,0x427,BA C8 11 FF B3 FB A3 9C
5.100000000,0x1A4,E9 90 3B 11 1F B7 A8 B1
5.100000000,0x316,8D 5C 9E EA D0 23 A6 FF
5.100000000,0x427,C1 4B BF 7D 44 E3 3E 33
5.110000000,0x1A4,87 2A 55 11 F5 18 BF 22
5.110000000,0x316,EE D2 52 DA 1A 13 F5 12
5.110000000,0x427,D8 11 B9 73 0C 35 33 2C
5.120000000,0x1A4,20 D4 67 91 C3 68 9F B6
5.120000000,0x316,8F CE F2 71 D6 96 4C FF
5.120000000,0x427,2F 74 79 16 43 CB 7D CF
5.130000000,0x1A4,71 EA 7A 91 C7 17 B2 F7
5.130000000,0x316,08 14 74 D8 38 28 90 FC
5.130000000,0x427,09 81 D0 51 67 8C F7 AA
5.140000000,0x1A4,23 DD 90 11 00 72 A4 B5
5.140000000,0x316,EE D8 9F 10 EA 9C CC 8C
5.140000000,0x427,09 BE CB 8A A0 2E 55 4A
5.150000000,0x1A4,37 50 A6 91 F2 F5 C9 4C
5.150000000,0x316,0D DD F2 D9 85 43 52 28
5.150000000,0x427,04 1F 39 B6 E6 F8 A5 B5
5.160000000,0x1A4,B4 22 BD 91 B8 91 41 B3
5.160000000,0x316,08 4F 40 A3 7C 3A 91 2C
5.160000000,0x427,A3 AF 2F CB 66 C0 8A 5C
5.170000000,0x1A4,07 D1 CD 91 0A E6 67 39
5.170000000,0x316,0F 9C 11 1F 97 A5 31 FC
5.170000000,0x427,0E 73 73 33 EB D0 C4 CA
5.180000000,0x1A4,44 6F E5 11 10 BE 9A 3C
5.180000000,0x316,8B E3 55 CA C9 38 78 7E
5.180000000,0x427,D3 8C BA 06 F3 B6 63 5C
5.190000000,0x1A4,5B 59 FC 91 AA C5 80 92
5.190000000,0x316,5F F6 70 5E B7 E8 A7 77
5.190000000,0x427,53 C6 BC CD F7 AB A6 FB
5.200000000,0x1A4,D8 BB 08 92 E0 AF 38 21
5.200000000,0x316,C4 A5 A8 9C A8 F9 5D E2
5.200000000,0x427,C9 37 12 16 39 DE D4 10
5.210000000,0x1A4,3F AD 25 12 E3 CF ED 65
5.210000000,0x316,F6 75 E5 FF D1 F5 88 B7
5.210000000,0x427,8A D7 07 B8 EB CB 89 7A
5.220000000,0x1A4,9D FD 33 92 73 DE 29 69
5.220000000,0x316,DD F7 E7 C4 A8 A2 D0 68
5.220000000,0x427,E4 5E C6 D2 01 AE 2C 93
5.230000000,0x1A4,A6 53 49 12 72 6A 15 20
5.230000000,0x316,CA E0 ED F8 B1 B9 28 51
5.230000000,0x427,48 4D 70 A4 87 7A FC 12
5.240000000,0x1A4,49 87 61 12 31 D8 40 77
5.240000000,0x316,69 9F 1B AE B0 B4 71 84
5.240000000,0x427,E4 1E 32 58 72 89 DA 20
5.250000000,0x1A4,1E FF 71 92 6D DD 3C D4
5.250000000,0x316,BC 4F BF C7 E6 38 22 8D
5.250000000,0x427,E4 88 C9 A3 82 24 79 96
5.260000000,0x1A4,D6 22 8D 12 50 56 8D C4
5.260000000,0x316,3C 1E 5D F7 D9 4D 08 21
5.260000000,0x427,69 12 C0 6E 52 AE BB 80
5.270000000,0x1A4,69 70 9C 92 06 1E 43 DE
5.270000000,0x316,58 89 2F 0E 35 07 D6 D4
5.270000000,0x427,F8 05 C9 1F 6C 57 A2 84
5.280000000,0x1A4,88 05 B4 12 36 1B DB 4D
5.280000000,0x316,70 F7 26 2A B2 AA 76 29
5.280000000,0x427,05 E5 99 52 88 FA 4A EF
5.290000000,0x1A4,7C CA CE 92 B2 6B B8 39
5.290000000,0x316,F1 F7 94 58 22 41 8E F2
5.290000000,0x427,84 16 DF F0 4F 7C D6 84
5.300000000,0x1A4,7E DD D9 92 D5 63 B7 48
5.300000000,0x316,94 1C 8F D8 A9 29 30 14
5.300000000,0x427,7D AB 27 40 A1 D7 40 32
5.310000000,0x1A4,FA 19 F3 92 C1 75 D3 F4
5.310000000,0x316,7A F1 03 8D 45 6C 42 46
5.310000000,0x427,03 29 0B 20 20 77 01 A0
5.320000000,0x1A4,C7 E9 05 13 F9 2B 4B 9D
5.320000000,0x316,2F 04 92 88 83 EC EA 17
5.320000000,0x427,3D A2 A8 80 93 C0 17 A4
5.330000000,0x1A4,E9 B8 1B 13 15 C2 80 97
5.330000000,0x316,C8 27 0D F1 DE 3F A5 94
5.330000000,0x427,85 46 79 27 CD CD D3 2B
5.340000000,0x1A4,AD B7 32 93 2E DE DD 9F
5.340000000,0x316,84 63 7B B8 CA 87 E9 E6
5.340000000,0x427,2F 62 EA 9A BE 3C 6E 56
5.350000000,0x1A4,DC 0B 40 93 90 A8 86 EC
5.350000000,0x316,83 45 49 90 B4 B5 8B 0A
5.350000000,0x427,08 AF 42 D3 BF C3 20 DD
5.360000000,0x1A4,3B 7C 5B 13 64 05 CB 14
5.360000000,0x316,79 62 A3 0B 61 F7 D3 F2
5.360000000,0x427,CD 4F 36 A4 DC B8 61 C5
5.370000000,0x1A4,92 47 6F 93 43 7D C0 43
5.370000000,0x316,58 74 B0 A6 BC 89 F7 35
5.370000000,0x427,C3 6C 57 C4 74 95 77 92
5.380000000,0x1A4,6D 6E 85 13 88 5A 3C 9E
5.380000000,0x316,54 ED 94 A3 16 D1 C0 07
5.380000000,0x427,0A 6C 7F 7F B1 4C 95 E3
5.390000000,0x1A4,1B D2 9D 93 44 F7 AA 8B
5.390000000,0x316,F2 EB 27 4A 37 09 54 A4
5.390000000,0x427,9A 06 E7 F4 3D 0A 56 4D
5.400000000,0x1A4,88 45 AA 13 81 51 B0 3E
5.400000000,0x316,F0 0A 00 CE CF 71 AE CE
5.400000000,0x427,47 8F 5B AF 02 AE F5 67
5.410000000,0x1A4,53 A0 C4 13 F5 77 1B 74
5.410000000,0x316,22 5C AE 12 A1 FA 48 B0
5.410000000,0x427,F8 75 56 0F D9 F5 77 28
5.420000000,0x1A4,6D FC D1 13 CE 2F 66 6A
5.420000000,0x316,D3 E1 F7 7B 78 AE E5 76
5.420000000,0x427,2A DA 3A 34 2E DC 16 57
5.430000000,0x1A4,4B 16 EE 93 A5 78 C7 24
5.430000000,0x316,0F 68 05 50 22 49 8A DC
5.430000000,0x427,4C A1 E6 B7 0E B8 BE 51
5.440000000,0x1A4,CE 83 04 94 72 19 EF FC
5.440000000,0x316,D1 E7 5B DC 6A 34 6A 58
5.440000000,0x427,6E 1E B2 F9 B4 4A 12 66
5.450000000,0x1A4,F0 E3 11 14 E0 F0 BA C2
5.450000000,0x316,EE B8 DB 5E EB BC D5 83
5.450000000,0x427,C0 5F C8 8F DB DE 2E 1B
5.460000000,0x1A4,3C 94 29 14 59 88 E2 3D
5.460000000,0x316,09 BF 6A 77 8F 98 5D 1F
5.460000000,0x427,12 06 79 44 6D B9 18 73
5.470000000,0x1A4,AE 9C 3F 14 9A 8E 10 24
5.470000000,0x316,16 A6 C8 18 EF 77 F4 0C
5.470000000,0x427,63 55 4B 4A 89 BE 04 F2
5.480000000,0x1A4,A2 A4 57 14 93 D7 39 DD
5.480000000,0x316,47 60 89 9D E3 E0 0A 6B
5.480000000,0x427,0A A4 8E 3F 64 94 72 F6
5.490000000,0x1A4,CC CA 64 94 AF D7 FD E6
5.490000000,0x316,BC 13 E2 28 87 15 40 D0
5.490000000,0x427,6D D5 D2 53 3D 57 0A EF
5.500000000,0x1A4,35 4C 7B 94 7F DF 9B B8
5.500000000,0x316,C0 15 0E 50 B2 F7 98 30
5.500000000,0x427,2C EC 5B C3 1D AA CA 28
5.510000000,0x1A4,83 54 96 14 EA D9 F7 FE
5.510000000,0x316,CB 01 C5 83 1E 32 81 77
5.510000000,0x427,48 B7 AE 7F 47 1A 0B E1
5.520000000,0x1A4,48 82 A4 14 8E A8 53 7F
5.520000000,0x316,D4 E1 EE 05 07 75 0D 17
5.520000000,0x427,E7 C6 FA F1 1B 85 AB 64
5.530000000,0x1A4,EC CE BC 94 2E 11 0D 75
5.530000000,0x316,76 C6 78 F7 76 64 A0 3D
5.530000000,0x427,66 B4 13 37 2D 0A 56 95
5.540000000,0x1A4,39 55 CF 14 0F DC 74 0C
5.540000000,0x316,4C 37 F0 0C 04 F8 06 48
5.540000000,0x427,F1 62 B1 7E 7F FD F6 98
5.550000000,0x1A4,FC FF E0 94 9C FE C4 D7
5.550000000,0x316,F1 95 7D A7 71 4F 2A AC
5.550000000,0x427,40 61 78 78 5F CE 26 49
5.560000000,0x1A4,AB 90 FC 94 0E EA 17 02
5.560000000,0x316,DE 49 E0 D8 C3 ED 84 1B
5.560000000,0x427,4D 48 51 6E 66 8F 49 22
5.570000000,0x1A4,7E 9E 08 95 E5 7E B4 43
5.570000000,0x316,FF F7 3D BA 73 9A A3 5D
5.570000000,0x427,EC 1D 8C C3 BD A8 3B 67
5.580000000,0x1A4,01 12 26 15 7C 01 95 0B
5.580000000,0x316,77 84 8C 66 95 AB 18 0D
5.580000000,0x427,4F FA FD 91 FC 3A D3 8F
5.590000000,0x1A4,09 EE 34 15 A9 5B CE 5C
5.590000000,0x316,95 04 A0 8D 13 CD E1 49
5.590000000,0x427,06 FA D2 12 A6 C1 E7 62
5.600000000,0x1A4,FC E3 4E 95 A3 6C 4A 73
5.600000000,0x316,FE FC AF C3 3B 6F C3 8C
5.600000000,0x427,37 C6 9B 47 3B 9A 47 D3
5.610000000,0x1A4,5F 0C 65 95 9F C2 8C 9F
5.610000000,0x316,F9 9A 2E AE D5 52 6D 9C
5.610000000,0x427,28 66 6A 1E 6A 15 F0 20
5.620000000,0x1A4,04 07 77 95 2B 1E C0 18
5.620000000,0x316,BF DF D6 64 12 ED 89 5F
5.620000000,0x427,68 62 7E CB CB 1D 9E FC
5.630000000,0x1A4,42 4B 8E 15 28 11 CE 8E
5.630000000,0x316,FE EE 5E F0 15 61 98 5D
5.630000000,0x427,C7 65 45 C1 A6 B4 EE 24
5.640000000,0x1A4,10 75 9D 15 19 03 3B 9A
5.640000000,0x316,61 DA 55 82 CA 4D C1 66
5.640000000,0x427,10 1B 05 80 52 25 4E 0A
5.650000000,0x1A4,34 00 B1 15 05 44 F6 09
5.650000000,0x316,C8 D0 14 23 8B F4 AD B6
5.650000000,0x427,DE 27 42 55 D4 B4 D0 CD
5.660000000,0x1A4,FA 4B C7 15 0F FD F2 84
5.660000000,0x316,D1 33 FD 74 A9 F9 20 26
5.660000000,0x427,A4 E3 33 9B 4C 47 A4 E4
5.670000000,0x1A4,16 2F D8 95 DB AF C8 23
5.670000000,0x316,DC 91 F5 53 72 2E 6E EE
5.670000000,0x427,59 08 F2 9C 21 2F 8B 51
5.680000000,0x1A4,EF BB F1 15 E9 AB 98 64
5.680000000,0x316,33 FE 98 FD DE F9 D2 9D
5.680000000,0x427,9D 08 44 BD 94 C2 B4 D7
5.690000000,0x1A4,24 9F 02 16 C5 56 FE 97
5.690000000,0x316,10 92 1C 56 17 65 DF 81
5.690000000,0x427,E9 C5 0A D4 8C 9F 7C 82
5.700000000,0x1A4,56 6C 1F 96 1E 97 66 7D
5.700000000,0x316,CE F8 6F B5 EF CD 1B 90
5.700000000,0x427,1D 13 BF 4C AA 8F 92 79
5.710000000,0x1A4,67 EA 2C 96 DB 51 42 04
5.710000000,0x316,87 B2 4C 5E 2A 1E CC 54
5.710000000,0x427,7C 93 7E AC DC 0B 0F 1C
5.720000000,0x1A4,F5 98 42 96 16 62 A2 6A
5.720000000,0x316,E4 80 6D 95 70 F9 C3 4E
5.720000000,0x427,86 1F F8 CB C8 99 15 E6
5.730000000,0x1A4,E4 D8 5E 96 35 E3 41 DF
5.730000000,0x316,EA A0 23 B0 19 37 17 A1
5.730000000,0x427,13 59 D2 06 88 11 CF 98
5.740000000,0x1A4,87 BE 6E 16 6B CD F9 43
5.740000000,0x316,E5 F1 91 F7 50 CF D4 A7
5.740000000,0x427,44 65 6C C8 F1 B7 D8 F8
5.750000000,0x1A4,EF 8D 82 96 DC E4 16 94
5.750000000,0x316,07 D9 DF 93 DD 45 40 3A
5.750000000,0x427,87 AD AD B8 AA 9C 25 0D
5.760000000,0x1A4,13 C8 91 96 14 B1 FE 7A
5.760000000,0x316,B3 AD A6 2B 18 17 34 86
5.760000000,0x427,46 CC 07 A1 39 70 9F B8
5.770000000,0x1A4,7C 01 AF 96 47 96 4C C6
5.770000000,0x316,9C BA 56 D7 65 27 54 61
5.770000000,0x427,FC A0 D4 25 F2 64 58 D2
5.780000000,0x1A4,21 1E BC 96 0E 98 00 3E
5.780000000,0x316,47 01 15 08 05 F7 93 92
5.780000000,0x427,F2 92 BD F2 A5 56 55 B3
5.790000000,0x1A4,EA 1C D2 16 F7 3D D7 30
5.790000000,0x316,5E 14 D9 04 56 E7 E7 70
5.790000000,0x427,87 26 4E 50 85 2F 35 6B
5.800000000,0x1A4,F6 32 EC 16 FA C0 B7 69
5.800000000,0x316,1C A0 C4 B0 C6 3E 32 34
5.800000000,0x427,62 7E 0E 69 33 3E 77 80
5.810000000,0x1A4,A7 95 FC 96 74 D3 89 9C
5.810000000,0x316,D2 42 A7 EB A5 22 BB 78
5.810000000,0x427,2A FB 70 DF 1E 3C 2F D9
5.820000000,0x1A4,DD D4 17 97 23 06 37 BA
5.820000000,0x316,9F AA F1 0F 89 AF AD B4
5.820000000,0x427,A4 5F 59 23 46 6C C8 84
5.830000000,0x1A4,90 58 24 17 85 46 96 8F
5.830000000,0x316,3B 72 36 53 EF FA 84 FF
5.830000000,0x427,18 B2 87 A9 55 85 76 7A
5.840000000,0x1A4,AA AB 3D 97 A3 96 77 60
5.840000000,0x316,00 17 52 50 34 57 E9 F4
5.840000000,0x427,F7 AE 55 2C 4C 82 AC 75
5.850000000,0x1A4,08 F8 50 97 E5 03 7B 88
5.850000000,0x316,4E BE A2 57 CD 8F D8 8B
5.850000000,0x427,4A 8D B2 5A 12 B9 05 AD
5.860000000,0x1A4,5C 1F 61 97 4A 99 1E DE
5.860000000,0x316,0F 83 8E B8 C6 5C 45 AE
5.860000000,0x427,BD E7 AF A4 1C 2C BC CD
5.870000000,0x1A4,21 FB 7C 97 62 3D AD 43
5.870000000,0x316,97 FA 2D 9C 34 3A F3 7B
5.870000000,0x427,75 39 38 31 58 10 14 F5
5.880000000,0x1A4,D0 E0 8B 17 8C F6 6C 47
5.880000000,0x316,4D C4 DE 8E F4 70 6A 4C
5.880000000,0x427,C9 E2 90 39 52 32 05 F1
5.890000000,0x1A4,B3 AB A0 97 23 69 75 FB
5.890000000,0x316,C4 77 30 4C 4C AD 6B C5
5.890000000,0x427,D8 2C FC 49 49 63 74 B4
5.900000000,0x1A4,52 28 B0 17 15 90 B3 B0
5.900000000,0x316,5B 1C 7A B4 58 4E 2F 7D
5.900000000,0x427,0D 95 29 51 A1 65 D4 7A
5.910000000,0x1A4,3A 2A CB 17 59 1D 7C 8F
5.910000000,0x316,CB FC 06 EF 27 6F 3A EF
5.910000000,0x427,6D AF 9F CB 3D FF BE B8
5.920000000,0x1A4,28 50 E1 17 87 90 AC 49
5.920000000,0x316,2D 24 33 1F 21 60 CF 92
5.920000000,0x427,9E 1D 37 AD B1 8E 0E 8B
5.930000000,0x1A4,4D A3 F3 17 A2 8E 50 E5
5.930000000,0x316,19 CD EB FA 23 14 00 65
5.930000000,0x427,77 2F 81 D1 FB BE 5A 58
5.940000000,0x1A4,09 3F 09 98 23 8B E7 C5
5.940000000,0x316,B9 4D FB CD 95 75 7F 25
5.940000000,0x427,FF 1A 5B 4A 85 DE C4 0A
5.950000000,0x1A4,41 24 1A 18 9C 70 8F F4
5.950000000,0x316,BB F6 D1 B6 E3 45 3B 14
5.950000000,0x427,78 47 AB 58 37 E5 8B EC
5.960000000,0x1A4,8C 8F 37 18 D8 C8 ED A7
5.960000000,0x316,ED 4F A6 41 62 93 51 BF
5.960000000,0x427,52 F0 A4 7A FA D6 C7 36
5.970000000,0x1A4,88 BA 42 18 9B A4 F4 D3
5.970000000,0x316,22 3E E0 89 26 F4 68 45
5.970000000,0x427,02 A8 DA EE B6 69 E0 8F
5.980000000,0x1A4,49 48 58 98 1B FC 88 45
5.980000000,0x316,11 52 24 23 F6 45 F6 1B
5.980000000,0x427,8E 02 9D 9D E7 07 AB BD
5.990000000,0x1A4,17 86 72 98 FE 96 41 3D
5.990000000,0x316,FE BA 11 3E 83 F6 FE 0C
5.990000000,0x427,1C 3D 7A AB AC 26 BA E7
6.000000000,0x1A4,D6 55 82 98 F9 9D C5 39
6.000000000,0x316,E4 55 50 A3 45 2D 9B 3B
6.000000000,0x427,A4 0E 70 0D C9 92 A6 19
6.010000000,0x1A4,4E 1E 9E 18 6B 1F 8E 54
6.010000000,0x316,19 C7 A4 B7 66 76 EF 78
6.010000000,0x427,93 4F BD 19 0C 99 62 AE
6.020000000,0x1A4,A8 EC A8 98 28 0A 31 23
6.020000000,0x316,21 92 53 01 A0 B3 EA F6
6.020000000,0x427,C3 E7 E3 8C 27 5B 58 FA
6.030000000,0x1A4,1A 7A C1 98 90 D3 6E 28
6.030000000,0x316,3A 16 2B 68 72 FB 23 A7
6.030000000,0x427,76 43 5E EF 83 1C 72 E1
6.040000000,0x1A4,3D CC D6 98 A0 73 C7 79
6.040000000,0x316,E1 10 3A 7A 24 B4 89 A6
6.040000000,0x427,E1 8B 0F 33 15 63 83 C1
6.050000000,0x1A4,18 12 EB 98 18 E4 88 49
6.050000000,0x316,F2 0B 38 52 DE FA 10 49
6.050000000,0x427,E7 90 59 A5 7D 47 25 0F
6.060000000,0x1A4,63 8E 06 99 4F 29 CB C4
6.060000000,0x316,C0 E5 E6 16 B1 0C FD A6
6.060000000,0x427,5F 67 FA 92 6D C8 72 3B
6.070000000,0x1A4,40 BD 17 99 4B 8F 1A BD
6.070000000,0x316,6E 3D 1E B9 09 6E AF D9
6.070000000,0x427,9E 90 C9 EF B3 60 8C 09
6.080000000,0x1A4,52 6C 29 99 1F 84 E5 EB
6.080000000,0x316,9F 0B D1 2C 8C 82 FA 6A
6.080000000,0x427,6A CE DA E1 27 46 6D D6
6.090000000,0x1A4,05 7D 38 19 5B 8D 15 EF
6.090000000,0x316,ED 2F 6D EB 6D 91 4D 09
6.090000000,0x427,BF A6 46 FF A1 69 11 D6
6.100000000,0x1A4,A9 6F 51 19 BC C9 B7 C9
6.100000000,0x316,AB 7A D1 7E 66 1E B2 2F
6.100000000,0x427,38 97 C5 EF 7A AC BE BF
6.110000000,0x1A4,FC 3D 66 99 3E 71 4E DF
6.110000000,0x316,04 F0 10 ED F5 81 1A 4A
6.110000000,0x427,96 3D 72 E0 3A 62 97 09
6.120000000,0x1A4,43 55 7F 19 95 6E 63 4C
6.120000000,0x316,ED F2 65 91 0C FC 4F 9A
6.120000000,0x427,DE 0E 78 1B 66 37 AF ED
6.130000000,0x1A4,C8 7C 95 99 FC 51 C5 55
6.130000000,0x316,46 08 D9 48 87 38 50 74
6.130000000,0x427,6A 9F 35 FD D7 0C 2D A4
6.140000000,0x1A4,94 BD A5 99 41 BD 39 86
6.140000000,0x316,55 0B 71 7E 70 8A A6 E3
6.140000000,0x427,43 80 45 F0 6C ED 5A 22
6.150000000,0x1A4,0E 0D BF 99 F8 14 14 81
6.150000000,0x316,9E 35 D0 77 AD A6 D8 45
6.150000000,0x427,7A 16 5C 31 2B 6D 0E CF
6.160000000,0x1A4,09 6B CE 19 9B B6 A7 54
6.160000000,0x316,4C 39 99 29 46 A1 2A BB
6.160000000,0x427,29 6B 7B 75 35 07 F6 A5
6.170000000,0x1A4,60 1C E4 19 DF 0C F6 B7
6.170000000,0x316,0B BE AA 2F 8C 05 9B 03
6.170000000,0x427,81 FD 92 BC D2 FB 4C 56
6.180000000,0x1A4,F8 BF F7 99 A1 B5 86 4B
6.180000000,0x316,30 1C 5A 91 95 8D A5 AC
6.180000000,0x427,4A 48 DD C1 B5 04 73 31
6.190000000,0x1A4,0D 3C 0D 1A 93 83 67 9C
6.190000000,0x316,C8 6A 2C DB 9A 88 83 A3
6.190000000,0x427,3B 98 A4 E5 8F 37 CE 67
6.200000000,0x1A4,F7 9A 1D 9A D0 F5 7D 6D
6.200000000,0x316,F4 6E E9 83 73 00 F3 53
6.200000000,0x427,5B 72 34 16 FF 01 9D 66
6.210000000,0x1A4,15 5A 34 9A 80 28 6B 18
6.210000000,0x316,19 D2 4D 2F 8A B8 4F FB
6.210000000,0x427,D3 23 FF 23 96 6E 3A 7A
6.220000000,0x1A4,10 8F 4F 1A B6 40 92 EF
6.220000000,0x316,85 03 80 3F 73 9E BF 01
6.220000000,0x427,EB D2 C2 42 73 EE 31 62
6.230000000,0x1A4,EC 1E 5B 1A 59 42 5D 72
6.230000000,0x316,29 32 F6 C0 6E BD 59 44
6.230000000,0x427,52 A0 3B F4 E7 52 62 54
6.240000000,0x1A4,80 52 74 1A D5 25 1C 95
6.240000000,0x316,4B D4 0E B9 13 17 A8 92
6.240000000,0x427,CE 73 ED 02 B9 25 F5 42
6.250000000,0x1A4,10 CB 87 9A 10 9B 0B 5C
6.250000000,0x316,47 48 59 B1 68 53 7E 3C
6.250000000,0x427,49 61 E7 0F F7 07 F4 AA
6.260000000,0x1A4,D2 FB 9B 1A 41 20 24 77
6.260000000,0x316,4B DC 8A 4E B6 33 E3 28
6.260000000,0x427,04 62 C9 67 59 85 A2 AF
6.270000000,0x1A4,65 2E AD 9A E4 AC 50 EC
6.270000000,0x316,2B 7A 26 E5 15 F4 46 E3
6.270000000,0x427,4F 50 1C B4 98 4D 14 C5
6.280000000,0x1A4,27 40 C4 1A DF DE B6 B0
6.280000000,0x316,46 F5 0E 1E D3 95 82 A3
6.280000000,0x427,5E 85 87 EA 05 7F CD F0
6.290000000,0x1A4,9F 95 DF 1A 66 5B 17 5E
6.290000000,0x316,E8 17 58 9D 6A 93 89 38
6.290000000,0x427,D3 CF 18 38 94 94 15 F5
6.300000000,0x1A4,50 90 E9 1A 07 21 6A 7A
6.300000000,0x316,52 2B 37 27 61 7B 79 74
6.300000000,0x427,DF 8C 6B BF 11 7C 24 FD
6.310000000,0x1A4,30 B5 01 9B AA E0 A5 5F
6.310000000,0x316,B7 DB 74 6A 37 63 B2 B3
6.310000000,0x427,E9 A1 9A 8C 9B 0E AD E9
6.320000000,0x1A4,58 30 10 1B 4A B9 E1 C1
6.320000000,0x316,52 C2 9A 89 2B 8B 4F CD
6.320000000,0x427,D0 17 02 AA 7A C0 5A D3
6.330000000,0x1A4,E2 D2 29 1B 6E 3B 09 C3
6.330000000,0x316,F2 E4 59 3F 41 E3 2A AE
6.330000000,0x427,65 9C 36 C1 FE 4B 87 98
6.340000000,0x1A4,77 C7 3D 9B 32 20 91 C9
6.340000000,0x316,D0 73 F5 14 A9 9A 87 86
6.340000000,0x427,4D 13 5E 72 84 5A 36 87
6.350000000,0x1A4,56 04 52 9B E0 EE 9D 5C
6.350000000,0x316,29 8A FE 13 89 8C D0 EA
6.350000000,0x427,8C 5C 6D 90 3A B7 B9 1C
6.360000000,0x1A4,1F 60 67 1B 5E 89 2A D4
6.360000000,0x316,B2 BD 32 8C A3 AD 23 E7
6.360000000,0x427,9F 99 67 81 F1 8B C0 33
6.370000000,0x1A4,B3 93 7C 9B 6E 8F 62 89
6.370000000,0x316,D9 B9 5C 26 61 1B 1F 2A
6.370000000,0x427,61 84 FF 53 4E 98 BF DA
6.380000000,0x1A4,69 1A 95 9B 73 76 1C 71
6.380000000,0x316,EB E7 C1 1D 32 D4 27 AE
6.380000000,0x427,1E 31 95 34 8D EF 87 B7
6.390000000,0x1A4,82 2A A1 9B 79 D4 23 7D
6.390000000,0x316,87 F3 47 17 DE 9C 1D E6
6.390000000,0x427,86 F5 A7 82 4B 27 0B 72
6.400000000,0x1A4,C7 71 BE 9B F2 25 3E 0E
6.400000000,0x316,B5 23 14 74 A3 1A C7 21
6.400000000,0x427,E3 35 64 83 CE 43 59 6A
6.410000000,0x1A4,AE BE C8 1B DD 7B 5C 90
6.410000000,0x316,62 D6 C7 0E 40 55 0D 8F
6.410000000,0x427,B5 6C 5E 76 2F 81 3A AC
6.420000000,0x1A4,36 01 E2 9B 4E 33 E4 4E
6.420000000,0x316,3F E2 28 B9 A5 BF 92 05
6.420000000,0x427,08 E5 5C 65 B4 1B 24 41
6.430000000,0x1A4,24 14 F3 9B 30 9F C5 00
6.430000000,0x316,F9 0A ED BE 52 61 C8 37
6.430000000,0x427,03 35 0C 94 2D 10 B2 12
6.440000000,0x1A4,CD 1C 08 1C 95 6E 77 6C
6.440000000,0x316,30 0B 33 58 73 6C 4C B3
6.440000000,0x427,D3 91 52 10 F0 B0 89 8A
6.450000000,0x1A4,62 E3 1E 9C BF E9 6C 0F
6.450000000,0x316,62 D1 40 EF 00 80 EB E4
6.450000000,0x427,11 3D AB 11 92 7D 73 FC
6.460000000,0x1A4,4F EA 33 9C 8A A8 D9 78
6.460000000,0x316,DC C6 1F 08 D1 C6 7E 49
6.460000000,0x427,EA 80 AB 68 8D 41 13 2E
6.470000000,0x1A4,62 5A 4B 9C 52 77 AB 22
6.470000000,0x316,74 48 0D C4 7A FB 3A A4
6.470000000,0x427,C8 0C 74 FA 7D B7 B2 BA
6.480000000,0x1A4,E3 71 58 9C 5B 74 BA F6
6.480000000,0x316,1C D7 9C 6B BF AB DC 5F
6.480000000,0x427,87 D9 2B FE 7A 70 2E E4
6.490000000,0x1A4,30 2F 72 1C 58 54 D3 72
6.490000000,0x316,5B 6F 9F DE A1 0D C8 EA
6.490000000,0x427,16 E7 21 E8 D4 99 A3 60
6.500000000,0x1A4,57 4E 82 1C 76 43 8B 14
6.500000000,0x316,82 6A C7 AE 7B 2A D2 F6
6.500000000,0x427,42 3C 6B A9 A0 C0 E2 DF
6.510000000,0x1A4,08 95 9F 9C A9 9E 0B 22
6.510000000,0x316,A9 02 4E A7 D8 BD 3B DC
6.510000000,0x427,99 72 07 59 54 BE 5E 1E
6.520000000,0x1A4,8D 72 A8 1C D8 34 2B FE
6.520000000,0x316,AB C5 89 89 88 7D 9F 64
6.520000000,0x427,97 39 62 87 80 D1 99 20
6.530000000,0x1A4,20 E9 C4 9C 42 AE 8D FA
6.530000000,0x316,D9 39 02 39 85 DE B6 D5
6.530000000,0x427,26 A0 E3 00 7F F9 94 C1
6.540000000,0x1A4,63 FB D1 1C 94 5D 7E FA
6.540000000,0x316,5E 84 61 4C 62 6C 87 76
6.540000000,0x427,85 7C 6A AC EB 8A 16 B8
6.550000000,0x1A4,11 C5 E8 9C 91 A7 93 6C
6.550000000,0x316,1E CD 2C 88 3B 43 18 61
6.550000000,0x427,FB BF C7 D2 A3 43 CB 3A
6.560000000,0x1A4,F3 F2 FC 1C C2 89 EB 75
6.560000000,0x316,B0 EC 9D 58 DC 08 B6 27
6.560000000,0x427,15 FB 90 46 3C 41 40 30
6.570000000,0x1A4,02 20 12 9D 9D A4 0D E0
6.570000000,0x316,5A 2B 9B B9 FE 25 F7 C3
6.570000000,0x427,F8 62 E3 1C C3 64 3F 08
6.580000000,0x1A4,48 F6 29 9D 3F B7 02 A9
6.580000000,0x316,19 5A 53 6B 62 9B 6B 9D
6.580000000,0x427,7E 14 1C C4 E9 49 AD EF
6.590000000,0x1A4,AA DF 3D 9D BB 36 98 E3
6.590000000,0x316,ED 5C 01 04 64 4E 9C 3D
6.590000000,0x427,EA C3 C1 34 12 FA 39 11
6.600000000,0x1A4,EB 5D 54 1D 5C B9 0C 98
6.600000000,0x316,62 74 98 08 2C F6 49 72
6.600000000,0x427,47 6E 08 99 B7 BD 09 AC
6.610000000,0x1A4,81 91 62 9D 37 50 49 DF
6.610000000,0x316,28 0D 76 0C B2 E5 A6 3E
6.610000000,0x427,AA 19 94 BD 32 19 53 0B
6.620000000,0x1A4,A0 DC 7A 1D F5 DD 5F 70
6.620000000,0x316,A6 A8 FD 3B E6 B2 2D 8A
6.620000000,0x427,67 F4 9E 37 F5 6B 1F C1
6.630000000,0x1A4,D1 6C 8D 9D 04 1B AC C6
6.630000000,0x316,D7 1D 73 0E D7 EC DF 23
6.630000000,0x427,73 51 FF 80 4B EE 54 FE
6.640000000,0x1A4,73 2B A5 1D 5F 02 F2 3B
6.640000000,0x316,37 5E D7 D0 F8 FE 98 EA
6.640000000,0x427,DC BA 44 BB 9B F7 7B 93
6.650000000,0x1A4,26 AC B3 1D AE 63 D5 93
6.650000000,0x316,E7 21 11 99 60 10 C5 C5
6.650000000,0x427,FC 0C 2B AC D1 83 81 D1
6.660000000,0x1A4,F3 1B CF 1D 29 BE A5 3C
6.660000000,0x316,1B 6F 40 4D 39 77 52 E0
6.660000000,0x427,22 B7 AC 24 53 8B 56 FC
6.670000000,0x1A4,67 AE DB 9D 9F B5 70 85
6.670000000,0x316,DD 41 96 38 E9 14 DF 69
6.670000000,0x427,64 A1 ED 4C D6 7C 70 46
6.680000000,0x1A4,70 EB F2 1D 0D 14 85 8E
6.680000000,0x316,3F 39 D2 F2 10 7F 77 97
6.680000000,0x427,FC ED 34 E1 59 DC 36 BC
6.690000000,0x1A4,61 27 05 9E 59 87 D5 2C
6.690000000,0x316,12 16 41 A0 78 91 C2 AD
6.690000000,0x427,77 04 5D 6D B5 3A 4C 8E
6.700000000,0x1A4,1A 01 19 1E 8A 98 00 0C
6.700000000,0x316,5B 03 E8 F8 EE 91 2B 58
6.700000000,0x427,9C CE 0B F1 89 5C B0 A4
6.710000000,0x1A4,8F 1A 35 9E 90 59 93 61
6.710000000,0x316,7C 7D 2A C9 03 36 43 86
6.710000000,0x427,D8 94 98 51 82 44 41 B2
6.720000000,0x1A4,54 40 44 1E 6E AC 83 68
6.720000000,0x316,18 20 33 26 0D 7E C5 4C
6.720000000,0x427,EB B1 5F 60 50 B1 12 2F
6.730000000,0x1A4,DB 69 59 9E B0 AA B5 89
6.730000000,0x316,8A 87 38 79 4E 17 B0 3D
6.730000000,0x427,4F 68 6E D9 2A 2E B0 39
6.740000000,0x1A4,C1 0F 6D 1E 9C D2 87 DB
6.740000000,0x316,DE C0 23 B5 62 3C F4 24
6.740000000,0x427,BE 58 47 CE 1F D1 88 76
6.750000000,0x1A4,51 7A 84 9E 3D 71 C0 0E
6.750000000,0x316,9D 86 F8 8F 4F 3B A5 69
6.750000000,0x427,F7 D5 C0 F7 6D 42 A0 6A
6.760000000,0x1A4,41 58 92 9E 26 8B AD 87
6.760000000,0x316,06 E7 53 22 5C 6E 6F 63
6.760000000,0x427,C9 F9 2B 3E 06 65 47 41
6.770000000,0x1A4,49 E0 AD 1E 84 1D 8C 54
6.770000000,0x316,DD 83 8E A5 B3 F5 3D 14
6.770000000,0x427,98 02 17 EC A3 3A 25 73
6.780000000,0x1A4,C0 BB BD 9E 4F EF FE 5E
6.780000000,0x316,63 B8 AB 17 12 69 1F 89
6.780000000,0x427,24 62 7E B9 67 F8 53 D4
6.790000000,0x1A4,56 67 D3 1E 2E 81 31 0D
6.790000000,0x316,02 E6 B9 44 9E 14 8E 60
6.790000000,0x427,44 C3 75 AC 09 47 DF 9A
6.800000000,0x1A4,74 19 E1 9E DF C9 1F 0A
6.800000000,0x316,22 97 A5 DF 7D FE A1 12
6.800000000,0x427,31 78 2B 30 31 95 FD CD
6.810000000,0x1A4,54 89 FE 9E 75 E2 6B 96
6.810000000,0x316,63 11 6C B9 7D 2E E4 AB
6.810000000,0x427,3E D3 10 8F 10 65 8E 37
6.820000000,0x1A4,28 94 09 1F 43 C1 79 35
6.820000000,0x316,95 D6 95 DE A5 4D 33 E8
6.820000000,0x427,25 26 3D 55 EB BA 9D 4D
6.830000000,0x1A4,3A 3F 27 9F 63 D7 B3 E8
6.830000000,0x316,FF E8 EC 03 BF 08 39 36
6.830000000,0x427,D0 B3 E9 EF 8E 64 A5 30
6.840000000,0x1A4,EC B6 3A 9F B0 51 D1 BD
6.840000000,0x316,20 6F 08 1E 15 7A 33 BF
6.840000000,0x427,66 F3 E3 FF C4 D1 1B C1
6.850000000,0x1A4,F5 8E 4A 1F 2C D3 18 EA
6.850000000,0x316,3E 96 1A 3E 62 90 14 B2
6.850000000,0x427,15 0F BA 9A 93 2D 2A B4
6.860000000,0x1A4,34 F9 62 1F A1 AD 89 65
6.860000000,0x316,41 BA 45 EA 2C CB 44 3D
6.860000000,0x427,9E 11 55 8D 75 5C 55 52
6.870000000,0x1A4,FE 13 70 9F 53 91 76 48
6.870000000,0x316,48 0C 73 61 B5 30 5C 77
6.870000000,0x427,76 4B 9D 88 1C 9A 12 A6
6.880000000,0x1A4,3C 6F 88 1F 4D C3 F4 4E
6.880000000,0x316,F5 B3 F5 42 6D AB 11 5C
6.880000000,0x427,DA F1 47 83 C0 F6 FF E1
6.890000000,0x1A4,8C 90 9D 1F FA 0A 4C 77
6.890000000,0x316,8D 63 3E 19 CA 63 85 CD
6.890000000,0x427,AE AF 37 FB 8E 18 F0 B8
6.900000000,0x1A4,31 86 B0 1F A8 1D FA C2
6.900000000,0x316,7A 9F F8 D6 FA CE FA 51
6.900000000,0x427,5B 90 11 EA C3 29 00 34
6.910000000,0x1A4,95 84 C6 1F 51 A8 1B 50
6.910000000,0x316,F1 53 F7 69 E7 01 B4 0B
6.910000000,0x427,D4 9E 01 90 18 AA 34 DD
6.920000000,0x1A4,49 6B DD 1F 4B B7 C2 BD
6.920000000,0x316,E2 30 5B 25 C9 FC 26 04
6.920000000,0x427,97 17 C2 42 9B D3 A5 8D
6.930000000,0x1A4,19 51 EC 9F 58 1D 83 95
6.930000000,0x316,E6 B5 42 94 CD B3 52 B8
6.930000000,0x427,82 65 E6 6A CB B8 91 4B
6.940000000,0x1A4,25 6F 04 20 FB 9F 39 32
6.940000000,0x316,2D 0D 72 54 23 80 E2 3A
6.940000000,0x427,E9 2D 3D 61 BF B9 DD 91
6.950000000,0x1A4,41 42 17 A0 83 29 E8 3E
6.950000000,0x316,C3 38 D2 7F B8 E8 F6 8C
6.950000000,0x427,20 63 94 A7 7A E4 86 F1
6.960000000,0x1A4,94 1B 2A A0 E7 9C 6A 56
6.960000000,0x316,89 2A E0 41 0A 9A 6B C3
6.960000000,0x427,66 D9 53 D2 A0 45 16 7D
6.970000000,0x1A4,FD 15 3D A0 FB 17 3B B9
6.970000000,0x316,63 16 46 A4 C4 09 56 BD
6.970000000,0x427,0F AC 97 7D A8 E3 F8 75
6.980000000,0x1A4,36 5C 51 20 02 F6 96 BB
6.980000000,0x316,F2 83 83 CB B2 37 28 5A
6.980000000,0x427,7A FF 54 2B 6B 52 D4 23
6.990000000,0x1A4,AA 77 66 A0 C1 75 EA 8B
6.990000000,0x316,6D 4C 02 7D 21 C1 1D 2F
6.990000000,0x427,02 EB B9 EA D4 64 AD E3
7.000000000,0x1A4,01 7B 79 A0 FA D7 85 FD
7.000000000,0x316,EC 9F 4D A4 37 7A 0D F5
7.000000000,0x427,5C 10 09 0F AD 38 21 86
7.010000000,0x1A4,7F AC 88 20 55 31 CD D6
7.010000000,0x316,E7 28 C1 D8 57 51 07 13
7.010000000,0x427,04 D9 F7 F1 09 2E 68 D1
7.020000000,0x1A4,9B 2C A0 A0 74 70 6B 0C
7.020000000,0x316,F1 B5 AB C3 D1 5E A2 01
7.020000000,0x427,6E 89 92 69 0E A5 32 23
7.030000000,0x1A4,A9 02 B9 A0 C3 A9 75 A1
7.030000000,0x316,00 38 3F 3B CE 58 66 11
7.030000000,0x427,9B 10 09 B5 00 E1 A9 26
7.040000000,0x1A4,51 18 CF 20 2C 03 FE 37
7.040000000,0x316,61 B6 77 81 93 0C BD 74
7.040000000,0x427,BD 14 8A 5F A7 A8 79 0F
7.050000000,0x1A4,24 73 E2 A0 50 2E 42 A3
7.050000000,0x316,15 70 B0 AA 64 50 14 EF
7.050000000,0x427,75 36 D4 9D 4B 14 AA E9
7.060000000,0x1A4,7B 44 F3 20 C0 DB C6 A8
7.060000000,0x316,79 06 E4 7C 44 FF 06 04
7.060000000,0x427,E9 58 B1 01 C6 13 3F 88
7.070000000,0x1A4,27 83 08 A1 00 7B 4D 69
7.070000000,0x316,5E AA 08 03 22 2A 48 04
7.070000000,0x427,21 EA 87 87 56 9F E1 B8
7.080000000,0x1A4,B7 68 1D 21 DF 21 26 89
7.080000000,0x316,28 16 3C FA 96 6B 64 49
7.080000000,0x427,0E 75 63 04 C1 3A 91 80
7.090000000,0x1A4,43 12 33 A1 68 E4 A6 B2
7.090000000,0x316,7D 6C 8D AC A8 0B 3A 6E
7.090000000,0x427,99 01 61 CE A0 F5 90 F0
7.100000000,0x1A4,40 E8 46 A1 91 6E E4 2D
7.100000000,0x316,AB 6D 65 1B C4 3F 05 EB
7.100000000,0x427,EF 06 A8 18 2A 1F 3E 86
7.110000000,0x1A4,55 25 5E 21 35 22 B0 3D
7.110000000,0x316,92 75 22 31 08 F5 A9 9E
7.110000000,0x427,D6 D1 C5 86 80 7A 9E 40
7.120000000,0x1A4,EB E3 69 A1 E5 A6 BC 5A
7.120000000,0x316,DD 64 6F 44 88 F2 80 CB
7.120000000,0x427,05 01 9B 65 FF 9A 3A 14
7.130000000,0x1A4,EB 4E 80 21 54 8A 94 F5
7.130000000,0x316,8C 69 F1 67 50 E0 80 75
7.130000000,0x427,BF FB A3 90 5B DF 42 3E
7.140000000,0x1A4,73 E9 97 A1 42 14 7E B2
7.140000000,0x316,FF C7 D1 39 55 23 CB 4C
7.140000000,0x427,1A 5A 1D AF 43 E0 FB D3
7.150000000,0x1A4,9B D1 AD A1 7F 4F A3 14
7.150000000,0x316,5A 39 5B A7 AF 64 DE FD
7.150000000,0x427,21 40 B4 DB 8A 7B 5F A6
7.160000000,0x1A4,EB 37 BC A1 D4 79 1C 08
7.160000000,0x316,21 A6 EF 17 8B 51 C0 67
7.160000000,0x427,70 72 17 61 5C 2F 8E 60
7.170000000,0x1A4,72 D7 D5 A1 62 78 DB 79
7.170000000,0x316,6A 8C 5D 0E 03 EC 01 A3
7.170000000,0x427,83 53 6B 02 F1 A8 ED B3
7.180000000,0x1A4,41 CB E7 21 EC EA 2A 15
7.180000000,0x316,24 B8 F6 7F 8B 88 67 D8
7.180000000,0x427,F6 B3 14 6F 18 A4 18 A5
7.190000000,0x1A4,C2 E2 FC A1 BE 26 CE 54
7.190000000,0x316,D6 FA DB 90 69 3F 32 FA
7.190000000,0x427,6F 49 A3 DB CB 8F 4D F9
7.200000000,0x1A4,17 A2 09 22 61 09 11 E5
7.200000000,0x316,A2 70 35 87 42 8F 4D EB
7.200000000,0x427,11 AC E4 0A 33 FA D1 3A
7.210000000,0x1A4,90 6D 27 22 1A D3 B9 E6
7.210000000,0x316,8B E8 3C DE 76 C4 39 B1
7.210000000,0x427,43 C2 36 E3 00 C4 18 91
7.220000000,0x1A4,0A 63 32 22 48 7C 66 45
7.220000000,0x316,34 7C EB 0B AC B3 95 EC
7.220000000,0x427,74 79 08 13 CC B8 36 AF
7.230000000,0x1A4,53 20 4B A2 88 86 C6 47
7.230000000,0x316,D4 49 39 E6 53 0F 04 8B
7.230000000,0x427,B7 2E 42 90 F8 D8 79 A8
7.240000000,0x1A4,5F 40 5C 22 2D 2D EA 2D
7.240000000,0x316,C3 A1 C3 ED 84 9F B5 D9
7.240000000,0x427,A5 11 82 50 3C 2B 02 04
7.250000000,0x1A4,42 D8 72 A2 7A 50 08 35
7.250000000,0x316,9F FF 47 96 FD BC E9 24
7.250000000,0x427,B0 BF 93 C0 D6 C9 18 D2
7.260000000,0x1A4,0D 41 84 A2 B3 A8 26 D2
7.260000000,0x316,53 BA F6 65 94 BF CA ED
7.260000000,0x427,EC 2C B2 13 07 69 9D 4C
7.270000000,0x1A4,E2 56 9E 22 96 90 5F 90
7.270000000,0x316,F4 95 8F 3D C0 FB 12 91
7.270000000,0x427,AE A8 AB D5 00 0F 75 D9
7.280000000,0x1A4,71 C4 AF 22 DD 29 52 AD
7.280000000,0x316,78 B6 82 E5 BD 4C 62 8A
7.280000000,0x427,33 3F EC 54 D7 BE 43 62
7.290000000,0x1A4,CC 9B C7 A2 93 F0 5F BD
7.290000000,0x316,4C CD D3 23 1B 15 5E CA
7.290000000,0x427,33 E4 0C FD DC A7 76 B0
7.300000000,0x1A4,A7 C8 D2 A2 4D D6 13 14
7.300000000,0x316,C2 F5 33 80 A0 3D D6 BE
7.300000000,0x427,F8 40 6D F9 87 3F 8A 58
7.310000000,0x1A4,AF 0C EF 22 87 EF 01 19
7.310000000,0x316,0B 04 E5 6F 0D CA 6D 3B
7.310000000,0x427,E4 61 B3 D6 90 EE 75 13
7.320000000,0x1A4,09 16 F9 22 A8 56 EC 9A
7.320000000,0x316,F5 8D DD C4 99 45 26 9D
7.320000000,0x427,86 99 71 F4 35 CF 79 98
7.330000000,0x1A4,A2 54 16 23 EA 2C 0B F8
7.330000000,0x316,E9 B1 07 C6 8C 6B 8D 53
7.330000000,0x427,1F 8C 95 07 BB E1 55 A2
7.340000000,0x1A4,8D C2 20 23 5B 9C 96 C8
7.340000000,0x316,A9 1B 1A FE E5 41 57 73
7.340000000,0x427,2F 30 98 7D 0C 47 67 3A
7.350000000,0x1A4,58 71 3E 23 4A E1 93 8D
7.350000000,0x316,CE BC EE F0 CB FB 1B 60
7.350000000,0x427,44 96 8D 6E E5 83 8C 2F
7.360000000,0x1A4,7E 7B 48 A3 76 E9 FB 95
7.360000000,0x316,4C CB 21 A9 1D 72 4C 61
7.360000000,0x427,B4 0C F0 15 54 C3 AC C5
7.370000000,0x1A4,7A 9C 65 A3 58 FD 9D 4B
7.370000000,0x316,19 58 4D CC 34 55 17 3F
7.370000000,0x427,FA 47 8E B6 85 55 D1 12
7.380000000,0x1A4,70 71 70 23 A6 D0 99 44
7.380000000,0x316,67 06 7B 27 EB AD 47 61
7.380000000,0x427,4D 79 30 B6 99 08 AD C8
7.390000000,0x1A4,1D 54 8F A3 AA B0 7E 27
7.390000000,0x316,9E 0C 5A BD 1D 44 BE 63
7.390000000,0x427,1D D3 11 51 BC D9 56 5C
7.400000000,0x1A4,DC EB 9E 23 1F E2 6D 17
7.400000000,0x316,50 79 54 01 79 D7 65 F1
7.400000000,0x427,B8 9D EA 4E B9 35 DA 71
7.410000000,0x1A4,8D 8D B3 23 98 9A E7 C2
7.410000000,0x316,EE 69 0F 45 9C D6 2B 1A
7.410000000,0x427,A9 FA EB 21 89 1C 59 16
7.420000000,0x1A4,7E E8 C0 23 6D AC 54 6E
7.420000000,0x316,51 6B E7 72 27 92 96 8E
7.420000000,0x427,CF 70 03 8E C4 52 2F 83
7.430000000,0x1A4,45 95 DD 23 C7 67 71 1A
7.430000000,0x316,AA 19 B9 06 A2 42 F1 16
7.430000000,0x427,6A 20 9A 5A 6C 59 E1 8D
7.440000000,0x1A4,32 0F EB 23 2C 0C D0 98
7.440000000,0x316,EA 65 19 99 E5 F9 D0 C8
7.440000000,0x427,A6 DD 0D 53 67 A2 1C DD
7.450000000,0x1A4,D8 F3 06 24 36 C1 28 03
7.450000000,0x316,1C 82 B6 4A E3 74 EF 69
7.450000000,0x427,EF D4 46 63 7F A0 77 C7
7.460000000,0x1A4,0F DE 16 24 BE 5D 8F B9
7.460000000,0x316,0A DA B0 E6 7F C9 3D 8F
7.460000000,0x427,FC AE BB E7 F3 90 23 FE
7.470000000,0x1A4,D2 8C 29 A4 BF 5F 24 3E
7.470000000,0x316,A5 FF 6B 92 58 1B 67 85
7.470000000,0x427,5E C9 69 2B 70 DE 70 AF
7.480000000,0x1A4,71 A7 3F 24 7C 77 64 2B
7.480000000,0x316,B7 05 8B 23 9A DF D7 44
7.480000000,0x427,49 F0 16 4D C1 4E B6 44
7.490000000,0x1A4,E4 5E 55 24 1C FC 5B 25
7.490000000,0x316,B3 46 32 10 A9 1A CE 2A
7.490000000,0x427,B1 F1 46 6F E8 6F A5 46
7.500000000,0x1A4,E7 5C 65 24 44 90 BC 4C
7.500000000,0x316,52 95 F6 7B 14 D7 5C C8
7.500000000,0x427,59 1E B1 13 BD AE 72 5C
7.510000000,0x1A4,D6 64 7F 24 65 8D B8 F1
7.510000000,0x316,C2 86 20 3F DE DD 8C B8
7.510000000,0x427,2A 35 02 A0 8D E8 EC 7E
7.520000000,0x1A4,2E B2 8B A4 88 01 DE 9D
7.520000000,0x316,C0 72 0F 32 9F 6B 36 75
7.520000000,0x427,9D 8A 62 1B 1F 71 AF 22
7.530000000,0x1A4,17 11 A6 24 9C 81 BB 01
7.530000000,0x316,28 18 E6 F2 D9 11 4C 65
7.530000000,0x427,E9 2F 0C 55 8D F9 73 D7
7.540000000,0x1A4,48 EA B4 A4 D3 77 40 61
7.540000000,0x316,60 F4 D7 CD 5E 07 B9 DC
7.540000000,0x427,8D D8 5C 54 04 73 B2 70
7.550000000,0x1A4,E4 45 C9 24 4F DD 3C 6E
7.550000000,0x316,18 00 C3 D0 88 34 D3 D2
7.550000000,0x427,29 BF 08 DC E5 59 AA A6
7.560000000,0x1A4,9F D5 DE A4 77 22 2A 98
7.560000000,0x316,B3 0D D9 22 A7 53 E9 4C
7.560000000,0x427,88 1C 17 52 B9 0D 6C 9A
7.570000000,0x1A4,1D DF F0 A4 13 AD FE B1
7.570000000,0x316,CB 00 6B 33 E9 61 A0 7A
7.570000000,0x427,C7 50 6E 50 D1 A2 79 2D
7.580000000,0x1A4,DB 5C 06 A5 79 07 F3 65
7.580000000,0x316,4F 60 FE F7 82 01 B3 51
7.580000000,0x427,9E 58 9C 4A F2 B9 20 BC
7.590000000,0x1A4,9D C0 18 A5 4F E5 05 A2
7.590000000,0x316,AA A7 B2 7D 44 52 BF F7
7.590000000,0x427,1C D3 6C 93 FD 78 2F C8
7.600000000,0x1A4,CE 84 2F 25 D7 47 6D 53
7.600000000,0x316,09 29 45 60 17 C0 C1 47
7.600000000,0x427,D6 C8 05 D1 93 8C 2E C9
7.610000000,0x1A4,93 65 47 25 98 A8 71 5D
7.610000000,0x316,9A C0 27 1D E1 F3 9B EE
7.610000000,0x427,DF 81 58 90 87 18 26 33
7.620000000,0x1A4,CF 30 54 A5 0F C1 4C FF
7.620000000,0x316,1E 59 AE 8B B3 B5 0F 2E
7.620000000,0x427,1C B8 84 AE 71 9B 82 C4
7.630000000,0x1A4,62 4C 6B A5 49 F9 E3 06
7.630000000,0x316,31 1C F8 F3 BA A7 2A BA
7.630000000,0x427,BC DF 2C 76 CF CD 66 F1
7.640000000,0x1A4,00 8B 7F A5 66 84 AB 35
7.640000000,0x316,7F 95 3E 70 4F 1E 35 CC
7.640000000,0x427,9F AE 94 4A 7C E2 CE D4
7.650000000,0x1A4,2D A7 95 A5 E9 61 B4 11
7.650000000,0x316,20 BA A7 D1 21 A1 08 D9
7.650000000,0x427,8B 2A B0 CB 32 1C 88 CB
7.660000000,0x1A4,D7 80 A5 25 66 43 48 AC
7.660000000,0x316,EE 55 D2 7F 20 3E A1 23
7.660000000,0x427,96 4F 22 A2 BD 70 86 4D
7.670000000,0x1A4,67 19 BD 25 3F BF AF 40
7.670000000,0x316,F2 22 9E A8 42 EE 75 27
7.670000000,0x427,68 BB 19 B7 13 1D 52 6C
7.680000000,0x1A4,58 EF C8 A5 6F 78 82 60
7.680000000,0x316,01 61 EF 12 58 09 F6 72
7.680000000,0x427,20 8E 9E FD 6A 31 12 99
7.690000000,0x1A4,01 20 E7 25 A0 F1 0D 95
7.690000000,0x316,B8 29 9B 66 49 4D CC 88
7.690000000,0x427,B9 5D B1 81 AD 37 6A EC
7.700000000,0x1A4,74 D2 F6 A5 C6 50 A0 DE
7.700000000,0x316,0B D5 13 B1 1B C1 15 6B
7.700000000,0x427,0A 55 2C 8B 01 71 69 09
7.710000000,0x1A4,9B AF 0C A6 6E E6 EA F7
7.710000000,0x316,EB 1F 0A 5C F2 4D 9E B3
7.710000000,0x427,44 96 3F E5 C4 B1 F2 CF
7.720000000,0x1A4,BD AB 1A A6 62 95 04 98
7.720000000,0x316,C1 C9 5F A3 54 33 16 EA
7.720000000,0x427,4F 60 C1 15 79 A2 FF 1B
7.730000000,0x1A4,2E 2C 32 A6 97 10 8C 3F
7.730000000,0x316,DF 94 58 A8 FD 60 29 AA
7.730000000,0x427,AD DB E1 5A C3 28 95 2A
7.740000000,0x1A4,25 C8 41 A6 8B 75 D8 9C
7.740000000,0x316,20 07 57 0B 65 34 2F 90
7.740000000,0x427,5E BF CD FB D0 C3 20 A5
7.750000000,0x1A4,57 CC 5E A6 3C FD 90 A5
7.750000000,0x316,22 59 4D 66 2F EF 80 F7
7.750000000,0x427,93 D1 AF C0 79 85 E3 54
7.760000000,0x1A4,E9 36 69 A6 86 CC D5 CB
7.760000000,0x316,A8 55 32 6E B1 2E 1F 1B
7.760000000,0x427,54 42 B3 02 83 47 3E 19
7.770000000,0x1A4,9D AD 84 26 1F 10 D5 38
7.770000000,0x316,84 AD BB 82 9F C2 31 BF
7.770000000,0x427,39 EE CF 84 0D A8 D8 8E
7.780000000,0x1A4,D4 D8 94 A6 4C C6 0A B0
7.780000000,0x316,9F A0 42 93 39 89 95 38
7.780000000,0x427,1F 8B 1E 72 D0 4C C6 5F
7.790000000,0x1A4,66 5E A1 26 7E 4F 8B 76
7.790000000,0x316,6B 38 B8 C5 24 59 F7 AD
7.790000000,0x427,DF D4 AD 96 CC 7F C0 B0
7.800000000,0x1A4,90 86 BE A6 4D 38 97 26
7.800000000,0x316,5B C8 4F 58 3D 72 69 FF
7.800000000,0x427,F6 BC 49 06 D1 E2 96 7B
7.810000000,0x1A4,31 BF CB 26 33 72 A1 4B
7.810000000,0x316,96 5D 7D 6A E1 00 A9 EB
7.810000000,0x427,2D CC 33 F6 83 94 FA 15
7.820000000,0x1A4,44 B8 E6 26 55 3D D1 D4
7.820000000,0x316,0F 27 D0 F0 6B 28 EB BA
7.820000000,0x427,01 D3 44 24 07 11 2C 59
7.830000000,0x1A4,BB 0B F0 26 D3 37 D3 57
7.830000000,0x316,EB AD 90 74 2A EB C5 C8
7.830000000,0x427,C0 41 F5 34 05 C8 67 85
7.840000000,0x1A4,D0 09 09 27 49 35 2A 59
7.840000000,0x316,AA C9 E5 79 B9 D2 FD 18
7.840000000,0x427,9F A4 2B 70 48 98 D4 B8
7.850000000,0x1A4,DF 13 1F A7 57 94 D3 73
7.850000000,0x316,2A 0D A4 51 7C 56 32 11
7.850000000,0x427,6B 1B DE 4C 33 59 70 0B
7.860000000,0x1A4,78 58 30 A7 B0 9C F5 B5
7.860000000,0x316,66 3A 76 1D 4B 23 C8 05
7.860000000,0x427,72 DC 63 D9 DD F4 D3 57
7.870000000,0x1A4,55 5B 41 A7 42 31 FF 1B
7.870000000,0x316,DD 00 59 AD C1 15 D0 CC
7.870000000,0x427,1F 1C 13 2A A8 65 0F EE
7.880000000,0x1A4,B8 E6 58 A7 1A B8 90 BD
7.880000000,0x316,33 14 71 3E 35 2D 18 84
7.880000000,0x427,83 F7 A8 2C 3F FE 49 8D
7.890000000,0x1A4,61 A7 6E 27 F8 BC BB 54
7.890000000,0x316,D3 42 52 8F 37 8B 26 6D
7.890000000,0x427,6D CE 5D F5 64 2E 49 76
7.900000000,0x1A4,88 E2 82 27 25 B9 39 CC
7.900000000,0x316,40 30 B1 67 E4 F8 37 A1
7.900000000,0x427,43 3B 38 2F AB 0D B7 2F
7.910000000,0x1A4,61 6C 96 A7 C3 54 45 A8
7.910000000,0x316,13 5D A0 6E 13 E3 44 65
7.910000000,0x427,0A 25 79 07 E0 7B C5 BC
7.920000000,0x1A4,B6 1C AE A7 7C AB 12 E2
7.920000000,0x316,A4 DA 83 32 1A 59 17 73
7.920000000,0x427,51 A0 9A 97 D3 2C F7 6D
7.930000000,0x1A4,F6 BD BA 27 48 A3 23 01
7.930000000,0x316,B3 8D 69 B4 AC E0 FC 36
7.930000000,0x427,BD 4A AE 34 48 9B 41 47
7.940000000,0x1A4,50 67 D0 A7 24 99 29 B4
7.940000000,0x316,54 EA 08 CF 1A 2F C7 CB
7.940000000,0x427,82 2D 04 10 91 12 CD 93
7.950000000,0x1A4,04 6C E4 27 B5 2F AC CC
7.950000000,0x316,8A 09 3A DF EA 8E 71 89
7.950000000,0x427,92 99 DC 2F B9 9C A4 5D
7.960000000,0x1A4,4D BF F3 27 BF 75 73 32
7.960000000,0x316,46 06 22 75 21 27 2C 1D
7.960000000,0x427,80 97 29 43 A7 16 B3 AB
7.970000000,0x1A4,AE BF 0D A8 6E D2 4E 7D
7.970000000,0x316,C1 54 18 87 02 4C 46 F7
7.970000000,0x427,C6 9E 9C A3 78 40 3B 50
7.980000000,0x1A4,8B 14 1B A8 D6 DC 7D 63
7.980000000,0x316,75 B5 7E 9C 92 C3 7D 64
7.980000000,0x427,E4 F0 45 96 3A 50 3E 1D
7.990000000,0x1A4,DC 96 31 28 0E AF 1B 5A
7.990000000,0x316,D9 DA 73 D8 EF 59 36 75
7.990000000,0x427,01 7B 0B 9E 4B C3 2A 2C
8.000000000,0x1A4,7F 26 41 A8 D1 51 70 AC
8.000000000,0x316,3F A7 BB B4 B0 FF F4 CC
8.000000000,0x427,23 58 25 4C 0E C8 2E EB
8.010000000,0x1A4,71 DB 5E A8 33 46 15 97
8.010000000,0x316,1D 4E B2 15 01 68 0F AC
8.010000000,0x427,A6 66 4A 22 EE F0 2C 50
8.020000000,0x1A4,7D 2E 6C 28 3D 1A 13 3D
8.020000000,0x316,55 62 2D 4E 18 5D F0 1D
8.020000000,0x427,7E 01 DC 2E 87 FC 90 5F
8.030000000,0x1A4,B8 0E 85 A8 DA 12 30 24
8.030000000,0x316,21 6B C5 82 24 54 72 63
8.030000000,0x427,CB B7 11 6B CA 5C AF 98
8.040000000,0x1A4,62 45 93 28 25 7D 26 93
8.040000000,0x316,FC D0 3A 62 0B 45 4C 6C
8.040000000,0x427,ED 8D 8D 2F 55 6B 96 7C
8.050000000,0x1A4,4B 3C A8 A8 1A B0 91 89
8.050000000,0x316,FC D1 84 B1 81 22 4E EB
8.050000000,0x427,EC C3 2F A5 EE 05 42 EE
8.060000000,0x1A4,CF 6A B9 A8 A8 1D 59 2C
8.060000000,0x316,33 C0 0E 8E EF B2 B7 2A
8.060000000,0x427,19 2E 59 7D 7D 13 F1 49
8.070000000,0x1A4,56 79 D2 28 40 B1 E5 2F
8.070000000,0x316,D3 50 88 50 D3 57 8C D7
8.070000000,0x427,BF CC 74 73 1C A7 91 9E
8.080000000,0x1A4,A9 77 E1 28 7C DD 92 DD
8.080000000,0x316,B3 FD E9 5B 0D EA AB F3
8.080000000,0x427,73 0F 74 02 9D 54 0F 7C
8.090000000,0x1A4,68 F0 F3 28 C0 F0 F3 31
8.090000000,0x316,E0 FD B1 D0 50 2A 4A 62
8.090000000,0x427,C7 80 BD F6 D3 D7 C3 8F
8.100000000,0x1A4,CB 62 0C A9 7D 94 2F A7
8.100000000,0x316,1E 58 B6 7E 5B 07 BD 68
8.100000000,0x427,F0 47 48 AF 5D BF E1 7D
8.110000000,0x1A4,84 C1 1E 29 F5 E3 CB B5
8.110000000,0x316,2F 26 03 D7 9D 44 A0 71
8.110000000,0x427,5E 69 1B 7D E8 1F D1 2A
8.120000000,0x1A4,F5 E6 31 29 00 E9 BD 90
8.120000000,0x316,B0 7C E6 07 80 D9 BE CB
8.120000000,0x427,56 9B D4 C2 3C 9F 74 38
8.130000000,0x1A4,80 67 46 29 89 B4 5E 08
8.130000000,0x316,CB C2 5C 46 9B 56 8F 39
8.130000000,0x427,EB B7 A0 89 22 4C E6 49
8.140000000,0x1A4,44 BE 5F 29 EA 96 DE C7
8.140000000,0x316,B9 03 13 75 E9 77 CE 90
8.140000000,0x427,12 AD 15 BE 8A AE C5 C5
8.150000000,0x1A4,C2 4D 6B A9 F4 DA CC 7E
8.150000000,0x316,E5 DA BA 8C 48 2E C4 82
8.150000000,0x427,5F 65 FB 1C 77 63 9D 92
8.160000000,0x1A4,A4 A5 84 29 09 5E 94 44
8.160000000,0x316,B3 CE 6D C6 AB 01 09 8B
8.160000000,0x427,60 A9 C2 D2 41 34 AB FD
8.170000000,0x1A4,37 A7 92 29 C4 5A C3 8A
8.170000000,0x316,2D A1 96 D2 59 BE BC C1
8.170000000,0x427,B9 FC A6 0A 6B A1 8F C2
8.180000000,0x1A4,C5 16 AF A9 72 66 FD 70
8.180000000,0x316,E3 CE DD 8B 36 5D F2 37
8.180000000,0x427,3B F1 61 FD 11 F0 D6 6C
8.190000000,0x1A4,BD F6 BF 29 55 C1 69 BC
8.190000000,0x316,B1 83 7F D4 5B 07 57 A7
8.190000000,0x427,A5 2D 58 C0 8C 3B 5E 3F
8.200000000,0x1A4,0C A7 CE 29 AA 89 F3 DF
8.200000000,0x316,91 F4 D2 FF 5A 40 40 08
8.200000000,0x427,B2 A8 21 73 CA DB 47 43
8.210000000,0x1A4,2B 57 E4 29 5F 1D B9 DC
8.210000000,0x316,FF 1F 15 D1 A0 84 44 16
8.210000000,0x427,89 E2 66 70 03 AD 83 DD
8.220000000,0x1A4,CD 02 F4 A9 B5 02 0D 1E
8.220000000,0x316,A5 CB 8F C6 B9 F3 D7 CF
8.220000000,0x427,31 7F A8 3C 57 93 BA 35
8.230000000,0x1A4,8E 36 0A AA 4F 34 D4 BC
8.230000000,0x316,22 2E 82 96 0C 0F 6B B0
8.230000000,0x427,53 F1 C2 59 FF AF 6D DC
8.240000000,0x1A4,AA F8 1B AA 0B 1E 3A 9C
8.240000000,0x316,87 41 FD A1 50 5B 9C 6D
8.240000000,0x427,7C C5 7D 2A C0 15 BC 9D
8.250000000,0x1A4,0E E7 34 2A 7A E2 EB C8
8.250000000,0x316,99 06 E5 34 4C 7E 43 D0
8.250000000,0x427,B6 32 FA 34 37 59 31 CE
8.260000000,0x1A4,33 13 42 2A 7D 64 F0 91
8.260000000,0x316,0D 0B CF 59 E2 8D 43 88
8.260000000,0x427,19 30 F5 47 52 AA CB 98
8.270000000,0x1A4,51 BC 5C AA 6C C7 1A 2B
8.270000000,0x316,81 F6 DA 52 0E C1 9F FA
8.270000000,0x427,0A DE 3C B4 8F 1B EA 4A
8.280000000,0x1A4,44 BE 69 2A 92 CC 9E 92
8.280000000,0x316,48 98 70 44 FB 4F D0 F3
8.280000000,0x427,F8 FD A6 DB 5C B3 B0 83
8.290000000,0x1A4,15 F6 78 AA A0 93 70 E6
8.290000000,0x316,51 8F E6 AD 35 B2 AF D0
8.290000000,0x427,28 AD 60 18 57 F4 B5 22
8.300000000,0x1A4,B2 39 90 AA 5B 2B 06 C0
8.300000000,0x316,64 0C 23 C9 A9 5E 5E 69
8.300000000,0x427,3A 6D 34 EB 15 5C 2D 0F
8.310000000,0x1A4,CD 93 A3 AA D4 AC FE 46
8.310000000,0x316,AC D4 F6 DD 8E D1 E8 A7
8.310000000,0x427,21 BE 7B 20 59 B0 90 B3
8.320000000,0x1A4,0E 57 BF AA 2D 07 F8 21
8.320000000,0x316,0A D9 EA 3F DB 35 70 25
8.320000000,0x427,06 F9 1D B6 11 EE 74 52
8.330000000,0x1A4,30 62 CF AA 4F BF 5F 3F
8.330000000,0x316,CB EE EF C2 68 43 F3 D7
8.330000000,0x427,37 B5 1D AD 45 09 88 64
8.340000000,0x1A4,DD 2A E5 2A 39 5C 65 24
8.340000000,0x316,D4 28 D2 93 A2 18 E5 A1
8.340000000,0x427,A2 A5 CA 44 55 57 B8 A0
8.350000000,0x1A4,D5 A7 F2 2A 35 4B 0B 60
8.350000000,0x316,D5 BA B5 73 D0 08 55 13
8.350000000,0x427,D4 6D 35 A2 C7 D0 6A CB
8.360000000,0x1A4,93 E0 0F AB F7 98 D5 C4
8.360000000,0x316,59 0F D5 17 70 3A 21 67
8.360000000,0x427,96 3E FF 83 8D 0C F3 BF
8.370000000,0x1A4,7B CC 19 2B 87 18 D8 B1
8.370000000,0x316,39 B9 B3 EF DB DE 97 E0
8.370000000,0x427,C8 72 7B 5E 02 EF 66 74
8.380000000,0x1A4,EB D9 2B AB B3 7B F0 7C
8.380000000,0x316,E7 3A C9 53 F0 09 FB 94
8.380000000,0x427,67 13 A2 00 30 BD 70 DE
8.390000000,0x1A4,EA BA 45 AB 35 F5 DF D8
8.390000000,0x316,40 CD 93 BB B8 21 D8 17
8.390000000,0x427,E8 5A 1E BB 77 D7 DE F8
8.400000000,0x1A4,2A EE 54 2B FD E8 84 A2
8.400000000,0x316,42 54 05 AA C4 87 81 B2
8.400000000,0x427,18 7C B4 5B 07 90 A0 D9
8.410000000,0x1A4,8D 70 6E 2B 79 8C B1 CB
8.410000000,0x316,BD 0A D0 88 17 B5 D0 65
8.410000000,0x427,C9 B3 C3 37 5D 46 D7 F7
8.420000000,0x1A4,1A 17 7D 2B 24 37 29 D3
8.420000000,0x316,CB E5 3B 36 87 A3 A5 7E
8.420000000,0x427,86 D4 BE 44 41 4A A7 52
8.430000000,0x1A4,CE 53 96 AB 5F 8E 99 48
8.430000000,0x316,36 1F 77 56 05 8B 1C 8C
8.430000000,0x427,96 75 F3 93 E5 9F 6E 21
8.440000000,0x1A4,67 B0 A6 AB B5 5D 38 DA
8.440000000,0x316,DD 1A 3F 7C BD 44 CE C9
8.440000000,0x427,D9 51 FF 57 DE 51 E7 E4
8.450000000,0x1A4,0E B9 B3 AB 66 14 23 C3
8.450000000,0x316,A2 8C 64 0C 72 EA C2 0B
8.450000000,0x427,E1 BA 7D 19 14 4D 4D A0
8.460000000,0x1A4,CF FF CC AB 31 1D 32 D6
8.460000000,0x316,86 26 A7 75 CA 03 2B 04
8.460000000,0x427,E3 01 CE 1F 03 50 EF ED
8.470000000,0x1A4,32 0E DF AB 9B 9B 71 28
8.470000000,0x316,BA 1D F8 70 70 5F DE 74
8.470000000,0x427,22 4C 2C 00 42 1C E9 FD
8.480000000,0x1A4,EA 91 F1 AB 4D 41 84 6D
8.480000000,0x316,2E 20 CB 33 69 CE E5 FE
8.480000000,0x427,A4 8E 47 B0 51 E9 CE E8
8.490000000,0x1A4,41 0E 05 2C 82 6F D4 E1
8.490000000,0x316,69 37 66 A6 D6 0E 47 4D
8.490000000,0x427,21 BF B2 28 B2 35 DA DF
8.500000000,0x1A4,30 1A 1F AC 49 88 68 E0
8.500000000,0x316,BE 23 26 46 13 21 E5 17
8.500000000,0x427,B8 13 93 A7 4D 7E 45 5C
8.510000000,0x1A4,03 83 29 2C 0C 83 19 15
8.510000000,0x316,3D 27 31 5F C6 3F 1D AA
8.510000000,0x427,5A 74 5F E7 96 0B 1F A6
8.520000000,0x1A4,18 DA 3F 2C 47 EE 41 0D
8.520000000,0x316,10 A4 76 65 18 9A 27 A0
8.520000000,0x427,80 DA 35 4E 8C 5F DA B9
8.530000000,0x1A4,E8 96 56 AC 01 E5 56 C1
8.530000000,0x316,C1 D9 F0 3B 29 14 E2 6D
8.530000000,0x427,43 E1 CD A7 7E D4 58 17
8.540000000,0x1A4,19 8E 65 AC 28 F5 5D 18
8.540000000,0x316,39 31 47 00 2B C5 A2 36
8.540000000,0x427,3F 01 10 7A DE CA F3 13
8.550000000,0x1A4,06 9D 78 2C 3A 61 FB 97
8.550000000,0x316,F1 A4 E7 39 72 4C FA 84
8.550000000,0x427,1E 59 13 AE 2A E7 EF 71
8.560000000,0x1A4,23 A1 88 2C 71 63 10 02
8.560000000,0x316,EE A6 12 B2 B5 79 F4 57
8.560000000,0x427,B5 0E 2E D1 FA 3B DF 1E
8.570000000,0x1A4,42 B8 A7 AC E0 42 3F DC
8.570000000,0x316,05 C4 1C 6C 0D 04 AC B1
8.570000000,0x427,0F 3B D6 21 2F 90 4A 7A
8.580000000,0x1A4,DF CD B1 2C 08 43 9C 3A
8.580000000,0x316,F6 DE 10 62 C9 66 DE 16
8.580000000,0x427,02 4F 13 BB FD 2F 53 CE
8.590000000,0x1A4,D6 AA C0 2C 7D 6A 6B 1A
8.590000000,0x316,6B CD 37 50 C3 85 18 5E
8.590000000,0x427,AF 7E 88 E1 5C FF 9B 4C
8.600000000,0x1A4,C7 E7 DA 2C BA 01 FA 61
8.600000000,0x316,8B 81 01 C6 53 E1 38 D0
8.600000000,0x427,1B F3 CE C0 05 0E DF DF
8.610000000,0x1A4,00 DF ED 2C 8C 55 3E A4
8.610000000,0x316,7A 53 31 FE 1B DB 58 AD
8.610000000,0x427,C7 04 92 24 4F 6C 83 11
8.620000000,0x1A4,FD 63 07 AD 65 DA 33 90
8.620000000,0x316,83 66 2B 02 B0 E1 3D 9C
8.620000000,0x427,82 B9 67 A6 D4 8A 03 2A
8.630000000,0x1A4,0D 5B 12 2D 3A 70 E7 59
8.630000000,0x316,3C 4E F1 B8 40 CD 8A 36
8.630000000,0x427,72 DA C9 A0 FA 8B 8E BF
8.640000000,0x1A4,7E 74 28 2D 64 2E 7E EB
8.640000000,0x316,D1 D1 65 69 4B 28 B7 9D
8.640000000,0x427,FC CC C2 AF A1 11 40 71
8.650000000,0x1A4,08 81 3E AD F9 58 9D 37
8.650000000,0x316,C6 2F 31 16 89 1D 87 E5
8.650000000,0x427,FC 14 B8 19 A1 E6 D7 23
8.660000000,0x1A4,3A 47 48 AD 46 3B 87 1F
8.660000000,0x316,E5 50 EE 96 37 E1 E1 BA
8.660000000,0x427,4B EA 4F 62 53 3D FE 59
8.670000000,0x1A4,A1 77 67 AD BD 6B EC 6D
8.670000000,0x316,EF 4F 83 50 03 00 84 CA
8.670000000,0x427,43 E9 CB 23 9D ED 6E 3F
8.680000000,0x1A4,2C 5A 77 2D 9C DA 05 A5
8.680000000,0x316,F2 52 91 15 C2 DF 87 3F
8.680000000,0x427,D3 66 AB 8D 02 13 DB 99
8.690000000,0x1A4,86 1D 8A AD 92 3A 9F B8
8.690000000,0x316,AE 38 8B 9B F0 91 F0 48
8.690000000,0x427,0F 8E 6A C7 22 AD F7 F0
8.700000000,0x1A4,59 0A 9B AD CA F6 DD 06
8.700000000,0x316,E9 74 0F D9 B8 94 D9 D8
8.700000000,0x427,08 41 8D A8 FC 35 36 E0
8.710000000,0x1A4,15 E4 A8 2D 35 17 98 34
8.710000000,0x316,F0 34 8B 84 39 8F 5F 9B
8.710000000,0x427,38 12 70 82 70 23 4B 30
8.720000000,0x1A4,52 AE C2 AD 6F CB 49 64
8.720000000,0x316,CA A4 A8 4B E0 61 6B A5
8.720000000,0x427,12 3E F8 0D AB 38 A7 C8
8.730000000,0x1A4,F1 98 D5 AD 7A 09 35 CB
8.730000000,0x316,21 5A 65 F4 EB 74 45 3D
8.730000000,0x427,2A F6 B0 7E B2 65 C9 62
8.740000000,0x1A4,C2 C4 EC 2D A6 88 B7 3D
8.740000000,0x316,2E A4 E4 7F 1F 5D 59 A3
8.740000000,0x427,1E C8 0B 98 BE D7 2D 12
8.750000000,0x1A4,BD C8 FD AD 48 73 83 E3
8.750000000,0x316,EF 58 4A FA D6 D2 16 03
8.750000000,0x427,67 55 A4 FC 97 EE 70 5C
8.760000000,0x1A4,72 AB 15 AE 16 5A 04 51
8.760000000,0x316,5D A1 C9 21 D1 D4 07 63
8.760000000,0x427,78 4E 5E DC 5C F4 C6 D6
8.770000000,0x1A4,91 60 21 AE 6F B6 BD 6B
8.770000000,0x316,D7 AB 8B 5D 5B 00 DE 8B
8.770000000,0x427,46 4A D5 AE DC AC 3A 2C
8.780000000,0x1A4,DB 01 32 AE 15 6A 94 78
8.780000000,0x316,C6 07 57 F4 1B 09 C4 FC
8.780000000,0x427,6E C6 36 C5 E4 97 AF 12
8.790000000,0x1A4,A8 C1 4D 2E 4F 74 5D 96
8.790000000,0x316,96 D0 49 11 4D F7 87 03
8.790000000,0x427,0F 93 1E 43 F8 ED 3A 37
8.800000000,0x1A4,D2 17 5A 2E 15 28 2E EC
8.800000000,0x316,02 E3 7A 0F 2B B1 DC F2
8.800000000,0x427,C4 E8 0E CA F5 B0 E1 65
8.810000000,0x1A4,80 3B 71 AE A2 43 57 49
8.810000000,0x316,51 02 EA A0 F4 DB 6E B6
8.810000000,0x427,B2 BE 44 80 34 52 61 C4
8.820000000,0x1A4,43 C0 81 2E 2E 6D 6F 6C
8.820000000,0x316,AA DC A9 B3 1D A7 FB 66
8.820000000,0x427,38 FD 19 15 69 40 FA A3
8.830000000,0x1A4,DE 4F 94 AE 11 C8 A3 89
8.830000000,0x316,83 42 B5 9D C1 10 16 27
8.830000000,0x427,3B 20 08 47 36 9E 66 15
8.840000000,0x1A4,D5 0E AE 2E C5 C1 3A 14
8.840000000,0x316,4A DD E4 82 52 BB C1 EB
8.840000000,0x427,2A C0 04 34 0A 9A 6C F9
8.850000000,0x1A4,9D 06 BD AE B1 CB C6 27
8.850000000,0x316,D6 DD 50 89 50 E8 A5 53
8.850000000,0x427,CE FA 06 64 E6 BE 20 96
8.860000000,0x1A4,8D 1B D1 AE 10 A8 62 C3
8.860000000,0x316,D9 86 A3 D5 2B E2 5B A6
8.860000000,0x427,52 AA 59 AE 36 C7 A5 A4
8.870000000,0x1A4,1F EB E4 2E 8E 44 67 4F
8.870000000,0x316,34 6C DC B2 CC 15 FF 6F
8.870000000,0x427,5D 8D DE BA 19 DB 13 F4
8.880000000,0x1A4,77 22 F2 AE 12 57 17 3D
8.880000000,0x316,9D EC D2 0E BA 39 96 3E
8.880000000,0x427,A6 0A 12 16 8C 67 B4 EC
8.890000000,0x1A4,15 51 0A 2F FC 4B B1 1D
8.890000000,0x316,5D 2D 10 74 8C 7B BF 9C
8.890000000,0x427,D1 70 DC 9B 12 5B 16 0E
8.900000000,0x1A4,33 A2 1D 2F F8 30 84 AA
8.900000000,0x316,3A A0 DF BD 85 1E 76 A8
8.900000000,0x427,48 C6 9B BD 40 21 F7 2C
8.910000000,0x1A4,27 D1 33 2F F7 02 3E 03
8.910000000,0x316,6C F9 38 B5 F5 4F 20 23
8.910000000,0x427,98 7A 95 B3 89 DF E7 02
8.920000000,0x1A4,7C EF 40 2F FA EA 14 7F
8.920000000,0x316,A4 DE F8 F3 D6 AA C1 58
8.920000000,0x427,E5 AD E3 85 4D B7 68 84
8.930000000,0x1A4,B3 D7 51 AF 68 CF 8F D2
8.930000000,0x316,D2 16 84 B8 59 02 5E 42
8.930000000,0x427,85 15 BE 2A D8 D5 32 5F
8.940000000,0x1A4,3F 86 6E 2F 40 58 F1 BF
8.940000000,0x316,A1 BD F7 C7 1E 14 9B DF
8.940000000,0x427,DD BF CD 44 D9 AE A1 BB
8.950000000,0x1A4,F4 13 7C AF 11 F7 38 1E
8.950000000,0x316,98 74 7C C5 87 AD 5F E6
8.950000000,0x427,3C E4 83 07 53 48 C3 55
8.960000000,0x1A4,BD 9E 96 AF 0A 37 E8 6D
8.960000000,0x316,39 85 A0 45 5B 4F 1B 86
8.960000000,0x427,28 EA 59 10 06 AB 50 43
8.970000000,0x1A4,F1 D0 A2 AF 5C EA 9C F9
8.970000000,0x316,A2 71 9F 93 E6 FD A5 A0
8.970000000,0x427,91 DC BA 13 FA 86 03 7F
8.980000000,0x1A4,72 D7 B7 2F F0 99 C2 82
8.980000000,0x316,64 14 31 5C EC 41 31 0E
8.980000000,0x427,F3 70 E6 7F B0 00 FF DB
8.990000000,0x1A4,0B 73 CF AF 33 BD B8 2A
8.990000000,0x316,57 C9 20 5E 80 77 45 28
8.990000000,0x427,94 49 4F 41 F8 E2 F8 C5
9.000000000,0x1A4,E4 F9 DF 2F 7C C6 EE E4
9.000000000,0x316,B0 EA EB 92 1A 28 93 AC
9.000000000,0x427,F3 00 08 B9 CB 80 86 1D
9.010000000,0x1A4,4A B6 F0 2F 62 C1 A3 BD
9.010000000,0x316,12 59 42 82 73 54 A8 00
9.010000000,0x427,73 11 46 0B EC 0A D3 DB
9.020000000,0x1A4,C5 E1 00 B0 BD 4F 25 03
9.020000000,0x316,86 EC 9A 3E 07 72 C5 0B
9.020000000,0x427,73 90 C5 78 4F 90 2D 5D
9.030000000,0x1A4,58 F1 12 30 8C F7 93 EB
9.030000000,0x316,EA F2 6B 26 2E 62 D0 2D
9.030000000,0x427,AC 81 60 EE 91 FB D8 F5
9.040000000,0x1A4,60 26 2C B0 55 96 0D 09
9.040000000,0x316,EB 8B 88 8D E2 F9 98 CD
9.040000000,0x427,70 79 F8 E9 27 11 CA B6
9.050000000,0x1A4,93 46 3C B0 C0 2B DC A7
9.050000000,0x316,75 C9 5B 6B F5 D5 79 39
9.050000000,0x427,EC 9D 61 52 0D 2D 8E 3F
9.060000000,0x1A4,CB CA 4F 30 2D 75 75 EA
9.060000000,0x316,08 CA 64 B8 E4 44 E7 51
9.060000000,0x427,59 29 71 45 11 8A 74 D3
9.070000000,0x1A4,22 68 60 30 59 2E 50 92
9.070000000,0x316,25 5B 70 5F 36 0F 91 1E
9.070000000,0x427,47 C1 85 80 EF 12 5F AC
9.080000000,0x1A4,32 9B 75 B0 04 EC 7B 0D
9.080000000,0x316,F8 82 E9 2D E4 A7 22 39
9.080000000,0x427,B3 18 E9 CD EA C5 09 84
9.090000000,0x1A4,63 F0 8D B0 E5 F9 C1 0B
9.090000000,0x316,48 8C 3E F4 D6 02 A3 66
9.090000000,0x427,B4 29 A5 11 76 7F 82 E0
9.100000000,0x1A4,66 69 98 30 DC 49 B4 DD
9.100000000,0x316,43 43 45 48 8A E5 05 C6
9.100000000,0x427,53 DC 47 D8 B2 E3 89 4F
9.110000000,0x1A4,59 FE A9 30 87 5C 1D 16
9.110000000,0x316,C7 65 97 8D 45 51 ED 74
9.110000000,0x427,97 44 0A 02 CA 7F 71 5E
9.120000000,0x1A4,59 2F C7 30 D3 F9 A5 4A
9.120000000,0x316,6F A3 55 90 17 77 D5 C8
9.120000000,0x427,09 00 CD 4D 04 DA 54 BD
9.130000000,0x1A4,65 6A D2 B0 1D FC 19 3E
9.130000000,0x316,42 E6 C3 76 22 2E 47 5E
9.130000000,0x427,84 0E 79 97 4C AB CB F8
9.140000000,0x1A4,9F E2 EC 30 ED F9 6E FF
9.140000000,0x316,91 FB C9 C5 56 76 A0 C6
9.140000000,0x427,3E 34 07 32 96 B7 82 BB
9.150000000,0x1A4,A3 73 FB B0 78 4E EB 8B
9.150000000,0x316,74 F6 AE C2 0E EC C4 CB
9.150000000,0x427,85 A2 C0 3E B6 84 8B 26
9.160000000,0x1A4,0F FB 09 31 D2 9A B1 EE
9.160000000,0x316,63 20 F8 68 95 FB 1E 06
9.160000000,0x427,76 BD A5 3B C9 B4 A2 8A
9.170000000,0x1A4,3C 39 27 31 90 15 CD A2
9.170000000,0x316,6B 52 EE D6 A8 A5 86 B1
9.170000000,0x427,B6 16 90 E0 40 CE 74 02
9.180000000,0x1A4,0D 19 34 B1 DB B2 C3 55
9.180000000,0x316,E6 D0 5F 00 5E 2E 49 C2
9.180000000,0x427,A1 10 45 A8 1B 8C 53 60
9.190000000,0x1A4,C2 74 40 B1 3B FC F2 BC
9.190000000,0x316,D9 C3 2A BA 7D 04 B9 4E
9.190000000,0x427,2A 67 9C 1A 41 9E 87 34
9.200000000,0x1A4,02 EC 59 B1 3F 79 AD FB
9.200000000,0x316,20 8D F8 3C 01 0D 79 6B
9.200000000,0x427,BF 9A F5 7D 6B 39 10 F6
9.210000000,0x1A4,96 48 6D 31 5D A4 F9 F8
9.210000000,0x316,18 B9 38 FF A4 96 72 24
9.210000000,0x427,49 DB 2E B6 0B A1 A2 47
9.220000000,0x1A4,10 98 80 31 36 0C 3D 0B
9.220000000,0x316,B1 A3 D8 EB 43 C9 41 3B
9.220000000,0x427,AE A1 B4 E5 2E F7 72 D8
9.230000000,0x1A4,AD F0 96 B1 3A 17 BE 69
9.230000000,0x316,ED B3 6A B3 87 98 44 E5
9.230000000,0x427,55 A2 5B 5F 4B 81 5D 75
9.240000000,0x1A4,3C 6C A4 B1 D7 55 76 BF
9.240000000,0x316,3E 2A BC 15 52 62 AD 94
9.240000000,0x427,06 BC 77 18 CE B6 63 81
9.250000000,0x1A4,A4 F6 BD 31 16 91 20 A3
9.250000000,0x316,91 16 E9 D1 D6 34 F4 64
9.250000000,0x427,26 17 28 13 12 7B 86 97
9.260000000,0x1A4,1B B3 CC B1 1F C5 F1 0F
9.260000000,0x316,A6 09 5B 6F C3 EC 95 A9
9.260000000,0x427,48 02 D7 F6 30 19 76 21
9.270000000,0x1A4,8A 12 DD 31 B2 47 AB 4A
9.270000000,0x316,55 4D D0 42 02 7B D5 D9
9.270000000,0x427,85 6C A4 50 D7 15 11 ED
9.280000000,0x1A4,DB 54 F2 B1 DE 8B 98 64
9.280000000,0x316,D2 C0 62 B3 22 63 F7 D4
9.280000000,0x427,FA 15 40 BC 18 39 85 53
9.290000000,0x1A4,0A 3B 04 32 42 F0 E7 73
9.290000000,0x316,74 E6 9E 45 03 F2 CD 3B
9.290000000,0x427,23 B7 1E 13 DC CC 8C F1
9.300000000,0x1A4,86 F9 1C 32 D3 39 D8 22
9.300000000,0x316,3C F3 A9 C7 25 54 28 C5
9.300000000,0x427,0C 6D AF 95 C3 A4 E5 1B
9.310000000,0x1A4,6C FC 28 32 EB 62 0C 1B
9.310000000,0x316,96 7A 14 2A 64 CE 16 73
9.310000000,0x427,54 63 4F 77 59 7C 64 50
9.320000000,0x1A4,E2 34 39 32 4C 9A E8 1E
9.320000000,0x316,F3 59 32 89 C8 B9 B8 5B
9.320000000,0x427,1C 4D F2 F6 08 CA 34 C5
9.330000000,0x1A4,C8 A5 57 32 76 D6 B0 73
9.330000000,0x316,24 41 ED 4E E3 E1 9D 76
9.330000000,0x427,2B 8F D7 43 CA 45 3C DA
9.340000000,0x1A4,B8 A7 62 32 C7 D2 25 17
9.340000000,0x316,34 7B 59 28 AA AB BE CE
9.340000000,0x427,55 4A A1 AF 7B 08 E1 4D
9.350000000,0x1A4,E4 13 76 B2 BD 88 67 B4
9.350000000,0x316,6C 98 66 B2 3C 08 72 9A
9.350000000,0x427,F9 0D 53 0A 29 9A 0B 37
9.360000000,0x1A4,1F 2A 8F B2 C2 62 48 DB
9.360000000,0x316,19 49 EA 53 74 8C F8 25
9.360000000,0x427,96 BA 59 17 5C 69 0E B6
9.370000000,0x1A4,33 44 9B 32 1D 10 E9 F7
9.370000000,0x316,1F F5 11 5B EA 46 70 65
9.370000000,0x427,E0 17 72 83 14 07 88 0C
9.380000000,0x1A4,C8 E3 AB B2 3A D3 80 4C
9.380000000,0x316,7C 4A 9A 42 85 64 F1 D1
9.380000000,0x427,B0 FB 9C FD 9F 98 82 2C
9.390000000,0x1A4,E5 FE C4 32 71 9A BC F3
9.390000000,0x316,B3 3F 86 67 B6 26 C7 DA
9.390000000,0x427,A6 74 C3 73 42 FC 52 8E
9.400000000,0x1A4,BC 11 D2 B2 0A B9 D4 8C
9.400000000,0x316,9E 57 F6 3F 70 EA 3F 18
9.400000000,0x427,6E 77 48 76 8C 99 16 1A
9.410000000,0x1A4,6A 2D EC B2 97 1D 37 CB
9.410000000,0x316,1E 7A C9 23 93 8F 17 1F
9.410000000,0x427,E9 9B 0F 03 2E 8D C9 0F
9.420000000,0x1A4,FC 47 FB B2 71 FE EC C7
9.420000000,0x316,C8 86 89 FB 19 E0 E7 38
9.420000000,0x427,D7 8D 76 21 AA D8 B8 32
9.430000000,0x1A4,C8 42 0C B3 9B 87 8C 66
9.430000000,0x316,97 1A 4B 5F 06 64 B0 AF
9.430000000,0x427,18 2E 5B A1 97 E8 04 F0
9.440000000,0x1A4,DC 13 22 B3 99 9B 83 15
9.440000000,0x316,22 2C 13 95 F4 E0 0B 96
9.440000000,0x427,E2 11 42 42 60 99 DC EA
9.450000000,0x1A4,8A 31 30 B3 31 5C 32 13
9.450000000,0x316,4F B2 94 05 A2 F8 45 FF
9.450000000,0x427,45 3D 81 10 17 C4 9F 32
9.460000000,0x1A4,A6 FB 41 B3 B7 65 5F A5
9.460000000,0x316,13 B7 84 71 96 32 2E CF
9.460000000,0x427,A2 7B F8 20 68 E9 8B 17
9.470000000,0x1A4,85 30 5B B3 EB 0A E7 D8
9.470000000,0x316,A2 AF 50 D4 65 3B 13 CF
9.470000000,0x427,31 74 E0 54 12 F9 5D 1F
9.480000000,0x1A4,57 25 6E 33 3C 4E 39 F1
9.480000000,0x316,6C C3 03 76 A5 97 F6 0C
9.480000000,0x427,23 57 01 2B 96 E5 93 EC
9.490000000,0x1A4,24 13 7A B3 07 56 E3 6E
9.490000000,0x316,60 F9 59 D2 DE 4C 74 B9
9.490000000,0x427,52 A2 1E 65 BC 23 02 7F
9.500000000,0x1A4,CE 26 94 33 7A 8E FA 61
9.500000000,0x316,B2 0A E7 AE 75 DA 39 6D
9.500000000,0x427,E2 17 3D 2C 79 06 9C 5A
9.510000000,0x1A4,6C A2 A7 33 11 A0 86 E8
9.510000000,0x316,AA 22 E9 2F 97 34 65 46
9.510000000,0x427,42 8C A4 47 13 CE 2D 72
9.520000000,0x1A4,E3 0F B0 B3 47 B5 0C 26
9.520000000,0x316,21 C9 DE 08 A1 16 36 9D
9.520000000,0x427,AE 5A 82 9E 2E 37 F2 9D
9.530000000,0x1A4,4A C0 CB 33 83 09 B4 A5
9.530000000,0x316,1F 03 8C 4B 57 5C B7 7F
9.530000000,0x427,21 52 78 69 D1 C6 FD E1
9.540000000,0x1A4,A9 EE D9 B3 67 C5 A1 7A
9.540000000,0x316,00 53 9C 0F 65 EB 74 16
9.540000000,0x427,28 66 9F 47 1F 4A 0D 62
9.550000000,0x1A4,4E E6 E9 33 3C F9 52 6B
9.550000000,0x316,A3 AA 0F 33 35 E0 84 A4
9.550000000,0x427,42 96 78 E2 1B 2A 15 CC
9.560000000,0x1A4,0F C0 03 B4 AC 25 C8 3F
9.560000000,0x316,93 1E 79 A1 E9 80 7C FE
9.560000000,0x427,24 E3 5A CD 8A 15 2D 8B
9.570000000,0x1A4,3A 0B 13 B4 B2 EA FF 04
9.570000000,0x316,20 8E 49 FD E6 64 EB 61
9.570000000,0x427,BE A1 2B C8 C5 75 9F B6
9.580000000,0x1A4,70 C5 2E 34 70 99 CC 7A
9.580000000,0x316,CE 84 65 8B 95 21 0C C8
9.580000000,0x427,7A F4 13 7C B2 9E 12 58
9.590000000,0x1A4,68 33 3D B4 E8 82 CE 90
9.590000000,0x316,39 D8 9C 80 D3 AA 54 52
9.590000000,0x427,99 F4 6C 63 FE 45 3B 45
9.600000000,0x1A4,C1 69 48 34 10 10 AC 06
9.600000000,0x316,DF F5 A1 51 0B 9E DC 98
9.600000000,0x427,19 B5 11 38 71 6E 80 07
9.610000000,0x1A4,36 D7 60 B4 9D 56 89 CF
9.610000000,0x316,FF 48 4E C7 0D 34 EB 47
9.610000000,0x427,BD D5 FF 0E C8 F0 03 CF
9.620000000,0x1A4,21 FF 74 B4 D8 4E C0 78
9.620000000,0x316,ED DF 88 87 D1 B8 80 5B
9.620000000,0x427,B8 C4 4F C4 2A 4C 80 95
9.630000000,0x1A4,94 29 86 B4 74 4C 96 3B
9.630000000,0x316,95 BE 56 F9 FD 2B DD 28
9.630000000,0x427,6F 67 A2 19 50 8F 73 3F
9.640000000,0x1A4,42 44 98 B4 93 30 BC 3D
9.640000000,0x316,0F 1D 3B 44 07 E1 9F 88
9.640000000,0x427,63 10 F8 D0 8C 85 8E CA
9.650000000,0x1A4,64 84 A9 B4 31 F9 AF BC
9.650000000,0x316,85 07 50 0E 32 C3 98 C3
9.650000000,0x427,80 8C 13 FF FD 2E A3 F2
9.660000000,0x1A4,86 5B BB 34 DF 8E 60 93
9.660000000,0x316,AD 8E B4 D8 C4 E8 8F FB
9.660000000,0x427,DB CB 21 CC 90 A8 6F 63
9.670000000,0x1A4,EF 79 D4 34 80 A9 69 EF
9.670000000,0x316,FD 44 D7 D6 F8 B0 D5 FD
9.670000000,0x427,A2 65 60 D8 4F 64 78 2C
9.680000000,0x1A4,F4 E9 E4 34 78 9D 8E 3C
9.680000000,0x316,DE 5B AF 97 F2 BB 68 51
9.680000000,0x427,1A CB 63 CE AA 74 F4 BC
9.690000000,0x1A4,82 A7 F7 B4 09 36 D9 5B
9.690000000,0x316,E2 97 FA E9 DB A3 70 97
9.690000000,0x427,A4 8B 38 07 EA 7C 15 B4
9.700000000,0x1A4,F9 F3 0F B5 58 D7 07 5A
9.700000000,0x316,85 35 93 F2 98 99 51 91
9.700000000,0x427,C1 83 48 90 D2 D0 60 24
9.710000000,0x1A4,70 E7 1F B5 43 47 C8 F2
9.710000000,0x316,D0 14 30 30 83 C3 31 D6
9.710000000,0x427,94 F9 ED FC 43 73 76 CF
9.720000000,0x1A4,CC 43 2A B5 3A 54 6B F8
9.720000000,0x316,1D 92 02 7E 93 AD C8 8A
9.720000000,0x427,37 1A 1E 4F CB 49 F1 2C
9.730000000,0x1A4,DD 3D 45 35 F7 FD B7 09
9.730000000,0x316,80 1B 1B 17 5F 06 61 0E
9.730000000,0x427,47 34 8D 3B 95 92 06 9A
9.740000000,0x1A4,EE DC 53 35 39 00 1A 05
9.740000000,0x316,7C 54 C5 86 82 7C 5D 7A
9.740000000,0x427,25 CB 2C 00 CE 84 EC 54
9.750000000,0x1A4,90 3E 63 B5 B6 EF 37 9D
9.750000000,0x316,6C 2B 93 33 F2 34 73 CE
9.750000000,0x427,5E C3 67 21 17 FC 3B 57
9.760000000,0x1A4,86 39 79 B5 91 02 6E 2D
9.760000000,0x316,A0 37 35 EB 3B B0 6B CD
9.760000000,0x427,76 00 23 D8 CB 79 43 DE
9.770000000,0x1A4,79 B7 8E 35 48 0F 3F 0F
9.770000000,0x316,74 15 9C 05 61 74 D0 25
9.770000000,0x427,DD 04 2C 96 B6 FA 66 B4
9.780000000,0x1A4,A9 33 9F B5 58 59 43 24
9.780000000,0x316,1D E2 3C C6 A2 4A 65 1C
9.780000000,0x427,B6 F8 B2 D8 C7 42 BB 86
9.790000000,0x1A4,9B D5 B4 B5 C8 6B 69 5D
9.790000000,0x316,AF 2D E7 F5 60 6E 91 12
9.790000000,0x427,31 A5 A3 5F 54 9A 5C B4
9.800000000,0x1A4,29 E1 C1 B5 54 FA 81 A9
9.800000000,0x316,30 C0 45 65 35 30 05 96
9.800000000,0x427,8C 3E DD 19 CD DD 28 56
9.810000000,0x1A4,28 7B D0 35 B3 1F 96 52
9.810000000,0x316,07 7F EE 22 4A 01 D2 F9
9.810000000,0x427,A2 2C 52 28 05 6C 7B BB
9.820000000,0x1A4,56 94 ED B5 3A 9B D6 6F
9.820000000,0x316,07 31 B6 CA 83 EF A6 A3
9.820000000,0x427,82 F3 ED F5 F5 23 B9 7C
9.830000000,0x1A4,9D AD F8 B5 06 7C 39 51
9.830000000,0x316,CA 8B 98 2C 8A F0 09 B5
9.830000000,0x427,D4 88 FF F7 BC BE DD 8F
9.840000000,0x1A4,8C 2C 0D B6 F3 D6 BC E3
9.840000000,0x316,A8 CC C8 ED 38 08 1C 9D
9.840000000,0x427,52 4B 78 C9 49 EB 58 5B
9.850000000,0x1A4,E9 12 26 36 92 48 60 AA
9.850000000,0x316,E7 6F C5 96 B8 12 80 D0
9.850000000,0x427,22 D8 E3 2C F1 C7 DD 60
9.860000000,0x1A4,8A F7 33 36 35 18 E7 BB
9.860000000,0x316,19 6F 41 B0 CC 7B 65 4B
9.860000000,0x427,1F E7 99 20 45 4A 7E 2D
9.870000000,0x1A4,66 AA 44 B6 D5 D3 75 00
9.870000000,0x316,F0 C6 E3 F2 44 D3 B6 B3
9.870000000,0x427,F5 E1 DD F2 04 4D A5 92
9.880000000,0x1A4,AE FD 5F 36 40 35 CB D9
9.880000000,0x316,C8 56 89 FE ED 23 55 C5
9.880000000,0x427,73 4B 16 F7 DC 8C 46 91
9.890000000,0x1A4,4B 3C 6A 36 FF E8 9C 2E
9.890000000,0x316,D6 24 36 9A D1 A9 76 51
9.890000000,0x427,14 29 C9 EB 60 F8 0D CF
9.900000000,0x1A4,05 28 78 B6 AE 79 83 9C
9.900000000,0x316,51 97 8C 38 03 E4 BF A3
9.900000000,0x427,AC E6 C7 90 CB F7 A6 1A
9.910000000,0x1A4,77 C5 8A B6 F5 FB 05 7F
9.910000000,0x316,2A 34 01 24 3B 74 C7 54
9.910000000,0x427,1A D2 CE BE C9 22 EB 13
9.920000000,0x1A4,1F 4D A5 36 48 8C C8 58
9.920000000,0x316,A1 3B 7D FB E5 F9 CB 51
9.920000000,0x427,7B AB FA 2A D5 22 DD A2
9.930000000,0x1A4,09 59 B4 B6 E6 62 8C F6
9.930000000,0x316,61 BF B6 16 90 6D 58 D2
9.930000000,0x427,83 C8 7E B5 FD BA 86 AB
9.940000000,0x1A4,D5 3B C4 B6 CE 7B B2 BA
9.940000000,0x316,84 B9 FB E2 50 AD F3 55
9.940000000,0x427,E3 56 56 72 DF D2 EA 02
9.950000000,0x1A4,68 F6 DC 36 88 DE AD 35
9.950000000,0x316,F3 E8 E1 3F DF FC 73 B1
9.950000000,0x427,AC FF 5A 11 2C 22 B9 59
9.960000000,0x1A4,B8 55 EC 36 AD 24 7A C9
9.960000000,0x316,C6 27 A8 1B 6B 06 6D B8
9.960000000,0x427,49 F6 53 00 4B 64 53 0C
9.970000000,0x1A4,04 C6 FC 36 E5 31 2F 70
9.970000000,0x316,43 A8 8A BB C5 64 6E 6B
9.970000000,0x427,BF 0E 17 F8 F6 27 95 2A
9.980000000,0x1A4,F9 FF 11 B7 E6 28 FD 69
9.980000000,0x316,07 9F 3A 7E CD B8 BB E1
9.980000000,0x427,BC 4E F3 60 36 49 EA 59
9.990000000,0x1A4,02 3A 20 B7 43 C7 16 60
9.990000000,0x316,CB 38 F7 19 AE B1 2C D4
9.990000000,0x427,BF CE BF 7A 6A 35 EA C9
10.000000000,0x1A4,9C 6D 32 B7 D0 71 FB 93
10.000000000,0x316,FF F0 A5 A6 B3 3F 1C C2
10.000000000,0x427,90 BE E9 AF 38 CA BF 39
10.010000000,0x1A4,6D DB 4B 37 8A 92 87 73
10.010000000,0x316,5A 9E DE 12 DE 03 98 CC
10.010000000,0x427,F8 E3 83 D8 82 BD 8D 08
10.020000000,0x1A4,83 21 5F 37 FD D4 23 05
10.020000000,0x316,75 6E 97 51 EE 43 D9 42
10.020000000,0x427,20 21 A0 F3 C5 42 CF 1A
10.030000000,0x1A4,2B CC 6E 37 17 BE 80 57
10.030000000,0x316,BF 03 8C 2B B4 76 4F E3
10.030000000,0x427,11 02 1E 60 71 09 31 29
10.040000000,0x1A4,F5 5F 83 B7 C9 5B 33 13
10.040000000,0x316,3A 39 0B 8C C5 0A 1C F1
10.040000000,0x427,2D 77 EB E5 E1 ED 60 FA
10.050000000,0x1A4,63 B5 95 37 E0 ED 83 56
10.050000000,0x316,AC 62 12 98 E5 0D 3B FC
10.050000000,0x427,18 D2 17 9D 6D 78 AA E4
10.060000000,0x1A4,4D A3 A4 37 B3 6A 5A B4
10.060000000,0x316,A8 2B EF 07 B9 34 6B 6E
10.060000000,0x427,45 E5 43 F1 9F A2 54 A7
10.070000000,0x1A4,8D 41 B5 37 FA 2A 79 9B
10.070000000,0x316,DB DE C6 E3 B9 C1 27 6F
10.070000000,0x427,18 F4 37 28 41 D4 B5 0D
10.080000000,0x1A4,29 08 CC 37 5C 9D C2 54
10.080000000,0x316,A9 F4 9E 34 C1 2C 72 F9
10.080000000,0x427,E8 CE A2 30 B2 90 C6 68
10.090000000,0x1A4,B4 7B DB B7 F2 4F DA 8D
10.090000000,0x316,2F 7D D7 B8 29 64 F2 EC
10.090000000,0x427,97 93 DF BA 05 A9 45 8A
10.100000000,0x1A4,4B 64 E8 37 92 F1 1C A9
10.100000000,0x316,62 E5 11 48 F3 72 22 4C
10.100000000,0x427,EB F6 CF 3C 3B F2 8D 18
10.110000000,0x1A4,91 E8 04 38 5F 3D 95 64
10.110000000,0x316,99 81 5F 92 BA B0 B6 8C
10.110000000,0x427,61 B4 00 D7 49 C9 AE 7D
10.120000000,0x1A4,86 AB 11 38 B8 07 F4 0D
10.120000000,0x316,D4 48 5F 5C B4 0E FA 00
10.120000000,0x427,95 95 77 6D E3 CF 6E 16
10.130000000,0x1A4,A1 97 27 38 18 EF EA D2
10.130000000,0x316,46 28 7A A9 E1 F5 05 A0
10.130000000,0x427,9B B9 A7 99 41 CD F6 7A
10.140000000,0x1A4,5C E3 3D 38 38 22 D4 18
10.140000000,0x316,48 9D 96 06 E1 DE FA 34
10.140000000,0x427,9D A8 BB 2B 81 76 60 A3
10.150000000,0x1A4,E3 27 4C 38 03 74 20 FA
10.150000000,0x316,94 C3 F9 14 1B ED 3B 79
10.150000000,0x427,04 40 01 D8 39 FE 91 1D
10.160000000,0x1A4,80 3F 58 38 DD AB ED C8
10.160000000,0x316,93 6B C0 65 CD D0 8F 78
10.160000000,0x427,CC 72 35 7D D4 B0 16 E5
10.170000000,0x1A4,D1 EB 69 B8 13 54 D7 43
10.170000000,0x316,08 BF 54 17 E0 5A 51 A4
10.170000000,0x427,E7 D7 4B 8B 2A FA 34 63
10.180000000,0x1A4,33 60 84 38 6E 33 FB 5E
10.180000000,0x316,29 A6 AF E2 44 64 A6 61
10.180000000,0x427,91 1B 91 5E 49 E6 C3 2F
10.190000000,0x1A4,19 54 96 38 C8 03 6C 0B
10.190000000,0x316,58 5D 67 43 01 D4 92 70
10.190000000,0x427,DB 09 0E 77 49 3C 6E 43
10.200000000,0x1A4,8A 03 A3 38 1F CB 4A D6
10.200000000,0x316,9A 7A C0 44 EA 76 72 90
10.200000000,0x427,13 99 C7 0F F6 7F B0 26
10.210000000,0x1A4,74 7B BA B8 96 EB 4B B2
10.210000000,0x316,92 36 DF AA D2 80 C1 18
10.210000000,0x427,19 EA F0 15 C5 4C 0B AB
10.220000000,0x1A4,40 B6 CA 38 12 E5 E4 CE
10.220000000,0x316,F7 66 9C 8A 63 07 FB 69
10.220000000,0x427,78 28 80 F8 83 28 A7 C1
10.230000000,0x1A4,F7 4F D8 B8 B0 46 3E 3A
10.230000000,0x316,DF DA B8 8D 7B A1 9C 0F
10.230000000,0x427,B9 7B 3E D7 9B 62 19 63
10.240000000,0x1A4,0F 01 F3 B8 BE F3 C7 85
10.240000000,0x316,B9 78 2B 6B 94 60 33 F7
10.240000000,0x427,E8 78 17 89 13 AF E3 AF
10.250000000,0x1A4,0B C4 04 B9 07 62 B5 EF
10.250000000,0x316,5F 17 8E 79 4D 67 9D 92
10.250000000,0x427,71 11 B4 E1 0E 09 53 3C
10.260000000,0x1A4,3C 53 14 39 60 92 81 4C
10.260000000,0x316,F5 65 36 14 1A E6 11 65
10.260000000,0x427,1A 68 1C E7 C1 CC 9B DA
10.270000000,0x1A4,05 BD 24 B9 71 F7 E3 08
10.270000000,0x316,C5 B8 89 80 20 78 3B 92
10.270000000,0x427,0C 39 84 E6 0B 25 4E 84
10.280000000,0x1A4,31 50 3A B9 09 DE 4C 92
10.280000000,0x316,05 ED 72 AD FC D0 95 FB
10.280000000,0x427,1B 38 CA 9E 3D 21 BF 25
10.290000000,0x1A4,E9 CA 4A 39 16 5D 02 F3
10.290000000,0x316,4A 1F D7 C1 AB 44 F4 72
10.290000000,0x427,D3 CB 41 2C 76 B1 F5 F2
10.300000000,0x1A4,7D 8A 5F B9 BD 4F CB 2A
10.300000000,0x316,3A CC DF F8 F4 6E 3E 36
10.300000000,0x427,29 48 F7 CE 2A 7F 56 31
10.310000000,0x1A4,DA B9 75 39 C7 CE EC 0A
10.310000000,0x316,2C 4C 62 6C 89 F5 0F 14
10.310000000,0x427,E3 E9 FF FC 87 4F E1 AE
10.320000000,0x1A4,8A EE 85 39 53 FB B0 33
10.320000000,0x316,30 09 4D FF 6E 8E 93 D2
10.320000000,0x427,B4 E5 91 A0 46 59 DB 25
10.330000000,0x1A4,1C 1C 90 B9 1E 0B 55 98
10.330000000,0x316,33 D7 04 42 37 1A DB 51
10.330000000,0x427,97 7B 2A E9 22 6C 23 BA
10.340000000,0x1A4,80 4D A7 B9 25 13 AE CE
10.340000000,0x316,07 B2 27 11 3F 6E 47 16
10.340000000,0x427,5D 77 5A 63 63 E2 6D 8E
10.350000000,0x1A4,94 0E B9 39 75 6C 53 8D
10.350000000,0x316,D1 0B 7D 53 EB B8 4B DB
10.350000000,0x427,DE 18 B5 46 D4 48 0A 85
10.360000000,0x1A4,F9 C9 C9 39 6D 1F CB EA
10.360000000,0x316,1F 7C 9B DF 1A 46 2A 03
10.360000000,0x427,F8 61 5B C9 6A 35 4E B3
10.370000000,0x1A4,6B B9 D8 B9 EA 62 6B 96
10.370000000,0x316,BF 9F C6 85 31 8D 1C C8
10.370000000,0x427,61 80 6A 6B E9 08 CE 1C
10.380000000,0x1A4,AF E5 E8 39 9D F5 4E 26
10.380000000,0x316,0A 6B F0 25 B7 4C 0C 91
10.380000000,0x427,FF D9 82 96 45 53 2A 95
10.390000000,0x1A4,30 05 05 BA 21 35 FF F6
10.390000000,0x316,C2 E6 8C F0 0E F8 A6 19
10.390000000,0x427,A6 17 C8 EC 2E E2 0A 1B
10.400000000,0x1A4,F7 0A 14 BA C5 3D 90 C7
10.400000000,0x316,62 82 DA 19 21 A0 26 C9
10.400000000,0x427,96 61 3D 49 F1 DB 12 DE
10.410000000,0x1A4,83 46 27 BA 25 94 50 E1
10.410000000,0x316,74 CF 07 58 EE A1 BD E0
10.410000000,0x427,EA 16 30 69 4C 75 9E 43
10.420000000,0x1A4,0B 23 3F 3A 3D 2A A0 A7
10.420000000,0x316,E4 48 4F 7C 60 1D 70 92
10.420000000,0x427,9F F1 E4 9B 5C 95 19 79
10.430000000,0x1A4,A3 59 4F 3A 04 48 15 2C
10.430000000,0x316,88 8A 81 46 3C 4D 29 67
10.430000000,0x427,51 87 D3 24 5E 45 45 9E
10.440000000,0x1A4,C7 D4 58 BA 79 C0 49 AE
10.440000000,0x316,B8 C8 93 B1 97 1D D7 66
10.440000000,0x427,F5 A6 ED 09 53 AC 52 65
10.450000000,0x1A4,AE 22 6B BA 1C 5E 03 E1
10.450000000,0x316,A5 CB DC 54 78 82 C5 B0
10.450000000,0x427,3F FF D1 3C 50 55 9E 0C
10.460000000,0x1A4,DA 75 81 BA 3B E6 A7 79
10.460000000,0x316,63 D7 BB EB B5 F1 C1 44
10.460000000,0x427,E9 D8 A3 E5 03 46 58 5F
10.470000000,0x1A4,9A FB 95 3A 2E 64 7E 56
10.470000000,0x316,30 34 40 D1 05 C8 2C CB
10.470000000,0x427,73 02 95 4D 98 5F 9A 4F
10.480000000,0x1A4,51 CC A4 3A ED CA C4 D7
10.480000000,0x316,B6 C1 DA 7D 45 46 B5 DB
10.480000000,0x427,F4 09 39 B2 66 76 52 AF
10.490000000,0x1A4,44 C6 B4 3A 26 8A F5 F8
10.490000000,0x316,72 3B 70 DE C5 6A 5B 3A
10.490000000,0x427,E3 16 67 22 5B 49 EC 4C
10.500000000,0x1A4,A5 71 CE BA 2A AC 64 BE
10.500000000,0x316,76 B2 6F 71 8F E3 26 C6
10.500000000,0x427,67 28 69 D3 05 6D 24 52
10.510000000,0x1A4,3C B5 D8 3A 2E 99 92 BA
10.510000000,0x316,15 9E B1 6A 81 E9 DF 9A
10.510000000,0x427,8E 14 43 A5 DB 80 DB 16
10.520000000,0x1A4,B3 8D EC 3A DE 56 14 71
10.520000000,0x316,14 B0 1D 36 7E BB D6 E9
10.520000000,0x427,3B A9 EF D2 0E 51 3C 68
10.530000000,0x1A4,FF 8E 06 BB 99 97 05 7C
10.530000000,0x316,06 27 6E C2 C0 6F 39 84
10.530000000,0x427,AA 18 00 DE 4D 94 B8 5F
10.540000000,0x1A4,26 32 16 BB 3E 81 63 0E
10.540000000,0x316,00 B7 E8 83 59 1D 9F CA
10.540000000,0x427,1B 6B B2 28 04 46 CC 10
10.550000000,0x1A4,5E C3 25 3B 1C 57 A6 B5
10.550000000,0x316,D5 55 BD 81 B8 3F 44 67
10.550000000,0x427,4C F2 B9 22 A8 EC CF C7
10.560000000,0x1A4,C9 7D 36 BB 04 9F 37 86
10.560000000,0x316,D4 F0 1B E1 1E 82 94 91
10.560000000,0x427,83 25 69 07 31 0D 7A 2C
10.570000000,0x1A4,FB F1 48 3B 34 D5 0B E0
10.570000000,0x316,7F E5 3A D5 76 D4 62 33
10.570000000,0x427,9D 1A 44 D6 4B AD C0 0E
10.580000000,0x1A4,14 98 5E 3B 04 58 77 08
10.580000000,0x316,F5 D1 D9 74 F9 73 F1 0C
10.580000000,0x427,9C 15 04 EB 83 8A 41 5C
10.590000000,0x1A4,E8 E3 6A BB AB DB F8 32
10.590000000,0x316,A9 63 23 46 D1 4F 4C 5E
10.590000000,0x427,F5 4E D1 D2 61 05 D7 76
10.600000000,0x1A4,57 F6 7F BB 58 02 9E 65
10.600000000,0x316,8C 37 AA A2 BB 8C 4E EC
10.600000000,0x427,AE 21 B6 1F 6A 71 61 AE
10.610000000,0x1A4,4D FD 92 3B BA A7 EF 3D
10.610000000,0x316,4D FB 59 5F AD 20 21 7D
10.610000000,0x427,A1 3D 13 98 AF D5 33 72
10.620000000,0x1A4,FA 1F A6 3B C1 A9 E4 F5
10.620000000,0x316,EF D3 D7 DE 84 39 7E 79
10.620000000,0x427,BF C8 3D 96 F9 34 24 8D
10.630000000,0x1A4,6C DD B1 3B F2 B3 20 58
10.630000000,0x316,3E 07 DC 29 21 7A 70 D6
10.630000000,0x427,34 6C FD E4 62 89 37 42
10.640000000,0x1A4,B3 EA C3 BB CF E8 B3 D4
10.640000000,0x316,56 82 58 B0 DB EC 23 17
10.640000000,0x427,98 4E FA 48 C2 FE 06 07
10.650000000,0x1A4,C2 F7 DD 3B 5C EE B5 0C
10.650000000,0x316,B1 4C B4 29 C0 08 94 DA
10.650000000,0x427,03 81 7F 92 80 F2 A2 C7
10.660000000,0x1A4,2F D7 EC BB 29 95 DD 36
10.660000000,0x316,9B A3 6B DB DF 76 AA 38
10.660000000,0x427,50 B0 BA A5 45 F1 A0 39
10.670000000,0x1A4,81 6F FD BB 64 52 EC 34
10.670000000,0x316,4B A9 E2 44 7A 6D CE A6
10.670000000,0x427,B8 76 D5 68 36 66 66 83
10.680000000,0x1A4,B9 26 0A 3C 1B 63 58 DD
10.680000000,0x316,1B FB C1 C7 1F 61 96 F7
10.680000000,0x427,7E A5 7F C4 41 A4 A4 AE
10.690000000,0x1A4,60 23 27 3C 2B 6F 5E 79
10.690000000,0x316,7F 13 59 E9 09 56 DF 21
10.690000000,0x427,72 24 BA A5 CD E0 56 2C
10.700000000,0x1A4,4C 70 34 BC E2 79 05 CD
10.700000000,0x316,DA AD 2A 02 22 FE 48 39
10.700000000,0x427,F2 A8 9C 40 BC 6C BC 9B
10.710000000,0x1A4,69 16 42 BC 05 C6 68 F1
10.710000000,0x316,4B 9B 32 4E 1D 29 76 B6
10.710000000,0x427,E8 E9 8E F7 7F 27 99 B5
10.720000000,0x1A4,08 A1 52 BC 8B 35 7F 46
10.720000000,0x316,2C 9A 7E 6C 4C 5F 3E E5
10.720000000,0x427,EB B1 60 60 29 8D 01 DA
10.730000000,0x1A4,86 01 6D 3C E9 E4 80 75
10.730000000,0x316,DA FC 82 40 78 8C DC 37
10.730000000,0x427,7F 85 79 77 6B 61 59 4D
10.740000000,0x1A4,24 BA 7C BC 7B 86 48 85
10.740000000,0x316,BE 08 06 D3 27 A6 A4 9F
10.740000000,0x427,FF C9 AB 65 56 F3 A0 95
10.750000000,0x1A4,44 20 89 3C D8 87 E1 01
10.750000000,0x316,04 90 F2 82 93 9A DA FF
10.750000000,0x427,71 20 90 A9 23 97 6B F7
10.760000000,0x1A4,E6 74 99 BC 09 81 E1 D6
10.760000000,0x316,9E 85 CD 5F 49 A7 BB 8F
10.760000000,0x427,93 36 B8 A5 2F 7A 01 98
10.770000000,0x1A4,29 B5 B2 BC 1C 83 5D 48
10.770000000,0x316,17 EB 68 4C 0B B3 35 AF
10.770000000,0x427,0D BD AC 1B 9E 35 53 7B
10.780000000,0x1A4,02 A0 C7 3C 7E AF 16 56
10.780000000,0x316,63 39 05 FD 36 9B C7 46
10.780000000,0x427,79 04 FE A3 D5 2E 3C 53
10.790000000,0x1A4,A7 B6 D2 BC 40 EE E1 46
10.790000000,0x316,09 86 DA 42 51 74 F7 A7
10.790000000,0x427,CC 3D 0A B6 4A 94 C2 F3
10.800000000,0x1A4,E5 9B E2 BC B0 81 C6 A6
10.800000000,0x316,13 93 7D 4C D7 5D 38 30
10.800000000,0x427,26 C4 61 26 3B 5A 6D 84
10.810000000,0x1A4,36 21 FE BC C9 6F 84 3D
10.810000000,0x316,E1 E3 51 E6 EC C8 88 0E
10.810000000,0x427,1D A6 30 CE E0 04 79 DB
10.820000000,0x1A4,DF B5 0F BD 0B 0F 5E CF
10.820000000,0x316,59 C8 9B 99 9F FE 72 67
10.820000000,0x427,FC 83 18 A9 F3 5E D0 51
10.830000000,0x1A4,4D 02 1E BD 8D 6B D2 23
10.830000000,0x316,02 04 A6 B8 86 3C 84 06
10.830000000,0x427,E4 54 C8 A7 44 D3 53 7F
10.840000000,0x1A4,9E 22 2A BD DF BE AC 4B
10.840000000,0x316,8C C2 69 42 36 5B 2B E8
10.840000000,0x427,FF 1E 27 6B 09 CB 93 67
10.850000000,0x1A4,2A FC 45 3D 98 79 9A BC
10.850000000,0x316,93 AA 0A 09 9D 0A 41 95
10.850000000,0x427,CB 01 44 B5 3A 2E A8 FE
10.860000000,0x1A4,6E 5F 51 BD E5 56 E6 D0
10.860000000,0x316,BA 47 9E 30 B0 CB D9 57
10.860000000,0x427,29 2C FF B9 AB 5E 9F B6
10.870000000,0x1A4,4D CB 64 3D 3D 8B B2 AF
10.870000000,0x316,80 D8 DD 88 F5 84 68 A3
10.870000000,0x427,77 03 EF C8 39 C8 C9 79
10.880000000,0x1A4,F0 1E 72 BD 73 9D CF F0
10.880000000,0x316,86 92 FF AB CA 77 C6 5B
10.880000000,0x427,F4 62 DF 81 64 91 D9 4C
10.890000000,0x1A4,5D 65 85 BD F3 3E 84 2B
10.890000000,0x316,FE 18 34 D7 8C 6F 59 A8
10.890000000,0x427,5F F6 61 E0 1A 58 E9 8E
10.900000000,0x1A4,6A EB 9E 3D 9A 6E 35 4B
10.900000000,0x316,B7 83 FC 18 7D 18 85 78
10.900000000,0x427,75 F2 C0 20 5E DC AC BD
10.910000000,0x1A4,F1 01 AF 3D D0 D4 A5 B9
10.910000000,0x316,A8 9F EF CE CC B2 1C 8F
10.910000000,0x427,AF 9B 4E C3 D5 C6 A1 E9
10.920000000,0x1A4,41 91 BD 3D 1C 92 69 F2
10.920000000,0x316,22 A1 01 AE 37 9B 4B E6
10.920000000,0x427,4A 02 EC 55 70 07 89 A7
10.930000000,0x1A4,6E 5A CC 3D 27 9B E5 38
10.930000000,0x316,5A DA F3 5A DA 04 2C 39
10.930000000,0x427,A2 8A 84 BE C3 2E 16 DF
10.940000000,0x1A4,E9 23 E5 3D 0B 17 A4 6B
10.940000000,0x316,7D 4B C0 C9 DC 2D 08 E3
10.940000000,0x427,2A 33 D1 54 66 94 26 5F
10.950000000,0x1A4,81 02 F4 3D 14 F6 E7 95
10.950000000,0x316,33 EF 46 4B 36 04 B9 76
10.950000000,0x427,58 27 E9 D9 31 ED 26 1E
10.960000000,0x1A4,B9 15 05 3E DA C5 BD 0D
10.960000000,0x316,BC F4 CB DD 2F D3 67 A2
10.960000000,0x427,7B 25 65 95 4A 66 8F 94
10.970000000,0x1A4,98 B5 15 BE FF 39 E3 9E
10.970000000,0x316,CF 31 3B 12 97 63 E3 78
10.970000000,0x427,36 6D B1 E3 6E 9F CD 31
10.980000000,0x1A4,09 49 2F BE D9 41 AC 1E
10.980000000,0x316,3B 55 14 DE 68 35 42 AE
10.980000000,0x427,ED 12 B5 61 10 7F A3 87
10.990000000,0x1A4,E8 0A 39 3E AE 65 C1 69
10.990000000,0x316,58 01 D7 0D 2A F8 EF DE
10.990000000,0x427,29 75 AF DA AB 6A 99 26
11.000000000,0x1A4,82 5E 4A 3E 4E 82 0A FE
11.000000000,0x316,32 A3 46 33 B0 36 B9 57
11.000000000,0x427,EF CB C0 68 BB 96 B8 FC
11.010000000,0x1A4,FC 6E 5C BE 7D 7F 91 E4
11.010000000,0x316,34 4F 18 E8 BA 0B 95 FC
11.010000000,0x427,CE 66 23 75 85 56 AA 24
11.020000000,0x1A4,99 81 6E 3E 75 D9 C5 DC
11.020000000,0x316,4F 0C 36 B7 6C DC 2B 2E
11.020000000,0x427,7F B0 68 C7 62 0F B0 14
11.030000000,0x1A4,2F 19 82 3E 07 34 27 55
11.030000000,0x316,15 5D 8B A1 B1 76 94 FC
11.030000000,0x427,F8 5A 44 2D 88 E7 3B 50
11.040000000,0x1A4,5B 86 96 BE 95 FA D9 0E
11.040000000,0x316,6B E7 34 01 AC C2 B9 73
11.040000000,0x427,0E EC 05 46 33 15 9A 35
11.050000000,0x1A4,1D 90 A5 BE C4 DD 06 C6
11.050000000,0x316,36 BF 29 2B C9 03 87 93
11.050000000,0x427,DB 34 B5 C3 35 34 8F 28
11.060000000,0x1A4,82 EC B4 3E EA 94 03 C9
11.060000000,0x316,C1 44 79 C3 62 DB 9D C7
11.060000000,0x427,B8 E0 89 16 BA BF 20 21
11.070000000,0x1A4,5D 8B CE BE 0F B6 07 6F
11.070000000,0x316,4F 3D 2C A2 A5 CB ED 6D
11.070000000,0x427,9E CB 44 67 96 9C D4 6D
11.080000000,0x1A4,A6 B9 DF BE 88 E7 36 7A
11.080000000,0x316,70 06 21 62 3B FF 31 01
11.080000000,0x427,C5 5D A8 09 0D FA A5 88
11.090000000,0x1A4,F5 CF EC 3E 19 79 0C BB
11.090000000,0x316,D5 92 83 5F 61 B2 37 F3
11.090000000,0x427,D5 8E 9A 03 E8 87 5A E4
11.100000000,0x1A4,50 8F FC 3E E3 C5 C0 C1
11.100000000,0x316,48 79 4E D5 8C D4 F1 87
11.100000000,0x427,BE A2 C9 30 BA 26 96 04
11.110000000,0x1A4,D4 5D 0F BF 65 42 0E 01
11.110000000,0x316,E5 8D 6E A0 18 6C CD BB
11.110000000,0x427,47 DF B2 3F A1 8C EC 39
11.120000000,0x1A4,7D D6 22 BF 18 19 82 E0
11.120000000,0x316,80 4E 27 58 45 47 E5 4F
11.120000000,0x427,FF 9B 01 21 06 16 4B 1A
11.130000000,0x1A4,27 5D 30 3F CA A8 DA 80
11.130000000,0x316,4A 1F B3 96 12 8F 5D 4E
11.130000000,0x427,CA D5 C1 2A 62 A6 B6 10
11.140000000,0x1A4,EB 6D 47 BF B3 32 B4 0B
11.140000000,0x316,8F FB 56 4C EB 7E CE F2
11.140000000,0x427,BF B0 73 4A 20 96 B7 74
11.150000000,0x1A4,22 31 53 BF 0F 9F 31 85
11.150000000,0x316,E7 B2 AB 98 FD 92 2C 86
11.150000000,0x427,44 5D 7C 56 36 AF 04 6F
11.160000000,0x1A4,44 44 62 BF F7 D2 D0 AF
11.160000000,0x316,BE 47 D7 FE 3B 06 40 22
11.160000000,0x427,C9 56 BD 57 B0 F5 02 FF
11.170000000,0x1A4,50 16 79 BF A5 59 7C 7D
11.170000000,0x316,A1 DD F7 5B 36 93 07 C0
11.170000000,0x427,4B B0 3C 30 30 CE 35 2A
11.180000000,0x1A4,EA A7 8D BF 79 38 2A E8
11.180000000,0x316,7C 82 0F EB F9 C6 DF CF
11.180000000,0x427,D4 AC 44 67 D5 5B E5 04
11.190000000,0x1A4,FA 9E 99 3F FB 1F 6D 39
11.190000000,0x316,64 BC 27 BA 9B 10 21 FC
11.190000000,0x427,B5 B3 96 21 1C 90 10 36
11.200000000,0x1A4,1D 72 AC BF A0 1B 9C 05
11.200000000,0x316,09 1C F6 96 38 AA 2F 81
11.200000000,0x427,96 95 42 2B 32 8B 87 1F
11.210000000,0x1A4,FC EF B8 3F 87 4F 0B B6
11.210000000,0x316,7F D0 89 A6 7E D8 C8 CA
11.210000000,0x427,47 A6 90 09 71 9C 0C 60
11.220000000,0x1A4,45 32 D5 BF 2C 15 EC A3
11.220000000,0x316,34 66 7B 41 30 9E 70 C5
11.220000000,0x427,48 4A E4 88 DD C2 85 9F
11.230000000,0x1A4,EB 31 E0 3F 53 68 0B 98
11.230000000,0x316,37 5D A3 FE 87 21 47 0C
11.230000000,0x427,4D DC 76 A9 A8 52 AD 1B
11.240000000,0x1A4,0E 35 F0 BF 03 F6 0B D6
11.240000000,0x316,FE CB 0D 05 F8 21 59 0C
11.240000000,0x427,85 70 93 B0 FE 66 A4 1D
11.250000000,0x1A4,B6 CD 01 40 C3 94 BE 71
11.250000000,0x316,88 4F 58 61 1F ED A3 1F
11.250000000,0x427,C7 B2 1A 8C F8 74 B3 40
11.260000000,0x1A4,C0 09 12 40 BA A2 AD B3
11.260000000,0x316,70 56 33 27 89 50 9B 34
11.260000000,0x427,D9 1A F8 B1 88 A8 8C AF
11.270000000,0x1A4,9A 15 2C C0 7A C8 61 02
11.270000000,0x316,D8 F7 15 4D 5A 3B BE 6B
11.270000000,0x427,96 D9 62 A9 B5 D0 D9 19
11.280000000,0x1A4,DF 7B 38 C0 74 FC 32 85
11.280000000,0x316,FE 38 1D 45 C1 AC 6F 9F
11.280000000,0x427,0B DA 0A 9B 55 CD 62 B3
11.290000000,0x1A4,0B 26 4D 40 0A 2A 38 6B
11.290000000,0x316,1E A8 A5 D4 38 16 0C E6
11.290000000,0x427,CF A8 DB 1A 61 38 F7 82
11.300000000,0x1A4,26 10 59 C0 1F 74 21 9E
11.300000000,0x316,4B DA 23 1E 88 78 5F 48
11.300000000,0x427,2A ED 2F 1D 39 09 E6 C8
11.310000000,0x1A4,37 19 6C 40 C6 D3 6B 7F
11.310000000,0x316,F0 81 DA 32 EC 8A E7 9B
11.310000000,0x427,8B C6 22 33 C1 50 28 C7
11.320000000,0x1A4,B2 91 83 40 56 1B DD D4
11.320000000,0x316,29 E7 EC 85 CD 5F 1E F9
11.320000000,0x427,A7 DA A0 33 E0 C3 A0 5B
11.330000000,0x1A4,4A 6E 94 C0 CD C8 E5 68
11.330000000,0x316,F4 22 9C 4B 89 3E 0E 29
11.330000000,0x427,18 7E 16 0A 71 D2 52 8C
11.340000000,0x1A4,36 1A A1 40 CB 21 0D E9
11.340000000,0x316,C8 6E 2B 35 AA 21 2E B0
11.340000000,0x427,AE 3C E1 EE D9 CA 0C 7B
11.350000000,0x1A4,51 70 B2 40 90 89 08 3C
11.350000000,0x316,0F 70 B3 00 64 8B 43 03
11.350000000,0x427,3E 26 F0 AB D7 E3 C8 16
11.360000000,0x1A4,67 4A C1 C0 57 33 45 1C
11.360000000,0x316,69 C6 D1 D5 F6 AC FB 92
11.360000000,0x427,78 05 45 AB 19 9A 7D 7E
11.370000000,0x1A4,59 55 DE 40 FE E4 0E F3
11.370000000,0x316,7B A8 0F 17 CF 07 8F C7
11.370000000,0x427,2E 1F FF 82 0C 5C 36 13
11.380000000,0x1A4,0C 77 EB C0 0B 4B 3C B9
11.380000000,0x316,3B 2C EE 19 3D 9F 9F E7
11.380000000,0x427,09 25 82 41 85 41 F3 A4
11.390000000,0x1A4,0B 52 FD 40 0E A6 ED 74
11.390000000,0x316,CC 35 19 FD 74 BD 2F FA
11.390000000,0x427,16 1C C8 4B 9D B2 9D 43
11.400000000,0x1A4,94 E1 0A 41 43 0E D2 0C
11.400000000,0x316,A4 13 8D 19 F9 75 2C D0
11.400000000,0x427,FC 41 B9 2C 26 AB C7 DF
11.410000000,0x1A4,39 09 19 41 52 F8 2C DA
11.410000000,0x316,5E 9C 62 4A 39 07 37 5C
11.410000000,0x427,EF 66 35 CD 44 92 40 AD
11.420000000,0x1A4,A7 92 2D 41 97 05 0E 6D
11.420000000,0x316,7C F8 10 BD 0A B1 AB 1D
11.420000000,0x427,CF D1 51 18 4C 40 EB D9
11.430000000,0x1A4,45 A8 41 C1 7F 2D EA E3
11.430000000,0x316,34 63 BF 0B AB E2 79 02
11.430000000,0x427,AE 96 1C DA 76 D1 6D 23
11.440000000,0x1A4,8E A2 51 C1 37 CF AE A5
11.440000000,0x316,58 B1 A6 2B BE 1D 23 54
11.440000000,0x427,69 EA 86 5B 1A C3 FF E4
11.450000000,0x1A4,FC 0E 66 41 1E B9 80 F4
11.450000000,0x316,FC BE 2E 9F B7 EC AF 44
11.450000000,0x427,CE C5 E3 E0 4F 57 AA BB
11.460000000,0x1A4,5D A8 73 41 53 2A 64 5F
11.460000000,0x316,E8 7F A1 D0 3A AD BC 57
11.460000000,0x427,D4 87 D0 2E 1C 18 24 1D
11.470000000,0x1A4,F5 5A 81 41 75 CC 76 66
11.470000000,0x316,88 F1 59 F6 3F B8 DF 74
11.470000000,0x427,75 DA 96 45 6A FB F0 D5
11.480000000,0x1A4,09 40 9E 41 1B 72 9D B0
11.480000000,0x316,D9 9C C5 D9 D0 43 6E 7A
11.480000000,0x427,ED 2F C6 CC 0F 24 F7 6B
11.490000000,0x1A4,8E CD AA C1 C8 03 D9 E2
11.490000000,0x316,C6 43 02 CC C2 02 B2 2A
11.490000000,0x427,54 46 F1 1C 54 47 EC 21
11.500000000,0x1A4,56 30 B8 C1 3B 14 F6 B9
11.500000000,0x316,37 73 03 0F ED 1D 48 FB
11.500000000,0x427,26 84 45 F1 C3 4F 27 D8
11.510000000,0x1A4,1E 23 CE 41 3C F1 8C 1A
11.510000000,0x316,C2 CA 80 6A 20 28 46 E9
11.510000000,0x427,77 69 3B 97 2F 94 90 7B
11.520000000,0x1A4,88 39 D9 C1 DA 46 A6 91
11.520000000,0x316,2F 2C AB AD 14 70 2B 70
11.520000000,0x427,84 17 67 2E A6 AC 7F 9C
11.530000000,0x1A4,C3 58 EF 41 AE 4F 77 C7
11.530000000,0x316,6C 23 CD 5B 46 FC 81 9C
11.530000000,0x427,1F 80 60 07 13 C4 D1 DC
11.540000000,0x1A4,9D 0A 01 C2 45 6B 44 E1
11.540000000,0x316,82 53 AA D6 B3 EE 2E BA
11.540000000,0x427,FA A9 33 F9 3A 91 4A E4
11.550000000,0x1A4,AA A0 12 42 AA 1B AB 7B
11.550000000,0x316,CB 33 9F EB 5F 9D F5 7C
11.550000000,0x427,71 78 E9 1C 1A 5B 39 E3
11.560000000,0x1A4,E5 EC 21 42 CB EB D0 70
11.560000000,0x316,BA D7 C4 0B 81 CA 36 10
11.560000000,0x427,92 0F F9 42 0C 59 AC A7
11.570000000,0x1A4,F0 E5 31 42 E0 09 2A 03
11.570000000,0x316,63 94 5E B4 1E 06 4B DE
11.570000000,0x427,EA BF 8C AD 66 77 5A 86
11.580000000,0x1A4,0B C3 44 C2 5E 21 5E BE
11.580000000,0x316,EB 44 9F 93 06 39 49 B9
11.580000000,0x427,21 A4 A4 90 44 13 57 39
11.590000000,0x1A4,EA 5C 57 C2 E2 C7 AC F4
11.590000000,0x316,66 EB 7A AB 33 56 86 DF
11.590000000,0x427,F0 DE 9A 56 74 B7 E3 84
11.600000000,0x1A4,E0 16 6A C2 AF 9A 30 B0
11.600000000,0x316,0E 39 59 B3 8C E9 44 9E
11.600000000,0x427,F3 C9 61 18 D2 1E CF 6E
11.610000000,0x1A4,5A 0A 7E C2 0F DD 05 BA
11.610000000,0x316,E0 BD A2 3F 41 BE 5F 7B
11.610000000,0x427,DE 09 83 58 D8 F0 E8 A9
11.620000000,0x1A4,CC B4 89 C2 10 15 33 A4
11.620000000,0x316,24 46 87 62 CC 37 0E 26
11.620000000,0x427,2C DE CA D6 CF 6D 91 D3
11.630000000,0x1A4,DD A5 9F C2 D0 2A 5E E4
11.630000000,0x316,61 E9 DF FC D1 EE E7 9C
11.630000000,0x427,89 0B F8 0D 69 28 FB 02
11.640000000,0x1A4,23 C7 AD C2 2A F7 32 EF
11.640000000,0x316,70 64 2C 28 54 E0 6C 81
11.640000000,0x427,88 F1 4D D9 D9 51 23 78
11.650000000,0x1A4,47 3A BC C2 AB 09 EF 7E
11.650000000,0x316,EA 05 92 DE 80 E8 57 2A
11.650000000,0x427,58 5E 2A 13 74 B7 5D C0
11.660000000,0x1A4,13 A4 D4 42 D8 0E 15 52
11.660000000,0x316,14 16 AB 3D 35 86 B5 54
11.660000000,0x427,0A 6D 5B F8 4F 4E 35 47
11.670000000,0x1A4,C8 C8 E3 42 EB 1E C6 81
11.670000000,0x316,65 4B 03 39 07 47 ED 8C
11.670000000,0x427,8E 71 B0 A4 BA 64 EE 60
11.680000000,0x1A4,20 29 F5 42 A8 AE 2D D1
11.680000000,0x316,DC F5 28 3C F0 3D 2E 14
11.680000000,0x427,20 39 87 75 A1 5C B6 71
11.690000000,0x1A4,A3 75 07 C3 CD 6A B2 92
11.690000000,0x316,CA 96 B6 72 2F 78 88 16
11.690000000,0x427,6D 6E 49 DB 77 D2 9A 7F
11.700000000,0x1A4,7B 0E 13 43 88 68 E9 50
11.700000000,0x316,61 92 63 1E DA 3C 0D FB
11.700000000,0x427,0A DC 53 7F 11 FB C7 BE
11.710000000,0x1A4,02 74 23 C3 80 84 8C 04
11.710000000,0x316,36 D5 46 1A 4A D2 47 67
11.710000000,0x427,F8 04 8F 69 01 48 2C 09
11.720000000,0x1A4,46 23 38 C3 13 BD 91 8C
11.720000000,0x316,5E 1F 0B 00 BD C1 6E D3
11.720000000,0x427,3F EE 44 17 24 4F B2 CA
11.730000000,0x1A4,CE 10 4D C3 1A 64 92 F6
11.730000000,0x316,95 1E 7B 9E C8 B2 35 A3
11.730000000,0x427,BE 21 FA 4D C0 4E DE E3
11.740000000,0x1A4,16 6C 5A C3 01 07 F5 8F
11.740000000,0x316,04 34 F4 34 2E 9A 93 A7
11.740000000,0x427,96 BE E5 AB D7 0A CA 74
11.750000000,0x1A4,49 79 6A C3 82 38 42 57
11.750000000,0x316,2D 03 04 5D CC 94 47 D3
11.750000000,0x427,F4 FA E4 0D DC F4 0B D1
11.760000000,0x1A4,43 29 79 43 10 30 25 D8
11.760000000,0x316,47 7D 57 74 6F 28 FC 54
11.760000000,0x427,BD 0B 66 8F BF 66 75 C4
11.770000000,0x1A4,52 75 88 C3 12 66 96 99
11.770000000,0x316,F6 49 1F 79 29 E7 76 B7
11.770000000,0x427,2B 1C 3C A8 1B DF 00 5D
11.780000000,0x1A4,72 1B 9E C3 CE 2A D9 73
11.780000000,0x316,90 A2 30 1D E4 A1 F1 18
11.780000000,0x427,D0 CA 62 C2 B9 57 AE A8
11.790000000,0x1A4,38 6B B4 43 B9 FA 8F 00
11.790000000,0x316,1E 2E 63 57 52 63 EA 5A
11.790000000,0x427,34 45 73 D4 6F 9E 37 A2
11.800000000,0x1A4,3C 20 C5 C3 7F 14 C7 CC
11.800000000,0x316,5C 6F BF 4A 21 73 35 8C
11.800000000,0x427,89 D0 A0 85 4E 47 B7 5F
11.810000000,0x1A4,2F 91 D4 C3 19 EF 37 1B
11.810000000,0x316,38 1D B8 0B 3C BD 99 E5
11.810000000,0x427,09 16 06 2A B2 60 0F 7E
11.820000000,0x1A4,55 7A E4 43 B9 04 64 D2
11.820000000,0x316,D5 E1 83 B7 87 31 15 BE
11.820000000,0x427,CF 18 B8 B8 4D 09 C2 68
11.830000000,0x1A4,53 D4 F1 43 A7 1A 19 41
11.830000000,0x316,1B C8 60 9C D8 E8 27 32
11.830000000,0x427,31 D8 02 30 60 32 E9 1E
11.840000000,0x1A4,0B A7 02 C4 05 69 29 DA
11.840000000,0x316,5C DD 94 64 BA DF 30 37
11.840000000,0x427,85 F7 00 75 FA FA 15 D3
11.850000000,0x1A4,F7 2A 13 C4 1F C5 C9 30
11.850000000,0x316,B9 69 7F B7 38 D0 82 56
11.850000000,0x427,25 89 96 1B 10 8A D4 C1
11.860000000,0x1A4,9D BA 2A 44 8E 72 E7 0B
11.860000000,0x316,67 65 37 ED 06 0C 1C A2
11.860000000,0x427,E8 2F 64 D6 AB 7B 11 AC
11.870000000,0x1A4,2D 53 3C C4 F1 4A 8B 1F
11.870000000,0x316,57 4E AB C5 71 03 4A E4
11.870000000,0x427,FB 44 54 73 39 5F 17 75
11.880000000,0x1A4,31 9E 48 C4 82 6C DD 96
11.880000000,0x316,93 E3 C8 F4 A8 17 13 81
11.880000000,0x427,61 81 77 22 72 2F BF F6
11.890000000,0x1A4,E5 3B 5B 44 44 45 1C 01
11.890000000,0x316,26 F5 C5 87 23 84 78 BC
11.890000000,0x427,51 30 6F 0C 88 3D A0 8D
11.900000000,0x1A4,01 5D 68 C4 31 A9 CC 6E
11.900000000,0x316,12 A7 BC D6 8D 78 CA 95
11.900000000,0x427,D7 6D A1 7B D4 91 A3 EC
11.910000000,0x1A4,D3 1A 7A C4 F9 F4 F4 C7
11.910000000,0x316,0C 4B D1 EB 68 A7 01 E9
11.910000000,0x427,95 23 5D 2D 26 F7 1A B1
11.920000000,0x1A4,FA 23 8C C4 00 58 74 2C
11.920000000,0x316,A5 B2 01 BB 52 D7 B3 D0
11.920000000,0x427,FF A0 DD 20 3C 83 82 1A
11.930000000,0x1A4,02 03 A5 44 61 59 53 A8
11.930000000,0x316,40 62 BD 99 2A 5A 2D 9B
11.930000000,0x427,33 5B F8 E1 59 5A 64 52
11.940000000,0x1A4,57 5C B5 C4 E7 CF A2 E1
11.940000000,0x316,3C 40 79 62 CC 9C 2D 6B
11.940000000,0x427,C4 8F C0 FA AB 02 E7 9B
11.950000000,0x1A4,E1 17 C1 C4 A6 B2 48 B1
11.950000000,0x316,4A FC 2A C3 D4 93 8C 3F
11.950000000,0x427,25 61 0A 46 D0 CE DA 65
11.960000000,0x1A4,E8 10 D6 C4 2C 98 C5 57
11.960000000,0x316,13 24 72 F8 03 F5 4E 4B
11.960000000,0x427,23 B2 ED 73 52 2A 07 CE
11.970000000,0x1A4,06 A8 E4 44 D5 C3 5F 23
11.970000000,0x316,F9 AF A9 69 D1 0A 3F 9A
11.970000000,0x427,CB 22 34 B3 86 86 ED E2
11.980000000,0x1A4,34 E7 F0 C4 9E BD 25 83
11.980000000,0x316,33 92 85 4C D9 B9 D3 D7
11.980000000,0x427,93 21 95 B3 1A 03 3D 8C
11.990000000,0x1A4,6D 54 07 C5 27 75 5C 50
11.990000000,0x316,D5 65 3D B6 8E 25 A0 BC
11.990000000,0x427,21 B8 7D EF 72 85 B7 8D
12.000000000,0x1A4,7A FA 10 C5 0A C3 A3 37
12.000000000,0x316,86 77 6D 33 2D BB AF 35
12.000000000,0x427,64 72 C9 9F AC E7 E1 B6
12.010000000,0x1A4,F5 6A 2B 45 0E C2 C5 AF
12.010000000,0x316,E6 28 65 58 27 39 D3 EB
12.010000000,0x427,11 AF 20 AC 3D C6 F6 21
12.020000000,0x1A4,91 CD 38 C5 9A 8A DC B5
12.020000000,0x316,A1 0F 6C A6 F2 5C A5 F9
12.020000000,0x427,F8 E1 54 F5 12 22 85 2D
12.030000000,0x1A4,09 29 4F C5 A0 B8 E0 8A
12.030000000,0x316,F2 6D BE B1 58 66 0A A3
12.030000000,0x427,4D 96 87 52 36 AD D9 B5
12.040000000,0x1A4,D9 32 5B 45 FF 26 C2 C2
12.040000000,0x316,BC 41 2C 5A 86 98 F1 8F
12.040000000,0x427,FF 85 F9 7A BA CA 32 95
12.050000000,0x1A4,3A 58 6D C5 68 0F 53 F1
12.050000000,0x316,01 D1 CA AA 93 A9 CA B5
12.050000000,0x427,68 D5 DF 6A 9A 38 9B AC
12.060000000,0x1A4,1C 53 7C C5 EB 66 D4 E4
12.060000000,0x316,18 4A 65 D7 B1 DA AD 88
12.060000000,0x427,6E 93 32 49 01 59 A2 E0
12.070000000,0x1A4,7C B9 88 C5 5D 83 21 6C
12.070000000,0x316,FC 0F ED CE B3 ED 44 03
12.070000000,0x427,EF A1 D1 85 1E A6 41 1B
12.080000000,0x1A4,34 3C 98 45 8A B7 80 61
12.080000000,0x316,BC 21 34 25 F5 AA 95 0D
12.080000000,0x427,2F C7 95 AB 98 A6 7D 0E
12.090000000,0x1A4,0A CE B4 45 06 B0 58 44
12.090000000,0x316,0C 20 0C C0 46 A3 18 C9
12.090000000,0x427,C4 0F 33 29 7E C7 C8 FB
12.100000000,0x1A4,FC A2 C7 45 2F AB F2 AE
12.100000000,0x316,24 C4 24 40 BC 54 7C 25
12.100000000,0x427,00 BA E1 D6 1A 62 E1 0F
12.110000000,0x1A4,EB D2 D2 C5 92 A5 CB C8
12.110000000,0x316,09 55 8E 4B 29 67 39 34
12.110000000,0x427,75 88 EB C0 05 41 8A 8A
12.120000000,0x1A4,2F 3B E5 45 B1 9C D2 5B
12.120000000,0x316,A8 05 64 D0 C6 3B DD 73
12.120000000,0x427,31 21 3C 1A EE 4E B9 9D
12.130000000,0x1A4,FB 90 F7 C5 C4 45 EF AC
12.130000000,0x316,18 61 4F BD A1 B1 D7 8F
12.130000000,0x427,71 40 66 DD 7B 35 6C 39
12.140000000,0x1A4,DA C2 06 C6 BC 9E A9 A5
12.140000000,0x316,4A 6D AF 8F 88 13 8E 63
12.140000000,0x427,99 0E D3 3C C7 CD CB 82
12.150000000,0x1A4,D6 5A 10 C6 31 4A FD CB
12.150000000,0x316,17 95 7F CC 3C 7A 35 B2
12.150000000,0x427,DE AF A2 49 35 42 64 B1
12.160000000,0x1A4,23 40 24 C6 90 DF 06 0C
12.160000000,0x316,CD 1B 2E ED 3C 66 AF 61
12.160000000,0x427,15 C8 36 63 B5 15 A4 6A
12.170000000,0x1A4,97 6B 32 C6 45 AD C1 C9
12.170000000,0x316,99 84 CF F9 CC E8 65 AF
12.170000000,0x427,4E 17 0A 50 7C D8 40 F7
12.180000000,0x1A4,B7 09 48 C6 06 FB C5 0D
12.180000000,0x316,9D B0 51 03 A8 27 61 BE
12.180000000,0x427,70 E4 57 40 2D 86 FD 33
12.190000000,0x1A4,82 21 5D C6 6B F3 6C DE
12.190000000,0x316,9B B1 EA C7 34 1B 46 DC
12.190000000,0x427,3A 0F C0 DE F2 A1 6C 71
12.200000000,0x1A4,36 CC 69 C6 D6 8B BD 39
12.200000000,0x316,C2 2B 57 E9 7D F6 3F A2
12.200000000,0x427,14 92 62 B4 5B C5 A4 B5
12.210000000,0x1A4,6E 3C 7B C6 24 48 24 5E
12.210000000,0x316,10 BD 4E C1 F2 6B A0 96
12.210000000,0x427,3F F8 EE 8B A2 0F 0B BD
12.220000000,0x1A4,A2 91 8F C6 3D CC 4B 32
12.220000000,0x316,94 8D B1 C6 63 FF 93 B9
12.220000000,0x427,B6 B2 DB F6 EC 10 89 31
12.230000000,0x1A4,2E 3B 9F 46 E9 88 E5 72
12.230000000,0x316,82 C8 6B 2D D8 98 C3 FB
12.230000000,0x427,19 BB C2 AE 65 66 10 13
12.240000000,0x1A4,6A B2 AD 46 20 C7 64 F6
12.240000000,0x316,67 D6 7D 2C 59 2B 2E BC
12.240000000,0x427,AD 77 8B 83 AD F8 8D 1E
12.250000000,0x1A4,3C 10 B8 46 43 01 67 0A
12.250000000,0x316,20 B0 B2 6D 6A E6 73 47
12.250000000,0x427,5A 3F 7D 8E D2 34 A5 43
12.260000000,0x1A4,4D 0A CC 46 11 A2 32 29
12.260000000,0x316,3A 1C 80 95 E8 62 94 D8
12.260000000,0x427,11 BD 48 41 A7 F5 71 01
12.270000000,0x1A4,4C C3 E7 46 80 7D 61 77
12.270000000,0x316,9D 32 AE B5 F4 A2 FF EF
12.270000000,0x427,A0 58 A1 27 F7 8B 39 0A
12.280000000,0x1A4,D4 1A F1 46 84 94 BA ED
12.280000000,0x316,AD E1 97 52 55 26 CD 98
12.280000000,0x427,B6 DC 04 0D D5 A4 0E C6
12.290000000,0x1A4,FE 93 00 C7 91 07 18 A0
12.290000000,0x316,BC 87 98 9D 94 05 D8 D7
12.290000000,0x427,1F A3 71 A9 75 7B 18 4D
12.300000000,0x1A4,10 BF 14 47 36 6C 37 CA
12.300000000,0x316,86 F5 9A 92 27 4C D7 8C
12.300000000,0x427,4A 7F AB 5B C5 50 A8 12
12.310000000,0x1A4,E0 48 26 C7 6B 9E 2A B5
12.310000000,0x316,2C 35 5F 51 8A 4A 80 86
12.310000000,0x427,3B 6E 4F 38 B7 25 FD F4
12.320000000,0x1A4,9E 0B 32 47 26 74 46 85
12.320000000,0x316,57 03 74 11 4B 38 48 C9
12.320000000,0x427,C9 E0 50 81 2A 81 CC 28
12.330000000,0x1A4,41 78 42 47 1A 4D 07 8B
12.330000000,0x316,3D 30 7B 89 43 57 46 67
12.330000000,0x427,63 BE 89 17 C5 78 72 59
12.340000000,0x1A4,FE 6F 50 47 EE 49 26 E2
12.340000000,0x316,F8 5A 9E 36 DC 49 D0 A9
12.340000000,0x427,6E 51 F6 54 C2 C6 C0 54
12.350000000,0x1A4,1B 3F 65 47 79 B0 27 4B
12.350000000,0x316,A6 07 EC 37 36 67 47 F3
12.350000000,0x427,1A 0B AE C0 39 A3 47 9E
12.360000000,0x1A4,9D C6 76 C7 96 3D 90 79
12.360000000,0x316,E9 36 23 FF 34 A1 B3 8F
12.360000000,0x427,26 3E DD D2 74 D6 8B C0
12.370000000,0x1A4,80 8B 83 C7 54 88 38 A6
12.370000000,0x316,9A F5 40 02 EE 6A 5E 1D
12.370000000,0x427,22 8D 3F AB 12 EF 93 58
12.380000000,0x1A4,A3 3F 9F 47 34 70 87 3D
12.380000000,0x316,7C 14 8D E7 CE 6F 6B A4
12.380000000,0x427,DF 83 1B 9D 12 D9 29 EB
12.390000000,0x1A4,BF 7C AA C7 FD 74 6B 3E
12.390000000,0x316,1E 43 7A F5 3C 65 35 0A
12.390000000,0x427,9C AF BB AE CE 9F BA E2
12.400000000,0x1A4,8D ED B8 47 9C A2 A1 61
12.400000000,0x316,21 8C 7A EA CC 31 D4 CB
12.400000000,0x427,4A B6 EA F1 9E 14 06 1D
12.410000000,0x1A4,F4 C3 C8 47 2A EB AF 41
12.410000000,0x316,1F FE 4C 8A 31 77 56 B9
12.410000000,0x427,30 7B 67 48 47 1D 53 06
12.420000000,0x1A4,BE 4F DD C7 03 73 51 84
12.420000000,0x316,43 BD 75 D2 B3 1D 3F C5
12.420000000,0x427,15 40 FD 5F 35 C2 A9 83
12.430000000,0x1A4,CE 65 ED C7 F9 7E 3C 82
12.430000000,0x316,5A 04 10 72 C3 3B 9F 7C
12.430000000,0x427,CF DC 39 0B A8 18 E3 4B
12.440000000,0x1A4,91 C8 FD C7 50 8D CA A6
12.440000000,0x316,F8 7D 48 31 4B 04 00 52
12.440000000,0x427,61 9A 8E 83 55 97 14 15
12.450000000,0x1A4,9F 02 0E C8 C9 99 90 18
12.450000000,0x316,CE 62 DA 2A AC A9 BC F8
12.450000000,0x427,77 84 CE F4 CF 33 F8 C5
12.460000000,0x1A4,EE B7 18 C8 4D 2D 80 88
12.460000000,0x316,D8 6A E0 01 B1 AF 7E A0
12.460000000,0x427,E5 C2 C2 10 54 C6 F5 35
12.470000000,0x1A4,3D 15 2B C8 6B DC 27 A1
12.470000000,0x316,D8 7C 09 C6 31 A5 92 36
12.470000000,0x427,41 6B 6D DD C2 B6 76 AF
12.480000000,0x1A4,9B FD 38 48 87 25 EE D5
12.480000000,0x316,9E F2 9A 1A D4 DC A0 34
12.480000000,0x427,93 42 AA 89 6C DF 28 D4
12.490000000,0x1A4,C6 F4 4E C8 8A 5E EE E0
12.490000000,0x316,93 CF E9 F9 0F C1 CA BD
12.490000000,0x427,E0 F2 73 C6 F3 BD 6B 6F
12.500000000,0x1A4,28 08 65 C8 14 D0 16 D1
12.500000000,0x316,76 87 93 F0 13 7D 76 12
12.500000000,0x427,A7 3C 34 BF BE 8C A0 AF
12.510000000,0x1A4,DC 75 74 48 41 AC 14 06
12.510000000,0x316,FA C8 8F 75 08 AE 84 B7
12.510000000,0x427,91 4C EB 54 E6 EA B2 09
12.520000000,0x1A4,18 C5 87 48 0C 62 C0 12
12.520000000,0x316,3E 83 E4 0D EE E4 90 2D
12.520000000,0x427,11 A9 51 CB FF 0A 7D 40
12.530000000,0x1A4,46 9B 96 C8 20 7E 08 12
12.530000000,0x316,83 BA 30 93 DE A4 55 D2
12.530000000,0x427,E3 FB 46 3A 85 6A 36 E9
12.540000000,0x1A4,BF C0 A6 48 2B 9F 5A 68
12.540000000,0x316,DD 1A 56 63 B5 F8 7C 73
12.540000000,0x427,2C EB 55 A1 D0 E7 89 67
12.550000000,0x1A4,8C BA B2 48 64 DE FF 50
12.550000000,0x316,79 F7 52 04 F4 64 B6 63
12.550000000,0x427,57 4E 5D AC 52 49 49 1E
12.560000000,0x1A4,D4 E7 C2 C8 82 97 82 01
12.560000000,0x316,FB 47 34 A4 7B A4 64 B8
12.560000000,0x427,DD 24 4C 9E B7 56 30 10
12.570000000,0x1A4,21 A2 D6 C8 9A A5 F6 BE
12.570000000,0x316,25 68 EA 95 09 FE A6 0B
12.570000000,0x427,21 01 6D B3 41 FE 26 D9
12.580000000,0x1A4,DF 38 E5 48 67 3C 92 5B
12.580000000,0x316,8B 89 94 ED 30 EC B9 80
12.580000000,0x427,EC B2 2B 1B 22 BB 32 4A
12.590000000,0x1A4,51 BF F1 C8 79 BE 95 AF
12.590000000,0x316,EB 51 25 4D 39 E6 47 9B
12.590000000,0x427,CA 34 25 16 E9 86 11 48
12.600000000,0x1A4,23 03 01 C9 13 9D 3B ED
12.600000000,0x316,43 8B 0B 70 FF 51 A4 61
12.600000000,0x427,74 24 26 65 96 9C 76 D2
12.610000000,0x1A4,45 27 15 C9 9A C3 E3 07
12.610000000,0x316,BB 41 57 79 AC D0 04 28
12.610000000,0x427,FD 57 91 88 CC 1E 49 38
12.620000000,0x1A4,27 E5 21 49 B4 43 2B BF
12.620000000,0x316,B7 16 18 64 B5 25 F9 CB
12.620000000,0x427,86 F3 27 CC BA B2 76 D9
12.630000000,0x1A4,5A 99 34 C9 70 B5 83 4B
12.630000000,0x316,E4 5B CB F5 33 D1 50 A2
12.630000000,0x427,6C 22 E2 24 40 6E 4D 4C
12.640000000,0x1A4,94 D0 4A C9 72 FF 10 E3
12.640000000,0x316,4B F9 06 EA BE 2F 22 F7
12.640000000,0x427,EA 3D 86 CB D5 D1 FC DD
12.650000000,0x1A4,FB 03 5D C9 85 6F DF A5
12.650000000,0x316,21 7B 85 5F 72 9E 17 F5
12.650000000,0x427,25 25 10 F3 76 BD DA 02
12.660000000,0x1A4,C1 C2 6B C9 BF B9 F0 DF
12.660000000,0x316,07 0D 19 8E FD 13 31 24
12.660000000,0x427,E0 56 8C 1F 04 A5 B1 0A
12.670000000,0x1A4,AF A2 79 49 9F AF 9D 92
12.670000000,0x316,F0 5F BE 98 C0 89 E2 64
12.670000000,0x427,F8 CB 82 89 B1 A0 2A 8C
12.680000000,0x1A4,D3 3D 8D C9 AF DF CA 15
12.680000000,0x316,55 3D 00 4E B5 06 C6 35
12.680000000,0x427,6A 5D 90 BF 5F 63 CE BD
12.690000000,0x1A4,B3 D0 9E C9 A9 07 D7 B9
12.690000000,0x316,61 A9 06 58 6C 64 34 36
12.690000000,0x427,91 B9 A3 69 1D 3D D7 E7
12.700000000,0x1A4,4F C4 AB C9 02 35 F9 D9
12.700000000,0x316,58 A7 36 83 47 F0 77 24
12.700000000,0x427,15 4E 34 29 A8 25 1A 2F
12.710000000,0x1A4,7E 8F BD 49 83 2B EC 9D
12.710000000,0x316,A9 11 B2 D5 7C AF B3 40
12.710000000,0x427,F6 5C BF 31 34 E7 57 1D
12.720000000,0x1A4,04 7A CD 49 45 35 C5 AB
12.720000000,0x316,71 85 B6 CC 34 17 3A 91
12.720000000,0x427,56 21 2D DA 4C 64 EC 0D
12.730000000,0x1A4,BD 8B DC C9 BF 46 44 C0
12.730000000,0x316,83 CA AF EE F3 A5 75 FD
12.730000000,0x427,CB 4C 8B FE B4 81 81 8C
12.740000000,0x1A4,E7 79 ED 49 96 63 09 A5
12.740000000,0x316,F0 D1 B6 8C 50 9A B9 12
12.740000000,0x427,9C 36 68 4A 96 90 F3 AB
12.750000000,0x1A4,84 AF FE 49 5B 10 2D 40
12.750000000,0x316,FC CA 23 19 8B F5 89 32
12.750000000,0x427,AA 37 C0 B9 B0 EA A1 94
12.760000000,0x1A4,A0 82 08 4A 9E 1E 98 F3
12.760000000,0x316,82 A5 B2 54 7C 6B 6D 5B
12.760000000,0x427,28 B5 D2 20 B2 06 DA AB
12.770000000,0x1A4,CB 13 1D CA 4E 58 0A 3C
12.770000000,0x316,94 8D 9C 19 6D BF FE 48
12.770000000,0x427,1D 96 98 9E BF FE DE 11
12.780000000,0x1A4,11 2C 2E CA 48 1F 89 31
12.780000000,0x316,43 6B 5A 51 DF 66 61 7C
12.780000000,0x427,F3 88 5D 73 01 7D 0E 54
12.790000000,0x1A4,1A 9E 38 CA 89 E5 CF A8
12.790000000,0x316,BA BF 40 4E CE 78 86 B1
12.790000000,0x427,36 29 8C 95 27 5B 03 27
12.800000000,0x1A4,20 04 48 CA 79 DC 1D 91
12.800000000,0x316,07 71 4F 5D 69 69 C5 CE
12.800000000,0x427,B0 35 FB 50 C0 AB 6A F5
12.810000000,0x1A4,AD 8D 5D 4A 8C F5 2B 2B
12.810000000,0x316,98 A9 3C 01 18 D8 2E 50
12.810000000,0x427,7C 55 05 3F 7C 05 21 C9
12.820000000,0x1A4,9A E8 75 4A 99 AE 52 B6
12.820000000,0x316,7E 98 64 BD A5 FE 0D A4
12.820000000,0x427,B0 D3 A5 6F 41 7D D4 46
12.830000000,0x1A4,E4 73 81 CA 53 46 07 5C
12.830000000,0x316,EF DD 61 22 67 F7 F8 AD
12.830000000,0x427,E0 1A A4 BB 3A 4F E1 54
12.840000000,0x1A4,2C 20 95 CA 67 43 DE 7A
12.840000000,0x316,27 3B 7D 76 E5 FA 02 72
12.840000000,0x427,4D 7D D6 5B AE 20 57 C6
12.850000000,0x1A4,44 66 A3 4A 1B 28 AA 7C
12.850000000,0x316,76 5D 3A 8D A9 74 DC 1B
12.850000000,0x427,F8 45 FF 2C B9 DE 42 A5
12.860000000,0x1A4,77 F3 B3 CA 5D 3A FC 14
12.860000000,0x316,EB BE 7F D7 3C 72 D6 47
12.860000000,0x427,6D A8 D4 DB 17 D0 91 D3
12.870000000,0x1A4,3D 26 C7 4A EA 0A 2C E4
12.870000000,0x316,24 DF E2 89 FF 5C 49 32
12.870000000,0x427,9C 58 63 43 73 94 C9 BB
12.880000000,0x1A4,A6 E7 D6 CA 7D 18 6A A0
12.880000000,0x316,D1 09 93 13 8F 8C 38 BA
12.880000000,0x427,5A 69 4D 13 60 01 61 E4
12.890000000,0x1A4,6A F4 E4 4A 3C 8D 7E D9
12.890000000,0x316,19 70 D6 81 27 46 B2 A1
12.890000000,0x427,4E 58 FC 07 07 55 09 D0
12.900000000,0x1A4,7A C6 F6 CA 97 D7 32 94
12.900000000,0x316,67 E4 B6 67 CE 4E EA C4
12.900000000,0x427,B4 9E 0C 97 E4 7B 77 36
12.910000000,0x1A4,EB 82 03 CB C9 4E 62 09
12.910000000,0x316,BE 43 35 8D 48 C0 B7 42
12.910000000,0x427,3E CE 20 8B 06 43 DC E4
12.920000000,0x1A4,45 A6 14 CB 92 47 28 8A
12.920000000,0x316,E3 CD DB 78 17 86 66 A7
12.920000000,0x427,80 53 73 C6 B4 CF 0C 26
12.930000000,0x1A4,3A 4A 26 4B 91 C5 7A 64
12.930000000,0x316,C4 9F 2A 39 21 40 35 E4
12.930000000,0x427,DA 48 AB C5 35 13 F0 96
12.940000000,0x1A4,CE C0 34 CB 33 1C 6F DB
12.940000000,0x316,C2 EB 7E 4A C9 0A 46 22
12.940000000,0x427,78 A7 F6 76 BF 9B 49 80
12.950000000,0x1A4,46 5C 42 CB 68 8C 2E 17
12.950000000,0x316,59 B6 93 65 1B 4B 26 5D
12.950000000,0x427,D2 08 8E 80 E9 22 B6 02
12.960000000,0x1A4,24 4C 55 CB D5 4A 27 3D
12.960000000,0x316,64 56 15 D9 B9 B8 C8 F6
12.960000000,0x427,B7 68 79 CE 36 BB 5A FB
12.970000000,0x1A4,2A 76 61 CB F5 37 25 AF
12.970000000,0x316,0C B9 74 2A D3 41 D8 C1
12.970000000,0x427,23 76 9E 83 61 55 EF 23
12.980000000,0x1A4,D4 80 73 4B E9 CC C2 28
12.980000000,0x316,6B 75 DC 2D F1 C9 FC 90
12.980000000,0x427,5C C7 DE F2 0C 17 D9 90
12.990000000,0x1A4,62 4F 87 CB 7C 2E 48 DF
12.990000000,0x316,99 84 BD F7 11 4D 6D 25
12.990000000,0x427,94 3D 65 BC 25 A5 64 BB
13.000000000,0x1A4,21 E1 96 4B 24 CA 6D F0
13.000000000,0x316,55 06 DA 5B 3C F4 58 0A
13.000000000,0x427,86 87 04 38 8B DA EF C2
13.010000000,0x1A4,A4 1D A6 4B 4B F6 53 3B
13.010000000,0x316,44 AB 17 10 75 E8 AC 43
13.010000000,0x427,E0 4D 93 5E DF A5 E8 3B
13.020000000,0x1A4,60 7E B5 4B 09 6D 28 AB
13.020000000,0x316,52 25 EF 34 5C 20 94 84
13.020000000,0x427,B1 BC 60 E8 04 27 9D CA
13.030000000,0x1A4,3D F8 C2 4B F2 11 5A 63
13.030000000,0x316,EB 91 3C 78 20 9F FB EA
13.030000000,0x427,5E 83 63 74 0C 64 AD E1
13.040000000,0x1A4,4A 53 D3 4B AB 31 37 0A
13.040000000,0x316,93 EE 07 FB C9 B7 05 A6
13.040000000,0x427,1F 53 F6 52 59 F4 6C 1A
13.050000000,0x1A4,0D 0F E0 CB 9A C6 EB F7
13.050000000,0x316,C6 B1 78 85 11 72 31 A2
13.050000000,0x427,83 C1 63 D4 EE C9 03 46
13.060000000,0x1A4,4C 30 F2 CB 7A CB ED BD
13.060000000,0x316,93 AE 68 43 90 30 21 94
13.060000000,0x427,83 86 5A 8B 06 04 F6 91
13.070000000,0x1A4,F0 6B 01 4C F5 C2 6C 60
13.070000000,0x316,F9 43 57 A7 FF 96 E6 60
13.070000000,0x427,E0 16 84 5D 98 1E 72 96
13.080000000,0x1A4,4B 10 11 CC FB 2D F2 E5
13.080000000,0x316,1F 4D E1 D5 0A 28 ED 13
13.080000000,0x427,04 05 44 84 90 F7 67 40
13.090000000,0x1A4,3A 15 27 4C 9C 2B 01 F9
13.090000000,0x316,39 0A 41 E8 F5 EC 0F 39
13.090000000,0x427,FA F0 30 84 46 46 E5 67
13.100000000,0x1A4,07 86 37 4C B1 6D 36 D1
13.100000000,0x316,3F DC 22 DE D9 09 54 58
13.100000000,0x427,82 F5 A2 7C 59 99 EB CA
13.110000000,0x1A4,1E 91 43 4C 45 B3 1D E3
13.110000000,0x316,34 92 AD 9A C1 62 B0 01
13.110000000,0x427,6D 63 78 80 0D FF CC E1
13.120000000,0x1A4,45 6D 53 4C 8B 33 9D 70
13.120000000,0x316,AF 24 65 2A DB AC E0 3A
13.120000000,0x427,C6 0D BC 13 05 FA B8 83
13.130000000,0x1A4,BF E8 62 CC C2 21 E3 47
13.130000000,0x316,20 FC 25 36 CA 27 76 26
13.130000000,0x427,E1 0C D9 2F 40 92 48 28
13.140000000,0x1A4,96 A4 72 4C 36 00 1E 9A
13.140000000,0x316,7E 26 A1 B7 C1 F7 23 D1
13.140000000,0x427,A7 E3 4A 1E 5B 7B 3E A9
13.150000000,0x1A4,21 FA 87 4C 46 1F 24 6A
13.150000000,0x316,6B 02 A9 CF 37 9C 89 54
13.150000000,0x427,C3 AC 62 B8 D5 C3 03 1D
13.160000000,0x1A4,D0 AC 94 4C F2 D5 DB AC
13.160000000,0x316,BB 98 93 7A 9A 21 A1 7A
13.160000000,0x427,BE B1 F0 35 9C 12 3E 97
13.170000000,0x1A4,54 6F A7 4C EA C7 B2 A5
13.170000000,0x316,99 68 57 D5 C4 B0 30 69
13.170000000,0x427,18 06 BF 05 66 2D 61 3E
13.180000000,0x1A4,DE 81 B3 4C 22 14 BD 20
13.180000000,0x316,19 03 D0 92 B8 18 A4 97
13.180000000,0x427,66 C2 3F 29 60 46 7D 22
13.190000000,0x1A4,A2 8F C1 CC 55 8F 3C 83
13.190000000,0x316,89 69 08 0A E4 50 0B E4
13.190000000,0x427,A2 3D 80 92 83 F3 98 25
13.200000000,0x1A4,D8 3F D8 4C 08 59 95 2A
13.200000000,0x316,CA 4D 1D 42 75 7A 25 EC
13.200000000,0x427,B6 F0 16 2E 6F 90 42 84
13.210000000,0x1A4,92 1B EF CC 39 FC CB 67
13.210000000,0x316,88 7E 6F 99 A7 5A 20 F8
13.210000000,0x427,C6 65 48 90 FD 3D 3B A3
13.220000000,0x1A4,53 48 FC 4C E5 F6 E5 E0
13.220000000,0x316,70 40 34 B8 5D 86 5C BA
13.220000000,0x427,C1 1F 68 A9 02 EF 40 D2
13.230000000,0x1A4,6D 7B 08 4D D7 3A 7F F2
13.230000000,0x316,39 9D F3 15 97 AA 72 37
13.230000000,0x427,C2 FD FE 72 E0 47 45 9B
13.240000000,0x1A4,77 8E 1E CD 5D 8D AE 78
13.240000000,0x316,B1 87 07 DE CD 9E 4E 7B
13.240000000,0x427,C9 43 AA 2B 05 3A 28 38
13.250000000,0x1A4,1A B5 2A CD 3E 04 28 69
13.250000000,0x316,FD 90 D0 99 4D C8 88 24
13.250000000,0x427,62 F5 6B CB 0A 4C 28 95
13.260000000,0x1A4,3B 38 39 CD 7E 3B 7A C4
13.260000000,0x316,A8 F5 8F 2E EB CD 8A 9F
13.260000000,0x427,88 BD DE A8 54 1C C4 82
13.270000000,0x1A4,EF A0 4F 4D 3B CF EF 2A
13.270000000,0x316,4F 4E 64 B9 0C E7 82 AF
13.270000000,0x427,FB 4D B9 57 CE 41 1F EC
13.280000000,0x1A4,82 9E 5E 4D 1B 69 B6 98
13.280000000,0x316,91 4C 31 97 3E B0 9F 11
13.280000000,0x427,82 13 D5 3A 9A 75 D2 60
13.290000000,0x1A4,57 A1 6D 4D 6A B9 D8 21
13.290000000,0x316,4C 40 CB 1B DB 72 3D 04
13.290000000,0x427,56 1D CD 33 1C 69 D0 85
13.300000000,0x1A4,75 33 7E CD 83 74 CA E8
13.300000000,0x316,AF B4 1D 81 F8 BA 32 AF
13.300000000,0x427,9E AF 77 6B 0A 6F 96 D3
13.310000000,0x1A4,78 A4 89 4D 35 C5 02 9B
13.310000000,0x316,09 06 A7 18 4E 8A 6B 2D
13.310000000,0x427,01 90 D2 79 D8 CB CF E6
13.320000000,0x1A4,C5 22 90 CD BA 65 8D 99
13.320000000,0x316,DD 4C FE 09 9A 65 B4 E0
13.320000000,0x427,AC 96 AB C8 0E CB 0B 88
13.330000000,0x1A4,D7 2E A2 CD BE 2E 9C C0
13.330000000,0x316,2F 8E 15 1E 2F 4C DB 17
13.330000000,0x427,40 24 74 7B 4D F4 CD A8
13.340000000,0x1A4,1F 3B B5 4D 0B 79 E8 E6
13.340000000,0x316,9D 50 7D 9A 7A A5 0E 8A
13.340000000,0x427,A8 77 D8 D3 1A A8 4E 00
13.350000000,0x1A4,C2 C1 C7 CD EF 63 0F F0
13.350000000,0x316,6E E8 5D C6 F4 10 B6 AD
13.350000000,0x427,1A 0D 34 A6 6A 93 76 6E
13.360000000,0x1A4,CB B0 D4 CD BC F2 B1 6B
13.360000000,0x316,7F 0E D1 5E 51 7C F4 DF
13.360000000,0x427,78 C5 1E 0B 11 B8 98 B2
13.370000000,0x1A4,22 0E E2 CD F3 13 D0 6D
13.370000000,0x316,65 9C BF 3A 4B 66 3C F0
13.370000000,0x427,A8 8B 63 CD 29 71 6C 7B
13.380000000,0x1A4,8D 50 F0 CD B4 AA C7 C4
13.380000000,0x316,18 B7 98 61 00 89 BB 59
13.380000000,0x427,FB DA CB 96 E9 A4 FB CD
13.390000000,0x1A4,FC FF 03 CE 7C 70 69 E8
13.390000000,0x316,10 3C F4 C2 08 1E 52 D6
13.390000000,0x427,E7 6D 5B B2 7C A7 7C 93
13.400000000,0x1A4,B3 F9 13 4E 82 DF EC 6C
13.400000000,0x316,CD 29 46 22 EB 17 28 41
13.400000000,0x427,81 ED 25 7A 05 54 0F C4
13.410000000,0x1A4,E1 F6 25 4E 96 5A FB E8
13.410000000,0x316,F8 E9 EA DB AD 11 75 15
13.410000000,0x427,14 2A 84 48 EB AF 29 99
13.420000000,0x1A4,D0 C1 33 CE D8 F4 31 8B
13.420000000,0x316,05 12 9D 68 D1 81 FF 41
13.420000000,0x427,7F AE 63 30 21 72 66 01
13.430000000,0x1A4,38 C7 42 CE 2F 90 5F BE
13.430000000,0x316,80 97 17 CA 76 3A D2 01
13.430000000,0x427,23 F7 F6 93 10 39 C5 85
13.440000000,0x1A4,F1 03 52 4E DC 1C 0F 85
13.440000000,0x316,31 78 D7 01 4D F5 01 60
13.440000000,0x427,B0 55 90 A7 D6 51 96 34
13.450000000,0x1A4,0A 7B 61 CE 5A C3 E5 CD
13.450000000,0x316,43 EF DE 50 36 12 AA 68
13.450000000,0x427,82 B6 BD 5C B6 09 49 1B
13.460000000,0x1A4,AB 91 77 4E 05 07 13 6D
13.460000000,0x316,3C AE CD A6 16 D2 DA 95
13.460000000,0x427,1D 13 EE 40 01 BF E4 42
13.470000000,0x1A4,99 C4 87 CE 89 2B 3E 89
13.470000000,0x316,96 87 6E 6C 95 3A 8E 90
13.470000000,0x427,F1 D9 9A 5D 4D 36 A4 9C
13.480000000,0x1A4,AF 22 93 4E 9B 84 E6 FD
13.480000000,0x316,E6 2C 3C AE 04 8E BF 65
13.480000000,0x427,BA D6 45 C1 9C 44 25 34
13.490000000,0x1A4,0F 52 A1 4E F6 BF 56 8D
13.490000000,0x316,85 5B A6 C8 7E 6D BC 8E
13.490000000,0x427,CF 01 83 7B 58 91 C0 2D
13.500000000,0x1A4,EB 46 B6 4E E7 C5 20 8F
13.500000000,0x316,B7 AB 0E 8E BF B4 D7 7B
13.500000000,0x427,4B 92 F7 40 B6 E0 0E FD
13.510000000,0x1A4,0B D1 C0 4E 35 F2 E0 93
13.510000000,0x316,1D BC 27 58 16 9C 31 C6
13.510000000,0x427,72 4B 9B B4 DC D4 EB 65
13.520000000,0x1A4,D8 3C D4 CE 5C 75 58 23
13.520000000,0x316,86 35 E1 DA 41 FF 23 DD
13.520000000,0x427,DF C2 C6 A8 95 67 7C 1E
13.530000000,0x1A4,42 C0 E0 CE C8 4A D2 3A
13.530000000,0x316,B7 0A 54 72 32 D9 79 C8
13.530000000,0x427,00 13 06 B3 6C BB 01 F3
13.540000000,0x1A4,BF 67 F3 4E 15 DC AB 19
13.540000000,0x316,85 BA E6 36 7F CD 22 82
13.540000000,0x427,DA 28 8B 66 C6 9C 3C C9
13.550000000,0x1A4,CC DC 03 4F 01 C0 04 CD
13.550000000,0x316,00 90 F2 8C 2E C4 30 9D
13.550000000,0x427,A7 5A 72 B2 9A 9D 3F AF
13.560000000,0x1A4,6F 2F 10 CF 1A 55 53 0D
13.560000000,0x316,5D 20 26 29 6C 4C 9C 63
13.560000000,0x427,7D 13 EE F6 62 CF C8 A2
13.570000000,0x1A4,1D BA 22 4F 96 26 EB CD
13.570000000,0x316,D7 94 51 17 C2 DE C0 D2
13.570000000,0x427,85 3E 34 25 FA 46 BF 78
13.580000000,0x1A4,32 47 35 CF 6A AF A9 99
13.580000000,0x316,5D E5 74 6F 6B 63 90 16
13.580000000,0x427,B6 93 67 10 43 FF 59 43
13.590000000,0x1A4,5E EF 45 4F 1E 0D EF 5E
13.590000000,0x316,FC 7B 7D 14 C7 50 E9 9B
13.590000000,0x427,70 55 AA 09 4B 7C 78 B9
13.600000000,0x1A4,7C 30 53 4F 16 5F 41 EE
13.600000000,0x316,7A CA 04 FC 51 A9 90 66
13.600000000,0x427,44 D9 2C 9D 97 19 FB A7
13.610000000,0x1A4,8A 9E 60 CF 36 0C 56 49
13.610000000,0x316,B1 CC 2B B6 E3 E3 A9 F6
13.610000000,0x427,40 F6 F3 98 A7 E5 B5 0E
13.620000000,0x1A4,38 6F 72 CF 0C 34 0B C6
13.620000000,0x316,A6 82 FA D1 87 91 DE 2C
13.620000000,0x427,A2 21 EA A3 12 ED 8E 7E
13.630000000,0x1A4,EB 78 80 4F BE EA BD 02
13.630000000,0x316,F3 15 A3 33 FF CC BE D9
13.630000000,0x427,7C 90 29 A8 CD 2F 46 EE
13.640000000,0x1A4,34 0A 95 CF 8B B1 A5 84
13.640000000,0x316,0F B9 37 49 17 E8 DA 31
13.640000000,0x427,4F 9F 9A 08 E1 90 B1 C8
13.650000000,0x1A4,26 CF A1 CF 84 43 B3 82
13.650000000,0x316,B0 5C 0C 84 0A 9A CD B2
13.650000000,0x427,F5 C9 4E 3B 56 17 7D 9D
13.660000000,0x1A4,18 3B B3 4F AF DC 8C AC
13.660000000,0x316,72 4D 3B 09 B5 EB 17 5C
13.660000000,0x427,1B EC 3F 3D 45 55 AF A7
13.670000000,0x1A4,99 D3 C2 4F 05 EE C3 F9
13.670000000,0x316,D4 4C 4E 28 81 54 3B 16
13.670000000,0x427,83 68 2F FF 71 CC A3 46
13.680000000,0x1A4,45 A4 D0 CF 54 49 41 66
13.680000000,0x316,16 93 66 5A DD F8 6E AB
13.680000000,0x427,70 19 28 65 7A A2 CB 67
13.690000000,0x1A4,8E 59 E1 CF 91 8A 47 33
13.690000000,0x316,24 C9 8A 84 77 0F EF 03
13.690000000,0x427,EB 26 A7 BC 03 91 20 B4
13.700000000,0x1A4,15 E5 F0 4F 38 36 4F EB
13.700000000,0x316,03 1C 15 17 A2 1A B2 8C
13.700000000,0x427,A4 95 D4 48 EF 39 E4 B9
13.710000000,0x1A4,56 77 FB CF 04 16 22 8F
13.710000000,0x316,2A 07 3E EA 1F 0F 3B 95
13.710000000,0x427,24 C5 1C 59 98 20 F4 58
13.720000000,0x1A4,39 05 0A D0 50 95 C5 D0
13.720000000,0x316,E0 37 C9 46 AB 80 EE 39
13.720000000,0x427,D1 A1 3A 9B B7 E9 8A F6
13.730000000,0x1A4,38 67 1C 50 1A 16 6B 74
13.730000000,0x316,E0 B9 01 EE F1 B0 69 67
13.730000000,0x427,48 16 2D 93 6B D6 30 01
13.740000000,0x1A4,12 F1 2F 50 72 14 CF 2C
13.740000000,0x316,8F F9 39 68 F5 D1 98 81
13.740000000,0x427,99 49 41 1B 2C 6C 02 8F
13.750000000,0x1A4,13 E3 3F 50 DB B1 CF 80
13.750000000,0x316,70 16 54 4B 3E 01 08 57
13.750000000,0x427,19 9B 6F F2 3E 4D F4 1D
13.760000000,0x1A4,75 9F 4D D0 89 C1 66 83
13.760000000,0x316,69 E7 EA F4 99 31 F8 41
13.760000000,0x427,DE F1 48 E0 4A 09 B4 89
13.770000000,0x1A4,BB 6C 5A D0 FF 8E 1B CB
13.770000000,0x316,C9 3E 2C 93 CE 45 09 40
13.770000000,0x427,CD 8E B6 B1 14 49 59 71
13.780000000,0x1A4,00 69 6F D0 50 55 88 60
13.780000000,0x316,54 D1 2B 90 31 2B CF 7B
13.780000000,0x427,F4 91 1C C5 FD 27 47 3E
13.790000000,0x1A4,FA C4 79 D0 E5 01 F4 56
13.790000000,0x316,A0 BD 13 F6 B2 A4 8D C6
13.790000000,0x427,30 17 77 75 14 FD 7C AE
13.800000000,0x1A4,54 C6 89 50 DC 95 82 E5
13.800000000,0x316,33 43 3A 96 C2 8E AD DC
13.800000000,0x427,9A 74 00 07 9E 65 62 7B
13.810000000,0x1A4,6E C2 9B 50 F5 79 00 42
13.810000000,0x316,79 3C 4B 11 BE DF F6 61
13.810000000,0x427,C1 A8 37 A2 47 5C E5 C9
13.820000000,0x1A4,2A C3 AB D0 DD F9 6A 38
13.820000000,0x316,3C 2B 4A AD EF 46 80 B3
13.820000000,0x427,8C B3 DC 3A 8F 60 D7 CC
13.830000000,0x1A4,03 BA BB 50 84 BF 94 69
13.830000000,0x316,AD 16 98 F4 5E 84 64 5A
13.830000000,0x427,D9 9E 39 84 C4 7B 20 89
13.840000000,0x1A4,08 38 CD 50 36 D8 68 B3
13.840000000,0x316,07 8E 09 D5 BB E2 6A 43
13.840000000,0x427,96 CF 8D 3F 67 CF 8B 49
13.850000000,0x1A4,5F 77 DF 50 67 51 20 66
13.850000000,0x316,62 77 77 AC 2C 94 B0 BF
13.850000000,0x427,72 F3 31 D2 75 D8 8C 57
13.860000000,0x1A4,F9 9F EE 50 47 16 F7 8D
13.860000000,0x316,EA FB 6F EE EB 3D B1 2D
13.860000000,0x427,D9 89 FF 79 7B F7 59 50
13.870000000,0x1A4,2A 76 F9 50 2B F3 F3 37
13.870000000,0x316,E8 E8 F1 E4 95 D4 DE 92
13.870000000,0x427,91 26 E2 44 29 F6 CA 2E
13.880000000,0x1A4,13 55 0E D1 A9 18 04 BF
13.880000000,0x316,C9 1E E0 AE 6A 35 25 EE
13.880000000,0x427,94 01 F1 E8 2D D1 AE 30
13.890000000,0x1A4,B3 6B 16 51 6D 63 B3 BC
13.890000000,0x316,BB 58 1D 33 F0 DF 1F 3C
13.890000000,0x427,4A 14 45 BC 69 6A F7 3D
13.900000000,0x1A4,60 0D 24 D1 58 9B F1 43
13.900000000,0x316,DF 71 EF 34 40 58 AD 3A
13.900000000,0x427,49 82 E8 33 DC A8 BE D5
13.910000000,0x1A4,37 0A 34 51 0A 08 1A D6
13.910000000,0x316,CD 5D 5C 9E 2A 9C 24 5B
13.910000000,0x427,57 53 EF 27 39 83 68 C7
13.920000000,0x1A4,5F FD 47 51 4A 5B B0 1E
13.920000000,0x316,1A 73 91 EB F9 C2 17 14
13.920000000,0x427,F5 05 02 AD 22 FA AD F4
13.930000000,0x1A4,0D 29 56 D1 C4 48 1F 7E
13.930000000,0x316,CF C3 23 9D CF 16 B2 01
13.930000000,0x427,37 82 A5 C3 EA 34 6A DB
13.940000000,0x1A4,64 09 66 D1 1E 09 3F F5
13.940000000,0x316,8C C1 D1 0A F8 38 17 D9
13.940000000,0x427,71 7E 77 7B 76 BC 06 5F
13.950000000,0x1A4,5D 10 74 D1 95 29 BF 50
13.950000000,0x316,C2 04 0A 7E 49 45 EB E5
13.950000000,0x427,D4 A3 40 FC 46 61 88 E1
13.960000000,0x1A4,E4 C6 81 D1 A7 B3 13 93
13.960000000,0x316,78 A2 67 DE 7D E7 54 46
13.960000000,0x427,6E 6B A5 7D B2 B0 D0 2E
13.970000000,0x1A4,22 4A 91 D1 04 B2 A6 C3
13.970000000,0x316,7D 6C 7F EA 74 A7 D9 82
13.970000000,0x427,B7 8D BF 47 43 6E DB 65
13.980000000,0x1A4,8D 12 A3 51 DE 19 0B C0
13.980000000,0x316,78 54 A0 93 18 BA D4 20
13.980000000,0x427,88 A7 DC 0D 01 99 96 86
13.990000000,0x1A4,1C F4 B4 D1 F0 40 55 6C
13.990000000,0x316,35 2F 73 7A 2E 31 8D F0
13.990000000,0x427,B3 C4 6F 8A 84 06 56 08
14.000000000,0x1A4,21 37 C2 D1 F8 ED E7 58
14.000000000,0x316,C7 A1 CA 64 D5 2E 43 DC
14.000000000,0x427,AD E3 B3 AF 68 A4 A1 C6
14.010000000,0x1A4,69 B7 D7 51 98 CC 0A 75
14.010000000,0x316,34 60 FC F9 E9 72 D0 1E
14.010000000,0x427,E8 27 C0 B2 89 17 A9 84
14.020000000,0x1A4,B6 2F E7 51 7F 85 CE 50
14.020000000,0x316,53 1A 70 B0 D5 B8 27 02
14.020000000,0x427,58 A2 06 03 B4 04 92 AC
14.030000000,0x1A4,4A DE EB 51 89 31 22 61
14.030000000,0x316,7A F4 BC 94 1B 9C CA 19
14.030000000,0x427,6D C9 4F 53 45 F8 91 5C
14.040000000,0x1A4,64 06 FF D1 CC AD A1 DC
14.040000000,0x316,FB BF 7B 42 E4 38 E9 2F
14.040000000,0x427,AD A6 6E 8C 0E 13 4A 43
14.050000000,0x1A4,D7 26 0D 52 1A F0 F7 44
14.050000000,0x316,EA 16 AA 78 7B 03 62 F5
14.050000000,0x427,7E 13 F3 9C 78 2B D5 57
14.060000000,0x1A4,8E 34 1D 52 77 F7 14 2F
14.060000000,0x316,58 64 AF 7F 46 85 87 6C
14.060000000,0x427,E0 74 E5 35 C6 AC 49 6B
14.070000000,0x1A4,0A E7 29 D2 D7 E6 8F C0
14.070000000,0x316,10 AF 4F 5F 3C C0 75 5D
14.070000000,0x427,55 1D B5 DA 8B 3C 8D 66
14.080000000,0x1A4,1D CD 3D 52 B7 F9 62 73
14.080000000,0x316,60 38 0D 2E 51 E8 47 92
14.080000000,0x427,13 56 92 21 6A 99 B1 FA
14.090000000,0x1A4,A7 B4 4D D2 0E 7A 9E AF
14.090000000,0x316,B6 59 83 3A BC CC 6E D0
14.090000000,0x427,3F 10 91 19 AF 5C 87 B8
14.100000000,0x1A4,67 62 5B 52 09 AF D8 CD
14.100000000,0x316,42 BA 5D 3C FF C3 2A 8E
14.100000000,0x427,41 E3 A5 6E A7 0C 37 DB
14.110000000,0x1A4,DE 92 69 52 FA 32 31 32
14.110000000,0x316,D4 03 56 25 30 41 CF CC
14.110000000,0x427,C7 B7 8A F5 EE 16 11 BD
14.120000000,0x1A4,19 C8 78 52 7E AD 15 79
14.120000000,0x316,3B 48 40 CE 9C 78 7E 02
14.120000000,0x427,6C 22 36 2D 56 C7 E8 6B
14.130000000,0x1A4,B6 A4 8D 52 6A BC 6C 22
14.130000000,0x316,D9 22 DD FE 9B 5E AD E4
14.130000000,0x427,00 9E 71 D9 83 68 72 A1
14.140000000,0x1A4,B8 91 92 D2 2D 15 B3 88
14.140000000,0x316,55 A4 76 B8 2D 80 D3 50
14.140000000,0x427,54 94 0B C9 3E 24 93 7C
14.150000000,0x1A4,4B 0A A7 52 82 D5 3F 40
14.150000000,0x316,20 4E E8 8F 28 C9 C6 DB
14.150000000,0x427,63 9A 5D 91 4E AD 36 0C
14.160000000,0x1A4,DB AA B5 52 90 69 56 19
14.160000000,0x316,02 70 C7 B0 13 C6 D0 29
14.160000000,0x427,47 8B 5E 0F C2 DD 28 37
14.170000000,0x1A4,99 61 C6 D2 F6 20 19 41
14.170000000,0x316,CC 7C FE 79 97 D9 C6 D6
14.170000000,0x427,6D A6 3E A1 94 3D A7 18
14.180000000,0x1A4,6E AF D1 52 51 A9 9D BE
14.180000000,0x316,06 0D AC 55 A0 3A 80 42
14.180000000,0x427,D6 01 68 5C 5F 0D 3D 5C
14.190000000,0x1A4,8E 19 E3 D2 06 C3 B7 8E
14.190000000,0x316,AA 5D 8D EE 7F 33 5D CF
14.190000000,0x427,4A 99 F9 41 CC 93 19 58
14.200000000,0x1A4,A8 ED F3 52 B2 29 69 69
14.200000000,0x316,9D 6B 09 1F EB 10 E1 59
14.200000000,0x427,18 DE 0B DE 8B 56 F9 AD
14.210000000,0x1A4,81 CE 06 D3 E5 07 07 9B
14.210000000,0x316,38 EB EE 32 0E B0 AC 93
14.210000000,0x427,A8 D1 6D 93 8E 95 5D A6
14.220000000,0x1A4,21 72 15 D3 EF 16 D7 89
14.220000000,0x316,A2 93 AE 2C 8F 32 B8 FA
14.220000000,0x427,4A 56 C2 C7 26 1E DC 48
14.230000000,0x1A4,18 6D 20 53 F4 1D 39 53
14.230000000,0x316,A6 5D 56 AC 1D 7E AC 82
14.230000000,0x427,DE 63 CC 7C 97 A5 55 C6
14.240000000,0x1A4,8F FA 34 D3 0D 03 6A 72
14.240000000,0x316,D6 F3 BE E3 FB 83 12 14
14.240000000,0x427,71 DE 8D 61 A5 11 19 9D
14.250000000,0x1A4,ED 9B 39 53 D3 74 B8 76
14.250000000,0x316,D8 E3 B7 A1 7B 5F E3 F4
14.250000000,0x427,CE C7 14 25 2E 22 46 DE
14.260000000,0x1A4,F6 3A 4E 53 F0 17 FD A3
14.260000000,0x316,FE 8C C6 CE 81 8B B6 ED
14.260000000,0x427,91 14 5F 56 47 2A FC 6B
14.270000000,0x1A4,4A 22 5B D3 67 5B C0 9C
14.270000000,0x316,07 D7 56 92 42 2F 9F 67
14.270000000,0x427,98 8F 51 D9 80 F0 35 E8
14.280000000,0x1A4,0F 9B 6B 53 EC AD 40 14
14.280000000,0x316,73 CC 78 29 1F D7 F7 57
14.280000000,0x427,A6 7D 6C 3A 43 5C 40 50
14.290000000,0x1A4,B8 EE 7E 53 DD DD 2B A7
14.290000000,0x316,78 54 96 4A 07 F8 DE B5
14.290000000,0x427,14 12 79 44 67 82 FA 9A
14.300000000,0x1A4,97 68 8F D3 74 8F 3C 65
14.300000000,0x316,E4 83 70 45 2C C5 3F E3
14.300000000,0x427,42 DC E4 71 02 EA ED C7
14.310000000,0x1A4,BB E2 98 D3 51 38 53 F0
14.310000000,0x316,EB 5E F8 5C 49 14 76 BF
14.310000000,0x427,CD 5F 40 96 97 0A 5C 85
14.320000000,0x1A4,C8 B6 AC D3 07 1E 46 73
14.320000000,0x316,E6 2F FB 69 0B 5C D5 2A
14.320000000,0x427,6D 2A 13 2F B1 A0 AD DA
14.330000000,0x1A4,07 F4 B9 53 9F 9D 02 20
14.330000000,0x316,03 4B 4F BA 1B 87 10 3C
14.330000000,0x427,4E 4F 7A A9 2D F0 6B 40
14.340000000,0x1A4,4B 80 C0 D3 47 9D 6E BE
14.340000000,0x316,AA DF 60 B3 9D F1 EE BF
14.340000000,0x427,67 1F 7F 14 64 03 E8 35
14.350000000,0x1A4,F9 A4 D2 53 9B C7 A4 65
14.350000000,0x316,96 D1 5E 1A 76 35 76 18
14.350000000,0x427,D5 B2 54 10 88 B5 D1 EF
14.360000000,0x1A4,4C E4 E1 D3 40 B4 22 79
14.360000000,0x316,66 27 66 8C 04 81 C7 0D
14.360000000,0x427,C4 D9 BF 06 5D E9 5B C5
14.370000000,0x1A4,C8 9C F2 53 74 BC 23 86
14.370000000,0x316,54 CD D6 C3 98 C1 FA FE
14.370000000,0x427,7D F3 4F 15 42 0D 9B 1A
14.380000000,0x1A4,5C 12 00 54 B3 F1 3B 9E
14.380000000,0x316,89 0F C0 27 42 6C 95 15
14.380000000,0x427,25 1D A3 A7 82 A7 7C EE
14.390000000,0x1A4,87 3F 16 D4 04 F6 CC 63
14.390000000,0x316,54 EA 32 4F 7E 12 B7 3A
14.390000000,0x427,CD 60 55 3F EB E8 D2 BC
14.400000000,0x1A4,02 B6 27 54 36 F6 72 71
14.400000000,0x316,DB 09 61 A0 91 84 5C 20
14.400000000,0x427,6D 60 9B 21 E5 95 D8 86
14.410000000,0x1A4,E8 19 31 D4 12 F7 AC 2B
14.410000000,0x316,D6 72 50 07 B0 EA FF 08
14.410000000,0x427,26 5B DE A9 8E F2 59 5B
14.420000000,0x1A4,76 21 41 D4 80 4A 4F EA
14.420000000,0x316,B0 64 40 53 54 E8 3E DD
14.420000000,0x427,E7 46 E5 79 DB FD 99 77
14.430000000,0x1A4,F2 63 48 D4 6A 30 F3 DE
14.430000000,0x316,3C B9 63 8A 6E D3 52 EF
14.430000000,0x427,BA F3 BC 45 8E 76 6D 8C
14.440000000,0x1A4,9F 5B 59 54 F1 E3 96 22
14.440000000,0x316,FB EB 33 F8 AE FC CF F2
14.440000000,0x427,B2 69 97 B2 18 C0 0E 8A
14.450000000,0x1A4,F4 45 6A 54 12 B2 40 97
14.450000000,0x316,27 47 FB 98 9A 07 E0 74
14.450000000,0x427,92 54 8C A1 B9 AB B8 BF
14.460000000,0x1A4,D4 23 7F D4 1E 52 96 E0
14.460000000,0x316,8F 49 61 90 52 AD 5A 6F
14.460000000,0x427,33 76 01 86 6A 0C C9 A3
14.470000000,0x1A4,92 1F 88 D4 B4 13 A6 88
14.470000000,0x316,F7 F6 45 4F 1F 30 AF E8
14.470000000,0x427,8F 05 E0 58 46 86 4D 7B
14.480000000,0x1A4,B0 B0 9F D4 FE 16 25 3A
14.480000000,0x316,13 54 01 CE 30 03 ED 16
14.480000000,0x427,DD C1 1D 71 0D 73 D0 4E
14.490000000,0x1A4,CF F9 AB 54 5A 30 86 69
14.490000000,0x316,E4 B6 82 42 C4 1A DD 27
14.490000000,0x427,75 F4 B6 4D 48 C9 B3 02
14.500000000,0x1A4,5A 0D BE 54 9B 0D F8 85
14.500000000,0x316,D5 BA BC D0 FC 84 1F C2
14.500000000,0x427,7D 05 13 D9 28 96 E4 22
14.510000000,0x1A4,90 D7 C0 54 32 40 69 49
14.510000000,0x316,6C 5B 1D 78 A1 3D FC 88
14.510000000,0x427,E5 11 21 02 25 B1 11 B0
14.520000000,0x1A4,3A FC D5 D4 8E 3B EF 7D
14.520000000,0x316,BF CE 6B F2 B3 A8 66 C1
14.520000000,0x427,51 11 21 7A 63 46 B3 4C
14.530000000,0x1A4,89 83 E6 54 08 01 10 C4
14.530000000,0x316,34 02 31 6E 72 6B 47 CC
14.530000000,0x427,E8 F9 FC 4A F5 3C D5 98
14.540000000,0x1A4,97 EE F0 54 9E F2 F8 CB
14.540000000,0x316,B4 09 D9 01 77 A2 57 8C
14.540000000,0x427,12 20 A7 5F 08 30 46 30
14.550000000,0x1A4,86 85 07 55 85 5F D5 E1
14.550000000,0x316,8B 7D 80 8F F1 33 E6 6F
14.550000000,0x427,E4 78 0E 65 34 31 F9 3F
14.560000000,0x1A4,89 07 14 55 FA 2C 06 B7
14.560000000,0x316,68 C1 B3 BC 25 A7 5F A5
14.560000000,0x427,6D E7 C4 63 50 C8 13 D4
14.570000000,0x1A4,EB 12 24 55 CF BE 78 38
14.570000000,0x316,EA AC 52 43 CC 16 47 14
14.570000000,0x427,50 E1 17 6C 5B 2B 15 A0
14.580000000,0x1A4,43 EC 2B 55 98 8E 40 84
14.580000000,0x316,0F C8 B8 C3 14 1E CA CC
14.580000000,0x427,84 C5 F2 E8 E7 BC FB 9C
14.590000000,0x1A4,2B 3B 3D D5 3D 0A A5 B1
14.590000000,0x316,05 96 44 AF C8 F3 98 45
14.590000000,0x427,02 95 E0 48 C3 47 01 A6
14.600000000,0x1A4,F8 74 48 D5 C1 7F 2D 88
14.600000000,0x316,67 15 0E CF 24 85 D1 44
14.600000000,0x427,94 11 B4 69 06 CF 20 30
14.610000000,0x1A4,53 CC 5D D5 93 DA 86 11
14.610000000,0x316,A3 3C B2 2E FE CA F9 22
14.610000000,0x427,E9 EA 22 4A 45 50 40 1C
14.620000000,0x1A4,9C 66 6B D5 14 5C 91 74
14.620000000,0x316,D0 83 23 9E B6 8D E8 73
14.620000000,0x427,03 95 AA 45 18 2C 52 B3
14.630000000,0x1A4,B4 CA 7C D5 78 73 F3 7D
14.630000000,0x316,19 F8 12 30 03 B5 15 52
14.630000000,0x427,C8 18 F7 04 C8 41 F3 26
14.640000000,0x1A4,E1 AF 8C 55 74 52 3F F8
14.640000000,0x316,EA D7 F3 88 AB 5E AA 05
14.640000000,0x427,2A 9B 99 2F 36 CA EA F8
14.650000000,0x1A4,64 98 96 55 88 A8 38 48
14.650000000,0x316,FB F8 E9 44 BB 91 02 20
14.650000000,0x427,CD 14 17 B7 86 12 3C 70
14.660000000,0x1A4,7A B0 A3 D5 C7 A9 19 02
14.660000000,0x316,15 78 99 3B 54 26 17 17
14.660000000,0x427,EF 34 93 26 FE 01 C5 03
14.670000000,0x1A4,C9 3A B3 55 76 A3 99 37
14.670000000,0x316,D9 99 87 57 1D 0C 95 6B
14.670000000,0x427,4E 7D C3 4F B5 4B 25 C9
14.680000000,0x1A4,89 90 C1 D5 35 DD 96 7F
14.680000000,0x316,4D 88 7A FF 0B E1 13 5F
14.680000000,0x427,72 06 B4 76 A5 51 6A B2
14.690000000,0x1A4,77 CF D2 D5 82 EC 1F 08
14.690000000,0x316,E3 2C 8B 54 25 80 89 14
14.690000000,0x427,78 A6 F2 D7 EA 53 25 C0
14.700000000,0x1A4,BE F1 E6 D5 16 03 66 25
14.700000000,0x316,70 87 58 0E 0D 94 39 44
14.700000000,0x427,69 30 91 C6 EE C0 75 64
14.710000000,0x1A4,74 44 F6 55 B9 A0 0E 8B
14.710000000,0x316,07 8A 5B 78 2B 95 7D 2E
14.710000000,0x427,9E 83 33 31 39 87 4C E5
14.720000000,0x1A4,65 1E FF D5 3D 35 05 40
14.720000000,0x316,E1 57 37 D1 8E 0E AF 61
14.720000000,0x427,91 53 08 D4 D6 C4 3A 03
14.730000000,0x1A4,55 DF 08 56 94 49 7F F9
14.730000000,0x316,CD 31 A5 C4 1C 6F F5 B6
14.730000000,0x427,57 FF BB 3F 61 1D 82 62
14.740000000,0x1A4,E6 05 1F D6 79 C7 97 F9
14.740000000,0x316,6B E3 65 71 7B 05 46 3F
14.740000000,0x427,75 99 D4 BC 69 DF 99 FE
14.750000000,0x1A4,76 21 2C 56 C5 73 FD 32
14.750000000,0x316,30 42 F9 75 19 1D 3E BC
14.750000000,0x427,E8 FD 5F C5 55 C8 0D 18
14.760000000,0x1A4,97 5F 39 D6 06 7E 7F AA
14.760000000,0x316,DC F1 6B FB 9C CA 5C 35
14.760000000,0x427,5C 18 0B 79 E7 8F 9D 63
14.770000000,0x1A4,EB 00 4B D6 2C 1D 12 F6
14.770000000,0x316,36 66 E6 4F 73 CD AB EF
14.770000000,0x427,E8 44 B4 52 51 C2 9A 28
14.780000000,0x1A4,87 E8 50 D6 D8 BE 6D BA
14.780000000,0x316,3C B2 CC 0A 0F 45 A6 BE
14.780000000,0x427,5B D1 FA EF 7E 45 B1 8C
14.790000000,0x1A4,5B 6C 63 D6 88 AA 44 1F
14.790000000,0x316,8E 1A D9 40 DC DC 31 7B
14.790000000,0x427,2D 0C 76 A3 BB 03 7F 4C
14.800000000,0x1A4,45 8D 77 56 D1 EB 44 5C
14.800000000,0x316,AC 7B 34 E3 64 9B 55 0D
14.800000000,0x427,28 AB 18 DD 6E 82 AC AA
14.810000000,0x1A4,7A F8 80 56 26 7D 28 F9
14.810000000,0x316,2F E1 E8 1C D6 41 68 3C
14.810000000,0x427,7C 52 06 A2 CE 37 25 6F
14.820000000,0x1A4,E0 50 93 56 2E 7A DB 03
14.820000000,0x316,CA 20 D8 2A 59 2B 5D CB
14.820000000,0x427,06 7E AE 46 8B B1 AE 95
14.830000000,0x1A4,0F 5B A1 56 5F B1 53 65
14.830000000,0x316,A2 53 05 CA 40 1A 3B 3E
14.830000000,0x427,09 3A 49 02 F0 90 05 F8
14.840000000,0x1A4,D5 13 A8 56 B9 76 C1 94
14.840000000,0x316,5D D5 91 C8 AB 15 D5 B0
14.840000000,0x427,D1 56 AB 79 34 69 3B B0
14.850000000,0x1A4,4F 5E B9 D6 51 8D AD 27
14.850000000,0x316,98 FB 13 5F C5 F3 52 C5
14.850000000,0x427,B0 27 E8 16 17 43 AC 3F
14.860000000,0x1A4,0A ED CE 56 93 B4 FA 7F
14.860000000,0x316,95 17 66 17 68 11 9A AF
14.860000000,0x427,73 82 5F 9E 9D D4 A2 56
14.870000000,0x1A4,18 1B DC D6 06 18 3B F8
14.870000000,0x316,17 A1 39 FF E6 88 72 C2
14.870000000,0x427,20 AC 08 A0 07 97 5F 0F
14.880000000,0x1A4,40 6C ED 56 D8 34 03 5B
14.880000000,0x316,4B DC 02 A5 D3 32 67 27
14.880000000,0x427,B1 3D 8A B3 97 73 4E 89
14.890000000,0x1A4,31 88 FD D6 02 05 7E 1B
14.890000000,0x316,73 3A 36 20 63 45 E3 7C
14.890000000,0x427,8E 90 90 3B EE D7 15 51
14.900000000,0x1A4,72 19 07 D7 E1 0D F0 8E
14.900000000,0x316,1E 30 DF C9 CB 84 07 A5
14.900000000,0x427,D4 ED B6 C1 AA D0 E9 58
14.910000000,0x1A4,2A E9 16 D7 41 BD 4C E4
14.910000000,0x316,A8 E1 4F 70 66 43 B2 BB
14.910000000,0x427,94 2C 66 31 08 61 77 05
14.920000000,0x1A4,C8 AF 22 D7 17 77 B5 60
14.920000000,0x316,76 DD B0 5B 3A 39 72 B9
14.920000000,0x427,CC CE 7D 22 FA A0 2D 40
14.930000000,0x1A4,13 C8 36 D7 D3 EB 1B 0A
14.930000000,0x316,BC C2 3C 7C BA 70 E5 B4
14.930000000,0x427,09 00 00 70 A0 3F 1C 8F
14.940000000,0x1A4,7C 6A 42 57 C3 9E F0 8A
14.940000000,0x316,5B 11 71 B2 58 AB 76 7D
14.940000000,0x427,21 26 95 30 7E 5D 13 91
14.950000000,0x1A4,E6 C4 56 57 59 B7 2A 8B
14.950000000,0x316,65 8D 00 59 FD BF DC 52
14.950000000,0x427,79 B9 7E BB 62 B7 E8 77
14.960000000,0x1A4,E5 A9 5B 57 19 16 1F DE
14.960000000,0x316,A5 53 D3 D4 BB 16 43 99
14.960000000,0x427,D2 F7 1A EA 62 B7 4D DC
14.970000000,0x1A4,01 0B 6D D7 14 44 0C 29
14.970000000,0x316,57 E5 A1 11 62 9F F8 87
14.970000000,0x427,F9 BF AF 27 DE D7 0A 73
14.980000000,0x1A4,07 34 79 57 00 6A C5 D1
14.980000000,0x316,9D DB 6A 43 06 B0 A6 8A
14.980000000,0x427,22 19 FB 5D 31 85 3E 74
14.990000000,0x1A4,A4 2C 8F 57 4E 8E A2 C6
14.990000000,0x316,05 AD 55 A3 2B 72 86 81
14.990000000,0x427,CC FF 08 61 6C FE D0 BB
15.000000000,0x1A4,D7 2C 9F 57 20 DB 07 E2
15.000000000,0x316,0A D3 CA 04 4A ED A6 9E
15.000000000,0x427,19 2A 59 DB 33 08 34 5D
15.010000000,0x1A4,98 05 91 D7 5D 40 C5 9E
15.010000000,0x316,AF 1D 21 3D 16 02 19 52
15.010000000,0x427,8A B0 93 B8 5C 2A 37 10
15.020000000,0x1A4,B4 A7 8D D7 31 01 98 F7
15.020000000,0x316,E9 0D F9 89 51 3E AD D1
15.020000000,0x427,92 99 32 63 DD 48 9B 30
15.030000000,0x1A4,BE 6F 81 D7 A5 C7 E7 AE
15.030000000,0x316,AA 61 5F 7F 54 26 07 C4
15.030000000,0x427,83 FE 2C 8D A2 29 75 27
15.040000000,0x1A4,DD 23 78 D7 D7 25 7B 48
15.040000000,0x316,96 EA 95 52 11 F3 E8 68
15.040000000,0x427,A2 47 12 A4 29 2B 70 52
15.050000000,0x1A4,A5 60 77 57 BD 40 A4 18
15.050000000,0x316,6A 78 F0 85 39 15 AD A8
15.050000000,0x427,29 EE 11 11 84 FC 34 0B
15.060000000,0x1A4,4C 3B 6F D7 70 A1 13 F0
15.060000000,0x316,E6 E2 38 21 BD 45 BB 2D
15.060000000,0x427,10 39 9D DF 83 8E 01 08
15.070000000,0x1A4,82 73 63 57 BB F7 67 1B
15.070000000,0x316,2A 3A 41 7C D1 C9 0D 31
15.070000000,0x427,42 EA 47 19 39 2B 25 08
15.080000000,0x1A4,B6 DA 5D D7 4F D6 49 A4
15.080000000,0x316,C0 B9 17 D6 48 36 7B 63
15.080000000,0x427,06 87 6D A8 C2 B7 6A 7D
15.090000000,0x1A4,8E 3A 54 D7 9E 87 BC 9F
15.090000000,0x316,CE 50 89 B3 FD F5 1D 97
15.090000000,0x427,0D 30 85 41 28 E0 90 0C
15.100000000,0x1A4,97 60 49 57 DC 49 81 38
15.100000000,0x316,D1 C6 1F 9B EE B3 C4 B7
15.100000000,0x427,D2 CB 24 12 6D 9C 59 03
15.110000000,0x1A4,70 4F 42 D7 B7 F6 C8 EB
15.110000000,0x316,0A DC 6F 35 B2 30 DF A7
15.110000000,0x427,26 C0 CC 7D AB DD AB ED
15.120000000,0x1A4,9A CA 3F D7 43 0B 03 D5
15.120000000,0x316,9D 0C 78 14 4F B9 D2 77
15.120000000,0x427,A6 A4 0F CD C0 0B 90 A3
15.130000000,0x1A4,2C 0C 32 57 5C A6 65 5C
15.130000000,0x316,33 64 DA 8E 8E 89 54 BE
15.130000000,0x427,D4 BF 30 F0 A8 42 F3 E3
15.140000000,0x1A4,B1 E8 2B 57 70 54 70 D2
15.140000000,0x316,66 48 7B 5E BE F0 53 CB
15.140000000,0x427,AA EA 5B B5 13 C0 EC 0E
15.150000000,0x1A4,EC 43 22 D7 B4 57 EF 9D
15.150000000,0x316,5B 7E 0C 44 C5 E8 6D 87
15.150000000,0x427,B8 3E 68 0A 71 1B FB BB
15.160000000,0x1A4,D6 F4 1C 57 FD F0 9E D5
15.160000000,0x316,5D B0 CC 4D 89 92 F3 13
15.160000000,0x427,B9 88 D1 F1 F2 39 45 37
15.170000000,0x1A4,52 03 11 D7 B0 FC FC 84
15.170000000,0x316,B6 CE DC 18 A4 E3 E9 19
15.170000000,0x427,2B DE A4 B9 ED FE 23 3B
15.180000000,0x1A4,4F F0 0A D7 EC 0E A5 62
15.180000000,0x316,5D 7A 80 30 B9 46 70 31
15.180000000,0x427,2C 85 B4 86 3C 0F 29 A8
15.190000000,0x1A4,01 EF 06 57 4A 55 ED 91
15.190000000,0x316,65 4D 15 A0 44 94 8F F2
15.190000000,0x427,95 40 CC 2D 4B D7 F4 8E
15.200000000,0x1A4,88 33 FB D6 54 5E E2 8E
15.200000000,0x316,A6 89 49 6A 6C F5 00 BF
15.200000000,0x427,24 FA 02 1B 6B 26 2B C4
15.210000000,0x1A4,C5 E1 F4 D6 15 AD 99 93
15.210000000,0x316,B5 7C A3 5B 69 8B AB AC
15.210000000,0x427,7D B6 6E 75 08 58 DA B3
15.220000000,0x1A4,A8 52 ED D6 5A C9 54 6D
15.220000000,0x316,57 C1 00 E2 74 74 A6 1A
15.220000000,0x427,F6 03 B4 2A 79 C3 DE CA
15.230000000,0x1A4,A4 77 E6 56 63 89 CA 8C
15.230000000,0x316,76 73 CC 66 DC 8B 33 81
15.230000000,0x427,49 3E 67 56 7E 02 54 A8
15.240000000,0x1A4,86 40 DE 56 88 B3 AD 88
15.240000000,0x316,A8 57 99 FF CC 13 94 99
15.240000000,0x427,D5 3E 69 71 24 2A FB EE
15.250000000,0x1A4,16 E9 D1 56 53 41 09 E7
15.250000000,0x316,63 FF AD 50 6F 21 D2 8C
15.250000000,0x427,A1 84 D0 FD 0A 95 31 FF
15.260000000,0x1A4,12 88 CC 56 54 5A 48 D8
15.260000000,0x316,90 02 29 5F 6D 54 8F 69
15.260000000,0x427,2D 96 A1 C3 09 12 1C A2
15.270000000,0x1A4,07 05 C3 56 71 E4 7E D3
15.270000000,0x316,F4 76 D2 B9 EF AD CD 52
15.270000000,0x427,93 FA C0 9B 59 FE 9F 3D
15.280000000,0x1A4,5C 40 BA D6 5E 29 AE 8B
15.280000000,0x316,85 FE C3 36 31 22 04 60
15.280000000,0x427,20 74 05 C4 8D 71 DC 8C
15.290000000,0x1A4,E9 F6 B7 D6 CF AF 9C BE
15.290000000,0x316,29 FC 0B 41 0B 85 29 5C
15.290000000,0x427,88 CF 2E F6 C7 B6 D0 73
15.300000000,0x1A4,97 58 AF 56 D9 0D B7 F5
15.300000000,0x316,30 BA A7 65 1A D2 0C 00
15.300000000,0x427,D6 AA EF B9 F8 AA DF 08
15.310000000,0x1A4,1F 09 A3 D6 CE D2 D3 48
15.310000000,0x316,B1 E9 83 98 AD 65 2C 04
15.310000000,0x427,08 0C 82 84 0A FA 94 22
15.320000000,0x1A4,DC 3F 98 D6 6A 4F EC E3
15.320000000,0x316,A5 7E 45 4D B1 7E AE 01
15.320000000,0x427,A2 AF E2 4C E1 45 01 FC
15.330000000,0x1A4,22 91 95 56 B4 A0 FE 36
15.330000000,0x316,7F 7E 10 DB CD 97 9D 50
15.330000000,0x427,9E 38 8E 05 39 89 82 C5
15.340000000,0x1A4,90 A7 8A D6 92 3F 7F F1
15.340000000,0x316,B7 6F 91 B0 28 B5 84 D2
15.340000000,0x427,64 20 A5 46 E6 ED 4A EB
15.350000000,0x1A4,5A DE 84 D6 2D B0 E2 82
15.350000000,0x316,85 30 6B 8E B0 4F 17 92
15.350000000,0x427,F7 40 09 ED 3F 27 55 92
15.360000000,0x1A4,7C 63 7B 56 83 33 23 18
15.360000000,0x316,1A 16 A9 09 BE CB DA 75
15.360000000,0x427,70 41 0C 5B AC A2 F6 27
15.370000000,0x1A4,32 B8 76 56 ED 43 D6 43
15.370000000,0x316,FB 24 F9 5D A0 7C BE E3
15.370000000,0x427,01 28 08 95 41 9F F6 3F
15.380000000,0x1A4,26 81 6D 56 2E 32 99 41
15.380000000,0x316,B8 8F A2 CF CB 9E E0 4C
15.380000000,0x427,10 18 87 17 5B 72 0B 92
15.390000000,0x1A4,83 2D 61 56 4C 3D AE 91
15.390000000,0x316,5B 4D FA EA 24 F8 A9 37
15.390000000,0x427,91 DA F8 BB 5D 7B C3 13
15.400000000,0x1A4,D5 92 64 D6 AF 04 1F 53
15.400000000,0x316,FE C4 FB CA 4A 4B 87 7B
15.400000000,0x427,67 56 43 2C 92 AE FF 7C
15.410000000,0x1A4,3A 6B 59 D6 64 71 26 E6
15.410000000,0x316,E4 4D 89 B0 ED D6 ED B3
15.410000000,0x427,6D F8 83 93 92 C0 CB D1
15.420000000,0x1A4,C9 1E 54 D6 55 C7 69 18
15.420000000,0x316,60 12 61 98 9A CC 6A A4
15.420000000,0x427,8B 92 E6 4C 46 2F 91 09
15.430000000,0x1A4,EA 02 4D D6 61 72 EF CE
15.430000000,0x316,13 54 87 93 8A 01 AD 61
15.430000000,0x427,2A 18 17 14 CD 11 B6 C7
15.440000000,0x1A4,55 F3 40 56 3F C5 FF EB
15.440000000,0x316,0F CD 59 C5 54 8F 9A 55
15.440000000,0x427,2E F4 11 59 CA 14 3A E1
15.450000000,0x1A4,DB 32 38 D6 B9 92 2E 6F
15.450000000,0x316,BD 2A A1 6A 72 9B 24 EE
15.450000000,0x427,DF 2D 2A DE 71 BE DB 1E
15.460000000,0x1A4,3E 54 32 D6 72 48 38 C5
15.460000000,0x316,59 2B 0A 3A 42 DE 67 BF
15.460000000,0x427,48 89 1C A7 BE 66 77 D9
15.470000000,0x1A4,96 70 28 D6 D8 36 BC ED
15.470000000,0x316,15 5D ED 02 D7 6C 46 A2
15.470000000,0x427,0E E8 04 C7 EA 70 D7 A1
15.480000000,0x1A4,65 AA 22 56 5B 54 DB 0D
15.480000000,0x316,D0 48 06 4E D6 FC 3D 86
15.480000000,0x427,94 EB 8A 0A 8E BA BE 51
15.490000000,0x1A4,AA D5 18 D6 BA 21 9E 90
15.490000000,0x316,4F E0 4A 26 CE 3C AB 53
15.490000000,0x427,44 64 9D 80 78 F7 A0 B2
15.500000000,0x1A4,FF 29 16 56 45 F3 37 27
15.500000000,0x316,C2 DD EE 0C E0 5B 73 AC
15.500000000,0x427,BA BB 48 BB A4 76 53 FF
15.510000000,0x1A4,EF F5 0B 56 FA 17 96 F8
15.510000000,0x316,CC E7 13 72 A4 22 BA C0
15.510000000,0x427,48 95 5A 98 EA E6 43 93
15.520000000,0x1A4,5A F1 05 D6 32 AD 0F 17
15.520000000,0x316,90 9A DA 38 15 56 93 6E
15.520000000,0x427,76 38 2F 4A D3 6E 4F C9
15.530000000,0x1A4,2E 50 FA 55 03 24 E4 25
15.530000000,0x316,32 24 D7 21 2D 1E 0F 56
15.530000000,0x427,35 AD 21 15 4E 9C D1 79
15.540000000,0x1A4,3A EE F1 D5 60 F7 CC BE
15.540000000,0x316,E6 A6 9F 0C 4C B7 53 8C
15.540000000,0x427,A7 66 31 66 E5 FF 36 43
15.550000000,0x1A4,83 BC EF 55 3C DE 05 66
15.550000000,0x316,C5 7A 77 80 33 CF 3A 6F
15.550000000,0x427,73 67 19 C6 75 A4 A7 B2
15.560000000,0x1A4,6E 44 E0 55 EA 96 14 C3
15.560000000,0x316,F8 E3 86 22 A3 BC 1D 7B
15.560000000,0x427,D3 08 2E 8F 80 3D B7 32
15.570000000,0x1A4,0E 77 DC 55 F0 9C 33 65
15.570000000,0x316,E1 C0 F9 A6 54 BA 42 92
15.570000000,0x427,53 90 33 32 34 AE A8 8F
15.580000000,0x1A4,F9 F7 D1 D5 CC 8D 40 FF
15.580000000,0x316,C1 B8 54 BC 54 1A 35 86
15.580000000,0x427,A6 F7 09 3F B7 5C 08 3E
15.590000000,0x1A4,9E 42 CF 55 A2 6C 29 44
15.590000000,0x316,F1 85 DA C6 B3 C9 18 6E
15.590000000,0x427,E0 1A CB 52 DD FC 4A AF
15.600000000,0x1A4,3E 50 C4 D5 61 EE 75 93
15.600000000,0x316,DF AC EF 16 EF C1 CE 1C
15.600000000,0x427,D0 A5 F7 AB 70 83 E0 69
15.610000000,0x1A4,2B 28 BD 55 3A 2E 82 5D
15.610000000,0x316,3D B4 2A 59 8A EF C3 30
15.610000000,0x427,C2 E8 1B 52 DE C8 32 58
15.620000000,0x1A4,2C 55 B0 D5 C5 F0 C8 A7
15.620000000,0x316,36 6B 32 06 58 D5 09 C5
15.620000000,0x427,B4 9B 08 4E 0D 50 54 2B
15.630000000,0x1A4,8E C1 AE D5 8A 03 87 59
15.630000000,0x316,B5 A8 C0 9D 15 55 53 D2
15.630000000,0x427,79 12 7B FD 47 0A 84 CD
15.640000000,0x1A4,6E AE A4 55 A3 DD 88 9F
15.640000000,0x316,1A 5C 54 25 00 36 C2 70
15.640000000,0x427,56 18 7D 0B 80 3C 99 EC
15.650000000,0x1A4,0B B7 9B D5 7F F9 C5 3B
15.650000000,0x316,F2 91 1E 33 CF B3 73 AF
15.650000000,0x427,38 B8 B2 5F 4B 0A EF 27
15.660000000,0x1A4,53 D7 9A D5 86 1B 7E BA
15.660000000,0x316,4C C0 4E DA 61 EF F7 15
15.660000000,0x427,ED 64 C4 1C C7 38 55 BD
15.670000000,0x1A4,17 34 96 55 E2 69 38 3E
15.670000000,0x316,B0 CA ED F2 07 04 FA 9E
15.670000000,0x427,46 28 3E ED 21 2A CE 25
15.680000000,0x1A4,D0 8D 8E D5 74 19 1B D5
15.680000000,0x316,8D 4C F4 D1 EB BA A5 49
15.680000000,0x427,61 06 84 03 F1 A1 E0 57
15.690000000,0x1A4,5E 90 84 D5 48 58 E5 CD
15.690000000,0x316,ED B6 7C 1C 62 37 1C 4E
15.690000000,0x427,2F 3C 37 73 96 ED 9F 78
15.700000000,0x1A4,05 D2 7A 55 70 DF F5 54
15.700000000,0x316,32 A6 81 35 A3 7D 71 BD
15.700000000,0x427,C8 B9 BA 89 F1 75 3D 36
15.710000000,0x1A4,48 53 74 55 16 75 E2 8B
15.710000000,0x316,A2 C0 F4 85 6E 46 17 C0
15.710000000,0x427,2A 69 37 42 04 29 7E 8C
15.720000000,0x1A4,05 9D 6F 55 0C AE 7F 9F
15.720000000,0x316,99 45 DC BA 2A 83 07 FE
15.720000000,0x427,29 58 2F 24 A8 2E F0 B1
15.730000000,0x1A4,66 9F 61 D5 32 20 13 AB
15.730000000,0x316,12 1C B5 04 6D 4B 69 60
15.730000000,0x427,D4 CF 3F 95 8A 41 F2 E7
15.740000000,0x1A4,52 FE 5C D5 34 4E DC 86
15.740000000,0x316,08 A3 21 0B 4C 96 65 41
15.740000000,0x427,8E 11 9A 2B 4A 5F 63 0F
15.750000000,0x1A4,88 1C 55 55 15 D1 60 33
15.750000000,0x316,DE 41 08 CA B9 92 4F B2
15.750000000,0x427,85 F0 32 9E 85 B3 72 45
15.760000000,0x1A4,B3 FE 4E 55 0E AC 07 77
15.760000000,0x316,26 36 9E A7 05 16 F7 F1
15.760000000,0x427,5D 30 22 02 92 8D 0C 11
15.770000000,0x1A4,94 3F 46 55 9D 31 0E A9
15.770000000,0x316,CA 98 74 45 1D 2A B9 A9
15.770000000,0x427,85 1B 22 DA A1 C4 B1 E9
15.780000000,0x1A4,90 56 3C D5 54 52 37 5C
15.780000000,0x316,67 9A 41 DD F9 C5 9E 1B
15.780000000,0x427,32 51 E2 04 7A FD E0 4A
15.790000000,0x1A4,53 9C 36 D5 68 A7 26 E2
15.790000000,0x316,12 CF 3F A6 AE 2F F3 62
15.790000000,0x427,C9 DD 2D 3B 4C B4 D3 FA
15.800000000,0x1A4,57 A2 2D 55 F0 B2 2F 82
15.800000000,0x316,6C 3D 03 FA 56 2A AE B5
15.800000000,0x427,FD A0 7F 19 C4 28 64 E7
15.810000000,0x1A4,F7 B8 21 55 98 D1 12 7C
15.810000000,0x316,94 D1 E4 DD 32 F7 DB 98
15.810000000,0x427,DE 5B 14 88 C2 85 88 16
15.820000000,0x1A4,CF 0C 19 55 2D 7C E9 32
15.820000000,0x316,EB A6 2A 80 A7 A3 7F F7
15.820000000,0x427,62 96 3E 75 FA 37 89 8F
15.830000000,0x1A4,9E 45 15 D5 99 61 64 B6
15.830000000,0x316,93 44 80 05 A6 36 2D 0A
15.830000000,0x427,40 17 55 3F EB E4 19 EC
15.840000000,0x1A4,F4 C3 0F D5 E1 BA 0F 4E
15.840000000,0x316,D3 D1 64 55 2A 3D 6C 7D
15.840000000,0x427,A5 D9 B5 64 FB 63 90 BE
15.850000000,0x1A4,0D 7F 01 55 C9 0A B4 04
15.850000000,0x316,58 91 C6 58 73 07 2F AF
15.850000000,0x427,D9 F9 16 5A B3 0F FA 5A
15.860000000,0x1A4,0B 23 07 D5 36 40 65 4D
15.860000000,0x316,4A EA 77 3C 57 7D F9 FE
15.860000000,0x427,43 37 6E FA 5F BB 84 FA
15.870000000,0x1A4,05 04 FA D4 62 F5 9F 46
15.870000000,0x316,FC 35 D8 CF 19 DE DF 0F
15.870000000,0x427,AD ED 33 A0 51 46 F7 41
15.880000000,0x1A4,79 FE F0 D4 8B 9C 1D 63
15.880000000,0x316,06 64 F1 E3 43 D7 FC FF
15.880000000,0x427,4B 93 9A D0 5A 56 88 FD
15.890000000,0x1A4,A9 13 EB 54 43 F1 B2 F1
15.890000000,0x316,4F 81 10 8E 2C 4B F9 F2
15.890000000,0x427,AA C8 BA 47 B6 C9 BF 39
15.900000000,0x1A4,FB 58 E6 54 16 4C 7F 57
15.900000000,0x316,1D 48 AD E5 2B 98 91 64
15.900000000,0x427,18 AE 2C A8 16 84 23 23
15.910000000,0x1A4,E0 BB D9 54 94 0C DA BA
15.910000000,0x316,65 53 D8 61 BF C3 4D 85
15.910000000,0x427,28 41 EA F5 C5 12 91 AD
15.920000000,0x1A4,ED 6A D1 D4 17 5D 69 DF
15.920000000,0x316,55 61 22 A0 E4 FD BF AF
15.920000000,0x427,44 B8 38 3A 8C 5B D6 6A
15.930000000,0x1A4,38 49 C8 54 CD 7A A9 92
15.930000000,0x316,9F 91 1A 27 42 CF 2C 6D
15.930000000,0x427,D4 1F 75 F8 11 51 F8 4F
15.940000000,0x1A4,31 6B C4 D4 93 74 F9 9A
15.940000000,0x316,32 01 4C 54 72 C0 FC 72
15.940000000,0x427,D6 D4 CF 8A 83 D1 BB 21
15.950000000,0x1A4,67 0B BE 54 80 72 08 A7
15.950000000,0x316,5F C0 79 23 9F 6D BE 94
15.950000000,0x427,11 2A 96 8A B8 CF 1D AF
15.960000000,0x1A4,7C AF B3 D4 6B 9A CA 33
15.960000000,0x316,97 8B D2 DC 5B 27 5B 23
15.960000000,0x427,CB 84 1A 4F 9A A3 43 B0
15.970000000,0x1A4,62 D1 AB D4 94 7A 0D E6
15.970000000,0x316,B2 1D 18 86 20 1A D9 E8
15.970000000,0x427,5B E8 9F 22 84 B1 18 6E
15.980000000,0x1A4,B3 43 A5 D4 6A 5C B4 E8
15.980000000,0x316,ED 83 CC F9 2E FF 21 C5
15.980000000,0x427,16 B5 28 25 CD CD FE A7
15.990000000,0x1A4,E5 0C 9B D4 83 A2 99 90
15.990000000,0x316,2E DC C7 EA 0A D4 75 28
15.990000000,0x427,86 6E 47 51 CD 42 5C 11
16.000000000,0x1A4,9A DA 95 D4 E7 2A 70 88
16.000000000,0x316,53 8D D7 F2 DE 40 2D B8
16.000000000,0x427,33 A1 4E 1E 4D 7C 23 2F
16.010000000,0x1A4,53 13 8E 54 69 F2 EA D6
16.010000000,0x316,CD F6 2F E1 FE FB 40 25
16.010000000,0x427,69 E2 21 BA 75 38 8C 07
16.020000000,0x1A4,8C 8C 8B D4 00 80 95 51
16.020000000,0x316,F3 52 50 E1 E4 B6 0F F9
16.020000000,0x427,0F 89 FE 69 0D F4 10 F6
16.030000000,0x1A4,AC CB 87 54 B7 38 A8 4D
16.030000000,0x316,EC BD 68 71 62 47 E0 BE
16.030000000,0x427,3E 74 0B EF 76 D5 5A D2
16.040000000,0x1A4,B0 B5 7D D4 48 6E 08 A3
16.040000000,0x316,5E 79 E9 EE 3B D3 03 BD
16.040000000,0x427,61 81 17 46 4A A8 E6 26
16.050000000,0x1A4,46 9D 73 D4 BF 6A 1C 30
16.050000000,0x316,6D 5F 55 1B B5 FD AC 21
16.050000000,0x427,E8 8B 4B 2F 27 ED B4 06
16.060000000,0x1A4,1B C2 6F D4 E2 95 67 FC
16.060000000,0x316,7C D3 AA 9C D3 34 F0 9D
16.060000000,0x427,A0 1B 51 44 A8 E5 08 9B
16.070000000,0x1A4,75 BC 61 D4 F5 C1 C3 9C
16.070000000,0x316,81 01 1D 3B 2C 18 AB 98
16.070000000,0x427,92 50 70 3B CF 12 1D 3B
16.080000000,0x1A4,5D FF 5F D4 20 79 AD 06
16.080000000,0x316,1D 8D F8 5B 63 80 58 14
16.080000000,0x427,EE 06 2A B0 71 B1 A2 C7
16.090000000,0x1A4,6D 9A 52 54 40 80 53 22
16.090000000,0x316,0D 58 98 80 F6 83 9C D8
16.090000000,0x427,CC 63 CE 9A 7A E2 00 78
16.100000000,0x1A4,B1 E2 4E D4 E8 1F 4A A6
16.100000000,0x316,A5 CD BB 5F 16 15 19 2F
16.100000000,0x427,95 27 25 DA ED 98 30 63
16.110000000,0x1A4,FD 60 47 54 38 08 4E 79
16.110000000,0x316,BA 08 34 23 60 E7 ED 29
16.110000000,0x427,F9 79 79 31 00 08 ED 39
16.120000000,0x1A4,34 32 38 54 84 4C 99 68
16.120000000,0x316,79 D1 B8 C3 EE 43 04 F8
16.120000000,0x427,62 F9 D7 03 4B 50 E9 EC
16.130000000,0x1A4,B9 75 35 54 D3 2D 40 F3
16.130000000,0x316,D8 40 BD 69 01 50 F9 38
16.130000000,0x427,DD BD 0B BE DA E0 DC AB
16.140000000,0x1A4,47 85 2D D4 B1 E6 EC 33
16.140000000,0x316,81 A5 FD C1 AF 2E 5E 34
16.140000000,0x427,77 4F EE 10 2B FF 54 2D
16.150000000,0x1A4,A0 A2 26 D4 66 28 67 F4
16.150000000,0x316,CC 17 52 FC B3 FE 74 70
16.150000000,0x427,92 2A FC DD 27 9A F7 9D
16.160000000,0x1A4,C3 E5 1C 54 33 C5 17 B0
16.160000000,0x316,01 5C 2C 53 C1 F5 E4 DD
16.160000000,0x427,18 AA 21 75 79 E5 38 E3
16.170000000,0x1A4,C8 39 1D 54 0B 4A 74 6D
16.170000000,0x316,36 59 A5 67 0A 02 B6 C6
16.170000000,0x427,7F 20 B5 0A 35 4C A1 9B
16.180000000,0x1A4,02 B4 16 D4 98 31 07 D3
16.180000000,0x316,99 33 60 61 4B 16 5F B8
16.180000000,0x427,CF 0C 1A 50 9A 0F E7 64
16.190000000,0x1A4,50 95 0B D4 12 6C 6B F0
16.190000000,0x316,8F 5F 12 BE D0 4B 6A 92
16.190000000,0x427,2E A8 03 98 D3 BD 41 89
16.200000000,0x1A4,0E 82 05 D4 B3 62 32 A4
16.200000000,0x316,0E 50 33 E0 52 B8 40 B4
16.200000000,0x427,95 94 73 C9 B5 EB DB 09
16.210000000,0x1A4,55 42 F9 D3 0C 27 FC 1B
16.210000000,0x316,A5 AF 9C 73 09 6D F7 74
16.210000000,0x427,1B EF B6 D3 15 56 B5 E0
16.220000000,0x1A4,FF C4 F3 53 90 2F B6 E0
16.220000000,0x316,F8 21 EF FE 31 9D E7 3E
16.220000000,0x427,76 B2 C9 84 D1 CA B1 89
16.230000000,0x1A4,6D C6 EE 53 2E 53 DC FB
16.230000000,0x316,4F 1B 34 BC E5 64 0C 0A
16.230000000,0x427,47 7D C5 8E 7E 81 2C 63
16.240000000,0x1A4,D8 E0 E0 D3 7C 84 E1 C3
16.240000000,0x316,E3 2E 72 A1 31 73 6C F6
16.240000000,0x427,60 A0 9E 0C 3A 08 9A 30
16.250000000,0x1A4,17 BB DA 53 45 9A 86 70
16.250000000,0x316,3F F1 E5 65 2B E1 67 E2
16.250000000,0x427,AE 42 F7 4D 52 B2 0F C6
16.260000000,0x1A4,7C F8 D6 D3 D4 B2 31 49
16.260000000,0x316,14 D9 1A 76 A7 DD 9E 2A
16.260000000,0x427,56 7B 26 6C 4B 17 5F 4B
16.270000000,0x1A4,33 5E CE D3 38 BC 45 EB
16.270000000,0x316,27 C5 F6 0D CD C1 A0 B0
16.270000000,0x427,73 1F 58 84 97 49 57 E7
16.280000000,0x1A4,C2 D0 C1 53 33 1C AD 76
16.280000000,0x316,87 E6 73 D4 84 E8 66 A5
16.280000000,0x427,7B 7C A2 73 FA 20 27 17
16.290000000,0x1A4,5C 61 BF D3 F4 1B 2B 80
16.290000000,0x316,3F D0 F8 1C 79 7F 05 2E
16.290000000,0x427,94 EC 5A C7 CB E6 DF 95
16.300000000,0x1A4,6B 71 BE D3 4C AE F2 E4
16.300000000,0x316,48 89 34 B2 10 56 E1 8B
16.300000000,0x427,56 75 A3 22 3F 05 A0 64
16.310000000,0x1A4,C7 05 B7 53 E3 55 CE 52
16.310000000,0x316,7C 41 6D 73 E9 A3 60 06
16.310000000,0x427,82 FC CA 2D AA 6B 24 74
16.320000000,0x1A4,39 EA AE D3 99 B9 88 E5
16.320000000,0x316,07 35 6F B6 A8 D0 52 E5
16.320000000,0x427,DC D0 B1 33 F1 B1 EE E1
16.330000000,0x1A4,6F 1E A6 53 B1 03 16 17
16.330000000,0x316,B8 64 05 40 81 90 F6 52
16.330000000,0x427,AA 64 14 B1 D0 1A 09 A6
16.340000000,0x1A4,84 CC 9B D3 8E E1 22 B6
16.340000000,0x316,71 85 E6 CB 2C 83 FB 29
16.340000000,0x427,D4 67 E7 B7 94 14 B7 BB
16.350000000,0x1A4,02 98 90 53 23 4F 58 17
16.350000000,0x316,C2 E9 39 1D 13 46 CB B4
16.350000000,0x427,57 C6 0B 73 F3 91 52 A2
16.360000000,0x1A4,BC DB 89 53 58 A6 D6 15
16.360000000,0x316,0D E4 18 86 9C 3E 10 B5
16.360000000,0x427,DF 8C 53 62 57 67 14 BA
16.370000000,0x1A4,09 57 83 D3 22 25 A6 F9
16.370000000,0x316,94 92 FC 82 0C C9 B0 9C
16.370000000,0x427,3E 12 23 F3 46 2F EF 28
16.380000000,0x1A4,28 15 79 53 D7 77 E3 8C
16.380000000,0x316,0A 76 6F 61 C9 6D 3D 0B
16.380000000,0x427,7D B5 AC C4 35 1E BF 2B
16.390000000,0x1A4,F2 65 71 D3 BA 37 CF 55
16.390000000,0x316,45 0E C4 90 F1 DE 0D DF
16.390000000,0x427,F6 FA D6 A8 8B 1A D8 DC
16.400000000,0x1A4,FB 47 6C 53 FF F6 80 29
16.400000000,0x316,59 E4 6A DE 28 FD 04 25
16.400000000,0x427,5A 36 CA 2D B9 75 E7 C4
16.410000000,0x1A4,8A BE 60 D3 35 AF 22 0D
16.410000000,0x316,AE B4 69 6B 2A 2A DD 4E
16.410000000,0x427,71 97 3C 4F 5D E1 EB BA
16.420000000,0x1A4,9F F6 64 D3 05 E0 01 F6
16.420000000,0x316,CD FA 3D 72 6E 85 ED 49
16.420000000,0x427,C8 36 5F A0 40 18 42 2E
16.430000000,0x1A4,6D 04 58 53 C2 D7 06 E6
16.430000000,0x316,9B A3 AE 21 BA FE DE F5
16.430000000,0x427,E7 16 EE 33 24 88 E7 00
16.440000000,0x1A4,17 1D 50 D3 C3 FA F0 C3
16.440000000,0x316,88 E1 CB 40 4E 0C 20 03
16.440000000,0x427,EF 9A 69 75 DE 85 64 7F
16.450000000,0x1A4,05 38 4C D3 85 04 A7 7F
16.450000000,0x316,45 E4 22 8B AC 57 B5 CE
16.450000000,0x427,26 DE 78 01 A6 D5 A4 9B
16.460000000,0x1A4,92 D1 40 D3 02 D7 53 7E
16.460000000,0x316,8C 98 E5 3C 5C 0B 85 37
16.460000000,0x427,6E AE BF 96 0E 11 D3 A8
16.470000000,0x1A4,CB 42 38 53 91 34 28 74
16.470000000,0x316,17 AE FF 68 6F BE 1E 71
16.470000000,0x427,7E E1 53 14 33 54 E9 99
16.480000000,0x1A4,BB 4A 30 D3 05 C5 AE 01
16.480000000,0x316,A9 85 A5 3E DC C0 D5 E1
16.480000000,0x427,64 94 1E 8C C9 68 32 47
16.490000000,0x1A4,B1 FC 28 D3 4F 40 EE A0
16.490000000,0x316,08 82 BB 8E B1 79 F3 D1
16.490000000,0x427,88 BF 43 D3 EE BC 27 35
16.500000000,0x1A4,54 F1 25 53 6E AC 51 2F
16.500000000,0x316,D6 1D F4 25 96 AB 18 0E
16.500000000,0x427,46 27 3D A7 27 5D 59 59
16.510000000,0x1A4,08 8D 1E 53 E4 41 37 25
16.510000000,0x316,70 8E 94 DA 22 78 4D 08
16.510000000,0x427,12 49 C0 AA 48 E2 FD 93
16.520000000,0x1A4,3E 1D 10 D3 8A EA 70 9A
16.520000000,0x316,4D AA 66 4C 2E B2 C3 54
16.520000000,0x427,E0 54 9E EB FB AE 73 16
16.530000000,0x1A4,D2 51 15 53 8E 0F E0 1B
16.530000000,0x316,5A B0 BD 6A CC 6D 65 FE
16.530000000,0x427,DA AF A1 2D ED 43 4D 29
16.540000000,0x1A4,71 1F 0E D3 C5 29 CD 48
16.540000000,0x316,DA 60 70 9C E1 5A 32 A9
16.540000000,0x427,4E 09 07 B1 25 29 29 B3
16.550000000,0x1A4,23 E3 07 D3 92 1C 81 92
16.550000000,0x316,48 FD 8C C9 4E D8 EA 8F
16.550000000,0x427,53 59 6B 2D D8 FE 5E F7
16.560000000,0x1A4,0C 05 F9 52 E7 67 D4 BF
16.560000000,0x316,80 22 37 94 B3 52 35 5C
16.560000000,0x427,37 76 75 EE 30 D0 2C 09
16.570000000,0x1A4,C0 1F F7 52 8E 33 BD C4
16.570000000,0x316,3A 90 9E 4C F9 73 A4 52
16.570000000,0x427,C1 90 5A 5E FF 82 C4 E5
16.580000000,0x1A4,56 2B EA 52 DD DE FC D1
16.580000000,0x316,73 9A 52 11 16 41 29 C2
16.580000000,0x427,47 18 65 6D CF 23 E3 D7
16.590000000,0x1A4,57 AC E3 D2 40 FB 9E 10
16.590000000,0x316,B7 15 F7 4A ED 73 87 78
16.590000000,0x427,CA 97 71 22 1D EA 3C 1F
16.600000000,0x1A4,57 94 DA D2 AF 28 02 DC
16.600000000,0x316,2A 4B 40 46 90 02 47 54
16.600000000,0x427,99 ED EC 86 D5 09 EC 69
16.610000000,0x1A4,DD 36 D7 D2 0A 6D B8 35
16.610000000,0x316,C5 E1 21 B2 71 5D 84 35
16.610000000,0x427,F1 8D AF 9C 63 2F E5 0E
16.620000000,0x1A4,3D 3B CB 52 C4 1C 45 92
16.620000000,0x316,FC 7C CF BA 91 AD B6 FA
16.620000000,0x427,CE BD 04 A1 AA 0B 69 87
16.630000000,0x1A4,9E 6F C0 D2 39 86 71 16
16.630000000,0x316,55 56 D1 7B 2D EC 5C B9
16.630000000,0x427,84 A5 4B B0 72 BB D2 9A
16.640000000,0x1A4,4B 86 C3 D2 51 7B C6 C9
16.640000000,0x316,71 BE 7C FC FC 36 F1 B4
16.640000000,0x427,79 1B 85 49 8B 62 53 6D
16.650000000,0x1A4,7A 3D BD D2 AA 49 09 D9
16.650000000,0x316,F9 64 05 51 90 14 79 42
16.650000000,0x427,0B 0A 80 86 00 8D 3C 93
16.660000000,0x1A4,24 EA B1 D2 A5 ED 8C 9F
16.660000000,0x316,F5 21 96 5A 14 C7 56 ED
16.660000000,0x427,5B E1 34 21 AE 1B 42 9D
16.670000000,0x1A4,C9 CD A8 D2 67 DE 13 7F
16.670000000,0x316,73 70 0B 85 F2 D9 AB BA
16.670000000,0x427,96 6B C1 A1 2C F6 6B 7F
16.680000000,0x1A4,95 C5 A4 52 17 CD D7 CE
16.680000000,0x316,73 66 0E 2E 77 C8 37 E2
16.680000000,0x427,0D 04 02 9C 3F A5 93 3B
16.690000000,0x1A4,4E F6 9D D2 EA 6C 5D 4A
16.690000000,0x316,5D A1 B0 FA 79 D9 8C 31
16.690000000,0x427,62 9B 67 00 B8 D2 42 1E
16.700000000,0x1A4,BF FF 93 52 BA BE 02 77
16.700000000,0x316,F5 31 1E A0 23 AA F6 CB
16.700000000,0x427,4F 61 30 1E 38 BA CA BC
16.710000000,0x1A4,04 1A 8B D2 38 A2 13 35
16.710000000,0x316,C5 3F B0 CC 03 D3 84 9D
16.710000000,0x427,DD 9C BD FF 2E 54 25 6A
16.720000000,0x1A4,A9 99 86 52 50 60 A5 0B
16.720000000,0x316,CF 68 73 55 44 AA 82 59
16.720000000,0x427,E0 63 77 8F 20 DE 58 CE
16.730000000,0x1A4,A8 6E 7B D2 63 C7 5B 36
16.730000000,0x316,AA 60 E4 02 D2 8F FF A3
16.730000000,0x427,1F 00 81 33 57 F5 A4 B0
16.740000000,0x1A4,04 B0 78 52 A3 81 21 41
16.740000000,0x316,BC 40 4A CA 4F B4 5D 11
16.740000000,0x427,96 2E CA 4E 7F 69 DF 4C
16.750000000,0x1A4,51 69 76 D2 7E 61 CC 8C
16.750000000,0x316,27 AC EC 52 BB 3F 5C C4
16.750000000,0x427,9D D1 91 01 E2 67 24 1D
16.760000000,0x1A4,22 EF 6A D2 12 07 52 55
16.760000000,0x316,02 79 63 57 1F 7D 63 65
16.760000000,0x427,EC 0E 72 B9 96 D7 A4 91
16.770000000,0x1A4,5E BD 61 D2 59 F4 C9 F5
16.770000000,0x316,94 3C 74 07 47 C1 00 D5
16.770000000,0x427,3B 07 F6 2C 58 01 AB 31
16.780000000,0x1A4,B9 9E 5C 52 37 93 75 D5
16.780000000,0x316,83 07 83 56 D3 86 1A EC
16.780000000,0x427,09 30 27 AC EA D6 A6 7A
16.790000000,0x1A4,79 A9 51 D2 84 DC 78 79
16.790000000,0x316,0E DD 18 CC 75 58 1A 09
16.790000000,0x427,D0 76 49 A5 75 C4 C0 22
16.800000000,0x1A4,72 4A 4B 52 5A 65 C7 27
16.800000000,0x316,0D 36 90 A0 8F 0E EB 75
16.800000000,0x427,26 EF 5D E4 D1 57 7F DD
16.810000000,0x1A4,71 B4 46 D2 AD 93 5B E5
16.810000000,0x316,0F BF C9 55 43 70 64 76
16.810000000,0x427,5E 81 B3 C8 43 39 6D D0
16.820000000,0x1A4,E4 D3 38 52 C8 A4 83 ED
16.820000000,0x316,0F 07 1A BE EC 79 57 0E
16.820000000,0x427,5D 7D C9 D5 0B 0E 65 85
16.830000000,0x1A4,BD CA 31 52 AB 14 A0 90
16.830000000,0x316,24 40 97 B9 1E 5C 9E AD
16.830000000,0x427,4B CB C4 50 E1 17 20 8E
16.840000000,0x1A4,69 CA 37 D2 38 BB CA 04
16.840000000,0x316,7E B0 50 35 E4 54 D0 93
16.840000000,0x427,2B 7D 7C AF 20 8E EB 54
16.850000000,0x1A4,FE 58 2E D2 F5 31 8B EA
16.850000000,0x316,36 E6 55 E3 E0 6B B8 CB
16.850000000,0x427,D8 3C 85 5A 76 56 F3 10
16.860000000,0x1A4,A2 93 20 D2 BE D8 38 26
16.860000000,0x316,66 3A CC 47 7B AE 3A D7
16.860000000,0x427,F7 F6 FA 07 4D B1 D2 56
16.870000000,0x1A4,87 70 1E D2 9C C7 0F 60
16.870000000,0x316,CA 03 63 A0 63 20 C6 88
16.870000000,0x427,B1 E7 A7 D7 E9 F9 7C 2A
16.880000000,0x1A4,48 DA 13 D2 AD 70 0E 9B
16.880000000,0x316,86 9D BA 63 7A 10 F8 2F
16.880000000,0x427,89 7E 5E 98 A2 87 E9 1D
16.890000000,0x1A4,0E 03 0E D2 30 B1 47 C8
16.890000000,0x316,74 F0 64 C0 FF 87 EB 4E
16.890000000,0x427,1B 53 8C B4 B7 0E 9A DB
16.900000000,0x1A4,41 08 03 52 51 13 B8 B5
16.900000000,0x316,65 C9 18 08 C2 DA 80 45
16.900000000,0x427,2D 5B F3 69 37 61 38 16
16.910000000,0x1A4,9B F5 FE 51 18 44 86 E0
16.910000000,0x316,5E 1F D6 3C EA 19 20 5F
16.910000000,0x427,0D 22 B0 73 05 53 57 D4
16.920000000,0x1A4,08 D4 F2 D1 2C 13 79 4D
16.920000000,0x316,6F F1 54 37 2B FB 6C 86
16.920000000,0x427,63 BB 64 4D AF A2 CD 2C
16.930000000,0x1A4,4B 30 F3 51 7D 99 CC 5F
16.930000000,0x316,C1 16 F2 C8 86 B8 92 09
16.930000000,0x427,64 45 1D C7 A9 B8 BC 33
16.940000000,0x1A4,C2 8E E9 D1 5B E7 B4 17
16.940000000,0x316,D6 2D 9B 71 48 DE 88 81
16.940000000,0x427,0C 20 62 06 A9 EB 8C CC
16.950000000,0x1A4,9A D0 E7 51 F7 2E AB E7
16.950000000,0x316,26 8F 03 80 22 A4 71 27
16.950000000,0x427,7B B6 B1 30 FD D5 11 57
16.960000000,0x1A4,98 75 DB D1 38 D1 C4 7B
16.960000000,0x316,F0 41 81 BB 5F 8A B6 DF
16.960000000,0x427,68 7B 0C 86 1C AB 73 4F
16.970000000,0x1A4,36 58 D1 D1 95 6B CC 53
16.970000000,0x316,EA FB AE 24 84 BB FC C4
16.970000000,0x427,E7 37 2E DF A7 03 27 19
16.980000000,0x1A4,64 AB CF D1 37 46 76 FB
16.980000000,0x316,AF 54 22 F0 58 2F 22 84
16.980000000,0x427,1E 58 3D AD A1 EB 22 FE
16.990000000,0x1A4,72 C0 C1 51 6C 24 87 34
16.990000000,0x316,17 76 7D B9 D6 81 5B 09
16.990000000,0x427,0A 2B 99 75 29 FB 38 63
17.000000000,0x1A4,BC 8F BB D1 87 33 64 DD
17.000000000,0x316,D4 64 B8 85 69 6D A7 1D
17.000000000,0x427,3F 58 0D 01 BF 78 9C 4F
17.010000000,0x1A4,0C A9 B5 D1 23 8C 45 0B
17.010000000,0x316,40 A9 E2 AF E6 A7 1E D9
17.010000000,0x427,06 3B 23 98 C6 34 33 DF
17.020000000,0x1A4,18 9B B2 51 3C 7A 52 55
17.020000000,0x316,DB 2D 85 77 97 AF A1 E3
17.020000000,0x427,FC D0 CF 0B 7D F2 64 1A
17.030000000,0x1A4,AB 94 AC D1 77 62 24 C4
17.030000000,0x316,A0 31 B3 A8 B7 AC DC BE
17.030000000,0x427,FD BD FE 4F 22 44 C1 05
17.040000000,0x1A4,0D F6 A2 D1 A8 A6 2C C2
17.040000000,0x316,D8 98 E8 4F A4 BA 8B A3
17.040000000,0x427,64 FF 62 E4 6C 72 B8 35
17.050000000,0x1A4,4A 37 9D 51 27 9B 57 33
17.050000000,0x316,DD AB 4A 31 C8 7A 5C 49
17.050000000,0x427,09 81 D2 46 38 3A 43 88
17.060000000,0x1A4,F5 CC 93 51 16 60 D5 C5
17.060000000,0x316,1B F4 EC 70 0F C9 CE AB
17.060000000,0x427,91 5D 1E 1E 93 AA CC 45
17.070000000,0x1A4,14 E2 89 51 BE A8 51 28
17.070000000,0x316,3D 11 0D 46 D6 46 4D 1D
17.070000000,0x427,21 DD E7 03 67 05 53 F5
17.080000000,0x1A4,28 52 81 D1 50 A2 43 8F
17.080000000,0x316,C5 7A 99 83 75 44 35 1A
17.080000000,0x427,42 41 E2 34 7E 29 E3 8A
17.090000000,0x1A4,02 73 7E 51 54 3A A3 8C
17.090000000,0x316,26 3A 88 51 BE AB 63 45
17.090000000,0x427,6D 11 3D 24 A9 A7 7A F1
17.100000000,0x1A4,10 86 78 D1 4C 21 D3 CD
17.100000000,0x316,5B 3B 84 48 93 19 F7 92
17.100000000,0x427,28 DB AC 3E 4D AD D8 2B
17.110000000,0x1A4,11 F9 74 51 94 70 B6 4F
17.110000000,0x316,D8 CB FE 9C 42 0B 6A E4
17.110000000,0x427,9E 97 B7 56 CA 42 63 8A
17.120000000,0x1A4,43 E4 6A 51 20 64 FC 0C
17.120000000,0x316,B1 87 4C 21 8D 10 6C 07
17.120000000,0x427,64 20 82 78 C5 2B 3E E7
17.130000000,0x1A4,55 4D 65 D1 73 AF EA 0C
17.130000000,0x316,C3 06 1E 1B 0A 96 33 62
17.130000000,0x427,2E D4 C5 0D D4 EE 0B 16
17.140000000,0x1A4,F9 DB 5C 51 2A A8 54 64
17.140000000,0x316,5B D4 D1 2D 27 C0 65 B4
17.140000000,0x427,C0 68 9B 98 36 A8 2A E4
17.150000000,0x1A4,31 DF 56 D1 B2 FD 24 A1
17.150000000,0x316,80 86 0F D6 77 06 AC B0
17.150000000,0x427,0D 9E 09 B3 4D 53 22 72
17.160000000,0x1A4,83 D7 4E D1 EA 31 0A 5B
17.160000000,0x316,54 1C FC 4F 4F B7 13 55
17.160000000,0x427,A2 E0 43 D1 42 C5 B9 32
17.170000000,0x1A4,3B 87 40 D1 53 AB 26 C2
17.170000000,0x316,4A 27 BE AB EF 45 2E CF
17.170000000,0x427,FE 77 92 88 98 90 1B 14
17.180000000,0x1A4,5E 37 3B D1 58 92 3B EC
17.180000000,0x316,77 5E 78 C1 7B 92 B1 C3
17.180000000,0x427,B5 CF 37 77 C0 A3 5A 91
17.190000000,0x1A4,EB 55 3D 51 AA 5A C9 17
17.190000000,0x316,08 01 17 D0 9D D7 66 CD
17.190000000,0x427,A9 BD 70 EB 2A 69 D7 B2
17.200000000,0x1A4,02 EE 30 51 55 3A E6 18
17.200000000,0x316,0D 2A A1 74 5A D4 75 4F
17.200000000,0x427,CE F2 39 AF 23 9E F8 A4
17.210000000,0x1A4,95 B5 28 D1 E0 EA 38 C4
17.210000000,0x316,A3 3A 24 77 C7 B1 75 78
17.210000000,0x427,DA 4F 50 3B 46 F8 8B F2
17.220000000,0x1A4,FD 97 22 51 B8 F1 CA 24
17.220000000,0x316,22 CE 70 DC CA A6 4C E5
17.220000000,0x427,B9 EA EF 9D EF BE 0F 42
17.230000000,0x1A4,76 4C 19 D1 2D 04 0B 5D
17.230000000,0x316,3C 27 5F 64 1B 3A F0 2E
17.230000000,0x427,8D F1 19 B3 58 D7 D1 EA
17.240000000,0x1A4,F4 46 11 D1 79 5F 90 54
17.240000000,0x316,A6 66 ED C9 73 D6 5C DC
17.240000000,0x427,A1 38 E5 E1 FF 8A 23 53
17.250000000,0x1A4,ED 5B 0A 51 C0 3D CD 7C
17.250000000,0x316,EE 63 BF 07 0D C6 BB 10
17.250000000,0x427,48 83 AF 79 9F 2A E6 1C
17.260000000,0x1A4,8E 06 00 51 62 F1 88 7A
17.260000000,0x316,44 EF 13 76 54 23 84 D8
17.260000000,0x427,61 A6 B9 2B D5 04 42 48
17.270000000,0x1A4,A8 D0 07 D1 83 DC 3E 59
17.270000000,0x316,59 98 BC 9A 4D 1D 1E 93
17.270000000,0x427,A5 E4 9C 20 42 FD 08 82
17.280000000,0x1A4,EB C3 F9 50 43 09 DB 67
17.280000000,0x316,6C 25 4B D1 CD 99 DA B6
17.280000000,0x427,49 51 F8 CB 5F 20 63 1B
17.290000000,0x1A4,D0 32 F4 50 5F D6 5F 8E
17.290000000,0x316,A2 72 42 A6 0B 13 28 12
17.290000000,0x427,0F C1 DC CA 00 9D 57 4D
17.300000000,0x1A4,6F 03 EA D0 BA 72 02 76
17.300000000,0x316,96 E8 9B 66 57 5D 2D 97
17.300000000,0x427,27 54 D7 69 26 45 13 3D
17.310000000,0x1A4,4F A7 E1 D0 81 89 62 3E
17.310000000,0x316,08 63 46 8C B5 8D B5 28
17.310000000,0x427,FA F7 50 F9 CC E7 7C 7B
17.320000000,0x1A4,A3 CB D9 50 CE 4D E9 10
17.320000000,0x316,03 0B 39 57 4E 18 4F 35
17.320000000,0x427,8D C7 5C D0 2A E8 AD B1
17.330000000,0x1A4,B0 D2 D1 D0 71 BF 5F 6E
17.330000000,0x316,F9 CC C8 C8 CD BA EE FA
17.330000000,0x427,3B 57 73 6F B7 C0 34 91
17.340000000,0x1A4,5B 3F D6 D0 54 79 9A 57
17.340000000,0x316,1F 1D 66 8B F8 B5 B2 B1
17.340000000,0x427,16 9C 74 3C 16 54 4F 2C
17.350000000,0x1A4,EF F4 C8 D0 08 3F 6B AB
17.350000000,0x316,3F E3 F0 13 85 28 47 BD
17.350000000,0x427,EC 0D 4D EE 09 A8 3F B6
17.360000000,0x1A4,E8 00 C6 D0 2D 21 35 D6
17.360000000,0x316,C3 CD 93 7C 51 43 44 1D
17.360000000,0x427,C3 00 98 97 58 67 98 98
17.370000000,0x1A4,D7 2A B9 50 86 FA 4B 53
17.370000000,0x316,51 3A 1A 8E AD D8 FF 18
17.370000000,0x427,52 1A 70 D2 E2 B0 F9 71
17.380000000,0x1A4,52 BD B1 50 C8 6D DB 4E
17.380000000,0x316,04 C7 B4 F4 9B 18 E2 67
17.380000000,0x427,50 CE D1 11 9B 83 27 99
17.390000000,0x1A4,3D B0 AE 50 21 7F 7D AF
17.390000000,0x316,21 AD 66 D0 66 06 AE 98
17.390000000,0x427,6D C2 76 C5 78 B8 E2 D1
17.400000000,0x1A4,FE 4F A0 50 CB 06 D1 53
17.400000000,0x316,78 20 8A 7E AD 01 1E A5
17.400000000,0x427,CD 8E 00 A9 81 4C BD 0F
17.410000000,0x1A4,D0 2B 9D 50 B4 67 B5 37
17.410000000,0x316,13 1D 29 D1 1D 0C 90 23
17.410000000,0x427,64 92 23 E3 5A 34 AD 94
17.420000000,0x1A4,13 C9 9B D0 52 ED 46 C1
17.420000000,0x316,BA 99 D9 A2 03 A2 51 CF
17.420000000,0x427,A5 14 0C 00 78 D8 CF C1
17.430000000,0x1A4,FC CA 97 50 FE 85 2F A9
17.430000000,0x316,43 0C 33 26 A8 21 F6 73
17.430000000,0x427,B6 61 00 88 0E F5 9F 4A
17.440000000,0x1A4,50 E7 8D 50 2D 23 96 9D
17.440000000,0x316,3D 50 F3 93 1C 10 79 72
17.440000000,0x427,25 35 17 32 76 3E A6 34
17.450000000,0x1A4,49 E2 87 D0 A3 F2 9E E0
17.450000000,0x316,48 8C 0C 51 60 74 BB 4C
17.450000000,0x427,7F A2 FD 91 77 4D 5A CB
17.460000000,0x1A4,3A C1 7F D0 FF 92 F7 AD
17.460000000,0x316,4F FF F6 4D 1D EC 22 EB
17.460000000,0x427,71 4A 7E F1 AE 07 CA EF
17.470000000,0x1A4,4F 45 72 50 4C 2A C1 B7
17.470000000,0x316,EB 61 8A FB FD 2A 45 EA
17.470000000,0x427,F8 B9 21 58 C3 98 83 FD
17.480000000,0x1A4,18 8A 6B 50 6C 98 2D 95
17.480000000,0x316,68 1A 14 02 72 A8 8A 9C
17.480000000,0x427,10 21 86 FC A0 23 AB 82
17.490000000,0x1A4,58 7B 69 50 DE B8 FE D8
17.490000000,0x316,78 7D A7 20 80 C7 3D DA
17.490000000,0x427,AF AF 4F 4B 66 23 FA 0F
17.500000000,0x1A4,3C 64 65 50 9A E5 AC E6
17.500000000,0x316,68 BC 83 8C 5F 43 C8 F7
17.500000000,0x427,71 C0 99 0D 7F 44 37 00
17.510000000,0x1A4,0E 04 5F D0 8E 24 5E 8F
17.510000000,0x316,15 E3 1C D2 01 D6 8B FA
17.510000000,0x427,CF 74 F7 5B 57 30 15 1C
17.520000000,0x1A4,16 BD 52 D0 69 DD 3E 48
17.520000000,0x316,4D 2E 9D DD 20 B9 FB 07
17.520000000,0x427,F0 C3 38 3C 32 E8 84 6E
17.530000000,0x1A4,30 D0 4C D0 DC FA 14 97
17.530000000,0x316,C1 C4 EE 64 60 0B 0E A0
17.530000000,0x427,8A CA 70 51 4C CC 36 B6
17.540000000,0x1A4,0A 80 46 50 8B C1 F1 67
17.540000000,0x316,21 3F AE 61 65 9D 68 6F
17.540000000,0x427,BE E7 8C 8B BE 41 12 36
17.550000000,0x1A4,E1 C8 38 D0 DF 9A 64 2C
17.550000000,0x316,51 2C 91 79 6D 04 9A 23
17.550000000,0x427,47 A2 2F 30 CC 1B 30 8E
17.560000000,0x1A4,40 D2 3C 50 7A 52 E4 D7
17.560000000,0x316,FB DA AA EC B5 D3 3B 5C
17.560000000,0x427,6D CB 07 D7 0F F2 CF 6A
17.570000000,0x1A4,BC 0F 36 50 08 3A D9 49
17.570000000,0x316,78 47 59 FF 3F 9B 6B DF
17.570000000,0x427,6B 73 89 AB 4B FD 23 20
17.580000000,0x1A4,C6 01 28 50 F8 65 F8 02
17.580000000,0x316,06 F2 5D 12 71 D6 FC A5
17.580000000,0x427,2B 6D 05 04 07 EA DC 24
17.590000000,0x1A4,14 B0 21 D0 9D 10 88 E2
17.590000000,0x316,6F 75 98 7C 51 E2 6D A8
17.590000000,0x427,50 DF CD 6F 97 F6 97 F9
17.600000000,0x1A4,5C E7 1E D0 08 33 C2 22
17.600000000,0x316,E4 80 AC 15 16 DE 20 23
17.600000000,0x427,C2 07 6A A4 9D 30 52 CE
17.610000000,0x1A4,E2 80 15 50 A0 F8 32 DC
17.610000000,0x316,20 4B BE 74 10 D2 C1 E4
17.610000000,0x427,9F 36 F7 C9 EC 1C 05 B2
17.620000000,0x1A4,6B E4 0B D0 CD DC 28 EE
17.620000000,0x316,DD F2 FA 6C 7D 36 8D 9F
17.620000000,0x427,6D 33 07 2E 44 30 53 74
17.630000000,0x1A4,1A 04 01 D0 69 6F 93 6C
17.630000000,0x316,91 26 53 8D 74 33 F0 D1
17.630000000,0x427,02 33 36 73 F7 A9 7C 62
17.640000000,0x1A4,23 6A 05 50 26 28 CA 39
17.640000000,0x316,58 00 90 2F 31 D9 BD 6C
17.640000000,0x427,23 50 C5 9A 9A EE E6 01
17.650000000,0x1A4,02 C7 FB CF F1 36 87 7F
17.650000000,0x316,B0 23 C8 D8 A8 23 1D BB
17.650000000,0x427,42 A5 9B 3C CF 26 4E B6
17.660000000,0x1A4,8A 4C F1 CF E2 98 ED 44
17.660000000,0x316,AE AA 2C 69 FC 53 33 ED
17.660000000,0x427,4B 8D D1 8B F8 D3 8B 93
17.670000000,0x1A4,6F BF E9 4F 06 F5 90 08
17.670000000,0x316,EE 81 6D FA D6 85 B1 09
17.670000000,0x427,23 40 72 91 D4 75 B7 7B
17.680000000,0x1A4,B6 2E E3 CF D8 2A 5B 5E
17.680000000,0x316,0B 57 F8 1C B4 7E 8C 94
17.680000000,0x427,9C BD 45 7B F8 71 34 F6
17.690000000,0x1A4,DC 6D DC CF 13 04 7F 14
17.690000000,0x316,41 D8 5F 24 49 6F ED BA
17.690000000,0x427,B0 07 36 BB 8F AD C2 86
17.700000000,0x1A4,EC D6 DB CF 9A 67 FE DB
17.700000000,0x316,C0 B0 D1 FB D1 27 26 C0
17.700000000,0x427,2E 03 64 C7 EC 17 88 47
17.710000000,0x1A4,36 11 D6 4F 4F CE 56 84
17.710000000,0x316,DB 2E 07 14 EA B5 FA 85
17.710000000,0x427,3C 80 D1 E3 72 96 2D 9C
17.720000000,0x1A4,83 6B CC 4F 8F 7A C7 3E
17.720000000,0x316,1C 96 F2 78 D8 1E 73 A1
17.720000000,0x427,16 24 DF BD FF A9 EA A9
17.730000000,0x1A4,92 7F C5 CF FE 0B 31 AB
17.730000000,0x316,26 2D FD 13 8C 79 1F AF
17.730000000,0x427,D5 5A 39 A2 0E D4 08 8A
17.740000000,0x1A4,89 2A B8 CF 86 87 62 94
17.740000000,0x316,59 FB FF 4F B8 21 F0 9C
17.740000000,0x427,52 9D 82 0D 4B 5D 51 E7
17.750000000,0x1A4,5F A4 B2 4F 97 F0 F7 88
17.750000000,0x316,F0 8D 4D C7 67 B3 C2 02
17.750000000,0x427,47 C9 07 78 71 9F 3B 74
17.760000000,0x1A4,AD E3 AD CF DC 39 F3 E7
17.760000000,0x316,3F 9D 1F 78 C1 63 EF 92
17.760000000,0x427,36 45 DB BB CD 19 DE 54
17.770000000,0x1A4,35 B6 AF 4F 67 9B 58 5A
17.770000000,0x316,E1 A7 E8 F5 55 83 4E FA
17.770000000,0x427,60 5B 58 CC E4 14 6C 4B
17.780000000,0x1A4,88 90 A1 4F BC D0 E1 2A
17.780000000,0x316,ED 23 0B 09 64 DF EE B1
17.780000000,0x427,5A D9 40 EC F3 B4 FE 98
17.790000000,0x1A4,C9 55 9A CF 2B 96 D7 4D
17.790000000,0x316,60 D1 1A BA 2D 2C F7 C8
17.790000000,0x427,F7 0D 4F 90 DC 66 AC 42
17.800000000,0x1A4,07 13 91 4F EE CE 19 A1
17.800000000,0x316,7C 0C 21 79 FE 0D 01 94
17.800000000,0x427,E6 C6 48 2B E6 F3 A6 92
17.810000000,0x1A4,E4 F5 8E 4F 63 94 04 A8
17.810000000,0x316,BD 8C 88 FD 99 56 B0 4A
17.810000000,0x427,3D CB 13 CF DB F0 C4 BC
17.820000000,0x1A4,40 3D 83 CF E6 01 FD 06
17.820000000,0x316,3A C0 6C 49 6F 3E 19 7C
17.820000000,0x427,F9 62 1F 15 E4 5C 77 20
17.830000000,0x1A4,32 BF 7E CF AD 3E AD 13
17.830000000,0x316,E9 50 F8 D9 21 AE A4 C8
17.830000000,0x427,4B 19 21 47 BB 69 86 40
17.840000000,0x1A4,6C 0F 7E 4F 0F EC A4 9D
17.840000000,0x316,DD C6 ED 47 EB A0 74 46
17.840000000,0x427,7C 9B 9C DB B3 D9 C7 41
17.850000000,0x1A4,E9 CE 72 4F 4D 4D CE BD
17.850000000,0x316,6B 80 8E 1C 6C 0C 94 9A
17.850000000,0x427,23 7E B3 2C 95 60 FE E8
17.860000000,0x1A4,2C 3F 6E CF EB F4 2C BD
17.860000000,0x316,C9 D2 B0 26 80 6C BE A8
17.860000000,0x427,B6 DC 57 72 EF 09 A9 5E
17.870000000,0x1A4,D3 A5 66 CF 08 F9 E6 2C
17.870000000,0x316,02 73 E1 42 55 BC 53 C8
17.870000000,0x427,7C FB 65 B3 58 55 77 3C
17.880000000,0x1A4,BC 9E 5B 4F CF 82 49 2E
17.880000000,0x316,C4 A4 A3 CC AD F4 02 87
17.880000000,0x427,54 FA AC DC F0 9E 78 08
17.890000000,0x1A4,C3 E2 54 4F D8 1E EC FB
17.890000000,0x316,8B 55 9B 15 A6 F6 A3 F7
17.890000000,0x427,F6 52 23 25 C3 93 75 98
17.900000000,0x1A4,3B D0 56 CF 37 7D 5C D2
17.900000000,0x316,D0 64 76 27 A1 E2 6D D6
17.900000000,0x427,5B 77 F6 7E D6 F6 B4 C0
17.910000000,0x1A4,C9 9F 4B CF B7 F3 B6 69
17.910000000,0x316,CE D2 36 C5 7F 3B 17 62
17.910000000,0x427,89 1F EA 3C DC 7D 21 A9
17.920000000,0x1A4,EB F6 47 4F 88 13 DB B9
17.920000000,0x316,FA 17 38 A3 6F 13 D3 2A
17.920000000,0x427,28 B5 FA 35 93 E8 E7 93
17.930000000,0x1A4,E9 16 3F CF A3 5E 82 D7
17.930000000,0x316,FC E1 56 58 63 4B E8 0D
17.930000000,0x427,32 39 6B A4 46 6C AF 43
17.940000000,0x1A4,05 65 37 CF D3 C8 CC D1
17.940000000,0x316,86 CE B1 1D 18 29 72 0D
17.940000000,0x427,19 DC E7 2A B2 AE C9 76
17.950000000,0x1A4,A7 23 2C 4F 21 56 EA 79
17.950000000,0x316,74 65 26 4D 8B 95 EC 79
17.950000000,0x427,C2 B8 03 BF CF A0 C0 F2
17.960000000,0x1A4,91 1C 27 CF 0C 4A 26 EC
17.960000000,0x316,0B 49 53 88 43 3A D1 3B
17.960000000,0x427,F9 9F 3A 61 3B 82 FA AE
17.970000000,0x1A4,99 B6 22 CF C8 A8 DB 63
17.970000000,0x316,E4 B3 7E 79 FC 66 3B 43
17.970000000,0x427,1B 8A 28 25 2A 0E CB 87
17.980000000,0x1A4,98 85 1A CF CC BF 4A 6F
17.980000000,0x316,C0 74 09 03 69 49 EE 49
17.980000000,0x427,9B 74 5E ED 04 72 1C CC
17.990000000,0x1A4,92 E8 15 4F 27 05 CB 61
17.990000000,0x316,7A BE B1 AD 3D F8 D0 50
17.990000000,0x427,F5 14 36 F6 21 B0 BE 87
18.000000000,0x1A4,57 FB 08 CF 0E F2 B3 F4
18.000000000,0x316,67 21 80 0A 2B DE EC 18
18.000000000,0x427,C2 2E EF EA 4A D7 02 88
18.010000000,0x1A4,B5 3A 06 CF 40 7A 94 5A
18.010000000,0x316,A7 73 C8 F4 D1 10 20 D8
18.010000000,0x427,F4 84 89 6E 30 C8 48 9C
18.020000000,0x1A4,29 CD FC CE DD CA ED A6
18.020000000,0x316,90 32 BD DB 41 7F C8 45
18.020000000,0x427,8E 6C C0 55 B5 17 34 45
18.030000000,0x1A4,E1 DD FF 4E FF 9A 64 CD
18.030000000,0x316,E5 AA 28 19 05 38 5E 41
18.030000000,0x427,8F 0A 83 A7 FD 9C 8C 95
18.040000000,0x1A4,3E A7 F2 4E 73 36 0B 76
18.040000000,0x316,82 39 ED C5 FF E0 DF AC
18.040000000,0x427,0E 6C C4 BF F9 67 E6 3D
18.050000000,0x1A4,6C F7 EB CE 29 F9 00 AC
18.050000000,0x316,87 A2 B6 96 7E 4F 3F C5
18.050000000,0x427,45 A6 E6 31 60 98 1B 85
18.060000000,0x1A4,62 47 E0 4E F7 EF 7E AD
18.060000000,0x316,8C 14 B6 B0 1A 54 43 FE
18.060000000,0x427,84 04 0F 2E 9C 73 32 50
18.070000000,0x1A4,3F 56 D8 CE 3D 3D B5 02
18.070000000,0x316,34 BE 3C AC 76 7E 2B 02
18.070000000,0x427,65 9A E9 D4 B3 4C 65 11
18.080000000,0x1A4,3E E7 D7 4E 74 99 47 69
18.080000000,0x316,3B C9 02 19 1D B8 77 86
18.080000000,0x427,E0 AA 99 1A 09 E6 7C AF
18.090000000,0x1A4,A9 44 D1 4E EB FA FC 59
18.090000000,0x316,11 AB 2B 38 F5 06 AA B9
18.090000000,0x427,4C 27 86 48 70 43 7C 40
18.100000000,0x1A4,14 A9 CD 4E 1D F6 B6 08
18.100000000,0x316,FE 3B 11 06 07 D1 90 9E
18.100000000,0x427,DE 76 89 17 0B D0 8F 0E
18.110000000,0x1A4,F7 E4 C1 CE 49 77 19 98
18.110000000,0x316,85 4C 17 A8 C8 04 DB E4
18.110000000,0x427,64 A6 E0 D5 06 D3 81 37
18.120000000,0x1A4,8A 3E BB CE 2B 4B 71 99
18.120000000,0x316,67 66 59 A3 44 A3 2D 1F
18.120000000,0x427,E4 68 44 B5 52 13 32 F5
18.130000000,0x1A4,F0 D1 B6 4E CF 6A 1D 16
18.130000000,0x316,A2 B4 3F DB 0D B0 CC 9A
18.130000000,0x427,14 9A 41 21 EF CF 3E 60
18.140000000,0x1A4,77 7A A9 CE AF 2E 8C C3
18.140000000,0x316,FA A9 5F E6 36 28 DD A5
18.140000000,0x427,94 E2 E9 90 EC 84 9E CD
18.150000000,0x1A4,A2 28 A8 CE FB FE 4C 2F
18.150000000,0x316,FB 5C 60 E5 FE 57 60 1C
18.150000000,0x427,5A 5B 16 B2 13 DC 2B 2F
18.160000000,0x1A4,7D 9C A2 4E 4D D9 68 4B
18.160000000,0x316,9F 66 8A 77 64 13 15 A9
18.160000000,0x427,A3 A0 A9 EF 19 01 62 13
18.170000000,0x1A4,92 1E 9F CE E1 E3 14 74
18.170000000,0x316,DE C3 35 EC 39 88 C8 FE
18.170000000,0x427,A5 12 C1 46 44 B8 F4 C4
18.180000000,0x1A4,A4 C8 96 4E 67 6D 35 B1
18.180000000,0x316,30 AA 44 E7 7E 78 E6 AA
18.180000000,0x427,94 E3 16 C5 0F 8F 26 C5
18.190000000,0x1A4,ED 9C 8A 4E AF CF E0 41
18.190000000,0x316,0F 9B 76 29 A9 01 DE C7
18.190000000,0x427,BD 78 F1 12 F2 4F FC 46
18.200000000,0x1A4,71 6A 80 CE 8A 9E F8 0F
18.200000000,0x316,9A 1D FF 61 99 A9 7A 63
18.200000000,0x427,45 DC 28 55 10 24 F7 FE
18.210000000,0x1A4,F3 00 80 4E CA EC 1B 42
18.210000000,0x316,32 93 A2 F4 A3 B7 13 D0
18.210000000,0x427,6C 13 C1 43 73 C9 8C 2D
18.220000000,0x1A4,36 83 79 4E 4A 19 C4 11
18.220000000,0x316,85 7A E1 7D 09 66 BB FA
18.220000000,0x427,E4 D4 B7 ED 14 0D 5F 33
18.230000000,0x1A4,9D BE 74 CE E7 B0 83 64
18.230000000,0x316,C0 62 AE 2D BA 62 3E A5
18.230000000,0x427,91 77 F7 7D 7E 19 C2 1B
18.240000000,0x1A4,A3 D5 6C 4E 67 DE 66 8A
18.240000000,0x316,D7 00 CA C4 73 A2 66 6E
18.240000000,0x427,71 2D E8 37 1B E5 2C 9D
18.250000000,0x1A4,6A CF 61 CE 43 2E 33 1B
18.250000000,0x316,0D C2 A0 E9 A9 7F 0B 71
18.250000000,0x427,B7 79 24 B7 30 94 4D 42
18.260000000,0x1A4,4D 06 59 4E C8 A4 EC 08
18.260000000,0x316,4B DA AA 12 D6 8A 06 12
18.260000000,0x427,01 A3 43 92 2F 66 40 BA
18.270000000,0x1A4,14 15 5F 4E CF 03 F9 C6
18.270000000,0x316,9D 53 25 72 E8 C4 CD 04
18.270000000,0x427,01 D6 81 E5 97 5B 69 7F
18.280000000,0x1A4,48 50 53 4E A2 2E 22 A7
18.280000000,0x316,3A 03 ED A3 84 DC 38 00
18.280000000,0x427,94 1F D2 EE 83 98 AF 09
18.290000000,0x1A4,A2 9B 4B CE 77 BF F6 63
18.290000000,0x316,6F 2E 35 44 51 BF CF 26
18.290000000,0x427,43 D1 36 B3 A3 CB 6F 54
18.300000000,0x1A4,FB 03 45 CE 16 3A 2E 64
18.300000000,0x316,AE 9F 1B 93 A4 BA F2 00
18.300000000,0x427,FD 23 F0 83 D9 A4 25 B5
18.310000000,0x1A4,02 03 3E CE 45 A4 5F C5
18.310000000,0x316,3B 2B 9D 7D 70 58 67 7A
18.310000000,0x427,A5 79 A1 6F 7B D3 66 67
18.320000000,0x1A4,F7 9A 3B CE 2F F7 4E BA
18.320000000,0x316,43 7D EB C7 0E 4C F1 CF
18.320000000,0x427,89 C6 0E C9 9B 0D F2 11
18.330000000,0x1A4,2E E0 35 CE 50 19 D1 39
18.330000000,0x316,46 C0 D8 00 44 9A 69 62
18.330000000,0x427,4C 86 43 F4 D1 6D 73 B0
18.340000000,0x1A4,08 EB 2E CE 6F EE A2 C7
18.340000000,0x316,23 B3 68 7B DF 33 07 1F
18.340000000,0x427,30 E5 36 91 03 B0 09 89
18.350000000,0x1A4,A5 EC 26 CE 81 96 D9 FD
18.350000000,0x316,4F 12 E2 5B 18 4E 5C 55
18.350000000,0x427,7B C9 8C AE 12 24 86 4D
18.360000000,0x1A4,0E B1 1E 4E E5 3C 21 0E
18.360000000,0x316,AB 9C DC A1 4E 6D 3C FF
18.360000000,0x427,77 7B 75 F5 3A AB A6 A5
18.370000000,0x1A4,6B F3 15 4E D2 ED 87 5D
18.370000000,0x316,CC 44 DD 88 56 A0 74 DA
18.370000000,0x427,05 37 FF F5 F5 5A 0E 57
18.380000000,0x1A4,DD D0 10 4E 38 AD 57 D7
18.380000000,0x316,B0 EC AA 75 97 0D AD C2
18.380000000,0x427,CF DF 39 C4 3A BB 3A 4A
18.390000000,0x1A4,F9 BB 0D CE 02 B4 FF 33
18.390000000,0x316,7E DB 36 2D D5 1A F2 8D
18.390000000,0x427,AC 9B 11 0A E8 ED AE F7
18.400000000,0x1A4,E9 8C 00 4E 85 DE 25 A9
18.400000000,0x316,43 95 E5 30 45 C4 82 4C
18.400000000,0x427,4E 57 25 B2 33 E7 DD 63
18.410000000,0x1A4,D3 72 FE CD 18 26 55 1B
18.410000000,0x316,8E 1E 70 A1 D4 FC 57 B0
18.410000000,0x427,67 89 F8 5B 1E 7F 8B 7C
18.420000000,0x1A4,20 8C F1 4D 0A 65 9D E2
18.420000000,0x316,C6 9B FE A1 EA B3 1F 70
18.420000000,0x427,AF 34 3E BC D6 BE 80 30
18.430000000,0x1A4,22 4D EB 4D FE 85 23 09
18.430000000,0x316,45 86 6E 31 72 4B 7E 06
18.430000000,0x427,36 D1 40 B8 28 FE 12 FF
18.440000000,0x1A4,85 45 EB CD 8F 5C 0D 3D
18.440000000,0x316,30 58 3E 7D E0 44 86 63
18.440000000,0x427,E6 48 20 10 42 F4 F0 CA
18.450000000,0x1A4,64 9E E1 CD FA 5C B6 A4
18.450000000,0x316,71 73 C7 4E F3 4C EB 7F
18.450000000,0x427,77 4B B0 88 12 37 07 F7
18.460000000,0x1A4,49 6D D9 CD 40 B0 D0 CF
18.460000000,0x316,23 CD 05 73 00 67 71 F7
18.460000000,0x427,E1 F3 EE FE 20 FD 33 04
18.470000000,0x1A4,19 A1 D3 4D 8A 63 DB 56
18.470000000,0x316,AA 95 59 0E E2 B9 74 56
18.470000000,0x427,91 DA AB C9 F8 3D 94 B8
18.480000000,0x1A4,A9 E4 CD 4D E0 5C CF 67
18.480000000,0x316,BB 82 41 1E 60 8A 30 36
18.480000000,0x427,29 59 9E CE 9C B5 62 A7
18.490000000,0x1A4,B8 3F CD CD 3F 2B EB 85
18.490000000,0x316,8C C2 57 75 7F B9 A9 F0
18.490000000,0x427,13 82 96 AD C3 6D C5 DE
18.500000000,0x1A4,8C 33 C7 CD 7F 16 5C 89
18.500000000,0x316,2D D3 21 26 06 8D B5 BD
18.500000000,0x427,24 00 50 94 BA F2 A4 3B
18.510000000,0x1A4,A6 BA B8 CD 35 C9 70 12
18.510000000,0x316,9D D0 70 09 AD 16 47 BC
18.510000000,0x427,FE 45 3F 24 21 34 28 7D
18.520000000,0x1A4,C7 80 B1 CD 2A 50 E1 04
18.520000000,0x316,88 D9 A1 78 F9 DF 3C E8
18.520000000,0x427,4E 4C 03 EB 14 A2 4D 9E
18.530000000,0x1A4,F6 A8 A9 4D 8A 71 20 3E
18.530000000,0x316,0A 30 88 B3 E4 DD 16 A6
18.530000000,0x427,CF EB 6A 21 2E 70 AD 03
18.540000000,0x1A4,C9 82 A0 4D ED 19 F6 A1
18.540000000,0x316,05 0C CA 0C AE F3 97 E7
18.540000000,0x427,D3 A8 AD 4E 33 F7 1B D2
18.550000000,0x1A4,C3 BB A7 CD E9 24 E8 18
18.550000000,0x316,61 83 C8 74 DB 4C 79 9C
18.550000000,0x427,BC 4C B2 2B 85 A3 D9 D5
18.560000000,0x1A4,83 8F 9E CD AA 86 5F 10
18.560000000,0x316,37 5A 5B D1 7F BD 45 D1
18.560000000,0x427,81 85 38 1B 31 E1 3A 1D
18.570000000,0x1A4,CA CB 94 4D 72 70 50 98
18.570000000,0x316,43 BF 96 CC C5 D4 99 9D
18.570000000,0x427,F0 70 77 38 F7 FB 27 10
18.580000000,0x1A4,BA AA 88 CD 38 4A E0 33
18.580000000,0x316,D6 31 1C 6D 3F 1E 5C 56
18.580000000,0x427,96 D7 BF CF D7 46 FD D5
18.590000000,0x1A4,F3 FB 80 CD 33 E0 E8 BC
18.590000000,0x316,01 7B AB AD 49 09 EA 66
18.590000000,0x427,B9 0F 01 53 91 E8 EC 1E
18.600000000,0x1A4,07 85 81 CD 9D 6A 20 AF
18.600000000,0x316,E6 92 72 93 30 1B BF 8B
18.600000000,0x427,1E 05 28 23 F7 B6 53 52
18.610000000,0x1A4,F0 15 78 CD 88 14 F6 F6
18.610000000,0x316,05 B6 08 CB 84 5C 96 36
18.610000000,0x427,4F 70 A4 C3 53 8F AB 0B
18.620000000,0x1A4,61 6F 74 CD BD 10 67 2C
18.620000000,0x316,95 92 E3 55 5C 4F 2F 10
18.620000000,0x427,3B 2D E9 1E 17 E0 1D 46
18.630000000,0x1A4,5A 18 68 4D 7A CD EE C1
18.630000000,0x316,DF 8D 47 6A 67 61 05 2B
18.630000000,0x427,CA 70 40 B2 F5 8E B3 5E
18.640000000,0x1A4,0D 21 64 CD 69 D7 3D 2A
18.640000000,0x316,E2 19 4C 70 23 7E 5F 3E
18.640000000,0x427,45 12 F9 EC 94 05 FD 94
18.650000000,0x1A4,3D 3E 5B 4D 13 98 24 22
18.650000000,0x316,2E 7E 97 19 30 67 82 CA
18.650000000,0x427,49 06 ED D8 99 81 D7 A1
18.660000000,0x1A4,72 F7 58 CD E2 1F 4A 60
18.660000000,0x316,49 D5 14 C7 4E 8B 62 28
18.660000000,0x427,40 59 00 04 21 3B 2F E1
18.670000000,0x1A4,8F E6 51 4D A3 3C AA 14
18.670000000,0x316,47 20 A0 01 96 6E D9 01
18.670000000,0x427,3E 00 EE 2D DD 4F 17 ED
18.680000000,0x1A4,CA F5 49 4D 8D FE EC B4
18.680000000,0x316,A1 77 D9 A6 37 B9 FE 97
18.680000000,0x427,E2 DE 0C E3 72 A1 A2 48
18.690000000,0x1A4,70 8A 45 4D 7F 72 89 B1
18.690000000,0x316,32 8A B2 CE 82 49 D0 CA
18.690000000,0x427,7D AB C6 C5 07 F4 DB 79
18.700000000,0x1A4,5F 65 3E CD 94 05 7C 20
18.700000000,0x316,9B EA C6 34 FD 67 A1 24
18.700000000,0x427,18 9E CB A3 68 F6 5C 45
18.710000000,0x1A4,4F 05 39 CD 10 AB 4E 73
18.710000000,0x316,94 E2 7A 69 EC BB 3F 3D
18.710000000,0x427,18 A4 26 F0 2F 3D AF 2C
18.720000000,0x1A4,B3 37 34 CD E7 84 11 B1
18.720000000,0x316,34 8B A1 09 B2 47 A5 98
18.720000000,0x427,BE 82 14 2E 6B 56 9A B7
18.730000000,0x1A4,C6 A2 28 4D FE 4B AF 9C
18.730000000,0x316,E7 BB 46 F3 84 8E 88 16
18.730000000,0x427,C6 A1 8F A0 C7 6D 94 D3
18.740000000,0x1A4,8A 5C 27 CD 80 6D 1B 4D
18.740000000,0x316,67 EE 0C 59 15 8D 35 6B
18.740000000,0x427,9E 80 2B 01 E5 1B C6 8E
18.750000000,0x1A4,8A D6 1A 4D DE 8B 20 31
18.750000000,0x316,04 FE 14 1E 73 0C 92 FC
18.750000000,0x427,6D 1F BB 87 A4 01 0F FA
18.760000000,0x1A4,A4 BC 1E 4D 56 9A 71 9E
18.760000000,0x316,57 90 A5 5C 4E F1 DB DC
18.760000000,0x427,C9 4C D9 C2 D0 C0 9D FC
18.770000000,0x1A4,6E 46 13 CD E4 30 EE 81
18.770000000,0x316,0D 7B 22 38 39 DC D6 76
18.770000000,0x427,41 6E 34 C5 E6 F5 5F A0
18.780000000,0x1A4,31 AA 09 CD B1 9C 46 35
18.780000000,0x316,97 E4 C3 46 72 EE 95 0D
18.780000000,0x427,67 91 97 31 E2 89 D8 1C
18.790000000,0x1A4,E3 D3 06 CD C6 1C 33 26
18.790000000,0x316,78 22 6C AF BA 13 02 D8
18.790000000,0x427,77 74 F4 F7 2A 0A 57 E9
18.800000000,0x1A4,A8 1E FB 4C F2 21 5D 7F
18.800000000,0x316,D1 8E 23 2D 30 01 E6 28
18.800000000,0x427,A1 77 8E AB F0 4C 34 EC
18.810000000,0x1A4,CC 9F F9 4C E6 C0 D4 0D
18.810000000,0x316,82 99 15 A5 D3 C1 3B 5D
18.810000000,0x427,0D FD F9 48 9B AC A7 35
18.820000000,0x1A4,1F A4 F6 4C 7E 8E 5A 40
18.820000000,0x316,2B 55 94 55 7B DF E7 9D
18.820000000,0x427,1F 8D 1E CE 9D 41 DC E3
18.830000000,0x1A4,38 07 EF CC B3 7B 01 74
18.830000000,0x316,C4 DA 16 0B 4E 57 BB 1A
18.830000000,0x427,03 F6 8B BD 42 CB 6D 0D
18.840000000,0x1A4,99 B6 E3 CC 9C 77 90 89
18.840000000,0x316,62 F8 06 2D 5D AD 75 28
18.840000000,0x427,47 01 16 C9 8F D1 70 07
18.850000000,0x1A4,CF FB DC 4C E7 BA D0 83
18.850000000,0x316,01 71 B6 1D 06 D9 23 12
18.850000000,0x427,A9 E8 23 E5 08 9C 3C 3C
18.860000000,0x1A4,54 DF DD CC 2C C8 DF 71
18.860000000,0x316,BF 9F BB 97 82 44 6B 94
18.860000000,0x427,ED EB 72 53 61 ED 47 6B
18.870000000,0x1A4,17 5F D1 4C CB 13 41 BF
18.870000000,0x316,49 35 46 AD C0 C1 FB E5
18.870000000,0x427,E7 16 60 53 8D 6C E5 3A
18.880000000,0x1A4,88 EC CA CC F3 AA 31 1C
18.880000000,0x316,C6 66 7D 53 E7 EC 4F 3A
18.880000000,0x427,3D BB 1A 19 FA C9 B3 3C
18.890000000,0x1A4,48 0B C5 CC 02 DB 9F 69
18.890000000,0x316,7D DE B0 DE 33 4E 30 33
18.890000000,0x427,FF E3 22 60 AA 81 30 E4
18.900000000,0x1A4,DD 5A BD 4C E6 D7 D2 12
18.900000000,0x316,45 D1 92 78 2D 9B C8 95
18.900000000,0x427,E5 24 02 7C 1B 2F E9 0D
18.910000000,0x1A4,A7 13 BF CC 50 DA 94 6F
18.910000000,0x316,0E DF 1A 25 9B 99 56 37
18.910000000,0x427,8C 02 8A ED 5C D6 03 9C
18.920000000,0x1A4,29 48 B2 4C ED 63 95 2D
18.920000000,0x316,3E 14 28 63 E0 B7 9C 5F
18.920000000,0x427,B1 69 EB 22 13 76 2E 75
18.930000000,0x1A4,13 34 AE CC 08 23 B4 31
18.930000000,0x316,D8 22 CC A1 FC 90 CC 5B
18.930000000,0x427,F3 07 BE F9 6D B3 0A 45
18.940000000,0x1A4,D5 17 A4 4C 91 F9 FC 55
18.940000000,0x316,5E F3 90 20 F8 59 37 08
18.940000000,0x427,8F B5 34 B1 91 15 94 91
18.950000000,0x1A4,DA 55 9D 4C 92 AC D5 47
18.950000000,0x316,2B C3 F1 22 21 A8 71 1C
18.950000000,0x427,FC D2 05 DA 6D 41 2D 77
18.960000000,0x1A4,AF 6D 9D 4C 86 B7 10 6B
18.960000000,0x316,71 D9 D3 2B 7B 9D A5 C2
18.960000000,0x427,E0 98 F4 57 B6 52 48 38
18.970000000,0x1A4,D2 B2 93 CC 75 B4 8F 4B
18.970000000,0x316,57 E3 87 9A 2C 44 23 28
18.970000000,0x427,F2 BF 1F CA 4E A3 68 CB
18.980000000,0x1A4,98 EA 8B CC B5 16 E8 F3
18.980000000,0x316,DE 1A 8D 9C 70 F7 D3 E7
18.980000000,0x427,4A E4 80 2B 5F C4 FF 93
18.990000000,0x1A4,87 D2 82 CC B0 64 81 8D
18.990000000,0x316,28 8B E1 DA 14 C5 CD 3A
18.990000000,0x427,87 2E 23 16 16 EB 64 69
19.000000000,0x1A4,F7 A1 7A CC 8F A3 92 85
19.000000000,0x316,CA 16 3D 7D B4 13 B9 DC
19.000000000,0x427,AA DB E3 FE 5B C8 68 37
19.010000000,0x1A4,0B D8 79 CC 1E 93 36 79
19.010000000,0x316,AE E9 44 D6 66 A1 77 76
19.010000000,0x427,21 BE 77 47 57 86 B6 03
19.020000000,0x1A4,98 71 72 CC 16 A4 98 6D
19.020000000,0x316,A0 37 76 BC 0C 9D 62 DF
19.020000000,0x427,6A BA 24 3F AE E1 71 3F
19.030000000,0x1A4,CB AA 69 4C 8A EC 2A 6F
19.030000000,0x316,88 F3 57 94 BC A3 EF 38
19.030000000,0x427,D1 7C 4E E4 E3 4E 6F ED
19.040000000,0x1A4,77 58 66 CC 20 98 3D F2
19.040000000,0x316,D6 E0 22 26 46 D4 EB E9
19.040000000,0x427,F8 0D DE 92 66 D4 F3 E5
19.050000000,0x1A4,A1 C3 5C 4C 99 18 F3 6A
19.050000000,0x316,77 57 ED FA F3 46 52 0B
19.050000000,0x427,19 49 41 0A B2 19 C4 FD
19.060000000,0x1A4,D3 B0 5C 4C 50 1A C5 BB
19.060000000,0x316,68 63 C3 C4 52 52 14 81
19.060000000,0x427,49 5B 9B 08 5F 85 FA 6C
19.070000000,0x1A4,FA 97 57 CC 7C 2A F2 64
19.070000000,0x316,33 65 B1 7A E0 94 49 CF
19.070000000,0x427,2C E0 4A CC 57 E2 57 B2
19.080000000,0x1A4,EA 25 48 CC D3 79 16 19
19.080000000,0x316,8C 32 D3 73 2E 00 CB 7E
19.080000000,0x427,52 29 92 3D 64 7C 45 15
19.090000000,0x1A4,60 00 41 CC ED C3 C9 C0
19.090000000,0x316,30 27 2E 03 53 EC 72 B1
19.090000000,0x427,8B 58 56 BB 5B 1F 18 68
19.100000000,0x1A4,3C DE 3E CC F6 45 CF 37
19.100000000,0x316,E9 69 F9 21 88 79 C0 5B
19.100000000,0x427,E2 EB B8 4B 64 31 33 3D
19.110000000,0x1A4,6F BF 3B CC CC 4B BB FF
19.110000000,0x316,96 0C 3A 17 C7 FF 13 04
19.110000000,0x427,2A 0E D3 7A F0 EA 45 AB
19.120000000,0x1A4,96 C5 31 4C 03 E9 6B 29
19.120000000,0x316,53 C3 0B B4 5A 8F 93 75
19.120000000,0x427,9E C8 A0 DB CE 79 04 92
19.130000000,0x1A4,46 2E 2E CC DF BF 6A 95
19.130000000,0x316,1E F6 3F 06 41 B6 F6 F9
19.130000000,0x427,4C 72 70 74 72 04 B9 76
19.140000000,0x1A4,B7 FA 26 CC 55 DB 7C 23
19.140000000,0x316,1B 82 CB DF E1 A5 00 B4
19.140000000,0x427,9B B2 C5 67 81 9A 58 2F
19.150000000,0x1A4,3C 2E 1C CC CB 04 1E DF
19.150000000,0x316,0E E0 D3 5E D6 AE 76 A0
19.150000000,0x427,B5 16 DC 76 E9 EC 32 B4
19.160000000,0x1A4,5B A7 1E CC 29 5E 59 00
19.160000000,0x316,80 09 42 DC F4 0F 97 A0
19.160000000,0x427,94 4D 19 12 9E 72 87 62
19.170000000,0x1A4,89 1E 10 CC A9 08 D5 B0
19.170000000,0x316,2B 56 39 55 1B 65 EA 87
19.170000000,0x427,D1 F4 5F 08 3C 52 ED 4B
19.180000000,0x1A4,0B EE 0F 4C C0 44 BD C0
19.180000000,0x316,AD EA 10 45 39 BB B3 B2
19.180000000,0x427,74 50 33 F2 9F E1 CC 9C
19.190000000,0x1A4,F9 06 05 CC 4F 3B 42 93
19.190000000,0x316,B6 F5 62 CB 5D 8C 07 35
19.190000000,0x427,37 2C A6 C9 B3 37 46 AF
19.200000000,0x1A4,4D BB F9 4B 05 27 D6 9E
19.200000000,0x316,8D 34 7F E1 00 16 F0 55
19.200000000,0x427,95 D1 5A BC A8 7E A7 EE
19.210000000,0x1A4,43 23 F8 4B 10 C5 C5 83
19.210000000,0x316,2C A3 00 F2 96 07 F6 E8
19.210000000,0x427,81 0E B6 AC 90 7B 2E 5D
19.220000000,0x1A4,39 85 F2 CB 96 34 33 0D
19.220000000,0x316,B0 4D 68 1C A8 56 09 62
19.220000000,0x427,DC 5C 97 5D AA 5D 21 77
19.230000000,0x1A4,A7 87 EF CB 91 BD 76 0A
19.230000000,0x316,0D 12 96 5D 9B 8D CE 5D
19.230000000,0x427,1F 53 DE 2C A2 A4 EE A5
19.240000000,0x1A4,22 E4 E4 CB B6 99 72 B4
19.240000000,0x316,B2 4C 27 11 95 D9 8D 8F
19.240000000,0x427,43 1E 97 B5 78 0B 09 C6
19.250000000,0x1A4,6E 0B E0 4B 07 90 6E 23
19.250000000,0x316,61 4E 33 FB 9E F3 BD 55
19.250000000,0x427,79 08 17 3D 59 71 25 8A
19.260000000,0x1A4,AF 1D DA 4B 67 61 27 A6
19.260000000,0x316,31 8C 7E 7A 87 F0 C4 BC
19.260000000,0x427,A4 FF 6B F0 13 3C 95 C0
19.270000000,0x1A4,2F B4 D2 CB 4D 77 02 DF
19.270000000,0x316,6D D2 87 F5 33 8F ED B3
19.270000000,0x427,C5 0E B5 35 73 FA CF C0
19.280000000,0x1A4,4A 6A C9 CB 28 6B C9 C2
19.280000000,0x316,0E 41 B6 39 AB EA 09 52
19.280000000,0x427,DB 4F 4B 5A 8E F0 DE E5
19.290000000,0x1A4,67 90 C1 4B 00 B3 E9 80
19.290000000,0x316,F3 56 23 AE 40 15 45 6C
19.290000000,0x427,38 FF F2 46 2A 17 F1 0D
19.300000000,0x1A4,76 F6 C0 4B 51 B9 70 5F
19.300000000,0x316,F4 C4 60 58 3E 2F D1 73
19.300000000,0x427,D9 5D 79 7C 92 08 5F 80
19.310000000,0x1A4,A8 AB BC CB 7F 08 5E D4
19.310000000,0x316,B1 E2 69 1F 7B A8 5C 78
19.310000000,0x427,24 1C B7 B5 49 E4 2A 88
19.320000000,0x1A4,B2 9C B5 CB 09 0A 4C D3
19.320000000,0x316,2A 37 69 88 0B 6F 42 E6
19.320000000,0x427,34 D6 D1 4A F3 DA B4 73
19.330000000,0x1A4,9F A9 AE CB 60 CE 3E 5E
19.330000000,0x316,FD 7F C6 CC 2D D0 5D AC
19.330000000,0x427,33 76 03 F2 6D 11 77 B1
19.340000000,0x1A4,06 3F A5 CB E0 BD 63 FA
19.340000000,0x316,E0 3D DD F0 58 D4 14 E2
19.340000000,0x427,5F F8 CC 10 B7 F0 37 30
19.350000000,0x1A4,C2 C4 A3 CB 4B 72 4C E2
19.350000000,0x316,14 3D 37 75 CC DD 59 16
19.350000000,0x427,2D 0C 86 14 BC C4 03 64
19.360000000,0x1A4,AF C7 9F CB 90 9C C6 2D
19.360000000,0x316,C0 CA D2 49 52 4C 50 F5
19.360000000,0x427,AA 80 E5 F4 AB D1 B2 13
19.370000000,0x1A4,F4 56 97 4B 6A 1E 2E 2A
19.370000000,0x316,E1 2E A4 46 8A A4 AD 1C
19.370000000,0x427,3C F9 73 B2 F6 50 E0 25
19.380000000,0x1A4,62 66 8F 4B 98 0A 87 26
19.380000000,0x316,EA 8C FF DF B7 21 4A 34
19.380000000,0x427,FA C8 4B 85 48 23 BD F3
19.390000000,0x1A4,4D 2C 8D CB 9E 07 CF 05
19.390000000,0x316,16 27 0D 4B 71 25 A2 6A
19.390000000,0x427,87 0A 36 F8 D3 FC B1 AE
19.400000000,0x1A4,20 7B 83 CB 72 4C 85 EE
19.400000000,0x316,A7 8B CC 21 2B D5 51 79
19.400000000,0x427,E2 58 C1 58 40 A3 8D 6B
19.410000000,0x1A4,F8 CF 78 4B 5F 83 DA BC
19.410000000,0x316,29 0A 0A A5 20 DD 7F 05
19.410000000,0x427,42 D8 A0 4A 8C 47 66 30
19.420000000,0x1A4,9E 75 75 4B 13 31 A4 05
19.420000000,0x316,20 DF 2D DF 75 28 4F CD
19.420000000,0x427,1E DA 79 3B DB 1E BF D5
19.430000000,0x1A4,B9 FF 6B CB 1D D9 05 85
19.430000000,0x316,F1 39 09 A5 2B 0F FC 55
19.430000000,0x427,12 A1 64 69 3A FC 25 94
19.440000000,0x1A4,7E 3F 69 4B 92 EB DF A7
19.440000000,0x316,F4 9C 63 A5 5E 52 6D C9
19.440000000,0x427,28 D1 88 53 95 38 74 7C
19.450000000,0x1A4,D6 42 66 CB EB 7E 75 AA
19.450000000,0x316,C2 A6 65 B2 5C F9 B8 87
19.450000000,0x427,3D 46 87 D7 0E 72 68 8C
19.460000000,0x1A4,36 51 5C 4B E2 F3 3F 75
19.460000000,0x316,15 57 D8 4D AB 67 37 91
19.460000000,0x427,F6 C0 C7 21 C8 CD F5 E5
19.470000000,0x1A4,49 BA 52 CB E9 74 76 4E
19.470000000,0x316,C4 F6 F6 2B CE 72 0D CA
19.470000000,0x427,41 D9 8F 42 8F 61 0E 3A
19.480000000,0x1A4,57 5B 57 4B 6C FD 34 5F
19.480000000,0x316,18 5F 81 F8 8B F4 C3 49
19.480000000,0x427,94 51 0E C5 36 96 73 D8
19.490000000,0x1A4,0E 18 4D 4B 46 80 F9 25
19.490000000,0x316,9E 21 66 5A C0 42 CD 48
19.490000000,0x427,EC 99 B7 74 70 6E CA F4
19.500000000,0x1A4,26 C5 46 4B FE 8C 5E 9E
19.500000000,0x316,3D E4 93 EC 91 86 29 29
19.500000000,0x427,9E 52 39 B6 B4 83 0A 89
19.510000000,0x1A4,93 EB 3D 4B 6C EF A9 2E
19.510000000,0x316,C3 08 24 F9 9D 59 E4 2C
19.510000000,0x427,C5 70 DE D6 C0 C5 46 B5
19.520000000,0x1A4,94 39 37 CB 5A 26 9B E7
19.520000000,0x316,FB 4D 96 AA 75 8D 61 CB
19.520000000,0x427,A7 C7 4A 27 26 FD 47 29
19.530000000,0x1A4,1E 5D 37 4B 6D 4B EE 1D
19.530000000,0x316,CA E6 88 0A E9 E8 67 FE
19.530000000,0x427,1F 64 0E 51 E8 14 14 93
19.540000000,0x1A4,7A 91 28 4B FC 13 DE 70
19.540000000,0x316,C7 0B AA 42 6B D5 A2 5E
19.540000000,0x427,18 2B 3B 2F CD 0F 85 34
19.550000000,0x1A4,F7 29 27 CB 4D C2 06 B5
19.550000000,0x316,4E 62 E1 08 2F B3 61 AA
19.550000000,0x427,FA 39 23 51 DB AF 5F FA
19.560000000,0x1A4,AE 5B 1E 4B 07 AC DF 25
19.560000000,0x316,7A 5A 77 5F C5 3F CC 72
19.560000000,0x427,6B B2 34 8A 65 1E B8 F9
19.570000000,0x1A4,30 FF 1F 4B 3D D3 9C 88
19.570000000,0x316,69 05 33 4D 5B F8 19 1F
19.570000000,0x427,A8 8F A1 EB 95 7F 61 06
19.580000000,0x1A4,9C 65 11 4B 56 88 5A EE
19.580000000,0x316,6F C9 D9 7F 59 9B BD C4
19.580000000,0x427,D6 E0 37 25 A4 4D A2 F2
19.590000000,0x1A4,51 28 0A 4B 6D 0A 85 ED
19.590000000,0x316,77 CD F9 51 78 1B F3 27
19.590000000,0x427,6D 6E 19 01 D3 C2 5B F8
19.600000000,0x1A4,CE 01 06 CB 67 32 D0 8B
19.600000000,0x316,4D FD C0 F9 EE 8E E5 81
19.600000000,0x427,E7 CE CE 54 99 C7 B1 A5
19.610000000,0x1A4,D0 75 F8 CA 78 9D A9 4B
19.610000000,0x316,AD 35 52 79 49 C7 5E E5
19.610000000,0x427,2A 1D 32 4A C5 11 38 F8
19.620000000,0x1A4,A0 9B FA CA FE BC 10 C1
19.620000000,0x316,28 7C 0E FB 8D 17 7B FE
19.620000000,0x427,99 CF DF 92 8D 27 B9 AA
19.630000000,0x1A4,38 43 F7 4A 3D 06 B1 CC
19.630000000,0x316,2D 03 B3 90 60 D8 81 BA
19.630000000,0x427,CF 56 29 E8 DD 55 1B EC
19.640000000,0x1A4,06 D4 ED 4A D7 05 B4 56
19.640000000,0x316,CA EF 6B B0 64 B7 C0 1C
19.640000000,0x427,14 CB 4C BB 94 83 9E 7A
19.650000000,0x1A4,82 D5 E1 CA 3F BE 42 0A
19.650000000,0x316,BD 3E B1 23 56 F4 91 AD
19.650000000,0x427,D7 B6 0B 8D 9D 97 EB 1D
19.660000000,0x1A4,B6 79 E6 4A 0A 01 59 06
19.660000000,0x316,F6 37 D1 66 CC EB 15 9E
19.660000000,0x427,A8 B5 43 D7 C9 D3 69 38
19.670000000,0x1A4,39 44 DB 4A CA 24 7E 5B
19.670000000,0x316,E9 D7 AC 17 CA C0 8C 53
19.670000000,0x427,3F AF 16 0E 20 CC AF 9B
19.680000000,0x1A4,F5 10 D5 CA 60 55 F5 31
19.680000000,0x316,46 C3 5B 95 42 5E C4 86
19.680000000,0x427,6E 6B DE 38 8E 2F 02 C8
19.690000000,0x1A4,0D BF CF CA 96 58 60 C4
19.690000000,0x316,24 3C 26 47 3F 6C 1A 32
19.690000000,0x427,8D BF C5 05 EB 1F 66 15
19.700000000,0x1A4,57 63 CD CA 62 A5 75 D9
19.700000000,0x316,7B 8A 09 72 BC 06 54 AD
19.700000000,0x427,D1 35 EB AB B0 D3 26 F5
19.710000000,0x1A4,B5 55 C6 4A 26 9E D0 F9
19.710000000,0x316,C2 81 04 83 26 F2 F8 64
19.710000000,0x427,44 7A C7 31 50 23 8F 7D
19.720000000,0x1A4,75 93 B8 4A CF 78 69 9A
19.720000000,0x316,49 61 E6 9A C8 52 F5 82
19.720000000,0x427,F7 CD 82 F1 E9 22 59 0E
19.730000000,0x1A4,B5 FA B7 CA BA 33 B1 AA
19.730000000,0x316,5A BF 6E 5C 7B 5C C6 65
19.730000000,0x427,FA C8 DF 25 CB 66 49 B7
19.740000000,0x1A4,40 E7 AA CA BF D8 79 6D
19.740000000,0x316,CD 11 A0 5E D0 46 D8 62
19.740000000,0x427,C4 DC 71 5F 96 EF 1E 03
19.750000000,0x1A4,BE D8 AE 4A F7 B0 4C 58
19.750000000,0x316,4C 67 F2 59 5F AE DE 4E
19.750000000,0x427,03 FD 3E FA 75 45 11 72
19.760000000,0x1A4,15 3D A2 CA 15 DC 9F 8F
19.760000000,0x316,33 DD 6C 16 38 CC 37 37
19.760000000,0x427,FD 98 54 BA 25 2E 47 E3
19.770000000,0x1A4,E0 6C 98 4A F2 C1 D4 BD
19.770000000,0x316,05 D9 1A FE E8 66 65 6A
19.770000000,0x427,48 55 BE CD 58 F7 47 71
19.780000000,0x1A4,48 EB 93 4A F4 29 EE 29
19.780000000,0x316,4A 92 40 CE 66 40 5E BA
19.780000000,0x427,93 8E 69 F8 E2 36 D1 E5
19.790000000,0x1A4,4B 44 90 4A 03 E4 85 BA
19.790000000,0x316,02 5C 7C E5 A0 9A 08 6A
19.790000000,0x427,28 B5 BA 23 7D 15 E4 D5
19.800000000,0x1A4,C2 6E 89 CA 90 50 12 99
19.800000000,0x316,D1 34 09 16 47 8B C5 24
19.800000000,0x427,8A 51 31 35 48 8E A0 4D
19.810000000,0x1A4,FA 3E 80 4A 79 A1 06 FD
19.810000000,0x316,17 2C 16 DE 1A 21 7A 86
19.810000000,0x427,AE 54 94 FC 38 DF DD 55
19.820000000,0x1A4,AE F6 7C 4A 47 1D E3 EE
19.820000000,0x316,3C CE C8 F5 4F BB 36 97
19.820000000,0x427,CF B0 90 C1 E6 9E 32 60
19.830000000,0x1A4,FA 8B 7C 4A 26 C6 B1 01
19.830000000,0x316,92 69 D2 68 32 CA 88 A3
19.830000000,0x427,6E CE 16 EA 4D E1 F8 45
19.840000000,0x1A4,31 97 75 4A DE C9 C5 2C
19.840000000,0x316,F9 D0 49 8E 7C 7E 4D 76
19.840000000,0x427,7F BF D2 B5 DB F6 62 91
19.850000000,0x1A4,61 A7 6F CA 17 0F 35 EA
19.850000000,0x316,80 A6 0D 23 32 8B 02 33
19.850000000,0x427,DB 1D 9E 2F C0 8B 10 D5
19.860000000,0x1A4,FB A5 63 4A 19 42 1A 4A
19.860000000,0x316,08 39 CA 8D FE 04 97 7D
19.860000000,0x427,AC C6 CF 0A 39 F8 A2 D2
19.870000000,0x1A4,40 02 65 CA 14 68 4F 4D
19.870000000,0x316,23 60 A7 D5 45 35 D0 95
19.870000000,0x427,34 55 CD 4D 88 5E 7D 7E
19.880000000,0x1A4,17 0B 5D CA 58 34 67 BD
19.880000000,0x316,9B C7 A4 76 4F 28 7A 39
19.880000000,0x427,A8 FC DE 06 5A 5D 8D CA
19.890000000,0x1A4,6E 58 50 4A 67 1D 6E 27
19.890000000,0x316,2C CD 3E 43 F7 E6 D7 4C
19.890000000,0x427,B4 28 BE F4 0B 6D FB A3
19.900000000,0x1A4,35 F4 48 CA 8B A6 F5 A2
19.900000000,0x316,5F 75 F8 78 16 0F CA 1F
19.900000000,0x427,77 49 60 A7 E7 4D 79 AA
19.910000000,0x1A4,B3 1A 47 CA 0D FD A5 49
19.910000000,0x316,54 C9 CA 6A F9 57 EB 2D
19.910000000,0x427,05 46 EC 7D 43 99 23 E8
19.920000000,0x1A4,B8 7D 46 CA 65 AF 10 A5
19.920000000,0x316,19 F4 A7 3E 79 03 48 07
19.920000000,0x427,ED 06 8E 1E 06 95 C4 C3
19.930000000,0x1A4,0A B2 3F 4A 19 8A 38 7E
19.930000000,0x316,AB 9A 8C FE DE E6 7A F8
19.930000000,0x427,DA E0 14 11 1A F1 50 99
19.940000000,0x1A4,A7 62 35 CA 70 45 9C 5C
19.940000000,0x316,E0 B9 C0 94 DD 1F 01 7B
19.940000000,0x427,00 7F C9 90 92 2F A2 6F
19.950000000,0x1A4,12 EB 2B CA 80 7D 06 42
19.950000000,0x316,42 59 C4 A0 D2 FB 97 AF
19.950000000,0x427,D4 CD DD 79 79 05 69 F9
19.960000000,0x1A4,EA 0B 2A CA BD D9 7A D1
19.960000000,0x316,5B 09 9D 1E 3C 2E 8A 5F
19.960000000,0x427,24 E5 34 83 68 16 A3 BB
19.970000000,0x1A4,2F 7B 24 CA 83 D5 7D 04
19.970000000,0x316,5A 46 64 D8 79 07 71 42
19.970000000,0x427,37 5B B0 29 26 4F E7 94
19.980000000,0x1A4,93 89 1A 4A 13 3E 69 25
19.980000000,0x316,11 9F D6 51 34 FA 06 76
19.980000000,0x427,70 66 D9 E0 6D FF 7A B1
19.990000000,0x1A4,03 F5 17 4A 2D 9D 7D 5B
19.990000000,0x316,FA 9B CE 29 F3 16 8A 0D
19.990000000,0x427,6B B9 CD 45 2C 35 75 5C
20.000000000,0x1A4,0B 45 15 4A 98 17 E1 A2
20.000000000,0x316,25 B0 7F E9 88 20 85 F4
20.000000000,0x427,F0 C9 21 5B 7B 94 78 0C
20.010000000,0x1A4,1E 04 0C 4A 99 7F AA 4A
20.010000000,0x316,7E AC 94 87 DB FF 91 A3
20.010000000,0x427,FD 78 B2 EF C8 E9 AA 13
20.020000000,0x1A4,37 C1 04 CA 40 D9 9D 31
20.020000000,0x316,52 92 35 C4 23 92 C6 A0
20.020000000,0x427,D9 4E E9 2E E6 AE C2 C3
20.030000000,0x1A4,02 B8 F9 49 82 7F 48 99
20.030000000,0x316,0A 43 AC C0 60 6B C9 2A
20.030000000,0x427,4C BB 30 8B F3 5C 96 52
20.040000000,0x1A4,FF 6E F8 C9 B5 2A F3 50
20.040000000,0x316,27 9B AA D3 AC 95 51 D8
20.040000000,0x427,CC 01 5A AF A9 C0 C4 CC
20.050000000,0x1A4,38 13 F3 49 CB 55 7E 45
20.050000000,0x316,4A 3D 79 AF A6 FF AD B2
20.050000000,0x427,52 7C 37 B0 5D 49 CE 5C
20.060000000,0x1A4,CE 89 E8 49 3D C5 CF 88
20.060000000,0x316,CF EF 7D 94 C9 61 04 5A
20.060000000,0x427,86 C2 C4 D2 CB AB CA 24
20.070000000,0x1A4,FD 42 E5 49 69 1E 0F 23
20.070000000,0x316,93 D6 A6 84 9F FE 0A 48
20.070000000,0x427,B1 DB 7D 5F 68 F3 5F C7
20.080000000,0x1A4,A0 57 E2 49 C1 78 78 69
20.080000000,0x316,30 C2 1E 57 F5 95 C0 EB
20.080000000,0x427,BE 66 29 E9 34 47 BC 29
20.090000000,0x1A4,8E 0E D8 49 5D BC C6 37
20.090000000,0x316,2F E9 90 27 86 B3 DD 80
20.090000000,0x427,FD E4 9A 38 34 01 E2 D4
20.100000000,0x1A4,03 15 D4 49 76 1D 8C CB
20.100000000,0x316,9E 82 A5 E5 21 07 04 8F
20.100000000,0x427,04 A4 09 9D 76 16 8D B0
20.110000000,0x1A4,CA B0 CF C9 F2 B9 D6 F3
20.110000000,0x316,FE 2E 91 86 FD 06 98 D8
20.110000000,0x427,BC 6B 37 88 0A 7D 69 B6
20.120000000,0x1A4,EF BA CD C9 A8 A1 C7 B3
20.120000000,0x316,86 51 9D C1 DE E6 75 CD
20.120000000,0x427,89 EC 2C 1D 53 34 D7 6A
20.130000000,0x1A4,FA C2 C2 49 AD 04 81 EA
20.130000000,0x316,CC F8 8E 13 1F 3F D7 1D
20.130000000,0x427,31 CF 9F D1 3C 6E 98 21
20.140000000,0x1A4,E0 94 BC C9 F6 F9 72 04
20.140000000,0x316,F9 B4 C1 7A EE 48 24 59
20.140000000,0x427,59 47 C3 4F FA B2 E8 B0
20.150000000,0x1A4,22 4B B1 49 83 6B 96 23
20.150000000,0x316,D3 72 29 D1 A0 D7 22 71
20.150000000,0x427,A8 1B C5 E3 0E 28 D2 FC
20.160000000,0x1A4,5C 80 B7 C9 C8 43 EB 85
20.160000000,0x316,B0 9A 7A C3 6D 39 59 F8
20.160000000,0x427,15 45 90 57 AD C4 15 2C
20.170000000,0x1A4,CE AB AB C9 AA C9 FF 4D
20.170000000,0x316,EB C8 5C 07 CB F1 94 BE
20.170000000,0x427,CB ED 87 D0 A8 5D 5C 1E
20.180000000,0x1A4,AA 71 A4 49 92 6E F3 20
20.180000000,0x316,D9 3D 58 DB 9D FD B9 B1
20.180000000,0x427,57 A9 71 24 C3 DB 23 B0
20.190000000,0x1A4,3E C8 98 49 63 9F B3 4E
20.190000000,0x316,6D 8E 16 20 E4 23 B8 35
20.190000000,0x427,A8 FB 55 21 36 FF 29 FB
20.200000000,0x1A4,6E 74 9F 49 7F 06 C0 6C
20.200000000,0x316,1C 75 D9 B0 3E 85 55 C3
20.200000000,0x427,18 2C B6 C8 66 D3 99 1C
20.210000000,0x1A4,FD 75 96 49 29 7F D0 04
20.210000000,0x316,3D 3C 52 C6 F6 20 F8 7B
20.210000000,0x427,A1 A4 E0 C1 0A 3C 66 6E
20.220000000,0x1A4,E0 63 8A 49 07 0F 44 32
20.220000000,0x316,83 EB 99 1B 6E 1A 65 08
20.220000000,0x427,14 AA 05 CB E3 EB E7 A8
20.230000000,0x1A4,49 5F 83 C9 CB 64 DA 97
20.230000000,0x316,B7 01 2C 0F DF C7 15 78
20.230000000,0x427,A9 AF 71 1E 41 60 95 E8
20.240000000,0x1A4,F6 6C 85 49 1F 7F 14 0B
20.240000000,0x316,51 96 F5 10 D0 A8 38 4D
20.240000000,0x427,A1 F1 E6 AA 29 36 A1 02
20.250000000,0x1A4,F4 34 7A C9 B1 75 B4 18
20.250000000,0x316,36 74 49 C8 34 EF B0 1F
20.250000000,0x427,11 8C 8B EB E9 09 0F 9A
20.260000000,0x1A4,00 2C 75 49 35 27 6D 96
20.260000000,0x316,61 65 B3 E6 07 CD 34 33
20.260000000,0x427,9B DC 4D 2F F8 7B AC AB
20.270000000,0x1A4,45 1C 6E 49 88 86 7D 07
20.270000000,0x316,30 50 3D 17 DF 38 43 25
20.270000000,0x427,7B 61 8A D8 20 D5 06 BF
20.280000000,0x1A4,A4 C0 6C C9 55 17 02 47
20.280000000,0x316,AF 01 E4 F2 A6 95 6A 94
20.280000000,0x427,C6 D0 0B 59 6B FE 29 5A
20.290000000,0x1A4,05 49 62 49 4A 54 EA DA
20.290000000,0x316,B1 93 29 80 18 A6 E2 C7
20.290000000,0x427,4A 85 82 BA 7B B6 EA 9C
20.300000000,0x1A4,AC 14 58 49 37 BB 41 81
20.300000000,0x316,C7 F1 FA 91 4E 89 7E 11
20.300000000,0x427,72 FD 5E 19 CD 6B D0 D1
20.310000000,0x1A4,91 91 50 C9 1F F6 63 C3
20.310000000,0x316,C1 79 94 03 DA F9 61 87
20.310000000,0x427,8D 2F 8D 37 64 6E 3F B7
20.320000000,0x1A4,11 42 51 49 17 FE D9 F6
20.320000000,0x316,40 C4 27 48 61 58 F9 2B
20.320000000,0x427,72 35 D3 E6 BC 50 07 C1
20.330000000,0x1A4,35 1F 49 C9 48 B3 1B 01
20.330000000,0x316,59 88 3C F9 C4 7E B0 B9
20.330000000,0x427,91 77 43 19 9E 79 9A EC
20.340000000,0x1A4,57 B6 41 49 63 64 A4 EB
20.340000000,0x316,FF F0 12 81 78 96 EE D9
20.340000000,0x427,C9 80 2F B5 98 F4 86 79
20.350000000,0x1A4,5C 85 38 49 98 D6 B8 B2
20.350000000,0x316,22 A5 E1 96 2F 67 64 2F
20.350000000,0x427,94 F0 8D 70 1B 2E 6C AC
20.360000000,0x1A4,A6 F4 3E C9 6B 9E 79 1B
20.360000000,0x316,E2 16 4C 2E 6A A9 B1 D5
20.360000000,0x427,09 A3 D5 5A F4 8C 36 FB
20.370000000,0x1A4,C7 73 36 49 82 48 91 6C
20.370000000,0x316,3A A9 DA 36 21 F4 A5 83
20.370000000,0x427,39 FE 40 3A AC 07 57 68
20.380000000,0x1A4,ED 70 2B 49 A2 BA EB C2
20.380000000,0x316,CD 94 0F FC 13 AC 74 50
20.380000000,0x427,51 42 A5 1F 60 55 45 77
20.390000000,0x1A4,19 AE 25 49 FD DD 0C 85
20.390000000,0x316,20 27 CB 22 65 CC ED 7E
20.390000000,0x427,35 5E 24 C3 EF E8 7A 5C
20.400000000,0x1A4,C4 3E 21 C9 3F 25 CC 49
20.400000000,0x316,F0 35 A0 8E 5D F1 DD B8
20.400000000,0x427,A5 52 65 0A 88 33 0E 15
20.410000000,0x1A4,1F 5F 1F 49 54 F6 63 7E
20.410000000,0x316,25 FF 9F 1D F0 03 81 62
20.410000000,0x427,7E C2 9A 48 CE 65 FA 74
20.420000000,0x1A4,70 20 13 C9 53 ED 75 BC
20.420000000,0x316,5D AF DF 4F 7F 48 E2 AF
20.420000000,0x427,BB DE E6 F9 9C AF 51 D7
20.430000000,0x1A4,82 17 0F 49 4A D7 D2 39
20.430000000,0x316,9B 6E CD 8D C3 A5 43 68
20.430000000,0x427,C1 0F 64 4A A6 7D 26 FC
20.440000000,0x1A4,99 3E 09 C9 59 E5 8E 6D
20.440000000,0x316,6B 36 54 30 42 86 55 DB
20.440000000,0x427,D5 E7 D1 11 EC A3 0E E5
20.450000000,0x1A4,44 98 07 C9 DD 78 6C CD
20.450000000,0x316,5A F4 C5 79 82 AD 67 F0
20.450000000,0x427,43 89 DB AD A0 A3 10 5E
20.460000000,0x1A4,5B 6D FE 48 DA EE 45 03
20.460000000,0x316,FD 54 AC FF B1 AD 95 AC
20.460000000,0x427,F6 AA DC 7D 07 73 0E AC
20.470000000,0x1A4,70 8B F4 48 0C 7D 78 65
20.470000000,0x316,92 97 24 70 84 33 CD 85
20.470000000,0x427,70 9E 96 A8 CE 53 30 AD
20.480000000,0x1A4,97 F2 F2 48 80 0F 85 1E
20.480000000,0x316,8E BC B3 24 2E 5D 12 65
20.480000000,0x427,32 50 8F 66 D3 F3 ED B1
20.490000000,0x1A4,3E C2 EE C8 6E 15 42 FA
20.490000000,0x316,80 76 0A 1A 65 7F CE BD
20.490000000,0x427,64 D3 DF EC 1A 23 76 E4
20.500000000,0x1A4,93 98 E4 C8 DC 71 31 2B
20.500000000,0x316,9D DC 90 10 06 19 1C 5D
20.500000000,0x427,DC 32 A7 F9 50 53 F7 32
20.510000000,0x1A4,52 90 D8 48 EB 77 44 33
20.510000000,0x316,56 5A 4F 98 23 51 12 D8
20.510000000,0x427,F3 FA 9B FD 73 7C 7F 67
20.520000000,0x1A4,68 57 DD 48 32 58 9D 3B
20.520000000,0x316,F0 51 8E D6 2C 6A B9 6C
20.520000000,0x427,75 BD A6 B9 23 AE C5 7F
20.530000000,0x1A4,29 FA D4 48 28 0C CB C3
20.530000000,0x316,B1 87 A7 B6 7C C0 16 C4
20.530000000,0x427,6C 9E F8 94 D5 71 F9 97
20.540000000,0x1A4,77 8B C9 48 C5 11 9D C1
20.540000000,0x316,18 32 1C CA 73 4D 0D CD
20.540000000,0x427,AE 1E D2 A4 94 32 77 F1
20.550000000,0x1A4,E2 D5 CD 48 7A 31 29 5B
20.550000000,0x316,4F C0 CF 79 30 58 AB AA
20.550000000,0x427,AD 0C 69 9A 36 4C 3C F3
20.560000000,0x1A4,92 9D C1 48 13 52 CE FC
20.560000000,0x316,67 58 0A 7C C3 0F EC 82
20.560000000,0x427,69 60 65 47 03 4F BA 25
20.570000000,0x1A4,62 9E BB C8 44 F1 62 74
20.570000000,0x316,91 4A A8 1B 02 D9 47 1F
20.570000000,0x427,E8 35 2D 40 09 7A 45 7D
20.580000000,0x1A4,B9 55 B5 48 19 23 17 3B
20.580000000,0x316,7D EC DC A0 C7 52 41 F1
20.580000000,0x427,E2 B1 75 22 E6 F5 9B 07
20.590000000,0x1A4,8D 9B B7 48 63 5A E0 BC
20.590000000,0x316,72 BC 87 0D A3 5B 8F D4
20.590000000,0x427,21 6F 77 11 E7 C4 85 7F
20.600000000,0x1A4,01 73 A8 C8 C0 03 D9 06
20.600000000,0x316,33 BF D9 F8 19 37 D9 2D
20.600000000,0x427,2B 3C F4 61 06 03 C6 9A
20.610000000,0x1A4,48 56 A0 C8 8B 61 B3 53
20.610000000,0x316,DB BF 19 27 F5 31 81 4D
20.610000000,0x427,A5 36 39 9F 51 2C 8C 9F
20.620000000,0x1A4,10 52 99 48 8F 98 9A C2
20.620000000,0x316,89 A2 96 13 13 94 3C A9
20.620000000,0x427,1D 7F 69 C0 38 5F 1B 85
20.630000000,0x1A4,05 9B 9F C8 29 00 00 7E
20.630000000,0x316,26 72 F0 CA F5 34 4D 77
20.630000000,0x427,A4 CC B1 33 A3 F0 26 4B
20.640000000,0x1A4,31 F1 96 C8 CE 4F 76 7F
20.640000000,0x316,21 0C 81 7D A5 3A 3A 81
20.640000000,0x427,DF 7E FC 42 76 39 DD 8A
20.650000000,0x1A4,E3 31 8F 48 8D 2F 3A CF
20.650000000,0x316,04 7C 13 DC 92 1B 60 8A
20.650000000,0x427,76 4A EF 8B EE 0B 86 04
20.660000000,0x1A4,BF 50 84 C8 47 34 93 C3
20.660000000,0x316,39 D7 16 08 F4 45 9F FD
20.660000000,0x427,3B 1D 2F 6E 78 EA 4F E1
20.670000000,0x1A4,FF 73 81 C8 AD 92 7F 1E
20.670000000,0x316,44 91 35 62 4F C5 3A 73
20.670000000,0x427,84 F3 86 50 25 F8 55 DA
20.680000000,0x1A4,CF 97 7F 48 03 5C 4B 71
20.680000000,0x316,19 08 AC 75 02 0F 36 09
20.680000000,0x427,FA 7F 69 08 4F 4C 47 2D
20.690000000,0x1A4,F0 B2 71 C8 36 29 CF A8
20.690000000,0x316,42 99 40 DC 05 9C 85 C7
20.690000000,0x427,34 54 94 4D C4 B6 7B E2
20.700000000,0x1A4,DF 4B 68 C8 69 5B 05 2A
20.700000000,0x316,8F 9B D1 7D 23 1E 41 6E
20.700000000,0x427,4F D2 6D 22 7A 5B FD 4F
20.710000000,0x1A4,8A A2 69 C8 71 C7 9A 63
20.710000000,0x316,87 D8 C9 7C F9 3B 96 C3
20.710000000,0x427,54 75 00 1C F2 7E A0 91
20.720000000,0x1A4,3E 69 66 C8 9F ED 94 7D
20.720000000,0x316,04 E9 FA A8 1F C8 C4 8D
20.720000000,0x427,63 AE 74 AF 92 9E 15 8A
20.730000000,0x1A4,A7 5E 5C C8 74 04 46 78
20.730000000,0x316,9F 4E D5 79 7B F8 EF 8F
20.730000000,0x427,3D C7 B6 DA B5 FE 03 28
20.740000000,0x1A4,87 1C 5E C8 DC C9 44 0E
20.740000000,0x316,BE CB 31 64 7B 97 6D 43
20.740000000,0x427,E5 13 A4 7E 87 BB 4E 97
20.750000000,0x1A4,64 FC 52 C8 A9 59 B7 60
20.750000000,0x316,3F C2 EF 9D B8 4D 2E AD
20.750000000,0x427,F3 B9 4E 5A 89 6D 37 C4
20.760000000,0x1A4,A8 FB 4F C8 02 E6 D0 48
20.760000000,0x316,F6 28 0B 52 5D 7B B9 0F
20.760000000,0x427,03 A4 34 07 5E 9C 28 97
20.770000000,0x1A4,1F E2 44 48 8F 96 D1 20
20.770000000,0x316,02 51 41 D6 40 0D CD 5D
20.770000000,0x427,27 FD 4F 59 AA E4 3E CF
20.780000000,0x1A4,C8 74 47 C8 3C DC 7E 95
20.780000000,0x316,61 E8 E2 06 48 C1 E3 C3
20.780000000,0x427,28 0C 2F E4 E6 06 0A A0
20.790000000,0x1A4,69 96 3C 48 C8 41 6D 61
20.790000000,0x316,D7 EE EB 18 B1 1E 9B 6D
20.790000000,0x427,17 4B 5B 58 50 24 F0 FD
20.800000000,0x1A4,E8 57 34 48 EA 37 74 69
20.800000000,0x316,46 C8 EC 59 23 75 73 0E
20.800000000,0x427,63 06 47 A9 C4 C8 85 3E
20.810000000,0x1A4,65 A0 2B 48 6D 31 10 3C
20.810000000,0x316,98 C1 E8 A5 3B C1 E5 4F
20.810000000,0x427,CE 27 B0 97 D0 BD BE 15
20.820000000,0x1A4,37 41 2F C8 1B 32 20 B0
20.820000000,0x316,9E 9F C4 10 70 D9 72 DE
20.820000000,0x427,2E BE 0E 4E B1 FD 4D 1D
20.830000000,0x1A4,CC 93 24 48 18 A7 76 2B
20.830000000,0x316,48 D8 0B 05 23 AF D5 89
20.830000000,0x427,B0 64 7C 53 6D 94 91 09
20.840000000,0x1A4,57 28 1E 48 2E 78 63 A8
20.840000000,0x316,27 B8 05 DD 6B 31 27 6C
20.840000000,0x427,87 AF 6B 91 BE 4C C7 83
20.850000000,0x1A4,B7 CB 1A C8 26 F8 D1 6B
20.850000000,0x316,A5 22 41 44 57 15 39 05
20.850000000,0x427,A6 55 2A B2 AB 40 3E 78
20.860000000,0x1A4,76 76 16 C8 A0 49 B1 05
20.860000000,0x316,BD 14 5B FC 45 15 07 51
20.860000000,0x427,38 69 B3 60 9C B0 02 92
20.870000000,0x1A4,A1 C0 0A 48 F3 34 8A 52
20.870000000,0x316,93 E4 91 92 A7 8C 04 19
20.870000000,0x427,65 7D EE CE 1C 12 05 7D
20.880000000,0x1A4,89 50 05 48 FB 75 DC B0
20.880000000,0x316,0A 18 D4 AC 5D 68 B6 34
20.880000000,0x427,A5 F6 01 56 E7 C9 29 7F
20.890000000,0x1A4,13 70 05 C8 4A A8 BB CF
20.890000000,0x316,E3 BD D0 C3 3D E9 D9 AA
20.890000000,0x427,55 0E EC 56 DA 14 A8 2A
20.900000000,0x1A4,03 5C FD C7 C5 66 AD 4C
20.900000000,0x316,06 7A 03 5D D8 6A 2C F8
20.900000000,0x427,74 1D 9D 6F 03 74 A6 33
20.910000000,0x1A4,3E 3A F0 47 96 78 AC A2
20.910000000,0x316,1B E3 EA D8 E6 17 5F F9
20.910000000,0x427,00 A3 82 C9 B3 3F 48 13
20.920000000,0x1A4,E3 2C EB C7 24 82 AF D9
20.920000000,0x316,33 6B 2C 89 2F F4 CD 36
20.920000000,0x427,58 22 90 49 6D 34 E1 43
20.930000000,0x1A4,E4 03 EB 47 43 2E 1D 4C
20.930000000,0x316,39 C7 08 FF 8E 40 D2 92
20.930000000,0x427,B0 43 EB 66 AF 76 FA CD
20.940000000,0x1A4,CF A9 E3 47 24 F8 E3 9F
20.940000000,0x316,C8 E8 2D BE 20 A0 3B F5
20.940000000,0x427,73 8C 8A 17 AA A2 BB B7
20.950000000,0x1A4,A0 A1 DC C7 09 79 04 94
20.950000000,0x316,42 76 40 18 3D 71 84 97
20.950000000,0x427,FA 04 3B 56 8A 3E FB 45
20.960000000,0x1A4,8B 97 D8 47 D2 71 01 91
20.960000000,0x316,0D 81 1A CD A4 C9 F3 87
20.960000000,0x427,18 30 AB 79 D5 CF 56 6D
20.970000000,0x1A4,3C 77 D1 47 AD BB E9 58
20.970000000,0x316,42 D5 AF CB 1B 18 A0 13
20.970000000,0x427,DA 1D CB A6 57 8E E0 D2
20.980000000,0x1A4,85 D8 CD 47 68 0E 30 81
20.980000000,0x316,9E 3F DB CD 7E D6 C6 4C
20.980000000,0x427,BE 38 D3 6E 4F 4C D8 A9
20.990000000,0x1A4,29 01 C2 C7 69 E6 37 50
20.990000000,0x316,C9 3E 38 33 B7 7F 10 6A
20.990000000,0x427,15 32 FD 66 A5 E3 52 40
21.000000000,0x1A4,E7 A1 C5 C7 E9 3C EF 83
21.000000000,0x316,32 CA 06 74 49 5F EB AB
21.000000000,0x427,E2 F2 70 C3 27 0E 2D 8C
21.010000000,0x1A4,69 DB BB 47 1B 70 82 E1
21.010000000,0x316,ED 2F C3 04 42 61 BA A0
21.010000000,0x427,EF 8A 0D B4 78 43 27 84
21.020000000,0x1A4,C1 8C B2 C7 03 04 C1 2F
21.020000000,0x316,9A 00 AC 93 31 CF CB 7F
21.020000000,0x427,39 13 84 36 80 98 2A A9
21.030000000,0x1A4,E0 4D B5 C7 77 A2 EB D2
21.030000000,0x316,02 58 01 BE 88 84 27 F0
21.030000000,0x427,7F AA A0 77 4D 73 97 44
21.040000000,0x1A4,C9 E8 A9 C7 52 24 4F A3
21.040000000,0x316,56 4B 60 88 A0 43 16 CF
21.040000000,0x427,8B C7 4A 9D 6B 70 4F DA
21.050000000,0x1A4,52 FE A4 C7 84 64 26 E8
21.050000000,0x316,55 91 08 6F F5 4C 44 EF
21.050000000,0x427,D3 01 ED 90 F9 71 03 BA
21.060000000,0x1A4,57 3E 9B C7 81 67 54 0F
21.060000000,0x316,AA 75 B3 85 46 AB 5D 33
21.060000000,0x427,C5 1A 41 5D 07 87 65 76
21.070000000,0x1A4,D0 87 9A 47 A9 25 89 3D
21.070000000,0x316,2C 60 85 26 54 44 16 BF
21.070000000,0x427,64 41 70 AF 8C C7 F9 C3
21.080000000,0x1A4,DB DD 96 47 12 61 18 D8
21.080000000,0x316,B2 A3 75 6F 18 D1 06 69
21.080000000,0x427,2D 41 93 51 77 25 35 DC
21.090000000,0x1A4,FF ED 88 C7 AF 53 40 E9
21.090000000,0x316,8C 52 7E 10 60 12 49 A2
21.090000000,0x427,2A 61 1C 34 DF 4A 91 D8
21.100000000,0x1A4,D1 8F 85 47 0E D6 55 44
21.100000000,0x316,7D B4 DE D2 3B C1 7B 49
21.100000000,0x427,3A 0D 63 A5 A1 0D 1C 29
21.110000000,0x1A4,90 7C 86 47 0B B9 D5 AF
21.110000000,0x316,BD 5B EA 99 3B 01 73 3C
21.110000000,0x427,9A D4 E6 67 FD 3F 0D 3D
21.120000000,0x1A4,CF 2C 7A 47 11 ED 63 26
21.120000000,0x316,63 68 21 31 F3 9E 17 07
21.120000000,0x427,8E C3 DE 3E 0D 20 0B CC
21.130000000,0x1A4,A3 44 75 C7 3E 96 7F 4F
21.130000000,0x316,96 2B D3 76 94 04 42 7C
21.130000000,0x427,1F B1 50 8F 85 62 C5 FD
21.140000000,0x1A4,1C 68 76 47 04 72 09 6C
21.140000000,0x316,ED AE 9C A5 1B 0C D9 E7
21.140000000,0x427,A0 13 79 09 67 A6 B5 33
21.150000000,0x1A4,CA B7 6B 47 82 73 D0 45
21.150000000,0x316,25 1E ED 22 78 D7 75 07
21.150000000,0x427,A4 4B 26 42 69 CD 27 CA
21.160000000,0x1A4,AB AD 64 C7 AE 10 1C 47
21.160000000,0x316,DF A4 9E A8 7C 13 FB 8C
21.160000000,0x427,1D 5E 0D 2D 8A 70 F0 A4
21.170000000,0x1A4,5A D1 5E C7 89 BD CF 0A
21.170000000,0x316,CC BC BA F6 5E 0E F4 B8
21.170000000,0x427,99 23 60 7C 9B 78 40 C8
21.180000000,0x1A4,4D BD 58 47 9A ED 29 0E
21.180000000,0x316,66 B2 0D DC 0F 62 81 E5
21.180000000,0x427,13 68 7C 15 21 10 5C 50
21.190000000,0x1A4,DA 70 52 C7 FC 5C 48 4C
21.190000000,0x316,49 F8 FE DD DF E3 46 10
21.190000000,0x427,48 13 8C E6 A5 AD 80 F4
21.200000000,0x1A4,C6 99 49 47 7C EE 92 E5
21.200000000,0x316,D3 06 0A 5D 69 B3 F2 AB
21.200000000,0x427,25 5F 4D A8 E1 80 BE E2
21.210000000,0x1A4,28 50 4E 47 F2 E9 9A 65
21.210000000,0x316,F4 12 73 F1 A5 D1 FD D6
21.210000000,0x427,C6 6D 67 B9 4F 7B BE D7
21.220000000,0x1A4,1F C0 43 47 73 31 6D 3C
21.220000000,0x316,72 99 A7 1C B2 4F 2B 92
21.220000000,0x427,6B E8 06 BC 95 49 10 80
21.230000000,0x1A4,89 DB 3C C7 39 6F E2 1E
21.230000000,0x316,BB 02 9F 85 59 22 0A AA
21.230000000,0x427,1D 23 38 D4 4F 63 96 94
21.240000000,0x1A4,25 DE 35 C7 25 FE 6D C6
21.240000000,0x316,E6 6D 7A EE D3 72 77 86
21.240000000,0x427,21 7E 76 40 55 6B 17 7F
21.250000000,0x1A4,CA D7 32 C7 65 8B 1A 17
21.250000000,0x316,DE 9A F2 3C D8 E3 8D 99
21.250000000,0x427,CE 88 4D 1F 70 D6 EF C5
21.260000000,0x1A4,27 0E 2B C7 C3 A8 3B 50
21.260000000,0x316,D1 14 4C 54 02 DA 13 D5
21.260000000,0x427,25 67 96 95 9A 85 BB BC
21.270000000,0x1A4,8E CE 23 47 BB A2 4B CE
21.270000000,0x316,03 74 95 BF 60 18 74 BE
21.270000000,0x427,12 70 66 3C 26 EF 7C EF
21.280000000,0x1A4,93 24 21 47 CA 65 CF 37
21.280000000,0x316,A7 65 EF 24 C9 29 58 1B
21.280000000,0x427,DF E8 D6 2C D5 D2 CF 36
21.290000000,0x1A4,A9 E7 1C C7 E8 BB 48 46
21.290000000,0x316,FD 75 81 70 FB 4C 8B 68
21.290000000,0x427,5B 31 1A 41 89 02 E7 DC
21.300000000,0x1A4,22 39 10 C7 83 20 51 0E
21.300000000,0x316,D2 23 88 7D F5 7C 91 88
21.300000000,0x427,6E AA EC 5F B5 25 1A B3
21.310000000,0x1A4,98 B7 0E C7 FE 08 EB 1C
21.310000000,0x316,35 7C 05 51 42 F2 B5 8B
21.310000000,0x427,B7 EE 7C 6C 27 0A 90 79
21.320000000,0x1A4,67 F2 0F C7 8C 93 10 3F
21.320000000,0x316,96 D5 9B F6 5C 8F 19 47
21.320000000,0x427,75 8E 22 E1 BE 21 C6 C8
21.330000000,0x1A4,87 6A 05 C7 09 EC 18 25
21.330000000,0x316,17 70 ED 5C 6B 22 A8 79
21.330000000,0x427,D9 3A 36 B7 6E 29 24 5E
21.340000000,0x1A4,39 00 FD C6 27 52 E4 4E
21.340000000,0x316,80 1E 65 05 A7 C6 38 A5
21.340000000,0x427,FC 8A 80 F7 B7 1D BD E7
21.350000000,0x1A4,B8 AC FE C6 48 45 E9 08
21.350000000,0x316,A8 C5 6A D7 8C 93 4C BD
21.350000000,0x427,9B 79 87 A9 1C 6B 87 CC
21.360000000,0x1A4,CB 6E F3 C6 BA 01 FF 0D
21.360000000,0x316,BD 90 D0 B0 17 7B DE EA
21.360000000,0x427,7C F9 EE C9 B6 E2 ED AB
21.370000000,0x1A4,35 65 EB 46 BC 7C C3 40
21.370000000,0x316,71 93 7F 8D DD 0E 7B 62
21.370000000,0x427,6F 38 2C 4F 4E 2A 92 A3
21.380000000,0x1A4,80 2E E7 C6 78 9F 5B B3
21.380000000,0x316,4B 12 E4 5C B2 4D 35 E7
21.380000000,0x427,A2 A2 EF CF 61 6F 6C AF
21.390000000,0x1A4,66 EA E6 46 2B E8 EF 88
21.390000000,0x316,A2 A0 F0 DD 1E 86 83 3C
21.390000000,0x427,5B C3 8E DB 58 4F 41 71
21.400000000,0x1A4,35 D6 DA 46 40 83 03 02
21.400000000,0x316,30 F0 E7 E8 3A 94 F3 F5
21.400000000,0x427,F9 0B 9A 64 E9 1F 71 ED
21.410000000,0x1A4,40 BD D5 C6 7B 3E FD EA
21.410000000,0x316,F6 A7 6A 41 8B 01 07 4D
21.410000000,0x427,32 A5 1A 17 3C D3 B2 EF
21.420000000,0x1A4,2A F9 D4 C6 44 FD B4 C1
21.420000000,0x316,F3 22 47 3C 44 E8 23 4C
21.420000000,0x427,96 E3 DB 35 29 BC 02 DC
21.430000000,0x1A4,AB 35 CF C6 D6 A6 04 29
21.430000000,0x316,D6 D1 77 EA 80 33 58 70
21.430000000,0x427,A9 54 A0 A1 68 FE 32 51
21.440000000,0x1A4,F2 C3 C4 C6 11 78 EF CF
21.440000000,0x316,B6 21 49 C4 FC 54 F9 A4
21.440000000,0x427,3B 8B 02 68 99 B4 10 CA
21.450000000,0x1A4,4F 78 C4 46 EC 41 27 46
21.450000000,0x316,03 50 CF DD B4 13 81 14
21.450000000,0x427,EC 16 BD D2 00 79 8A C7
21.460000000,0x1A4,CB 4E BC C6 84 84 DF 7D
21.460000000,0x316,35 70 99 78 82 3A A8 BC
21.460000000,0x427,33 D5 B7 69 EA EB 2E ED
21.470000000,0x1A4,35 7D B6 C6 65 48 2D 55
21.470000000,0x316,32 9C A6 B7 89 2D 20 6C
21.470000000,0x427,70 6C 73 E0 E7 D7 25 EB
21.480000000,0x1A4,B1 55 AB C6 19 86 B3 19
21.480000000,0x316,65 EF 0B D3 F8 42 0C 29
21.480000000,0x427,8B BA CF B2 41 EF CE 42
21.490000000,0x1A4,93 23 AF C6 64 71 FD 10
21.490000000,0x316,E7 41 13 5A D6 2B BE 6B
21.490000000,0x427,25 45 24 9A F8 EB AE BA
21.500000000,0x1A4,0A D2 A4 C6 64 E2 37 8C
21.500000000,0x316,02 83 DF BC 19 17 A7 53
21.500000000,0x427,46 F6 08 74 09 4A F9 B1
21.510000000,0x1A4,C1 77 98 46 A2 D2 10 C3
21.510000000,0x316,23 59 56 0D E4 01 31 A4
21.510000000,0x427,3A 68 3F A4 4D 8F 09 2F
21.520000000,0x1A4,02 ED 99 C6 F2 FC 82 71
21.520000000,0x316,F8 3D 80 CA 38 0D 1F A4
21.520000000,0x427,A2 F0 D6 22 70 93 C9 00
21.530000000,0x1A4,64 C6 91 46 D1 22 38 33
21.530000000,0x316,51 06 D8 A0 03 5D 38 4E
21.530000000,0x427,7E 12 50 50 D6 3D 68 93
21.540000000,0x1A4,EB 28 8D 46 BA 3C 5F 1C
21.540000000,0x316,3B 0D 67 28 F4 04 E6 3F
21.540000000,0x427,0C 8E 30 84 48 20 AC B6
21.550000000,0x1A4,29 F0 83 C6 69 EA 81 C4
21.550000000,0x316,51 9A A3 D4 87 B2 30 A6
21.550000000,0x427,8A A1 5E C3 88 C5 4D 21
21.560000000,0x1A4,0E 66 82 C6 C1 70 11 98
21.560000000,0x316,8D 88 8D AF 80 7B 0A 69
21.560000000,0x427,E5 9A EA CA 71 B6 7D F0
21.570000000,0x1A4,3B 24 7C 46 96 D7 94 73
21.570000000,0x316,E6 28 76 7A 25 14 9E DF
21.570000000,0x427,5D 3D 34 BC CF B2 2D 22
21.580000000,0x1A4,AE EA 73 46 04 1F 69 2C
21.580000000,0x316,3B D4 FD AF 8F 2F D0 97
21.580000000,0x427,83 1B A7 D3 AE 4F DC 53
21.590000000,0x1A4,2E E9 75 C6 BE DE 23 48
21.590000000,0x316,28 A0 DB 32 6B 2B 9B 15
21.590000000,0x427,1B 70 1C 6A 5F 01 1B 5E
21.600000000,0x1A4,5C 4B 68 46 CF 08 BC 64
21.600000000,0x316,92 18 5B E0 94 0B 98 60
21.600000000,0x427,D8 9A DB F1 BC 86 AD D5
21.610000000,0x1A4,36 33 64 C6 A0 1D 05 92
21.610000000,0x316,2F FD 77 39 71 DD 4E 05
21.610000000,0x427,22 49 B7 F2 2F 5E E1 05
21.620000000,0x1A4,44 17 61 C6 2A D2 FB 8E
21.620000000,0x316,AF C8 A8 A5 21 3D AC 9C
21.620000000,0x427,8A A6 6A A0 D5 8E 8C 3A
21.630000000,0x1A4,C7 FA 5E C6 1A 2B C7 16
21.630000000,0x316,A3 6C 60 F9 3B 7A 61 76
21.630000000,0x427,F1 92 C1 32 B5 38 04 43
21.640000000,0x1A4,DE D9 55 C6 84 96 11 DA
21.640000000,0x316,34 97 33 2B 8D 93 BE 0C
21.640000000,0x427,4C 39 AA 66 6F 83 35 9E
21.650000000,0x1A4,60 9C 4C 46 8D 56 B3 99
21.650000000,0x316,51 B3 99 42 BA 53 35 26
21.650000000,0x427,13 B8 CC 16 4E A4 41 F5
21.660000000,0x1A4,E1 03 48 46 49 2C 8D 2B
21.660000000,0x316,E7 8C 7E F2 AD D4 36 91
21.660000000,0x427,12 AF 0A 1E D0 08 9D 03
21.670000000,0x1A4,5A 15 45 C6 B7 4C 9D 86
21.670000000,0x316,13 90 66 6F 47 E0 FA C5
21.670000000,0x427,E4 66 84 EB C6 13 A4 ED
21.680000000,0x1A4,D7 32 3E 46 E8 24 C7 D3
21.680000000,0x316,31 B5 71 AC 05 8D 80 7E
21.680000000,0x427,46 D3 56 1E B4 C7 77 39
21.690000000,0x1A4,8E 1C 3C C6 BD 55 01 34
21.690000000,0x316,9B 80 C7 30 22 7C 30 F2
21.690000000,0x427,84 E2 A7 DC FC CB 3B D0
21.700000000,0x1A4,D7 24 31 C6 A7 DE 25 44
21.700000000,0x316,37 E0 B7 49 E9 E3 16 BF
21.700000000,0x427,FA CD 81 7E FB 91 CF 61
21.710000000,0x1A4,4A BE 2C 46 5B 3D 6A 6E
21.710000000,0x316,06 F3 38 DB BF 20 E4 34
21.710000000,0x427,91 06 9F 99 47 5F 2F 37
21.720000000,0x1A4,47 EA 2D C6 5D 7D F7 D2
21.720000000,0x316,92 8A 70 48 27 8A 09 BA
21.720000000,0x427,49 3C 5C AD CB 1A 7A 30
21.730000000,0x1A4,75 BD 27 46 50 B8 2C 2E
21.730000000,0x316,08 09 95 68 EC E3 DE CA
21.730000000,0x427,C7 82 5C 25 D4 AC 5D 07
21.740000000,0x1A4,EA 15 1A 46 05 89 E3 F9
21.740000000,0x316,31 4A 05 43 36 C9 48 3C
21.740000000,0x427,C7 4A 20 9E 54 35 73 73
21.750000000,0x1A4,DF A9 16 C6 19 C4 91 3F
21.750000000,0x316,2C 94 A0 5E C0 22 39 95
21.750000000,0x427,AC 20 2C AF FD 3A B1 A5
21.760000000,0x1A4,48 3E 12 46 5A F8 F2 15
21.760000000,0x316,E1 58 A4 02 04 A0 08 78
21.760000000,0x427,F7 B7 19 22 70 EB 16 DF
21.770000000,0x1A4,9B 3F 08 46 77 39 72 F9
21.770000000,0x316,ED FD 69 B1 48 25 C6 65
21.770000000,0x427,E7 8F D5 AF 88 E5 53 36
21.780000000,0x1A4,48 2F 05 C6 12 C2 2C 62
21.780000000,0x316,C1 2F 5D B5 A7 CB 5C 6C
21.780000000,0x427,83 51 71 BC 4C D5 E1 98
21.790000000,0x1A4,29 00 00 46 EB C5 B3 12
21.790000000,0x316,6A 3B 64 18 E1 8C 97 8E
21.790000000,0x427,50 64 0A 0F 85 40 57 0D
21.800000000,0x1A4,B6 7A FE 45 07 40 5A EE
21.800000000,0x316,9B 91 1E 3C ED 06 8F 78
21.800000000,0x427,C3 88 81 E8 C9 83 B3 5A
21.810000000,0x1A4,C0 50 F2 C5 4C 5B 3B 9B
21.810000000,0x316,1B 67 77 F0 95 FE B8 AB
21.810000000,0x427,79 10 9B F7 79 28 60 CD
21.820000000,0x1A4,9B BC F5 C5 61 1D A6 B5
21.820000000,0x316,F9 C6 8C BF F7 85 52 CF
21.820000000,0x427,86 AA A6 0B 6C 56 5F 01
21.830000000,0x1A4,57 A8 EF 45 0C AA 29 81
21.830000000,0x316,17 E6 A1 9E AB 21 85 61
21.830000000,0x427,28 1F 71 4D 2E 01 3F FA
21.840000000,0x1A4,AA D9 E2 45 F1 D3 D7 AB
21.840000000,0x316,C2 61 F3 5E B1 5D DA 21
21.840000000,0x427,EE A2 D2 F7 64 EB 68 E4
21.850000000,0x1A4,95 59 E7 C5 C2 2A 87 0A
21.850000000,0x316,46 CA 9A 94 87 56 EB 2D
21.850000000,0x427,50 79 A2 42 E3 5E 7C 2B
21.860000000,0x1A4,81 8B DD C5 3A C0 2A 7E
21.860000000,0x316,0E E8 29 EE 52 49 D4 56
21.860000000,0x427,65 D7 BD E0 EA 68 D4 77
21.870000000,0x1A4,88 7A D5 45 93 2B F3 16
21.870000000,0x316,5C B6 3B 51 2F 4F D3 B5
21.870000000,0x427,AC DA C9 87 6D 7A D4 6E
21.880000000,0x1A4,A8 B9 CC 45 E5 F7 A9 42
21.880000000,0x316,72 5C E9 1D E6 6F 32 50
21.880000000,0x427,0A 36 4E 0B 62 10 80 FA
21.890000000,0x1A4,A0 2F CC 45 56 44 CC 7F
21.890000000,0x316,24 64 26 DF A1 DF 2E F9
21.890000000,0x427,B0 B7 B5 D5 86 A8 EF 47
21.900000000,0x1A4,28 5A C1 C5 5E C5 4F 5C
21.900000000,0x316,FA DE 1D ED 1B 1E 1A 6E
21.900000000,0x427,57 CE 6D 48 A3 6B 1D E7
21.910000000,0x1A4,21 E7 BE C5 2D 26 62 43
21.910000000,0x316,44 15 E9 9C DB F4 5F D4
21.910000000,0x427,5F DA F5 C2 59 51 3D ED
21.920000000,0x1A4,E3 A3 BD 45 6B 52 58 84
21.920000000,0x316,BD 71 21 50 78 F9 8E 6F
21.920000000,0x427,DD 23 86 E4 37 61 3C 2A
21.930000000,0x1A4,AA 6B B7 45 53 76 A3 BC
21.930000000,0x316,E1 D0 9B FE 12 2F C4 7D
21.930000000,0x427,4A 3B 80 C3 DA 85 36 F3
21.940000000,0x1A4,55 49 A9 45 94 B2 40 8E
21.940000000,0x316,F3 69 60 DA C6 14 40 EC
21.940000000,0x427,88 A4 4C A8 45 A3 FB A2
21.950000000,0x1A4,72 28 A8 C5 83 28 A3 70
21.950000000,0x316,3D F8 9F 0D F7 0E 5D 30
21.950000000,0x427,7E 03 0C 26 2B 1D F8 0D
21.960000000,0x1A4,06 24 A0 45 89 59 E2 2E
21.960000000,0x316,B7 44 2E 09 6C 24 62 78
21.960000000,0x427,BD 09 9E 42 CC BC DE 29
21.970000000,0x1A4,73 FB 99 C5 8F 04 96 77
21.970000000,0x316,37 DE B9 6F 75 C0 B3 1D
21.970000000,0x427,89 8A C5 FE E6 33 2A E5
21.980000000,0x1A4,10 65 9D C5 00 79 B2 7E
21.980000000,0x316,50 53 71 0A 2E 6F 07 71
21.980000000,0x427,ED E6 44 5B F4 36 23 FD
21.990000000,0x1A4,0C EF 92 C5 77 29 94 8F
21.990000000,0x316,08 09 36 7C 7E BD 2F 75
21.990000000,0x427,69 7F 34 7E C1 33 CC 1C
22.000000000,0x1A4,B6 DC 88 C5 79 73 42 B8
22.000000000,0x316,5C CD EB DD 19 D9 E6 25
22.000000000,0x427,DF CD A7 1F F0 AA 7F 59
22.010000000,0x1A4,5D B8 5C 45 66 E4 27 34
22.010000000,0x316,C3 97 40 DE 12 DB BB 48
22.010000000,0x427,4C 67 3F 2E F3 85 BF D5
22.020000000,0x1A4,9E 61 35 45 3B D9 FB BF
22.020000000,0x316,4A A3 3C 82 0F 10 94 D2
22.020000000,0x427,CB AA D5 45 0C FB 30 90
22.030000000,0x1A4,D7 A9 01 C5 0D 64 C3 A9
22.030000000,0x316,5C F4 EE 95 2B 98 5F 36
22.030000000,0x427,97 5C 63 95 F7 39 7D FF
22.040000000,0x1A4,0C 92 D4 C4 2B 62 0E 01
22.040000000,0x316,1A F2 A8 86 52 20 50 C4
22.040000000,0x427,6F 26 1F 92 9A C2 39 2E
22.050000000,0x1A4,4B 6F AA 44 0C 33 A0 EB
22.050000000,0x316,2C 7D AB 13 7B 2C 04 3F
22.050000000,0x427,B5 41 AC C4 04 30 84 7F
22.060000000,0x1A4,72 E0 79 C4 15 63 24 18
22.060000000,0x316,87 87 2A E3 97 EA 22 54
22.060000000,0x427,EC 74 A5 06 ED A7 C6 48
22.070000000,0x1A4,48 7C 4A C4 6C BC 38 FB
22.070000000,0x316,68 62 3E AE 68 CC 3A 1F
22.070000000,0x427,FC 4F E8 64 68 84 A1 5F
22.080000000,0x1A4,66 6C 18 C4 0A AC DC ED
22.080000000,0x316,F7 24 83 F3 F6 65 27 1B
22.080000000,0x427,65 23 44 D6 97 68 D3 52
22.090000000,0x1A4,59 D4 F5 43 D3 51 64 07
22.090000000,0x316,6D 8F C0 14 76 D7 D1 75
22.090000000,0x427,5A B4 A8 D4 58 43 2C B5
22.100000000,0x1A4,B6 91 C7 C3 91 C8 D7 7A
22.100000000,0x316,6B FB 3C 74 A2 FC DB A0
22.100000000,0x427,71 16 88 F4 97 0D F2 44
22.110000000,0x1A4,30 C5 95 C3 FE 19 73 A8
22.110000000,0x316,C5 75 7C 01 90 52 55 54
22.110000000,0x427,63 E1 42 F8 89 8E 39 0B
22.120000000,0x1A4,09 F0 6A C3 9A 4D 53 9F
22.120000000,0x316,13 EB 6D F3 1D 7E FE 73
22.120000000,0x427,FE A8 2D 53 0B 03 8A F2
22.130000000,0x1A4,13 8C 3E C3 B9 46 F4 FF
22.130000000,0x316,C1 5D FC BB 3B 2E 29 E8
22.130000000,0x427,23 59 18 F5 8B 62 0A CC
22.140000000,0x1A4,06 5E 0C C3 EB 20 1B 21
22.140000000,0x316,73 23 1C 36 B6 D7 FF DC
22.140000000,0x427,92 70 76 0C 12 E7 32 CD
22.150000000,0x1A4,E5 DA E5 C2 8F AC 6F 48
22.150000000,0x316,0D 53 BB 52 3E 5C 53 CC
22.150000000,0x427,07 8B 37 0E 39 AD 69 BE
22.160000000,0x1A4,52 F9 B2 42 0E 6E 12 8C
22.160000000,0x316,09 BB AF F3 01 C7 2F 9A
22.160000000,0x427,12 D6 A2 61 43 6C B1 17
22.170000000,0x1A4,38 97 83 42 FF 6B 52 41
22.170000000,0x316,AB 1D 92 2D 23 E4 75 3D
22.170000000,0x427,A0 78 0D F7 17 3A 58 C5
22.180000000,0x1A4,BF 6C 52 C2 17 71 1F 66
22.180000000,0x316,84 0B D5 16 CC 46 40 05
22.180000000,0x427,2C 56 33 DA EC 15 4E 35
22.190000000,0x1A4,14 7B 2E 42 14 ED 74 63
22.190000000,0x316,C3 D2 8C C7 89 70 03 67
22.190000000,0x427,ED 8E F1 48 5A CD AC A5
22.200000000,0x1A4,9C AD FF C1 73 AF 55 F4
22.200000000,0x316,17 C2 70 A7 9D 5E 75 27
22.200000000,0x427,9E C5 DF 1E DD 8D 6D 4C
22.210000000,0x1A4,31 06 C8 41 CB EA 14 CD
22.210000000,0x316,90 0A AF 6E 6C 3D 63 BC
22.210000000,0x427,BF 29 6D CE D0 84 F4 EB
22.220000000,0x1A4,9D CC A2 41 13 21 5B E7
22.220000000,0x316,66 AA 59 AF 23 DE 7F 9A
22.220000000,0x427,CB 00 9C 21 0D 53 EA 5B
22.230000000,0x1A4,CA 89 77 C1 5D C3 9A 18
22.230000000,0x316,DA 6A 01 D5 80 A6 11 5E
22.230000000,0x427,F1 3D 3D 83 5A C3 2A 33
22.240000000,0x1A4,69 EF 47 41 8E 83 08 72
22.240000000,0x316,C7 6D AA E2 CE D5 59 63
22.240000000,0x427,8C F3 F7 79 E0 10 BB 44
22.250000000,0x1A4,25 82 1C C1 64 EE AF 99
22.250000000,0x316,8C 5A 4E 6C DE CF 18 17
22.250000000,0x427,E2 5E A9 C1 81 57 2B 6C
22.260000000,0x1A4,9C 53 ED C0 74 B7 44 5E
22.260000000,0x316,76 70 26 9D 01 04 B5 2F
22.260000000,0x427,CB 90 21 6F 85 A7 74 A1
22.270000000,0x1A4,E6 74 BF 40 B8 67 CB 17
22.270000000,0x316,98 26 5A 0A 87 58 6A 83
22.270000000,0x427,17 97 7C 57 06 57 28 F9
22.280000000,0x1A4,F1 90 91 40 82 2C 2B AD
22.280000000,0x316,AA 26 67 39 20 CF C9 A5
22.280000000,0x427,8E 32 AD AF B9 D0 B0 B6
22.290000000,0x1A4,C1 A5 62 40 9F 3B 40 EE
22.290000000,0x316,62 70 CD 7E DB BC FB 86
22.290000000,0x427,19 D1 2A A1 24 90 B0 A5
22.300000000,0x1A4,86 48 31 C0 8B 10 7F 15
22.300000000,0x316,6B 83 6B 4A 2B 36 DD 77
22.300000000,0x427,1F 88 F6 6F 7E 58 45 14
22.310000000,0x1A4,A0 C3 0E C0 78 08 32 CD
22.310000000,0x316,05 BD 44 7A 9F 92 E6 4C
22.310000000,0x427,E0 13 0B 26 06 A1 F3 FB
22.320000000,0x1A4,3C D4 DE 3F A7 32 2F AF
22.320000000,0x316,19 B1 24 E7 D7 94 E7 4C
22.320000000,0x427,13 08 6F D7 99 C1 A7 3F
22.330000000,0x1A4,6C 5C A9 BF E2 D4 7F 6D
22.330000000,0x316,25 AF A4 4B 18 8E 8B 91
22.330000000,0x427,80 EB 37 0C F6 F6 0D 8D
22.340000000,0x1A4,9F A2 87 3F 11 4E D4 EA
22.340000000,0x316,F7 56 8B 0B 4B 22 6F 83
22.340000000,0x427,21 C8 8D 1B ED 0F BA 82
22.350000000,0x1A4,F0 21 57 3F C4 A3 BB 69
22.350000000,0x316,82 20 30 18 50 BA F3 76
22.350000000,0x427,4F CF 2D A9 7C 3C 66 B8
22.360000000,0x1A4,A0 C9 2F BF 98 48 15 D0
22.360000000,0x316,95 88 DD 40 94 45 FF 5A
22.360000000,0x427,BD 84 3E 41 E4 C6 E7 95
22.370000000,0x1A4,87 D9 FE 3E EB 08 C6 C4
22.370000000,0x316,4D BE E1 80 64 2F 2A 04
22.370000000,0x427,42 E0 2A 1D A4 77 92 BD
22.380000000,0x1A4,71 32 CD BE 15 3C 7F 76
22.380000000,0x316,E0 21 F7 2D E8 E6 42 C9
22.380000000,0x427,2A 31 A5 2E 2C F0 C8 D7
22.390000000,0x1A4,39 DA A0 3E 46 13 96 0B
22.390000000,0x316,C7 87 52 15 54 76 8F 6A
22.390000000,0x427,DE 09 73 E0 38 27 52 B4
22.400000000,0x1A4,A2 A0 72 3E D6 C9 5E 50
22.400000000,0x316,EE 49 53 96 E3 44 5E B9
22.400000000,0x427,31 C2 7A 74 13 F8 E1 C1
22.410000000,0x1A4,97 26 46 BE 32 C9 2F 73
22.410000000,0x316,B1 09 B2 9F AE 36 CE CE
22.410000000,0x427,42 EA DB 43 99 B0 61 57
22.420000000,0x1A4,E1 EF 1A BE 02 62 09 EB
22.420000000,0x316,34 74 10 DF D3 8D 5C CF
22.420000000,0x427,33 CC EB 2F B2 93 08 36
22.430000000,0x1A4,34 E3 E9 3D A8 42 06 14
22.430000000,0x316,23 50 3D BF D7 8D 70 FB
22.430000000,0x427,80 35 A3 9A 8C A4 62 42
22.440000000,0x1A4,7D 36 C2 BD 59 84 64 AC
22.440000000,0x316,72 7C 38 1B 29 72 0D 6F
22.440000000,0x427,BC DD CC 88 95 17 96 04
22.450000000,0x1A4,9F 31 97 3D 77 62 1A 65
22.450000000,0x316,7D A0 DE 1D 2C EE 67 03
22.450000000,0x427,15 D9 F6 2B 99 92 E2 A7
22.460000000,0x1A4,20 87 64 3D 5C 3E CD 75
22.460000000,0x316,96 36 1A B1 20 15 B4 67
22.460000000,0x427,6D 66 68 DE BF 25 60 A8
22.470000000,0x1A4,07 EB 3E BD D0 F5 86 BE
22.470000000,0x316,85 4B 15 9A 6C 54 D5 B9
22.470000000,0x427,6E D8 99 7C B6 4C 84 4D
22.480000000,0x1A4,8D F9 0D BD 3C 73 29 D0
22.480000000,0x316,E8 F1 52 F9 3F FD E2 9D
22.480000000,0x427,BA B8 58 5C 7F 3E CF B0
22.490000000,0x1A4,C6 5C DE BC CF 72 90 F6
22.490000000,0x316,AB 10 B7 B0 EF 80 D3 AC
22.490000000,0x427,F1 89 1E 65 75 EF FC CD
22.500000000,0x1A4,29 E8 B2 3C 9A 41 6F 16
22.500000000,0x316,7E DD 05 20 F6 D3 96 22
22.500000000,0x427,5A 5F 8D 03 CD 67 D8 30
22.510000000,0x1A4,33 4C 86 3C 2B 4B E3 D0
22.510000000,0x316,35 0E 11 04 91 2E 2F B2
22.510000000,0x427,CA 05 74 F8 0E 42 2F 30
22.520000000,0x1A4,64 36 58 BC 19 5E DD 06
22.520000000,0x316,39 10 90 35 10 7F 2A 7B
22.520000000,0x427,ED 2B 0C A6 2D D3 28 25
22.530000000,0x1A4,6C 59 2D BC E2 4E E5 3D
22.530000000,0x316,5C D5 8F 6F F1 30 93 D7
22.530000000,0x427,92 69 45 A0 33 4C B2 DB
22.540000000,0x1A4,38 32 FE BB 89 8B E0 89
22.540000000,0x316,0C C5 DF 30 13 3A 0A 16
22.540000000,0x427,16 F4 08 4D F4 71 0C C5
22.550000000,0x1A4,B0 0E D3 3B 0F 2F EE 25
22.550000000,0x316,5F 59 57 79 F0 46 00 6C
22.550000000,0x427,A3 C9 95 05 CD 3E D0 1D
22.560000000,0x1A4,B1 E3 A5 3B 15 B1 04 E7
22.560000000,0x316,CB 24 05 27 6A C3 20 BD
22.560000000,0x427,20 78 DD B3 E6 F2 FC 71
22.570000000,0x1A4,A9 FA 7F BB 91 07 2C 7C
22.570000000,0x316,2A 84 B3 78 6C 53 06 05
22.570000000,0x427,B1 9E 1B DC A5 7F 13 73
22.580000000,0x1A4,84 63 49 BB 14 FA 1C 3E
22.580000000,0x316,2D EA 8A 33 3E 12 7A 4B
22.580000000,0x427,CF 31 C6 91 9D E2 56 D4
22.590000000,0x1A4,37 71 1E BB D5 A3 48 64
22.590000000,0x316,73 3C 09 0D 97 32 77 55
22.590000000,0x427,81 0C 04 02 03 28 48 1A
22.600000000,0x1A4,BF 8A F2 BA B8 3F FE D8
22.600000000,0x316,37 40 8D B6 A8 A7 89 6E
22.600000000,0x427,EF A7 BF FA 2B 64 6A 6A
22.610000000,0x1A4,4D EA C6 BA DE 67 E6 7E
22.610000000,0x316,00 2A B1 BC 1E 25 23 94
22.610000000,0x427,D9 F0 88 98 BC F6 27 BB
22.620000000,0x1A4,B3 E6 9E BA 36 31 C0 FF
22.620000000,0x316,30 33 70 4A D3 F5 79 09
22.620000000,0x427,58 92 CC 7C FA 73 51 66
22.630000000,0x1A4,C8 1C 69 3A C3 47 6B 83
22.630000000,0x316,8D 59 4E 97 A6 50 80 B9
22.630000000,0x427,85 F4 8A 9C 95 92 6E EF
22.640000000,0x1A4,33 2E 45 BA 91 DF B2 E7
22.640000000,0x316,B8 8B 12 D1 53 46 1D DE
22.640000000,0x427,CA 1C E7 7C 65 2D 5E 3B
22.650000000,0x1A4,2C BB 13 BA 9C 57 8A 0F
22.650000000,0x316,03 3F 3F 87 F8 78 DE 04
22.650000000,0x427,6C 7D 08 6C 90 2B 8F 93
22.660000000,0x1A4,34 8E E3 39 39 2A A2 8D
22.660000000,0x316,8E 3A 42 10 40 BE 91 44
22.660000000,0x427,8A 99 93 E4 FE 01 F7 A5
22.670000000,0x1A4,28 85 B9 39 C2 B7 9E E3
22.670000000,0x316,76 AD 2C 79 01 D4 EF 1D
22.670000000,0x427,91 7A AA 7E DE 0C 69 9F
22.680000000,0x1A4,C3 F9 8F B9 56 0A 6C A5
22.680000000,0x316,75 88 C5 58 E9 73 C5 72
22.680000000,0x427,73 4E 90 B2 0D C5 AC 6F
22.690000000,0x1A4,50 9A 63 39 FC 25 4D 29
22.690000000,0x316,13 13 BB 49 81 D7 E8 B9
22.690000000,0x427,B8 1A 34 31 26 24 20 78
22.700000000,0x1A4,F1 61 36 39 AF 05 28 70
22.700000000,0x316,0D 1C 6B 3B FD 6D F4 81
22.700000000,0x427,A4 69 3E 38 19 CD 70 96
22.710000000,0x1A4,52 D2 08 B9 36 76 5A AF
22.710000000,0x316,12 BB D2 56 32 DD F6 EB
22.710000000,0x427,E3 3B 23 9A 8B F2 7B DA
22.720000000,0x1A4,02 ED DB B8 CF 4A 17 B7
22.720000000,0x316,89 68 2E A8 D9 78 ED 77
22.720000000,0x427,93 9B 93 21 DF A6 17 E2
22.730000000,0x1A4,3B DF AB 38 57 33 16 B9
22.730000000,0x316,F5 56 1D B6 69 5E EF 63
22.730000000,0x427,71 AC B5 F5 40 68 B7 6A
22.740000000,0x1A4,9B C7 84 B8 33 49 F2 F0
22.740000000,0x316,60 C2 50 AC 9D 40 0A A7
22.740000000,0x427,13 BD 0D BC 7D B5 39 5C
22.750000000,0x1A4,42 DD 54 B8 E2 47 EA 78
22.750000000,0x316,4B BF BC CC 99 A1 8F F8
22.750000000,0x427,C3 33 33 D8 03 85 7A 29
22.760000000,0x1A4,FF 0F 29 B8 51 9F 0B 35
22.760000000,0x316,B9 1D 4F 48 F1 8D D1 B0
22.760000000,0x427,4E 21 CF BF 0A AC 10 16
22.770000000,0x1A4,3F 36 FC B7 EB A9 9E 7B
22.770000000,0x316,D9 78 0C 21 54 CE 5C 2C
22.770000000,0x427,E0 65 11 33 5A 33 04 28
22.780000000,0x1A4,FB 5D D2 B7 7D E2 FF 7D
22.780000000,0x316,9A D3 D4 19 80 AA 21 CB
22.780000000,0x427,79 F3 7D 6A 4E 08 6C F1
22.790000000,0x1A4,97 87 A7 B7 4F C4 64 7E
22.790000000,0x316,7C 21 BC 4D C2 89 16 3C
22.790000000,0x427,AE 65 9D 35 D8 71 8C 8E
22.800000000,0x1A4,D1 6C 7B 37 6E 95 CF FF
22.800000000,0x316,E7 34 A4 04 C7 72 D9 5B
22.800000000,0x427,03 10 83 E1 41 50 C4 42
22.810000000,0x1A4,25 3A 4F 37 EC 24 4B AD
22.810000000,0x316,38 5E 9A 28 C6 1B BA 2C
22.810000000,0x427,E7 71 F4 D3 03 AE 05 DC
22.820000000,0x1A4,3B 2A 23 B7 4F FE E3 80
22.820000000,0x316,B9 2F 2F 08 A2 76 8B CE
22.820000000,0x427,50 63 4C 10 F3 C8 75 56
22.830000000,0x1A4,94 24 F5 36 71 17 2D 1D
22.830000000,0x316,98 9A 18 9E 6A 5F 08 3A
22.830000000,0x427,30 69 E5 1E 2A 04 DE 8F
22.840000000,0x1A4,F0 54 C6 36 BE 6F 82 7C
22.840000000,0x316,AA A1 00 42 DE AF 60 FE
22.840000000,0x427,DB 7C 1F 57 BF 46 EE C8
22.850000000,0x1A4,8C 12 99 36 3E B0 F5 C4
22.850000000,0x316,51 FB F2 0B 47 F0 24 C5
22.850000000,0x427,62 D7 B1 E0 57 04 99 8E
22.860000000,0x1A4,2C 4E 6A 36 A5 13 75 E5
22.860000000,0x316,3A A0 B3 26 C5 F4 78 DA
22.860000000,0x427,BA B9 AC B0 05 85 AA DF
22.870000000,0x1A4,7D 6E 40 B6 35 B7 B2 9A
22.870000000,0x316,66 6D 63 AB 26 0D A9 1A
22.870000000,0x427,E6 F3 D6 B4 70 75 E8 0C
22.880000000,0x1A4,CE C2 17 B6 06 9A 3E F2
22.880000000,0x316,3C 69 15 70 96 67 8A CC
22.880000000,0x427,4C D7 06 75 62 0A 70 F6
22.890000000,0x1A4,3E E6 EA B5 96 C5 79 C1
22.890000000,0x316,BD F6 65 1C 4B 4D 83 F9
22.890000000,0x427,94 BA 1B 1B 0F 5F 1A C8
22.900000000,0x1A4,65 7B BE B5 D2 67 12 9C
22.900000000,0x316,67 64 3B C8 ED 46 BF DB
22.900000000,0x427,89 B9 87 F2 09 06 14 1A
22.910000000,0x1A4,B3 1E 90 B5 C9 38 FE 8F
22.910000000,0x316,57 82 BE 0A DB C9 DE 81
22.910000000,0x427,8C 38 FC 1A D3 8B C3 2A
22.920000000,0x1A4,8F D6 62 B5 31 23 39 1E
22.920000000,0x316,58 4D F1 DE 14 31 94 34
22.920000000,0x427,1B 5D 36 E9 3A 56 94 5C
22.930000000,0x1A4,EA 48 3B 35 21 19 75 BA
22.930000000,0x316,7E 92 C8 4A BA 31 4A B5
22.930000000,0x427,4F 51 07 71 2E 1E 10 C3
22.940000000,0x1A4,D2 70 0A B5 71 8D 96 7F
22.940000000,0x316,4E 85 88 BB 47 9C D8 DE
22.940000000,0x427,F1 58 6B 19 C6 EC 7F 27
22.950000000,0x1A4,80 E2 E7 B4 B7 DC 1D 5D
22.950000000,0x316,A1 D6 A8 55 62 85 B4 D1
22.950000000,0x427,72 0E 45 23 2F D8 7B 1F
22.960000000,0x1A4,22 87 B5 B4 BE 15 AF 33
22.960000000,0x316,77 69 69 70 CE 1B 3A F8
22.960000000,0x427,CF 94 6E 6A 5D 8E EB C4
22.970000000,0x1A4,8D 5B 8F B4 39 B9 AF 01
22.970000000,0x316,88 08 CD 3E 38 54 B6 D5
22.970000000,0x427,13 24 24 CF 0A 00 42 79
22.980000000,0x1A4,94 C0 58 34 F2 FD 68 49
22.980000000,0x316,7A 2B 49 81 38 D0 D7 2B
22.980000000,0x427,F8 E2 D1 15 B6 99 19 44
22.990000000,0x1A4,27 FD 37 34 8D 54 17 B7
22.990000000,0x316,29 89 3D C1 03 01 3E 6A
22.990000000,0x427,42 20 53 5C 93 01 23 A1
23.000000000,0x1A4,11 21 05 B4 2E E5 D5 3E
23.000000000,0x316,04 FE CF 26 1B 20 D2 C0
23.000000000,0x427,83 D8 E5 C0 16 29 97 87
23.010000000,0x1A4,98 FC DD 33 93 F8 86 C9
23.010000000,0x316,D9 22 6A 3A A6 98 53 23
23.010000000,0x427,48 B6 40 CD 87 55 C7 6D
23.020000000,0x1A4,17 33 AD 33 DA 5C 03 EB
23.020000000,0x316,D8 7E C8 68 DD 9A E7 E5
23.020000000,0x427,30 D7 70 75 46 D2 AB F3
23.030000000,0x1A4,3A 43 86 B3 CF C0 22 84
23.030000000,0x316,06 63 6B CB FC 91 A4 AE
23.030000000,0x427,AD 3E 9D 5C 2E F6 98 F1
23.040000000,0x1A4,0B 8B 56 33 5E D6 4C 71
23.040000000,0x316,4C 03 45 25 36 AC 28 C5
23.040000000,0x427,B6 FF 8B 02 EE 51 B6 B7
23.050000000,0x1A4,CB 31 2E B3 C8 F6 70 84
23.050000000,0x316,C9 93 92 F1 A7 12 D0 11
23.050000000,0x427,6E 06 B4 15 1F 11 9B 56
23.060000000,0x1A4,43 08 FF 32 52 97 D2 66
23.060000000,0x316,1C BE 60 FB AF 36 BA C5
23.060000000,0x427,AB 2E 11 2A 6A 5C 1F 6F
23.070000000,0x1A4,77 63 D4 32 05 19 AD 64
23.070000000,0x316,B3 6E 5A C2 8D F9 7E 09
23.070000000,0x427,33 4E 01 A9 2B 32 2A EC
23.080000000,0x1A4,9C 19 A7 B2 EF CB A4 26
23.080000000,0x316,28 F8 0A E7 53 2F 16 93
23.080000000,0x427,F5 9F CC 0E 59 B5 4C FA
23.090000000,0x1A4,7E 08 79 B2 7C 5D E4 FA
23.090000000,0x316,7C 62 9F B6 CE E6 8F CC
23.090000000,0x427,AD 75 0D A9 75 4D 35 E0
23.100000000,0x1A4,C0 31 48 B2 24 52 00 F9
23.100000000,0x316,89 98 B4 4B 89 97 57 6B
23.100000000,0x427,0E A8 E9 66 24 AA C2 E2
23.110000000,0x1A4,19 8A 25 B2 D1 FF 66 B3
23.110000000,0x316,AF 69 B9 8D 17 BC A0 DF
23.110000000,0x427,1E 1D E8 4D B0 91 B7 B8
23.120000000,0x1A4,79 6C F1 B1 AC 54 4E 50
23.120000000,0x316,79 5A C3 E8 6C B2 1A 58
23.120000000,0x427,6A E1 05 02 50 81 B6 D3
23.130000000,0x1A4,F3 B5 CF 31 DE 10 74 E6
23.130000000,0x316,FC 5B 1D 87 67 3E 43 9C
23.130000000,0x427,7C A6 A2 EB 54 BC 98 25
23.140000000,0x1A4,99 89 9E B1 42 7C 68 67
23.140000000,0x316,01 72 39 72 E1 46 D5 A4
23.140000000,0x427,3B A2 83 34 52 6D 38 E3
23.150000000,0x1A4,AA 74 77 B1 22 09 D6 9F
23.150000000,0x316,FC C0 D0 C9 84 88 41 9E
23.150000000,0x427,02 E7 EB A6 48 56 30 71
23.160000000,0x1A4,06 75 45 B1 13 58 62 58
23.160000000,0x316,76 A9 3E E3 49 29 D4 CF
23.160000000,0x427,CD 84 14 C8 6A F0 14 A6
23.170000000,0x1A4,97 AF 1D 31 E5 A2 80 C6
23.170000000,0x316,76 F9 81 32 93 8E 87 E1
23.170000000,0x427,B3 29 31 4D 42 6F 93 15
23.180000000,0x1A4,9F E0 EE 30 D1 3D 95 89
23.180000000,0x316,14 54 A1 55 D8 9D D6 63
23.180000000,0x427,37 11 A0 B9 14 8E 08 B8
23.190000000,0x1A4,E0 0F C4 B0 40 87 3F E1
23.190000000,0x316,ED E7 41 20 90 80 3D 85
23.190000000,0x427,A1 BA EE FD 73 3A 71 8A
23.200000000,0x1A4,10 7F 9F 30 27 4E B7 36
23.200000000,0x316,FC 05 C3 17 08 E9 FC 82
23.200000000,0x427,60 D6 41 8D 3F C6 EF 4F
23.210000000,0x1A4,72 44 6E B0 77 B2 38 57
23.210000000,0x316,A4 C9 CD C1 1E 49 BC A2
23.210000000,0x427,49 8D F7 28 BC F7 FE 05
23.220000000,0x1A4,1E E1 43 30 C1 F7 EB E3
23.220000000,0x316,73 E4 ED CB 8B 06 39 8A
23.220000000,0x427,F0 50 AE 97 0B 85 39 42
23.230000000,0x1A4,9C 71 10 30 7E F5 0C D5
23.230000000,0x316,61 34 2F C6 15 26 CF 4D
23.230000000,0x427,9F 82 FC B9 EF 12 39 6C
23.240000000,0x1A4,28 10 E9 AF E5 AC 59 81
23.240000000,0x316,A3 EB 45 1C 1D 72 63 BB
23.240000000,0x427,93 9A 58 0F 30 03 72 D7
23.250000000,0x1A4,00 8B BB 2F 35 66 7F 42
23.250000000,0x316,DF 62 82 A0 BB 7A EB 81
23.250000000,0x427,FA C3 BE 5A C4 35 B2 1F
23.260000000,0x1A4,A5 38 90 2F 8A E9 AD C1
23.260000000,0x316,0A 79 A5 A6 65 DB FB F0
23.260000000,0x427,77 9A EF 1F B4 6B E0 72
23.270000000,0x1A4,ED 2D 67 2F 4B 1E 8B 92
23.270000000,0x316,81 C5 A2 BC 51 AA 55 01
23.270000000,0x427,C1 73 01 74 90 69 C7 56
23.280000000,0x1A4,F1 A5 3A AF CA DF 70 3C
23.280000000,0x316,05 E1 2D CE 2A 00 EA BE
23.280000000,0x427,E9 1B 2F FD 2B 55 E3 94
23.290000000,0x1A4,C3 FA 0A AF 02 1D F3 B6
23.290000000,0x316,D5 64 F3 E4 77 95 02 F0
23.290000000,0x427,83 DA B3 A0 FC 8D 5F AA
23.300000000,0x1A4,E5 9A E5 AE FE DF 30 D8
23.300000000,0x316,DA E4 75 98 E0 CC DC 3B
23.300000000,0x427,D1 B1 AF 59 1B 7A 98 4C
23.310000000,0x1A4,65 51 B7 2E AC 6C BB AA
23.310000000,0x316,F6 F2 E7 C8 40 08 A9 D0
23.310000000,0x427,C5 B3 00 B7 77 C6 A0 92
23.320000000,0x1A4,30 9F 8C AE E0 2B D5 23
23.320000000,0x316,A6 B4 DF B6 72 B3 AE 60
23.320000000,0x427,91 DF 08 85 8C 9B CD BC
23.330000000,0x1A4,EE E5 64 2E DF 26 F0 1A
23.330000000,0x316,4F C7 ED 53 C7 2F 36 84
23.330000000,0x427,59 23 16 95 36 4D 4B 31
23.340000000,0x1A4,16 D2 35 AE 4F 05 4F C7
23.340000000,0x316,78 07 7C 5C 36 A2 4D 74
23.340000000,0x427,1C BB 15 19 85 83 84 25
23.350000000,0x1A4,0A 11 0E AE CF 28 FA 6C
23.350000000,0x316,03 7D 14 D4 7D 4D 7C 69
23.350000000,0x427,50 7D FA 14 E3 9A 9D 17
23.360000000,0x1A4,AD EC DB 2D 71 60 C5 6C
23.360000000,0x316,67 58 75 E3 73 D4 4B 21
23.360000000,0x427,BB B8 EB 79 46 1C FC 36
23.370000000,0x1A4,5B CF B7 2D 7F 92 FC 13
23.370000000,0x316,DA 10 8A 5E 48 3C 44 AD
23.370000000,0x427,EF AF B8 86 E5 DD 1A 67
23.380000000,0x1A4,6C DC 86 AD 72 8E 18 8F
23.380000000,0x316,51 94 D9 84 83 0E 61 C7
23.380000000,0x427,D6 76 10 65 8A 5C 3C DF
23.390000000,0x1A4,47 6E 59 2D A8 EE 94 95
23.390000000,0x316,68 25 B3 7F 21 1E EF A2
23.390000000,0x427,9D 65 65 6C 4D 65 1B FF
23.400000000,0x1A4,77 14 31 2D 6A 79 63 B0
23.400000000,0x316,67 59 58 EE 75 55 A4 F2
23.400000000,0x427,3F 90 52 7D 74 CD 51 BB
23.410000000,0x1A4,A9 62 00 AD 41 6C BB 6A
23.410000000,0x316,12 55 E5 D2 62 10 B0 29
23.410000000,0x427,14 DF F3 24 21 2F 7B 81
23.420000000,0x1A4,6A 32 DB 2C 15 85 19 7C
23.420000000,0x316,A3 F6 0D B6 97 AA 2C 75
23.420000000,0x427,2B 63 1F 21 A0 EE D0 F7
23.430000000,0x1A4,D3 BA AB AC B5 1F 60 83
23.430000000,0x316,1E 5F FF DC BF CA 75 87
23.430000000,0x427,21 0F 39 1E 0A D5 C8 B1
23.440000000,0x1A4,DD BD 87 2C 5C 37 97 74
23.440000000,0x316,99 D4 2D 79 27 F5 58 08
23.440000000,0x427,D7 61 1A BF 61 A5 26 28
23.450000000,0x1A4,F9 8A 56 AC 8C 5F 1C 8F
23.450000000,0x316,BF 8B 8C 5E 9D 5B F4 EB
23.450000000,0x427,2B 97 AA F3 D7 73 67 1E
23.460000000,0x1A4,A6 78 2A AC D7 7F 31 DA
23.460000000,0x316,B2 4F 9B 68 A4 FD 3E 1C
23.460000000,0x427,27 1A F1 1E 8A 2F 9D 5E
23.470000000,0x1A4,C6 2C 07 AC A5 9B 22 4A
23.470000000,0x316,3B EE 4F 0A 0F BF D4 85
23.470000000,0x427,F4 F6 3E 27 97 5A 24 1E
23.480000000,0x1A4,02 7C D0 2B B9 89 0F 4E
23.480000000,0x316,45 7E B3 FD 44 98 DC 5F
23.480000000,0x427,ED 73 A2 4D BA 5B 42 4B
23.490000000,0x1A4,C9 9D AD 2B 47 8D 29 07
23.490000000,0x316,66 53 8C CA B4 16 93 24
23.490000000,0x427,3C 46 63 24 05 A0 A6 C8
23.500000000,0x1A4,54 9D 79 AB DF 43 F8 6B
23.500000000,0x316,18 65 74 0C 6D 7A D3 EF
23.500000000,0x427,95 C2 ED E4 BE 39 1F 4E
23.510000000,0x1A4,DD 40 51 AB D6 4B 92 48
23.510000000,0x316,BE 58 30 37 87 24 DE 2E
23.510000000,0x427,3C 2E B2 D1 12 61 5A BD
23.520000000,0x1A4,CB 94 21 2B 3A B1 88 00
23.520000000,0x316,AA E1 50 1F 8E 67 2B 8C
23.520000000,0x427,A3 0E 41 59 CA E8 4B 11
23.530000000,0x1A4,17 46 FC AA 97 4F 70 0B
23.530000000,0x316,80 34 E6 6A E1 60 2E 7B
23.530000000,0x427,2C 00 B4 92 45 9F 48 4F
23.540000000,0x1A4,7E E8 D5 AA 7C CF CE 73
23.540000000,0x316,4B 3A 79 E6 83 95 7B 56
23.540000000,0x427,D3 82 06 C8 15 1A 97 60
23.550000000,0x1A4,2F 83 A0 2A 69 2B 9F D5
23.550000000,0x316,6A 1D 54 B8 8F 47 6C D5
23.550000000,0x427,A7 CA 0F 9B 72 CF FF 21
23.560000000,0x1A4,69 3C 7F AA 4F 32 76 23
23.560000000,0x316,47 34 38 81 53 0F EF A2
23.560000000,0x427,9A E9 FF 75 77 61 FD C2
23.570000000,0x1A4,80 92 4E 2A 98 FA CE AA
23.570000000,0x316,E1 8F F6 72 1A B9 23 26
23.570000000,0x427,7B D2 C8 DD 35 4E 55 BA
23.580000000,0x1A4,E2 5F 21 2A AF 58 DD 16
23.580000000,0x316,46 74 C0 CC 66 F4 F0 9F
23.580000000,0x427,D8 D2 1C AA 4B 8F A3 9F
23.590000000,0x1A4,FD 66 FD 29 53 D7 21 63
23.590000000,0x316,AF 3D 9A 3B 0A 6B 76 E6
23.590000000,0x427,11 BF 38 65 A5 90 C8 56
23.600000000,0x1A4,CE 9C CE A9 2A D7 BA 0B
23.600000000,0x316,8C B2 44 F5 11 35 A2 AB
23.600000000,0x427,7F DE D9 E3 B6 C0 6E 71
23.610000000,0x1A4,E9 C7 A4 A9 E0 0D 02 47
23.610000000,0x316,2F C9 5A A5 18 E5 A9 16
23.610000000,0x427,33 22 AF DD E3 BA 65 2A
23.620000000,0x1A4,F8 9F 73 A9 83 8F 59 06
23.620000000,0x316,2E 40 6E 92 49 D6 4E A1
23.620000000,0x427,DC 0F D1 CB 43 42 87 C5
23.630000000,0x1A4,4F 17 48 A9 E3 AA 10 4F
23.630000000,0x316,4C 9A A0 8F 56 2F 29 A5
23.630000000,0x427,CC 26 B0 1F 64 8F D7 A4
23.640000000,0x1A4,2E BF 21 A9 1A 86 CC 15
23.640000000,0x316,C7 E0 42 31 44 E9 85 F4
23.640000000,0x427,8C 63 63 9E 99 A7 B5 8A
23.650000000,0x1A4,B8 CE F4 A8 43 11 F3 C1
23.650000000,0x316,ED 2C 89 0D 38 24 11 F5
23.650000000,0x427,25 89 FB 91 18 A8 91 85
23.660000000,0x1A4,63 3F CC 28 51 9B 24 C0
23.660000000,0x316,2B 5E D0 79 B5 EF AC 80
23.660000000,0x427,C2 E5 98 E5 2A 2B C7 04
23.670000000,0x1A4,C0 E0 9A 28 66 5C 83 A8
23.670000000,0x316,7E 9C A9 EF B5 F0 27 88
23.670000000,0x427,CC A9 03 2E FD 52 5E F6
23.680000000,0x1A4,F3 73 73 28 A1 F1 63 46
23.680000000,0x316,EE E8 68 C9 E1 A2 AF 34
23.680000000,0x427,D6 1B CB 3E 84 99 66 D4
23.690000000,0x1A4,95 5C 4B A8 19 4B C3 D6
23.690000000,0x316,82 69 3D E3 A5 91 5D 94
23.690000000,0x427,C8 05 B9 71 D2 7C AB 15
23.700000000,0x1A4,59 60 1A A8 B2 54 96 88
23.700000000,0x316,74 D6 5A 9B CC C6 07 52
23.700000000,0x427,89 39 DC 66 83 B1 C1 96
23.710000000,0x1A4,50 0C F4 27 57 2D D1 7D
23.710000000,0x316,94 59 AA DC CC B6 10 EF
23.710000000,0x427,9B 94 F4 05 94 64 07 57
23.720000000,0x1A4,A2 5F C8 27 C8 C5 35 2E
23.720000000,0x316,07 46 39 6A 78 98 28 06
23.720000000,0x427,13 EB 11 DC CA 91 24 87
23.730000000,0x1A4,A9 F9 9F 27 C3 78 CB 61
23.730000000,0x316,6A 67 D6 41 87 6B 4D 17
23.730000000,0x427,8C 59 59 1D 52 43 D3 FA
23.740000000,0x1A4,C0 ED 75 27 F4 0B B2 8A
23.740000000,0x316,6B 45 0C 2B 97 CF 0C 49
23.740000000,0x427,CC 6D DF 24 11 64 C3 2E
23.750000000,0x1A4,62 05 44 27 C9 9D AF C4
23.750000000,0x316,CB E5 F1 16 EA 71 7B 27
23.750000000,0x427,CB 10 8A 4E 4D 11 C1 F3
23.760000000,0x1A4,A1 44 1B 27 81 4A B9 AD
23.760000000,0x316,D7 1A 50 2B 6C F8 14 0F
23.760000000,0x427,F2 42 4E 9D D3 2D 0C F6
23.770000000,0x1A4,5C 40 F6 26 69 05 74 2E
23.770000000,0x316,EE B0 F4 06 AC DE 9A B6
23.770000000,0x427,03 F9 F9 0E AA 52 4B 4C
23.780000000,0x1A4,C1 16 C3 26 1A 4D 47 19
23.780000000,0x316,C8 3C EE 51 7D 4B 78 24
23.780000000,0x427,7B C1 AE 69 DD 5E 9C E4
23.790000000,0x1A4,F5 EF 9F 26 51 FB 07 42
23.790000000,0x316,5B A1 21 60 4D 39 0B F1
23.790000000,0x427,21 DC E6 D3 00 BB 45 E6
23.800000000,0x1A4,2E A5 77 26 6D E2 47 0D
23.800000000,0x316,C1 EF DA 33 27 EE 57 3D
23.800000000,0x427,31 D6 8B C0 7E 4B D5 98
23.810000000,0x1A4,6A 00 46 A6 87 AE 8A 3C
23.810000000,0x316,8F E6 33 7E F9 00 35 82
23.810000000,0x427,32 A1 9C C0 51 C0 21 81
23.820000000,0x1A4,DC 8C 1A 26 6E 10 09 F3
23.820000000,0x316,01 F9 75 1D 17 07 F0 44
23.820000000,0x427,C3 93 85 0F 4A 7F 7E 51
23.830000000,0x1A4,D6 AC EE 25 FA 57 99 8D
23.830000000,0x316,CE 29 36 68 9C DE C1 10
23.830000000,0x427,06 AA F2 7B 9F 69 66 07
23.840000000,0x1A4,41 83 C1 25 31 C3 2F A2
23.840000000,0x316,06 6A D6 3B 10 8B EA E9
23.840000000,0x427,E3 1C DB E2 57 77 C4 04
23.850000000,0x1A4,02 A7 9F 25 52 E0 D7 8D
23.850000000,0x316,EE 46 A6 F6 FC 69 0F 96
23.850000000,0x427,62 2F D3 AC 79 85 FC 19
23.860000000,0x1A4,4B 92 6E 25 A4 8B 52 C3
23.860000000,0x316,B3 4E 01 8E 57 0A CC A6
23.860000000,0x427,1D CC 03 C9 94 71 25 20
23.870000000,0x1A4,6E 1B 43 25 DD 8B 78 91
23.870000000,0x316,25 80 20 68 AA E4 2B 72
23.870000000,0x427,95 04 7B 15 52 AA A5 D8
23.880000000,0x1A4,17 B9 1B A5 17 56 1C 80
23.880000000,0x316,76 C0 15 34 73 ED 6A C8
23.880000000,0x427,89 0C C9 F7 76 2A 72 24
23.890000000,0x1A4,57 EE E8 24 72 42 5A 8A
23.890000000,0x316,38 31 3D FC FD 63 0E 2B
23.890000000,0x427,F0 B3 32 C8 2A E7 C2 3E
23.900000000,0x1A4,4B EF C3 A4 C2 6B DE F3
23.900000000,0x316,77 0A 7B 6C FD 2B 1B F6
23.900000000,0x427,7A 96 57 E9 25 75 1E 8E
23.910000000,0x1A4,2E 5D 9D 24 CA E2 B2 0A
23.910000000,0x316,FC 9A 41 00 2A 6B 09 D0
23.910000000,0x427,C7 6F F3 76 81 98 0B F6
23.920000000,0x1A4,9F B5 69 A4 FA 27 E8 9E
23.920000000,0x316,8D 40 0C 4A 5F DD 2E A7
23.920000000,0x427,79 5A DA F8 82 86 D9 2A
23.930000000,0x1A4,E2 94 43 24 74 A1 67 0F
23.930000000,0x316,76 4D FA EE 7A C9 FB EB
23.930000000,0x427,15 8F 70 7B 6C 2E F7 45
23.940000000,0x1A4,73 DC 15 A4 3A 42 3A 40
23.940000000,0x316,D3 AA E8 D6 F4 55 14 AE
23.940000000,0x427,93 BD 51 61 B3 50 CE FF
23.950000000,0x1A4,4D 86 EE 23 83 0F AA D7
23.950000000,0x316,7B 50 D8 A1 04 0E 77 36
23.950000000,0x427,A2 FD CC 95 50 14 37 D7
23.960000000,0x1A4,2E E2 C4 A3 4C 04 04 48
23.960000000,0x316,2B E3 A4 0B 20 94 52 29
23.960000000,0x427,EB 17 3B BD 5E 13 BA 88
23.970000000,0x1A4,4C 1D 96 A3 56 46 E7 11
23.970000000,0x316,97 A2 F6 4C AC 91 F7 16
23.970000000,0x427,AE B3 32 65 72 43 CC B2
23.980000000,0x1A4,19 6B 6B 23 2D 86 9B D4
23.980000000,0x316,B1 1E C0 23 7B 6F 9E B9
23.980000000,0x427,BC 69 75 8E E1 BF B2 FF
23.990000000,0x1A4,3A 94 42 23 69 E9 D6 E0
23.990000000,0x316,19 17 95 6E FE 46 FA 35
23.990000000,0x427,D3 24 46 9C 4B E6 3B 81
24.000000000,0x1A4,B9 4A 11 A3 17 94 53 CD
24.000000000,0x316,EC 5D 7C 51 90 57 49 E2
24.000000000,0x427,BF 2B 9E AE 1C 4A 06 F2
24.010000000,0x1A4,AA F1 EE 22 5F 7E 9A A2
24.010000000,0x316,05 86 E8 42 B6 B5 C9 FA
24.010000000,0x427,D0 8D B0 C0 46 5F 2F B5
24.020000000,0x1A4,0D 55 C5 22 7A 30 E4 45
24.020000000,0x316,FE 27 F5 3E B0 FC 8A A9
24.020000000,0x427,85 53 A7 FB 76 E2 56 52
24.030000000,0x1A4,0F 0D 95 22 8F 72 EB 35
24.030000000,0x316,D7 68 B5 75 59 8B 80 F5
24.030000000,0x427,46 BA 79 99 36 C6 15 54
24.040000000,0x1A4,D1 5B 68 22 72 19 FD E9
24.040000000,0x316,0E C2 1C B1 BE D9 3B 22
24.040000000,0x427,B4 4E 7D A5 06 16 19 EC
24.050000000,0x1A4,9E 2F 46 22 CA 72 D9 9B
24.050000000,0x316,33 CD FD 79 CF 71 18 01
24.050000000,0x427,69 19 C5 E6 68 BE 73 02
24.060000000,0x1A4,B9 7C 16 A2 5A DB 6C 2C
24.060000000,0x316,69 0D C5 69 C0 4B 48 8E
24.060000000,0x427,87 4B 30 E5 35 2A 4D B2
24.070000000,0x1A4,88 72 EB A1 E8 93 2D 7D
24.070000000,0x316,14 EC 30 C3 C0 F4 8D 64
24.070000000,0x427,A5 FB C2 89 BA 2A C6 14
24.080000000,0x1A4,FB D5 C4 A1 B9 BD 70 E0
24.080000000,0x316,30 3D 2B A6 53 66 B9 A6
24.080000000,0x427,04 8E D8 13 28 EC E4 89
24.090000000,0x1A4,32 2D 94 21 7E 9C 7F E4
24.090000000,0x316,A8 72 03 D5 D4 15 E9 D0
24.090000000,0x427,B2 D5 EE AB DD 1A F7 71
24.100000000,0x1A4,F9 4E 68 A1 0D 2A 98 1F
24.100000000,0x316,C5 DC 5D 5A BC 8C D7 F8
24.100000000,0x427,91 6E 12 D0 F5 34 5A 60
24.110000000,0x1A4,D3 DD 44 A1 7F 82 EF 99
24.110000000,0x316,9C A4 A3 5B AA 1D 02 63
24.110000000,0x427,61 1A 5C 2D 27 42 D2 D6
24.120000000,0x1A4,DD 68 11 A1 61 B1 D6 CF
24.120000000,0x316,03 91 70 B2 AE 05 DA FB
24.120000000,0x427,07 8F 28 02 4C 86 F0 1F
24.130000000,0x1A4,95 04 EB 20 A6 D1 D7 5E
24.130000000,0x316,69 F0 AD EF 47 D9 67 31
24.130000000,0x427,72 D7 CF 71 23 A2 65 02
24.140000000,0x1A4,B9 95 C5 20 F7 B6 3E BE
24.140000000,0x316,43 69 10 05 F2 E0 27 C2
24.140000000,0x427,E4 6D F8 47 46 CF 38 AE
24.150000000,0x1A4,C1 C8 90 A0 59 FC 8D B5
24.150000000,0x316,9A 28 9A 5B CE E8 06 31
24.150000000,0x427,BD 0B 08 17 B0 C7 F7 D0
24.160000000,0x1A4,DF 94 6A A0 D4 80 0F A0
24.160000000,0x316,B1 1B 9D 4D 98 40 F4 CE
24.160000000,0x427,94 5D C2 B7 67 22 9D 38
24.170000000,0x1A4,06 54 40 20 34 16 E9 FA
24.170000000,0x316,A7 3E 6A 7E 7A BE A0 F7
24.170000000,0x427,B3 83 ED 5C 24 77 6B 09
24.180000000,0x1A4,07 A6 17 20 73 9F 2A 7E
24.180000000,0x316,32 CF 8D E7 51 78 3C B4
24.180000000,0x427,F2 DA FB B4 5C 95 24 9B
24.190000000,0x1A4,6F AE EE 1F 33 A0 D3 01
24.190000000,0x316,72 BE 32 32 FE B1 F8 FB
24.190000000,0x427,DF 25 35 D2 7F 8C 70 A3
24.200000000,0x1A4,79 E7 C5 1F D9 FD 66 1C
24.200000000,0x316,90 D4 B2 DE CF 3F 00 47
24.200000000,0x427,07 AF B0 91 56 57 15 80
24.210000000,0x1A4,AA 86 97 1F 08 63 A4 2B
24.210000000,0x316,4C CB 41 8D 6A ED 9A 31
24.210000000,0x427,A6 2B EB A8 FC F7 22 BD
24.220000000,0x1A4,54 2D 6A 9F 49 B2 13 AC
24.220000000,0x316,10 B1 B0 AE AD 68 5C 9A
24.220000000,0x427,C6 07 AD 90 57 75 EF 2C
24.230000000,0x1A4,4E 79 43 1F 5D F4 91 96
24.230000000,0x316,65 C1 D4 20 85 1D F8 BE
24.230000000,0x427,98 12 A7 10 F2 4F 9F 20
24.240000000,0x1A4,E1 BF 16 1F C3 02 FE EE
24.240000000,0x316,86 2E E5 91 4C AB 00 DB
24.240000000,0x427,E9 EC 5B 3A 25 6B 89 E1
24.250000000,0x1A4,65 91 E8 9E A0 1D 99 BA
24.250000000,0x316,A8 B6 41 C8 B6 5B 3A 46
24.250000000,0x427,D4 2E 1D 31 45 B7 00 D9
24.260000000,0x1A4,60 03 C0 9E 4D 07 EB 05
24.260000000,0x316,1E 86 F0 FD 6E 84 45 F8
24.260000000,0x427,B1 84 67 B1 6D 01 80 AD
24.270000000,0x1A4,E8 DA 9E 9E 58 06 4D 9D
24.270000000,0x316,6B 6F BF 40 55 11 41 AE
24.270000000,0x427,BB C2 63 8F E1 F7 12 E2
24.280000000,0x1A4,A1 80 6C 1E D9 1E 80 00
24.280000000,0x316,5F 95 19 F0 D1 5F 57 6D
24.280000000,0x427,D1 5D 16 A4 75 44 50 AC
24.290000000,0x1A4,E8 4F 45 9E 80 5E 68 A6
24.290000000,0x316,59 E1 46 0D 7D 8E 96 DA
24.290000000,0x427,03 88 52 F0 7B 14 B0 52
24.300000000,0x1A4,17 7A 1B 1E 96 C4 26 D8
24.300000000,0x316,56 4C BF FE CA 04 29 68
24.300000000,0x427,72 32 27 46 17 E4 28 1F
24.310000000,0x1A4,57 D9 EF 9D BE FF AE 84
24.310000000,0x316,5A 3A 72 77 17 FC DD 7E
24.310000000,0x427,2A 6B 89 5C E6 F2 6A 84
24.320000000,0x1A4,4C 3F C7 9D 2F 80 20 0B
24.320000000,0x316,60 E0 40 E2 77 E4 A1 B8
24.320000000,0x427,D7 FD 7B 39 09 E0 05 0C
24.330000000,0x1A4,7F 9E 9E 1D 7F B4 1B EB
24.330000000,0x316,00 30 89 6B 55 0A 4C 88
24.330000000,0x427,52 96 E8 72 D8 3B F5 50
24.340000000,0x1A4,60 1E 6A 1D 3C DD 50 64
24.340000000,0x316,CB D6 D1 31 DA 47 AF 55
24.340000000,0x427,92 6D F1 14 F7 21 4E E1
24.350000000,0x1A4,36 C5 42 9D F4 A6 C3 CE
24.350000000,0x316,72 C6 7E 06 C0 FB 81 FD
24.350000000,0x427,5C 24 C9 BC A2 C1 C2 39
24.360000000,0x1A4,58 79 1C 9D E1 47 86 B0
24.360000000,0x316,EF 7B 7F 6C 8D C9 30 F5
24.360000000,0x427,18 86 0E 13 FA 32 C0 EA
24.370000000,0x1A4,52 F6 EE 1C FF 84 66 32
24.370000000,0x316,E3 76 1B 2A DE 10 48 54
24.370000000,0x427,1A F9 90 4F 65 8D 16 10
24.380000000,0x1A4,1D 30 C1 9C 44 50 13 A0
24.380000000,0x316,A9 0A C3 18 3C AB 22 07
24.380000000,0x427,58 14 DF 7A AB 34 94 6E
24.390000000,0x1A4,BF F5 9C 9C FC 67 26 06
24.390000000,0x316,B0 18 B0 97 4E AB 16 CC
24.390000000,0x427,D3 01 55 A0 0E 25 60 EF
24.400000000,0x1A4,C6 D9 74 1C 54 81 2B D7
24.400000000,0x316,CD D5 1A 40 D4 74 45 3F
24.400000000,0x427,F0 71 9B 1B BF 4F 3C 79
24.410000000,0x1A4,F4 1B 45 1C 5B 17 74 F5
24.410000000,0x316,3A CC 3E 57 3F DE 1F D5
24.410000000,0x427,D0 4F EF 0D AD 97 56 D2
24.420000000,0x1A4,8E 0D 1E 1C 78 6C 09 85
24.420000000,0x316,C6 DD 4A CB 84 3B 9B 3C
24.420000000,0x427,81 55 8C F1 CF 48 AA 12
24.430000000,0x1A4,76 84 F7 9B 6B 49 97 99
24.430000000,0x316,E2 E9 9B 9E C3 77 43 70
24.430000000,0x427,DE F6 9B C3 C5 E0 7D 18
24.440000000,0x1A4,34 DB C6 9B FB F3 4A 72
24.440000000,0x316,B1 0C 35 94 0A 9F F4 1F
24.440000000,0x427,0F 9A E5 15 2C 82 7A F9
24.450000000,0x1A4,F6 2D 99 1B 2F CB AD EA
24.450000000,0x316,0F 36 89 08 AF F7 9C 60
24.450000000,0x427,B1 14 33 50 02 87 DC E3
24.460000000,0x1A4,2C 5A 72 9B 03 48 80 B1
24.460000000,0x316,73 B0 A5 10 1B 81 5B C8
24.460000000,0x427,9B 2F A6 20 D5 60 DF 0F
24.470000000,0x1A4,0C 2C 43 9B AB 3D 69 CD
24.470000000,0x316,97 90 21 71 16 A4 06 0E
24.470000000,0x427,57 35 2D 4D 03 5E 59 9C
24.480000000,0x1A4,84 AC 1D 9B 18 00 8D 6E
24.480000000,0x316,64 A1 D7 10 59 5F 11 1A
24.480000000,0x427,43 DD 74 AD 34 40 48 0E
24.490000000,0x1A4,2B 89 F3 9A 64 2F 5D 0D
24.490000000,0x316,4C AA 7F 4B BA F7 94 D9
24.490000000,0x427,14 11 A7 61 94 B3 D4 66
24.500000000,0x1A4,DB 54 C8 1A 9D 80 07 9E
24.500000000,0x316,A4 AB 80 C0 CF 5F 3E 69
24.500000000,0x427,0D 3A AD 3B 7D 4B 55 DD
24.510000000,0x1A4,9A CD 9D 9A FA F2 97 C9
24.510000000,0x316,9B AC E3 A8 B3 FF BE 9F
24.510000000,0x427,51 1C B7 02 72 C2 12 74
24.520000000,0x1A4,3E 95 70 1A 2F 68 D6 76
24.520000000,0x316,81 E9 8F CB 7E 56 98 6D
24.520000000,0x427,AD A0 43 E1 E0 20 C6 9E
24.530000000,0x1A4,D4 E4 4D 9A A5 59 ED 19
24.530000000,0x316,FB 1A F1 56 45 C9 A2 A6
24.530000000,0x427,9A 8F 05 F0 9F A9 FF AC
24.540000000,0x1A4,55 0B 1E 9A 3D 1B A6 06
24.540000000,0x316,EF 5F 3E 74 60 10 68 84
24.540000000,0x427,1D 80 04 54 BB EF 7A 96
24.550000000,0x1A4,A6 74 F6 19 ED 51 A6 1B
24.550000000,0x316,98 DE 49 1A 20 58 25 03
24.550000000,0x427,4B 65 5D 98 1E CA 9A B6
24.560000000,0x1A4,27 98 CA 19 D6 68 C7 97
24.560000000,0x316,D0 31 17 CA BA 52 3D D7
24.560000000,0x427,F4 B8 90 31 BE CA 84 E7
24.570000000,0x1A4,C4 07 A6 99 FB 54 40 20
24.570000000,0x316,16 45 2A A3 C3 23 47 82
24.570000000,0x427,4E F7 9B 41 32 EB FA 5A
24.580000000,0x1A4,7F 1D 77 19 10 FC 3C 7B
24.580000000,0x316,21 E5 80 B9 77 15 F0 9E
24.580000000,0x427,3F E6 D2 71 33 AD 98 2F
24.590000000,0x1A4,A0 3D 4F 19 AC 84 3E 23
24.590000000,0x316,64 DE 09 CC 35 39 48 0B
24.590000000,0x427,AD 59 7C 0F 9E AF AF 20
24.600000000,0x1A4,3F 66 21 19 D9 40 A3 95
24.600000000,0x316,2A BE 93 6F 41 35 5C 83
24.600000000,0x427,E4 9B B1 F5 30 23 D6 A6
24.610000000,0x1A4,6B A1 F6 98 52 16 95 5B
24.610000000,0x316,51 08 AA 4F 2F 21 6B 95
24.610000000,0x427,22 E7 9D E2 C7 64 88 8A
24.620000000,0x1A4,51 E2 CE 98 DC A8 47 25
24.620000000,0x316,AE 99 BC 25 9C B5 32 78
24.620000000,0x427,5E 49 05 4F 2F CD 73 9A
24.630000000,0x1A4,B0 50 A0 18 B5 2A 83 4A
24.630000000,0x316,60 A4 6B 5E 2D AF 63 F8
24.630000000,0x427,CA A6 11 02 04 B7 86 84
24.640000000,0x1A4,14 ED 78 98 DB 81 5D A8
24.640000000,0x316,E3 17 A5 AD E4 87 04 25
24.640000000,0x427,90 5E AC 0E F3 6A C5 3C
24.650000000,0x1A4,26 D2 49 98 55 07 B6 D1
24.650000000,0x316,26 06 CE D5 01 1C 38 8F
24.650000000,0x427,65 E8 D3 DB 46 BE FA 0D
24.660000000,0x1A4,F9 32 24 18 0B 55 04 58
24.660000000,0x316,88 33 06 32 3F 9C FC F9
24.660000000,0x427,A2 92 4B 33 09 66 FB A3
24.670000000,0x1A4,6D 78 FB 97 3B DB 85 33
24.670000000,0x316,97 0C 07 C9 E7 E8 82 11
24.670000000,0x427,64 F2 6F 57 56 9B 79 30
24.680000000,0x1A4,D5 E1 D0 97 00 1E C9 79
24.680000000,0x316,8C 34 DD B1 FF 7D 1C B1
24.680000000,0x427,90 52 5F FB D0 AE A7 77
24.690000000,0x1A4,A8 05 A2 97 98 08 42 B1
24.690000000,0x316,66 F2 C5 54 AB 3D 1D DA
24.690000000,0x427,0F BA 12 94 12 BA EB 90
24.700000000,0x1A4,A0 6B 7B 97 64 D8 ED 55
24.700000000,0x316,7E EF B8 9D F6 A7 B4 4C
24.700000000,0x427,47 9D 2F 6B CE 60 20 54
24.710000000,0x1A4,78 2E 53 17 D4 4F D7 1A
24.710000000,0x316,42 24 4D 74 DC 72 48 E0
24.710000000,0x427,52 72 08 CA 19 59 19 E9
24.720000000,0x1A4,C7 1A 25 17 11 50 F5 7E
24.720000000,0x316,DE FB 2A 38 35 14 82 EB
24.720000000,0x427,96 4A F2 00 D1 3C 86 A3
24.730000000,0x1A4,16 2C F8 16 1F E7 76 B1
24.730000000,0x316,C5 3C F3 3A E6 F3 6E 77
24.730000000,0x427,E0 38 B9 9F DB 3E 90 36
24.740000000,0x1A4,07 5A D0 16 E5 2E 12 7B
24.740000000,0x316,ED D6 0D BC 21 7B B2 C4
24.740000000,0x427,64 D2 DC F3 DF 13 8D D0
24.750000000,0x1A4,80 2C AE 16 10 55 A9 CE
24.750000000,0x316,5C F9 75 BD 83 C1 3B 60
24.750000000,0x427,E0 9C 8F 34 77 E2 7A 66
24.760000000,0x1A4,E8 A5 7A 16 0A 43 7A D3
24.760000000,0x316,D7 A5 68 FD 4A C1 B8 01
24.760000000,0x427,BE 95 E1 5C D9 49 88 02
24.770000000,0x1A4,9C 0B 50 16 F4 75 9E 5B
24.770000000,0x316,8A 3B AF 07 E2 44 00 8E
24.770000000,0x427,B3 0B 7D 1D B3 74 74 24
24.780000000,0x1A4,E3 33 2B 16 30 96 BE 70
24.780000000,0x316,9E 6C C4 31 85 24 9F A1
24.780000000,0x427,1B 8B EF 95 00 48 A7 E9
24.790000000,0x1A4,09 F4 01 96 06 03 23 5C
24.790000000,0x316,AD 58 3D 0B 7D DE AD F9
24.790000000,0x427,40 79 99 07 71 B7 F9 32
24.800000000,0x1A4,A4 A8 D4 15 FB D5 BA 48
24.800000000,0x316,5A DF 94 2C 38 C8 0C 38
24.800000000,0x427,E7 68 A8 E2 58 5B 12 43
24.810000000,0x1A4,3C AE AD 95 0A E9 9D 2C
24.810000000,0x316,69 47 FE 56 18 00 F8 D8
24.810000000,0x427,7B 09 F4 8D 9F 83 F7 3E
24.820000000,0x1A4,28 E4 84 15 AE 3D 2C 32
24.820000000,0x316,66 80 80 05 F3 68 13 2D
24.820000000,0x427,B7 13 C7 D7 F0 93 04 43
24.830000000,0x1A4,24 4A 58 95 3D 9A E7 19
24.830000000,0x316,D1 D8 5F 05 AE A0 D9 D4
24.830000000,0x427,EF 84 6D AD 64 64 22 23
24.840000000,0x1A4,F4 14 29 15 E8 81 A5 A7
24.840000000,0x316,19 F8 93 C9 96 1D 90 E2
24.840000000,0x427,14 77 68 1C 43 49 A0 56
24.850000000,0x1A4,8A 2C 05 95 EA 1D D2 35
24.850000000,0x316,2B 39 19 4E AD C3 C9 74
24.850000000,0x427,4E 77 7A 3D 03 C5 A0 5E
24.860000000,0x1A4,23 97 DA 94 AB 58 52 5F
24.860000000,0x316,44 50 31 A9 78 3C DE 2B
24.860000000,0x427,1E FA EF F0 AC AB E4 86
24.870000000,0x1A4,BC 58 AB 94 91 C2 8C CC
24.870000000,0x316,1A EF 68 FF 62 48 8A 9F
24.870000000,0x427,EF B7 B4 E1 98 25 08 6F
24.880000000,0x1A4,76 06 86 94 F4 4D 00 B6
24.880000000,0x316,D3 94 BC 10 19 94 55 1E
24.880000000,0x427,EC 82 F9 24 66 24 FA E1
24.890000000,0x1A4,E9 73 5D 94 9E C2 7B 21
24.890000000,0x316,7C 71 7E CB 3D 52 8C 30
24.890000000,0x427,78 06 12 31 7D 81 55 88
24.900000000,0x1A4,16 6C 31 14 4B 2D C1 B1
24.900000000,0x316,19 32 CF 5F CA 46 65 51
24.900000000,0x427,C9 0D 7C 99 00 58 F6 6D
24.910000000,0x1A4,59 76 03 94 A7 43 DA A2
24.910000000,0x316,12 CE 9A 3E 06 8C C7 EB
24.910000000,0x427,A9 72 D3 0B C2 5D 59 C3
24.920000000,0x1A4,F1 02 DC 93 0F FD 5A 96
24.920000000,0x316,DD FF 68 30 CE 47 BC DA
24.920000000,0x427,1C 74 14 89 74 8F 4F 4B
24.930000000,0x1A4,FE 6C B2 93 53 7B 08 26
24.930000000,0x316,47 E0 E2 53 3A A4 46 3F
24.930000000,0x427,54 61 A2 0D EA 3B 24 A1
24.940000000,0x1A4,16 39 8D 93 4D E2 B2 47
24.940000000,0x316,1D 32 73 DF 19 96 5F 20
24.940000000,0x427,B8 13 FC D9 CF F2 1D 82
24.950000000,0x1A4,A2 08 58 93 82 69 86 95
24.950000000,0x316,3E 09 C6 E2 9E 7D 2E 7D
24.950000000,0x427,E0 97 90 35 CE 3C 30 BA
24.960000000,0x1A4,83 22 37 13 F1 D1 DF C8
24.960000000,0x316,D7 A6 7D 78 33 CB 7E CA
24.960000000,0x427,B9 47 DB A9 C9 32 69 9D
24.970000000,0x1A4,1A 85 0B 13 B5 EC DC 2A
24.970000000,0x316,A8 83 34 82 49 8F 5B 63
24.970000000,0x427,21 B9 55 C0 E5 69 E6 E1
24.980000000,0x1A4,E3 68 E3 92 61 77 4A C0
24.980000000,0x316,78 36 58 82 11 E7 CF 5F
24.980000000,0x427,CD 72 A3 7F 48 21 D6 84
24.990000000,0x1A4,75 38 B2 12 C0 D8 D2 2D
24.990000000,0x316,28 00 63 52 34 8A 65 B6
24.990000000,0x427,06 84 B6 5F D2 92 85 86
25.000000000,0x1A4,D0 62 8B 92 07 5B B9 7B
25.000000000,0x316,67 D4 34 B7 EF 27 AC F4
25.000000000,0x427,A1 B0 AA 7E F2 36 48 79
25.010000000,0x1A4,EE A1 61 12 9D A6 C8 94
25.010000000,0x316,D4 66 A4 66 69 E3 5A A3
25.010000000,0x427,71 CB D2 EB A6 5D 66 CA
25.020000000,0x1A4,9F E2 3F 92 7F 2E 55 A6
25.020000000,0x316,7C E9 5E 09 60 08 0B 35
25.020000000,0x427,C1 DF 32 38 B2 28 17 E5
25.030000000,0x1A4,22 D7 0F 12 E5 84 BB 73
25.030000000,0x316,78 98 F8 DC F0 A0 00 3C
25.030000000,0x427,65 B3 59 65 38 C2 F5 37
25.040000000,0x1A4,FE F3 E5 11 23 4C CE 6C
25.040000000,0x316,A1 6D 82 E3 5E 82 88 60
25.040000000,0x427,68 54 45 92 EC DE 3E 28
25.050000000,0x1A4,39 DB BC 91 EA 98 A9 D7
25.050000000,0x316,F4 7F C5 5F 0B D4 28 41
25.050000000,0x427,7B F9 F0 8C B4 C2 B2 15
25.060000000,0x1A4,AB 78 93 11 49 59 6A C0
25.060000000,0x316,78 DE 82 15 5A 44 88 4B
25.060000000,0x427,B3 19 CB 71 5E 6F D1 84
25.070000000,0x1A4,F2 D0 60 11 F8 EA EC 3A
25.070000000,0x316,66 8C 7E 95 A5 57 88 0A
25.070000000,0x427,FE D3 1A 77 A9 9B 23 83
25.080000000,0x1A4,19 1A 3A 91 F3 9A 1C 56
25.080000000,0x316,06 0B 15 6D 2F A5 7E 73
25.080000000,0x427,E3 6B B1 77 E2 B0 B8 6E
25.090000000,0x1A4,1A 21 11 11 3B 43 15 5E
25.090000000,0x316,37 01 F4 CD 6B FB 5E 7F
25.090000000,0x427,26 40 28 51 9E 9A E4 45
25.100000000,0x1A4,B4 0F EB 10 85 EE 53 06
25.100000000,0x316,02 05 F8 2D 4B 7F 12 71
25.100000000,0x427,15 B0 D9 3B EA FD FF 43
25.110000000,0x1A4,D7 F9 BD 90 CE 6C 6D 13
25.110000000,0x316,BE 83 ED 5B 15 1F C7 E6
25.110000000,0x427,3C 61 19 15 17 85 65 4B
25.120000000,0x1A4,17 DB 94 90 66 AA 73 80
25.120000000,0x316,2B 45 46 83 DF 60 F1 8B
25.120000000,0x427,EC 88 C6 A4 93 3A 02 14
25.130000000,0x1A4,01 FE 6E 90 0C C9 C3 46
25.130000000,0x316,B7 0B 36 ED FD 45 4D 3A
25.130000000,0x427,F5 56 31 19 8B C6 5B 1E
25.140000000,0x1A4,38 E8 43 10 2A 7C 38 5C
25.140000000,0x316,1A CF CC 09 37 5D C8 8B
25.140000000,0x427,1B 4B 47 33 6B 27 71 55
25.150000000,0x1A4,CD 69 17 10 6F D5 D3 AC
25.150000000,0x316,45 28 49 54 BE 8C 01 40
25.150000000,0x427,B1 C4 7E 4D BE 2B C6 BE
25.160000000,0x1A4,67 DA E8 8F CE 4A BB C4
25.160000000,0x316,F1 6E FC AE B4 4B 6F D8
25.160000000,0x427,21 4F 43 46 49 F1 CD 30
25.170000000,0x1A4,EE FE C4 8F 8B F9 A1 9A
25.170000000,0x316,8F A5 7C FF FD 20 4B 23
25.170000000,0x427,F7 79 97 FF 7F 3A E1 DA
25.180000000,0x1A4,07 32 9C 8F 69 EC 57 B7
25.180000000,0x316,D6 E8 64 BD 02 48 0A 8B
25.180000000,0x427,D5 E6 91 E9 D7 C5 D9 42
25.190000000,0x1A4,BB 46 77 0F E9 B4 23 C5
25.190000000,0x316,8B 56 AA 4C F0 02 27 48
25.190000000,0x427,4D D5 82 D2 E4 E5 BC 58
25.200000000,0x1A4,D9 17 43 8F 21 0F 31 FF
25.200000000,0x316,BD 2A 60 67 B5 EE 20 F2
25.200000000,0x427,AF C9 DF 67 C0 80 65 D2
25.210000000,0x1A4,D7 D9 1F 8F 27 94 FF C1
25.210000000,0x316,68 4C C2 A7 32 45 0B 03
25.210000000,0x427,EF 40 D5 78 90 82 72 A7
25.220000000,0x1A4,F2 D4 F4 8E 05 1A 41 FD
25.220000000,0x316,AB 6A DB C2 0D C6 94 F3
25.220000000,0x427,EC 49 37 26 07 30 8F DD
25.230000000,0x1A4,0D E8 CA 0E 8B 95 42 3A
25.230000000,0x316,9A D7 17 3A 72 8A 2C B9
25.230000000,0x427,82 72 C7 BF 93 5E BA 35
25.240000000,0x1A4,0B C9 9C 0E 63 48 D5 3B
25.240000000,0x316,4B 21 0D 84 C1 DE 45 96
25.240000000,0x427,78 A2 35 C9 78 31 78 8D
25.250000000,0x1A4,37 78 73 8E 31 3C FF 77
25.250000000,0x316,3B 70 F6 B8 53 5E 7C D0
25.250000000,0x427,87 62 1E 76 3C 77 35 57
25.260000000,0x1A4,3C EF 4A 8E DC F5 FB 15
25.260000000,0x316,18 AC 25 50 45 75 86 D8
25.260000000,0x427,2B B6 16 30 44 60 C5 6D
25.270000000,0x1A4,35 4F 27 8E 43 4F 22 F1
25.270000000,0x316,68 47 AC B2 9F 97 ED 6A
25.270000000,0x427,AB 58 A7 35 8F 62 4D 70
25.280000000,0x1A4,49 5C F1 0D C3 8B 5A DA
25.280000000,0x316,E8 5E F6 8E 84 E6 B4 07
25.280000000,0x427,AC 59 EC 5F F4 3D 92 23
25.290000000,0x1A4,E7 97 CF 8D 03 18 AE DF
25.290000000,0x316,94 42 DB 20 5A F6 39 4E
25.290000000,0x427,C0 A5 7F F1 EF CA E0 BC
25.300000000,0x1A4,DC 76 A2 0D 0A E8 F2 7F
25.300000000,0x316,0A 77 76 CF 4E 45 AA A8
25.300000000,0x427,84 9C 94 D5 7D 28 CB 5A
25.310000000,0x1A4,2B 97 7E 0D 3A C1 B9 39
25.310000000,0x316,1A 3D 4D 6B 73 F1 FB 6C
25.310000000,0x427,B2 26 8E AF 00 1C AC C0
25.320000000,0x1A4,04 2C 4B 0D FF 95 49 C3
25.320000000,0x316,99 2C 55 C7 D5 D3 C5 B0
25.320000000,0x427,99 6A A0 89 25 06 B5 4C
25.330000000,0x1A4,79 F2 21 0D 52 B0 42 96
25.330000000,0x316,C5 0B F3 05 1C C1 4C 91
25.330000000,0x427,AA 35 0D C9 25 D9 3E 08
25.340000000,0x1A4,4D A4 F9 8C 93 55 9E 23
25.340000000,0x316,1A 4F 58 27 79 9E 2C FA
25.340000000,0x427,C5 0D E0 F3 BC A6 87 FE
25.350000000,0x1A4,63 4C D3 0C 3B F5 74 91
25.350000000,0x316,00 26 3D A1 5C D1 94 CC
25.350000000,0x427,F5 63 5E 9A FE A9 EB E9
25.360000000,0x1A4,26 39 AB 8C 65 B7 E9 92
25.360000000,0x316,71 17 F0 DD EC 18 11 64
25.360000000,0x427,42 8F EC FA FF 17 9E 61
25.370000000,0x1A4,F0 C0 7E 0C F6 85 DD F2
25.370000000,0x316,0E BB 00 64 C5 3F 4F 10
25.370000000,0x427,F4 5F D4 88 03 54 ED 62
25.380000000,0x1A4,B9 F6 56 0C 57 07 8B 79
25.380000000,0x316,2F B9 CF 1B 9E F2 2E 54
25.380000000,0x427,49 BC CB 91 05 94 41 F6
25.390000000,0x1A4,A1 D1 2F 0C 67 B8 95 A3
25.390000000,0x316,E5 ED 0D E5 CD 3E FD 4D
25.390000000,0x427,E8 AC DE 17 D1 6B E2 2B
25.400000000,0x1A4,A7 44 04 0C 62 4C C5 AC
25.400000000,0x316,60 4C 8B 8D 3E 8F 79 2D
25.400000000,0x427,5F 07 35 08 AD DA 93 D3
25.410000000,0x1A4,A0 E9 D3 8B A9 0E 76 9A
25.410000000,0x316,53 C3 15 7D 7B E3 DE 06
25.410000000,0x427,CE 0D CB 2F D8 94 F1 32
25.420000000,0x1A4,0B 2A AA 0B 1E ED 4D E9
25.420000000,0x316,A7 CF 86 F6 FC F4 C9 62
25.420000000,0x427,87 45 A8 48 86 5B B5 34
25.430000000,0x1A4,D9 78 80 0B 43 E4 85 4A
25.430000000,0x316,92 92 D9 A8 E2 CB 3E 86
25.430000000,0x427,00 2C EA 11 F2 D6 64 74
25.440000000,0x1A4,78 40 5D 0B AA FE 5F 5E
25.440000000,0x316,1C 7E BE 84 7E FB D3 02
25.440000000,0x427,24 C5 FC 2B 81 55 A7 53
25.450000000,0x1A4,C5 C7 2D 8B F0 77 E9 E8
25.450000000,0x316,B9 33 2E 69 AA 79 1F 64
25.450000000,0x427,B8 79 33 28 27 1B 56 FD
25.460000000,0x1A4,36 B7 01 0B 8A 2A 0F 21
25.460000000,0x316,3D FC 54 89 B9 20 1D 6B
25.460000000,0x427,A5 AA 6E 7A 90 9A 3E BE
25.470000000,0x1A4,96 73 DA 0A C4 09 95 63
25.470000000,0x316,B5 38 81 F4 A4 82 51 E7
25.470000000,0x427,6D 7B 9E DD 6B DA DB 34
25.480000000,0x1A4,FC 3D B3 0A 17 C0 D5 DE
25.480000000,0x316,9D 3F A7 34 0B 3F 4C 4F
25.480000000,0x427,05 B4 A4 6E 81 A3 61 D1
25.490000000,0x1A4,F5 09 8D 8A D1 D9 2F AA
25.490000000,0x316,02 2F 8B 79 4D E3 A5 28
25.490000000,0x427,D7 B3 8C 9A 4B 30 39 93
25.500000000,0x1A4,D9 69 5C 8A 8B B8 70 4F
25.500000000,0x316,7C DF 65 96 30 07 F6 33
25.500000000,0x427,E3 33 A2 80 7A 5F 7E B7
25.510000000,0x1A4,50 68 31 8A 43 2B 7E 75
25.510000000,0x316,C5 4C 83 46 5F CA A2 33
25.510000000,0x427,E7 CD E7 01 07 C1 B7 FD
25.520000000,0x1A4,51 76 0F 0A 07 77 1B 72
25.520000000,0x316,3A 57 60 10 C9 D8 17 D3
25.520000000,0x427,E9 63 34 66 94 5B D7 9A
25.530000000,0x1A4,64 A2 E4 89 12 EA 30 3F
25.530000000,0x316,36 88 9E 86 1C 3B 32 54
25.530000000,0x427,54 96 09 E9 07 FF B8 91
25.540000000,0x1A4,2B D5 B5 89 E7 76 AF 7D
25.540000000,0x316,55 F7 CF 75 97 35 73 76
25.540000000,0x427,B1 6F 7D 93 E5 75 01 0A
25.550000000,0x1A4,83 15 8F 89 5C 81 52 17
25.550000000,0x316,25 96 B4 49 30 DC 73 A5
25.550000000,0x427,D7 D3 88 E1 70 C2 3C EB
25.560000000,0x1A4,C5 82 60 09 C6 B1 C6 58
25.560000000,0x316,D4 F1 47 B3 62 38 B7 D7
25.560000000,0x427,02 8F 2E B6 36 3D D7 CA
25.570000000,0x1A4,8E 99 3D 09 8C 7F 1E 64
25.570000000,0x316,F4 5E EF 9C 53 48 CC D2
25.570000000,0x427,4D 29 5B CF 83 5E 8F D9
25.580000000,0x1A4,92 13 15 09 CC E5 40 6A
25.580000000,0x316,B8 4C C7 3F A8 D4 F8 2D
25.580000000,0x427,DB 14 64 E6 F9 FA 23 9E
25.590000000,0x1A4,37 E0 E5 88 BA 92 9C 6E
25.590000000,0x316,C0 39 34 75 A3 67 79 62
25.590000000,0x427,92 5B 2C E9 20 78 B9 A8
25.600000000,0x1A4,F2 34 BE 08 0A 57 D2 B2
25.600000000,0x316,3F C5 90 91 7D ED 74 18
25.600000000,0x427,6D C7 BF 64 F7 61 DA B2
25.610000000,0x1A4,28 91 90 88 3A 98 2D 0B
25.610000000,0x316,0E AB 5C 3D 4B DE B2 E2
25.610000000,0x427,C4 AE DB DE 0A 3F 6E 28
25.620000000,0x1A4,BC 33 6E 08 D3 2D EF E1
25.620000000,0x316,8E 0F CA A0 F3 2A A9 89
25.620000000,0x427,A2 46 B9 4A 7F 07 AA AA
25.630000000,0x1A4,9B 65 3A 88 39 20 16 11
25.630000000,0x316,D3 02 B3 B2 C6 60 FE B9
25.630000000,0x427,50 D2 EF B8 C3 DA F8 E6
25.640000000,0x1A4,DD 03 16 08 17 F4 A2 E8
25.640000000,0x316,BA 33 55 7E 71 86 49 69
25.640000000,0x427,B4 40 0D FE 28 4F 09 C3
25.650000000,0x1A4,F1 DD ED 87 55 F8 08 1F
25.650000000,0x316,ED 0D CD FE 90 39 65 5E
25.650000000,0x427,42 B5 97 13 6C B0 61 C1
25.660000000,0x1A4,21 FF C7 07 3D 05 20 81
25.660000000,0x316,AF E7 3B C4 72 02 8E C7
25.660000000,0x427,D4 98 75 53 45 0E FC 68
25.670000000,0x1A4,7E 8A 98 07 53 E5 32 2A
25.670000000,0x316,23 50 B5 40 7D 56 16 35
25.670000000,0x427,AF 72 8D 81 D7 35 6D 0B
25.680000000,0x1A4,CD 9B 68 07 A7 FB D6 06
25.680000000,0x316,90 F0 BC 12 5F C3 8C A3
25.680000000,0x427,DC D0 C9 B1 49 91 F5 AC
25.690000000,0x1A4,33 B5 46 87 AC 56 3F 76
25.690000000,0x316,47 69 93 61 A7 F3 F9 57
25.690000000,0x427,0A 11 F7 BE 27 44 3B 66
25.700000000,0x1A4,EC F2 1B 87 F9 6E C4 31
25.700000000,0x316,EE 72 8C 65 A3 99 AB 09
25.700000000,0x427,1C AF BF 02 83 B2 27 40
25.710000000,0x1A4,B0 D8 F3 06 33 8D 87 B5
25.710000000,0x316,37 7D C9 EA 03 64 F0 22
25.710000000,0x427,28 81 BD 53 93 7D 98 AB
25.720000000,0x1A4,6E 3B C9 86 C7 CB D8 76
25.720000000,0x316,61 2E 19 7C 11 7E 1B 76
25.720000000,0x427,D5 FD 77 11 25 E8 21 15
25.730000000,0x1A4,1B D0 9D 86 28 A2 32 A8
25.730000000,0x316,27 F4 06 3E 8C 47 AD B6
25.730000000,0x427,5D 68 34 F3 42 A8 0E 70
25.740000000,0x1A4,20 CD 77 06 6D 8B 85 78
25.740000000,0x316,C4 7B 07 D2 AB D7 75 47
25.740000000,0x427,6E A4 70 D7 3F 51 4F 29
25.750000000,0x1A4,12 BA 4B 06 06 AA A7 D6
25.750000000,0x316,5F FB 9F 04 38 9A 63 9B
25.750000000,0x427,F0 5B BB 19 D9 60 5F 2D
25.760000000,0x1A4,79 10 25 06 8D 62 C8 1F
25.760000000,0x316,C1 12 DF 88 D4 6F CF BD
25.760000000,0x427,8E B6 0E 64 AB C2 1F 2B
25.770000000,0x1A4,54 A1 F4 05 22 5B E0 AB
25.770000000,0x316,7B 92 7A C3 E6 B2 DE 02
25.770000000,0x427,45 FB 68 AD 5A DC F3 45
25.780000000,0x1A4,98 8B CB 05 46 F6 CE 70
25.780000000,0x316,CC 96 AB 5B B8 7D 8D 2D
25.780000000,0x427,23 D8 77 37 1B B9 E3 B6
25.790000000,0x1A4,94 60 A1 05 77 2E 87 E4
25.790000000,0x316,30 B1 CF AC 0C BC 44 88
25.790000000,0x427,05 B0 56 37 EB B8 2A 71
25.800000000,0x1A4,30 B5 7D 85 0E BD 39 0C
25.800000000,0x316,55 F0 24 D6 CE 9F 81 A2
25.800000000,0x427,39 3D BF CF D7 19 DB 85
25.810000000,0x1A4,E4 5F 51 85 B3 37 9C A9
25.810000000,0x316,85 AC 66 B7 7B 68 F8 A8
25.810000000,0x427,9D 70 A2 E5 3C A9 50 1A
25.820000000,0x1A4,0D 91 27 05 E3 8F BA B0
25.820000000,0x316,80 56 EE 4E 81 1C A9 71
25.820000000,0x427,0F 16 6B 0D 7A FC 23 99
25.830000000,0x1A4,01 C6 F9 04 17 4A 75 0C
25.830000000,0x316,49 A4 BC C5 40 FE 9C 60
25.830000000,0x427,4D 99 61 C4 C6 1A A5 33
25.840000000,0x1A4,12 2F D7 84 25 53 EC 3F
25.840000000,0x316,10 B7 E8 5F 38 42 A4 E8
25.840000000,0x427,95 FA 10 3D 2B 43 32 33
25.850000000,0x1A4,E7 19 AD 04 78 18 1B 04
25.850000000,0x316,56 66 F3 6B 40 59 27 07
25.850000000,0x427,9C 26 42 FD A0 33 BA 03
25.860000000,0x1A4,AA 46 7D 04 34 07 0E D2
25.860000000,0x316,8F DC 30 31 C2 D3 11 AE
25.860000000,0x427,98 45 40 AB A3 01 2C 10
25.870000000,0x1A4,65 22 57 04 36 54 70 F5
25.870000000,0x316,DF 7F DD E1 C9 FC BA 18
25.870000000,0x427,D3 38 03 CC EE CB DB D5
25.880000000,0x1A4,31 6A 28 84 1B 08 03 AA
25.880000000,0x316,6A 5F FA 2A 53 D1 58 B9
25.880000000,0x427,E9 9B C3 2A 6D 67 44 0B
25.890000000,0x1A4,49 01 02 04 F6 34 33 83
25.890000000,0x316,DC 2A 91 1B A5 C1 CC D0
25.890000000,0x427,10 8B BF 53 E0 20 9B 52
25.900000000,0x1A4,4F C7 DA 83 72 13 75 A0
25.900000000,0x316,E3 2F 86 30 CC 97 EA 9F
25.900000000,0x427,63 C5 05 35 1D 14 30 EF
25.910000000,0x1A4,65 06 AD 83 B9 E8 22 65
25.910000000,0x316,C7 45 5D F0 35 90 89 6D
25.910000000,0x427,36 02 ED 1E 98 19 7F 3B
25.920000000,0x1A4,18 49 82 03 D7 4C 1B 1B
25.920000000,0x316,1F 96 48 5B FC 3B C8 52
25.920000000,0x427,75 76 72 2C 3F AF D6 03
25.930000000,0x1A4,1D 9D 5A 03 CB 11 6C A7
25.930000000,0x316,97 1E F5 50 26 36 11 03
25.930000000,0x427,AA BC A1 63 B4 F5 77 36
25.940000000,0x1A4,F6 56 32 03 66 39 58 38
25.940000000,0x316,76 71 E6 10 97 2D 70 A8
25.940000000,0x427,57 67 A9 D0 B3 FF 48 47
25.950000000,0x1A4,92 CB 0A 83 B2 86 B8 9F
25.950000000,0x316,8F 78 75 5E 3A 95 3F 0B
25.950000000,0x427,25 9F 3C 11 8B 82 AD E2
25.960000000,0x1A4,AC 9A DB 02 6C A4 3D 69
25.960000000,0x316,23 59 31 4D 78 D6 7D C4
25.960000000,0x427,31 7C 4F 99 D1 36 E4 7F
25.970000000,0x1A4,DE 9A B4 82 38 B9 8F FD
25.970000000,0x316,8C 74 10 1A 5D 70 68 B6
25.970000000,0x427,4F 31 43 89 1C 00 90 CA
25.980000000,0x1A4,4A 75 8B 82 B7 DD 16 EC
25.980000000,0x316,89 13 B8 D9 45 6C B7 91
25.980000000,0x427,9C BE E4 2B 54 26 7F 40
25.990000000,0x1A4,69 4C 63 82 07 2E 41 18
25.990000000,0x316,A9 E4 90 99 F2 E1 08 53
25.990000000,0x427,7F 12 3E FB 02 F4 80 A1
26.000000000,0x1A4,5B B9 31 82 4F 06 79 63
26.000000000,0x316,64 E3 8A AD 00 88 AF EC
26.000000000,0x427,AE 08 ED F8 FF E3 7A C5
26.010000000,0x1A4,D1 AE 0F 82 65 CB 07 22
26.010000000,0x316,BF 00 01 55 C9 7E E2 2C
26.010000000,0x427,1A 86 A6 A2 90 D6 FF C2
26.020000000,0x1A4,D4 A9 E3 81 DA 32 08 B0
26.020000000,0x316,8B 48 66 51 72 9E 5F FA
26.020000000,0x427,EB 74 FF D9 5D 43 97 AA
26.030000000,0x1A4,96 E5 BC 01 54 90 48 11
26.030000000,0x316,A4 74 C9 55 B3 A1 84 04
26.030000000,0x427,F6 D6 C8 9B 5D 99 7F E9
26.040000000,0x1A4,B0 FA 94 81 4E DE EB 72
26.040000000,0x316,8B 17 E3 61 F8 9B D2 82
26.040000000,0x427,9C D5 FD A3 73 84 E7 BD
26.050000000,0x1A4,61 3C 60 01 C8 22 E0 80
26.050000000,0x316,BE 56 64 96 1F 93 62 B4
26.050000000,0x427,5B 87 06 FD 60 15 67 03
26.060000000,0x1A4,84 0F 3C 01 78 3D 6E 05
26.060000000,0x316,DF 06 C9 9D 9A F5 49 C2
26.060000000,0x427,2B 56 93 E5 17 25 C2 1F
26.070000000,0x1A4,22 B4 10 01 21 78 84 3C
26.070000000,0x316,98 E2 E7 BC 4B 09 B2 6D
26.070000000,0x427,7D DB DA C1 4B 03 59 3E
26.080000000,0x1A4,E3 FF E8 80 30 E1 52 14
26.080000000,0x316,6B 1D 57 0F 0B D6 36 23
26.080000000,0x427,C3 C7 E0 5F FE 89 AC 7F
26.090000000,0x1A4,60 F1 C6 00 63 0B B7 33
26.090000000,0x316,22 E2 D3 26 61 04 31 60
26.090000000,0x427,C4 98 52 34 4A A9 5C A4
26.100000000,0x1A4,3C 41 94 00 9E C2 F1 3C
26.100000000,0x316,9B 8A 64 EC 0A D0 AD B9
26.100000000,0x427,9E 74 1B 99 FF B3 11 FD
26.110000000,0x1A4,4C F6 6C 80 55 0A 98 71
26.110000000,0x316,62 DB 3F BD E3 D2 98 E0
26.110000000,0x427,B8 04 25 54 AB 52 5F 22
26.120000000,0x1A4,73 4B 43 00 BF 36 4A 51
26.120000000,0x316,F7 1A C3 A4 61 EC 76 C9
26.120000000,0x427,28 BA AF C2 22 B7 23 0A
26.130000000,0x1A4,6C EC 1F 80 38 14 B2 CA
26.130000000,0x316,2E DD 41 FA 25 74 36 6A
26.130000000,0x427,C4 5E E6 A5 4F CC 0D D0
26.140000000,0x1A4,88 31 00 00 C1 1A 24 C0
26.140000000,0x316,2D C4 10 06 94 66 A0 3A
26.140000000,0x427,DB B8 D0 D8 C0 92 9D BB
26.150000000,0x1A4,EA 20 06 00 A8 0C BD 57
26.150000000,0x316,82 07 04 3E 8E 73 B0 34
26.150000000,0x427,C5 55 10 8A C2 CA D7 0D
26.160000000,0x1A4,CE 09 01 80 E0 F4 EC EA
26.160000000,0x316,85 D5 3D AA 58 3A 06 FD
26.160000000,0x427,07 15 93 3F 06 F2 2B CD
26.170000000,0x1A4,BC 28 06 80 38 47 3F B2
26.170000000,0x316,26 4C 31 B8 F0 17 F2 38
26.170000000,0x427,85 07 AA 9B 60 A5 69 DF
26.180000000,0x1A4,B1 0F 01 00 3E 2F 7F 85
26.180000000,0x316,59 CD 56 52 0C D6 FC 2E
26.180000000,0x427,35 90 3E 71 49 6D 39 A1
26.190000000,0x1A4,13 03 04 00 5C BB 8A 10
26.190000000,0x316,31 96 AF DE F5 44 DC 7D
26.190000000,0x427,15 88 EA 11 D9 23 23 F4
26.200000000,0x1A4,6C 6A 05 00 00 E0 56 0D
26.200000000,0x316,65 DF 65 A2 30 89 F4 FD
26.200000000,0x427,01 71 3B 24 62 C2 32 F0
26.210000000,0x1A4,4A C3 07 00 07 C4 24 20
26.210000000,0x316,26 8B 7D 17 C1 04 76 2C
26.210000000,0x427,61 A4 B6 97 53 3E 81 8C
26.220000000,0x1A4,32 E4 02 80 41 65 94 CB
26.220000000,0x316,D3 46 8B EE 94 CF 51 34
26.220000000,0x427,08 D2 7E 3C 5F 93 E6 81
26.230000000,0x1A4,EE 96 02 00 7D 0D 1E 6D
26.230000000,0x316,D3 E2 98 B9 9E 2D 92 77
26.230000000,0x427,84 09 BC 4F D2 4F 06 2A
26.240000000,0x1A4,AE 9C 07 80 95 BC 91 32
26.240000000,0x316,FD 66 B3 3E 0E 5D 8C 6C
26.240000000,0x427,8E E0 2A 2D 12 11 19 9B
26.250000000,0x1A4,E0 75 04 00 02 02 98 4D
26.250000000,0x316,15 E3 0C 49 93 61 90 93
26.250000000,0x427,8E E6 C1 72 EF E0 BC F7
26.260000000,0x1A4,DC ED 06 80 30 04 8F 33
26.260000000,0x316,17 AB 98 45 51 EB C7 DC
26.260000000,0x427,0E 8D 02 C8 E6 00 2E 7B
26.270000000,0x1A4,20 ED 03 00 AA 99 75 F3
26.270000000,0x316,BD 60 F9 F8 CC 8F 0D 5C
26.270000000,0x427,84 59 F3 65 F9 17 B2 60
26.280000000,0x1A4,18 B7 02 00 C6 AD 80 78
26.280000000,0x316,A1 05 FE 70 3C E3 35 6C
26.280000000,0x427,5D DA 5A 81 62 42 01 9C
26.290000000,0x1A4,9F 3F 04 80 EE 4C F5 6E
26.290000000,0x316,D8 9F A4 C2 BD A6 E7 27
26.290000000,0x427,0B 8E D1 D1 F5 73 29 F4
26.300000000,0x1A4,09 A8 06 80 5C 66 64 7B
26.300000000,0x316,B8 56 12 05 74 CC 0D C3
26.300000000,0x427,30 B2 A4 61 8C E8 69 6D
26.310000000,0x1A4,B4 82 02 80 91 BF 4E 15
26.310000000,0x316,E1 89 44 C2 69 91 0D E8
26.310000000,0x427,D4 8D E9 EB 9E F9 DB 4C
26.320000000,0x1A4,C4 EF 05 80 8D C9 85 89
26.320000000,0x316,F1 D0 1D 27 BE B7 87 8D
26.320000000,0x427,68 9E 05 BA 74 A1 FA 2C
26.330000000,0x1A4,DF DE 05 00 D3 2F 65 61
26.330000000,0x316,FA D8 B1 76 F6 01 4C 4E
26.330000000,0x427,45 55 1F 74 98 7B 81 48
26.340000000,0x1A4,5A A0 01 00 77 8B E8 8F
26.340000000,0x316,55 7A 24 9B 5D 9D 18 7B
26.340000000,0x427,15 A3 6A 12 2C D5 4E 55
26.350000000,0x1A4,06 E9 03 00 25 49 01 B7
26.350000000,0x316,E0 52 21 78 71 6D 1A 32
26.350000000,0x427,8A 05 9C 27 65 9F 87 EA
26.360000000,0x1A4,46 51 03 00 05 FA 11 01
26.360000000,0x316,41 1B 49 03 31 6E 95 DC
26.360000000,0x427,C4 DC 2D 80 6D 70 F9 BA
26.370000000,0x1A4,1A 3C 00 80 22 5C CF 5F
26.370000000,0x316,24 E9 CF 7D E0 EE 90 67
26.370000000,0x427,00 17 FA EC B3 30 73 6A
26.380000000,0x1A4,4F 84 06 80 21 C3 07 65
26.380000000,0x316,87 34 72 F8 CB 6C 00 BE
26.380000000,0x427,8E 6C 86 5F C0 46 50 62
26.390000000,0x1A4,CA 38 03 00 AB B0 CC 4E
26.390000000,0x316,C2 C4 1B A4 F8 3E CE FC
26.390000000,0x427,4B 6B 9B 96 29 6A 3C 12
26.400000000,0x1A4,97 4D 06 00 37 55 8F E2
26.400000000,0x316,24 8F F0 09 E5 AC 12 FE
26.400000000,0x427,CF 30 EE EB 0A C2 DD 1F
26.410000000,0x1A4,0F F5 03 00 F9 0A A0 EE
26.410000000,0x316,82 B9 CB 90 C0 94 90 29
26.410000000,0x427,79 F0 B8 31 4F BF 50 C3
26.420000000,0x1A4,C2 38 01 00 15 4D 04 F5
26.420000000,0x316,90 9D 58 41 AB F9 71 C5
26.420000000,0x427,F0 00 C0 E9 73 60 67 C0
26.430000000,0x1A4,41 11 05 80 F2 73 3C 59
26.430000000,0x316,8A B1 75 82 7E 71 89 B5
26.430000000,0x427,28 52 16 7D 41 08 8E A2
26.440000000,0x1A4,5A D7 00 80 75 14 41 5E
26.440000000,0x316,E3 E6 4A B2 D7 BA C5 0E
26.440000000,0x427,2B CC A1 A6 93 31 A5 62
26.450000000,0x1A4,56 55 00 80 40 E8 8D 6C
26.450000000,0x316,54 7D 54 BC 97 BF 2D 3F
26.450000000,0x427,6D D6 0A 3E EF 38 4C 7A
26.460000000,0x1A4,F7 7C 05 00 C4 5C E5 EB
26.460000000,0x316,6B 0D 29 D0 8C A5 85 5C
26.460000000,0x427,E1 1D 86 A1 33 0C E1 B4
26.470000000,0x1A4,7C 3A 02 80 43 CA 3B 07
26.470000000,0x316,B8 7C 8D B2 F7 B7 69 AA
26.470000000,0x427,25 94 34 A5 8D BE DB 25
26.480000000,0x1A4,8C 91 06 00 64 D4 FD 9A
26.480000000,0x316,6B BB 99 74 9B 5D BB F1
26.480000000,0x427,99 5F 5A AE 82 DE B9 25
26.490000000,0x1A4,59 05 01 00 81 93 56 3F
26.490000000,0x316,5A 75 26 9A 21 35 0E 94
26.490000000,0x427,25 BD A7 F3 8E 75 A0 A9
26.500000000,0x1A4,12 96 05 80 A7 4E 53 29
26.500000000,0x316,00 8B 28 03 2D 0F E2 1D
26.500000000,0x427,FB 6E 5E C5 60 5A A1 17
26.510000000,0x1A4,30 3A 07 80 BF 09 2C B6
26.510000000,0x316,BE D5 B8 EA E8 9C 64 62
26.510000000,0x427,D1 7F CD 65 18 FD C0 B4
26.520000000,0x1A4,1A 9C 06 80 E2 9A 61 F9
26.520000000,0x316,B0 A6 A7 E6 1D B5 91 14
26.520000000,0x427,ED D7 BE 84 63 6D F2 E8
26.530000000,0x1A4,7F B8 06 00 A3 F0 41 E0
26.530000000,0x316,48 1D 46 6C 67 6A 73 2A
26.530000000,0x427,AF 77 6A D4 F8 72 47 6D
26.540000000,0x1A4,56 2B 04 00 7F 37 1C B1
26.540000000,0x316,E8 42 5E 4D CC 63 2A 80
26.540000000,0x427,F9 19 BA F7 9C E1 7F 88
26.550000000,0x1A4,D4 8A 02 80 66 8D FB E2
26.550000000,0x316,28 6F FE 61 EB 52 09 96
26.550000000,0x427,F3 B3 D7 4E D2 0F E3 BB
26.560000000,0x1A4,FF 34 07 00 BC 5D A1 C0
26.560000000,0x316,EA C7 5B E0 29 46 A0 EC
26.560000000,0x427,0F 68 47 BA F1 2C 92 DE
26.570000000,0x1A4,E8 68 00 00 A5 62 F9 1B
26.570000000,0x316,74 B5 DC A2 08 AE 96 92
26.570000000,0x427,90 3A D5 C6 49 2F 2B CC
26.580000000,0x1A4,99 20 02 00 73 3F 71 D0
26.580000000,0x316,E3 DE 88 24 0F 95 DE 44
26.580000000,0x427,3E C6 AC BF 65 77 A3 35
26.590000000,0x1A4,CF 95 05 80 3E F3 8F BF
26.590000000,0x316,5B 60 E1 65 E3 40 F2 B2
26.590000000,0x427,12 AA DF 4E D1 C2 A4 01
26.600000000,0x1A4,FD B3 05 80 3D 2D 1C 2B
26.600000000,0x316,F1 E4 FE D0 6B 93 E1 7D
26.600000000,0x427,3E 74 67 00 17 84 CC 18
26.610000000,0x1A4,C7 21 01 00 17 10 14 C6
26.610000000,0x316,D3 CF 41 B2 5B 89 F7 6A
26.610000000,0x427,BB E8 63 86 BF 2D B6 6A
26.620000000,0x1A4,7C B3 06 80 C1 AA D0 49
26.620000000,0x316,E5 A7 A8 BB 71 B6 52 6E
26.620000000,0x427,C7 AF AE 2B A8 A2 28 2D
26.630000000,0x1A4,50 27 01 00 BD E9 B7 2F
26.630000000,0x316,EF 6F 3C B4 0A 96 63 22
26.630000000,0x427,2B 79 B1 32 7D 61 89 7C
26.640000000,0x1A4,60 86 06 00 7F 4B AB 80
26.640000000,0x316,63 CD CF F2 E8 92 38 1C
26.640000000,0x427,53 81 5E 73 22 F3 2C 91
26.650000000,0x1A4,18 95 02 80 75 35 6B 36
26.650000000,0x316,9D F9 85 2F 1D DC 70 33
26.650000000,0x427,DB 72 19 0F 4F 7A FA BF
26.660000000,0x1A4,83 5A 07 00 89 54 26 CF
26.660000000,0x316,E2 9D 58 C2 4A 5D 1F 31
26.660000000,0x427,18 E3 64 42 21 6C A2 FB
26.670000000,0x1A4,D3 61 03 80 46 32 22 DF
26.670000000,0x316,71 9E A6 68 F7 B5 D3 70
26.670000000,0x427,1F 6A 78 A0 7A 7E B8 E9
26.680000000,0x1A4,AC 15 02 80 9F 3B F4 1B
26.680000000,0x316,BC F8 4C DE B9 50 ED A2
26.680000000,0x427,02 3E 87 2A 4F 6A 6E 14
26.690000000,0x1A4,42 47 02 00 EA E5 F0 15
26.690000000,0x316,4B D1 B2 60 C7 21 EB 1F
26.690000000,0x427,4D E3 D9 46 CB 80 73 10
26.700000000,0x1A4,BA 44 07 00 C0 3B 98 07
26.700000000,0x316,2C EC EC 95 E2 8C 1A 3C
26.700000000,0x427,2B 77 57 7A 74 B2 35 7C
26.710000000,0x1A4,E3 EB 04 80 7D 54 B2 C2
26.710000000,0x316,C3 A0 CE 19 F6 05 6F 02
26.710000000,0x427,9F 65 A1 0F 33 DE 1D 44
26.720000000,0x1A4,19 E1 05 80 28 E3 88 F4
26.720000000,0x316,33 9B D9 01 85 8F 52 AA
26.720000000,0x427,03 25 1B 95 17 7B 09 CA
26.730000000,0x1A4,81 96 04 80 5D 4B B7 0A
26.730000000,0x316,A9 A0 CA 18 74 93 08 36
26.730000000,0x427,74 B7 B7 85 DC 85 B2 CA
26.740000000,0x1A4,73 EB 03 00 56 A2 2B 60
26.740000000,0x316,6E 37 5D 9A D7 93 23 85
26.740000000,0x427,76 45 A5 FC DE 6C 49 F6
26.750000000,0x1A4,C2 BF 00 80 9F D0 0D 44
26.750000000,0x316,3C F7 9F EE 04 A8 65 7C
26.750000000,0x427,D5 B7 25 79 18 F6 C4 C1
26.760000000,0x1A4,89 98 07 00 0F 18 B8 9A
26.760000000,0x316,3C AC F0 6D 68 27 28 56
26.760000000,0x427,18 C6 EB 5E 75 60 8E AE
26.770000000,0x1A4,BB 03 01 80 63 EC D3 57
26.770000000,0x316,EE A2 DB FF C0 81 B2 50
26.770000000,0x427,C8 E5 1C D1 0E 3B 56 3D
26.780000000,0x1A4,0B CA 04 80 A4 4C 78 5C
26.780000000,0x316,03 92 42 AA ED 37 02 66
26.780000000,0x427,73 29 E1 60 8D FB 5D 9C
26.790000000,0x1A4,A6 61 07 00 AE 97 AD F9
26.790000000,0x316,54 BB 24 5B B8 00 82 DF
26.790000000,0x427,B7 9B 8B 54 62 B9 67 CE
26.800000000,0x1A4,42 39 05 00 0F 28 CA 00
26.800000000,0x316,13 A9 F8 74 F9 CE DB DE
26.800000000,0x427,A4 54 C4 B2 97 E9 DC 66
26.810000000,0x1A4,BA 07 00 80 3B 29 DE D5
26.810000000,0x316,A0 09 52 E3 91 3B CF EC
26.810000000,0x427,12 87 8C 23 02 FE 92 06
26.820000000,0x1A4,53 B8 06 80 3F 04 76 1F
26.820000000,0x316,56 21 77 DE 09 53 D7 87
26.820000000,0x427,00 2F 8B 47 94 CB 78 F3
26.830000000,0x1A4,88 01 03 80 DE 5A 5E C0
26.830000000,0x316,72 3B A7 D0 A6 29 A0 3F
26.830000000,0x427,F8 6B 51 5E 3D E7 B0 73
26.840000000,0x1A4,E7 4B 04 80 2C D0 A9 AF
26.840000000,0x316,B1 1A AC A8 C0 B0 AE DE
26.840000000,0x427,72 AB A6 79 7A 67 D1 83
26.850000000,0x1A4,17 AA 02 00 BD BA 04 A9
26.850000000,0x316,08 81 1C 30 A8 11 CD 00
26.850000000,0x427,7B 62 76 FC D3 C4 58 A3
26.860000000,0x1A4,35 CF 01 80 58 D4 22 F1
26.860000000,0x316,41 CD 07 D0 7B 9F 7A 52
26.860000000,0x427,2C E2 41 04 BF 3A 3F A2
26.870000000,0x1A4,5C 6F 06 00 26 67 99 DF
26.870000000,0x316,75 8D B6 0B E2 8B 37 F8
26.870000000,0x427,D7 1B BC CE 2F 3E 5E BC
26.880000000,0x1A4,80 9E 05 00 5C C8 8C AD
26.880000000,0x316,72 0C BE 71 F6 7F CA 3B
26.880000000,0x427,27 D2 54 9B 90 8F 0A 7C
26.890000000,0x1A4,DE 39 01 00 C3 83 3C BD
26.890000000,0x316,08 DA D2 9C DD FC 40 CB
26.890000000,0x427,3A 9D D4 14 0E 6A 2C 59
26.900000000,0x1A4,C3 EB 03 00 A1 DB 67 F0
26.900000000,0x316,4E B3 75 EE 27 AD 04 F1
26.900000000,0x427,50 D3 4B EE 2E 20 E3 79
26.910000000,0x1A4,AE 9B 03 80 AF E7 88 A8
26.910000000,0x316,DB E7 6A DB 11 6A 12 B3
26.910000000,0x427,42 5E BB E7 5F 77 B7 19
26.920000000,0x1A4,4B A0 01 80 F4 16 86 62
26.920000000,0x316,83 9A 3A 4B 20 BE 6F 9B
26.920000000,0x427,21 90 F0 31 49 D4 41 B6
26.930000000,0x1A4,6C 3A 06 00 A9 0F AF DE
26.930000000,0x316,6A 49 22 85 24 DF 50 E0
26.930000000,0x427,10 8E 67 92 41 B6 EC C8
26.940000000,0x1A4,7F 6A 07 80 09 66 77 B7
26.940000000,0x316,98 DD 2F 81 4E 7D 20 08
26.940000000,0x427,9A 85 BB 20 28 04 78 7F
26.950000000,0x1A4,1C 72 04 80 F0 85 4B 16
26.950000000,0x316,8F 29 25 4D AF 28 15 D5
26.950000000,0x427,33 CD 4D AC C2 D3 0D FF
26.960000000,0x1A4,39 A9 02 80 80 6C BA FC
26.960000000,0x316,E3 F5 F1 DF 88 67 80 77
26.960000000,0x427,E0 82 05 2B 4D 08 7B E5
26.970000000,0x1A4,5A D8 07 00 A0 3C 7E F4
26.970000000,0x316,80 1D 9D 1D DF 65 6F 7B
26.970000000,0x427,CD E9 A2 A9 50 36 69 8A
26.980000000,0x1A4,61 BA 03 00 3A 94 4C 3E
26.980000000,0x316,D4 17 2E 36 78 7F A1 2B
26.980000000,0x427,28 28 D5 C0 1E BD B7 F1
26.990000000,0x1A4,05 0E 05 80 81 3C 2D B3
26.990000000,0x316,E5 00 E5 16 9F 0F 00 1B
26.990000000,0x427,9E 2C 55 6F ED EF 4C FE
27.000000000,0x1A4,AB 62 04 80 26 14 7B 07
27.000000000,0x316,D7 2D 05 29 E9 2B D3 ED
27.000000000,0x427,02 CE D0 ED 5C 8E 95 53
27.010000000,0x1A4,30 F9 1B 80 6F 63 2C 62
27.010000000,0x316,BA D0 2C C4 39 88 C5 47
27.010000000,0x427,50 90 6A 38 1D DA 1B B8
27.020000000,0x1A4,B9 F1 3B 00 7D 90 7A AA
27.020000000,0x316,C0 F2 EE 79 13 C2 95 F3
27.020000000,0x427,FC 45 C3 E5 60 86 AC AB
27.030000000,0x1A4,8D 5B 53 00 CD A8 5C AA
27.030000000,0x316,E9 EE C0 22 4B 70 38 EC
27.030000000,0x427,7C D4 D7 88 D2 36 30 A2
27.040000000,0x1A4,25 C2 6C 80 C2 02 F1 7D
27.040000000,0x316,D8 30 27 17 28 8A A8 CB
27.040000000,0x427,D6 CA 18 B1 32 74 32 55
27.050000000,0x1A4,F8 7F 87 80 35 5D 4B 39
27.050000000,0x316,90 21 89 EE 0D E8 72 93
27.050000000,0x427,C8 AF 2E C4 10 45 81 EC
27.060000000,0x1A4,7F 20 A6 80 AC 04 8E 10
27.060000000,0x316,4E 4D DC A4 1E A5 DD 57
27.060000000,0x427,88 BF 83 60 6F B6 00 E9
27.070000000,0x1A4,B6 53 BA 80 80 23 33 BE
27.070000000,0x316,A7 A8 6A BC D6 70 9B B9
27.070000000,0x427,F3 D8 B3 61 26 47 67 A7
27.080000000,0x1A4,44 CF D0 80 50 20 FB C8
27.080000000,0x316,B4 AC D8 8F 51 07 5C F7
27.080000000,0x427,B7 0E 2C DB 1B C2 DC 6F
27.090000000,0x1A4,14 6A F6 80 0C F8 BD 3B
27.090000000,0x316,A9 A0 3A 39 27 FB 53 42
27.090000000,0x427,86 DB 9D 1D A1 6F 7D 4A
27.100000000,0x1A4,0E 38 0A 01 BA 90 83 1C
27.100000000,0x316,68 D7 D1 16 E4 D3 19 57
27.100000000,0x427,0A BB 96 BD 68 73 9A 97
27.110000000,0x1A4,8B 09 25 81 01 04 2B 30
27.110000000,0x316,CB 44 9F BE 5C 6A 27 F1
27.110000000,0x427,30 23 B9 1D C8 93 A5 92
27.120000000,0x1A4,8E 03 3C 01 48 6E 9E 20
27.120000000,0x316,E0 DA 73 DA 8C 2A 39 50
27.120000000,0x427,40 D7 3D F4 69 77 54 61
27.130000000,0x1A4,7E D2 58 81 B0 A6 A6 BC
27.130000000,0x316,70 00 6E 00 90 84 90 4F
27.130000000,0x427,F2 B0 D7 0F 7A 28 0E 97
27.140000000,0x1A4,FE 47 75 81 27 83 9A 30
27.140000000,0x316,A5 C3 DC D8 50 81 5D 63
27.140000000,0x427,B7 6A D7 FA 35 81 77 6C
27.150000000,0x1A4,72 1F 8C 01 5B AA 72 C5
27.150000000,0x316,DB 33 72 5D 1D 26 2A CC
27.150000000,0x427,3C BF E6 AD 21 B8 15 EF
27.160000000,0x1A4,3F B4 AB 81 EC AD 55 20
27.160000000,0x316,30 6D 0E 85 F9 0B EB A9
27.160000000,0x427,06 9D 03 9A 55 18 3D 97
27.170000000,0x1A4,F1 44 C6 01 10 37 49 1B
27.170000000,0x316,40 31 33 65 D4 2D 5A 02
27.170000000,0x427,E7 90 CD 89 D9 65 34 DA
27.180000000,0x1A4,23 10 DA 01 81 8A E0 50
27.180000000,0x316,5A 1C 0B 25 99 12 EF D0
27.180000000,0x427,AB 3B 61 F1 CA A0 FC 4B
27.190000000,0x1A4,BB D4 F3 81 B7 1B 0A 38
27.190000000,0x316,8E 08 F5 7F DC 3A 13 AE
27.190000000,0x427,96 4B AE 74 14 AB BD 25
27.200000000,0x1A4,38 A3 11 82 A4 6E 8C 48
27.200000000,0x316,2C C8 57 25 D5 51 3F BF
27.200000000,0x427,79 6C 54 AA F0 6A 60 D9
27.210000000,0x1A4,D3 74 29 82 37 82 E7 D3
27.210000000,0x316,1C A2 F5 B3 60 C2 CA 08
27.210000000,0x427,58 38 50 99 24 A7 F4 51
27.220000000,0x1A4,3B 82 43 02 13 D8 9B 80
27.220000000,0x316,13 9A 86 FD FD 16 48 B0
27.220000000,0x427,62 56 9B 1F 5F FC 00 46
27.230000000,0x1A4,46 78 61 82 4B DA 00 D9
27.230000000,0x316,A4 A4 DE B4 63 D3 EF 92
27.230000000,0x427,F8 BC 70 7A 40 44 8E A1
27.240000000,0x1A4,F3 D9 7C 82 70 72 38 37
27.240000000,0x316,2D FE B9 7E 5C 6C 9F 4A
27.240000000,0x427,DE 8C 42 B4 2E 43 6C F7
27.250000000,0x1A4,15 FA 97 02 67 57 0E 0F
27.250000000,0x316,83 2C 2C FB 2D EF 69 CF
27.250000000,0x427,13 F6 48 55 59 7E 17 27
27.260000000,0x1A4,58 40 A8 82 3A FF 7D B7
27.260000000,0x316,3E BD EA 35 B6 1C 1B D9
27.260000000,0x427,2B 7B 8F BB B1 FE 36 EF
27.270000000,0x1A4,CC 98 CF 82 08 4D 9E 39
27.270000000,0x316,63 E6 4D B3 EC 82 58 BC
27.270000000,0x427,38 FC 74 0D B4 12 54 EC
27.280000000,0x1A4,CA F1 E4 82 91 79 AA C6
27.280000000,0x316,0C 45 D4 2D F5 DA 55 DB
27.280000000,0x427,C6 1A CD 7C CC 96 36 BA
27.290000000,0x1A4,2C 85 FD 02 0E EF 91 4C
27.290000000,0x316,E7 F3 00 FC 1A A3 A4 D0
27.290000000,0x427,CA A0 C4 A8 60 7F 91 E9
27.300000000,0x1A4,FB 7D 10 83 05 E3 C0 28
27.300000000,0x316,A6 51 B6 FD 72 56 85 05
27.300000000,0x427,9E FC 45 8C C1 D3 6C 64
27.310000000,0x1A4,E1 82 30 03 AA DC 24 6C
27.310000000,0x316,BC C4 8A AD B9 28 32 79
27.310000000,0x427,F8 3C 85 FD 7B A8 2A 59
27.320000000,0x1A4,90 8E 49 83 D9 58 30 64
27.320000000,0x316,19 B6 1C 64 A0 01 63 12
27.320000000,0x427,0F D0 20 87 E2 96 0C BA
27.330000000,0x1A4,16 4D 65 03 2C 03 49 48
27.330000000,0x316,D9 B7 45 B2 85 E8 4D EC
27.330000000,0x427,8B 8F F1 31 99 DB 7B B3
27.340000000,0x1A4,60 58 83 83 BA 62 4A 8C
27.340000000,0x316,89 45 CE 64 77 EF E9 18
27.340000000,0x427,18 B5 82 21 69 8F CB 52
27.350000000,0x1A4,32 89 9C 83 FB 28 91 CA
27.350000000,0x316,5D 06 94 94 91 B3 A8 DD
27.350000000,0x427,51 2F 19 CE 54 06 DB 0D
27.360000000,0x1A4,3C 21 B5 83 DD 55 40 EF
27.360000000,0x316,56 87 A7 B5 5C CB D7 4D
27.360000000,0x427,9E D9 20 75 C4 17 96 A7
27.370000000,0x1A4,76 E1 CF 03 87 96 C0 93
27.370000000,0x316,E0 31 37 23 E4 4A 1F 71
27.370000000,0x427,28 24 2A B2 E1 4C 81 7B
27.380000000,0x1A4,5F 52 EC 03 B4 15 B0 E5
27.380000000,0x316,D4 1C 13 25 54 3F B3 35
27.380000000,0x427,B3 CA D7 37 52 6F EA CD
27.390000000,0x1A4,33 FF 05 84 40 73 16 32
27.390000000,0x316,FC DB 3D BC 91 88 B7 A6
27.390000000,0x427,25 82 56 02 10 D4 BA 5C
27.400000000,0x1A4,F5 59 18 84 79 13 2C DB
27.400000000,0x316,E2 E6 5F 93 E4 40 19 1A
27.400000000,0x427,4B 3C A6 AD 93 7A 16 C9
27.410000000,0x1A4,B1 4C 3D 84 42 1E C2 DB
27.410000000,0x316,B5 78 C9 25 CF F5 65 60
27.410000000,0x427,13 4B 4D F3 54 43 92 FB
27.420000000,0x1A4,92 26 57 04 E0 1F F0 AD
27.420000000,0x316,33 09 77 D7 23 A8 10 2B
27.420000000,0x427,17 60 0D ED E0 BD 6B 0E
27.430000000,0x1A4,87 95 6E 04 11 8B 07 5B
27.430000000,0x316,E5 77 62 F9 EF EB 4F 79
27.430000000,0x427,9C 6B FC 2D 63 A9 EF F1
27.440000000,0x1A4,1E D0 86 04 57 71 0A 1E
27.440000000,0x316,EC 6A F3 FA 4E 8F F3 83
27.440000000,0x427,43 CF 6C A6 AB 01 A7 56
27.450000000,0x1A4,57 90 A0 84 EF EB 0E 6F
27.450000000,0x316,F2 06 40 F8 D6 92 08 26
27.450000000,0x427,D2 45 81 A0 75 10 F9 B8
27.460000000,0x1A4,9F 26 BC 04 C6 62 B8 3E
27.460000000,0x316,11 C1 B3 08 EF D7 69 1E
27.460000000,0x427,7A B3 A8 3D 77 83 8A 65
27.470000000,0x1A4,38 96 D6 04 F3 10 7D 4D
27.470000000,0x316,F3 B9 1F B0 30 A5 9D 98
27.470000000,0x427,91 BD 5D F4 BD 1B 28 2C
27.480000000,0x1A4,A6 B3 F5 84 5C 71 C5 BE
27.480000000,0x316,17 5B 18 60 C9 17 9E C6
27.480000000,0x427,9C 77 19 B1 DB EB BC FD
27.490000000,0x1A4,D5 6E 0A 85 E1 58 B5 AB
27.490000000,0x316,1E B1 94 A8 9C C1 F0 16
27.490000000,0x427,D0 5D 19 C7 03 53 B3 76
27.500000000,0x1A4,6B CF 21 85 D1 3C 75 D1
27.500000000,0x316,0A C7 7A A6 B2 5D D1 61
27.500000000,0x427,E4 8E 74 46 F1 9B E0 A1
27.510000000,0x1A4,9B D1 3F 85 93 45 F3 71
27.510000000,0x316,49 E2 08 5E 44 60 F8 02
27.510000000,0x427,63 58 B8 1E 15 4F DB 1D
27.520000000,0x1A4,AC B2 5F 05 72 C5 3E 1F
27.520000000,0x316,72 6B 3D 7D C9 66 33 A4
27.520000000,0x427,5A F7 35 AB 25 0B 92 E8
27.530000000,0x1A4,B2 E0 76 85 CB 57 95 39
27.530000000,0x316,FF 14 E5 05 64 D5 3B 96
27.530000000,0x427,3C F1 AE 92 18 ED C2 FC
27.540000000,0x1A4,AC EA 8F 85 A6 67 C0 7A
27.540000000,0x316,24 D4 12 46 7F 04 98 B1
27.540000000,0x427,ED DD CF BE 0D A4 34 18
27.550000000,0x1A4,0E 1C AA 85 3C EB C6 97
27.550000000,0x316,AD 58 5C 2E D7 31 4B 62
27.550000000,0x427,F5 F8 F3 7B 63 FF FC FF
27.560000000,0x1A4,25 49 C4 85 2D 92 E6 B3
27.560000000,0x316,76 1C 04 6F 43 8A 61 4C
27.560000000,0x427,C8 C8 48 92 D0 7E 0F 20
27.570000000,0x1A4,71 FB DC 05 CF 34 42 53
27.570000000,0x316,BC 6C 41 10 40 82 B9 B6
27.570000000,0x427,C4 64 AC E8 94 D3 B9 DC
27.580000000,0x1A4,B6 DA F3 85 49 53 9A 89
27.580000000,0x316,E5 F0 54 2F 9E BD C3 67
27.580000000,0x427,E6 1C 18 D0 72 D2 63 B3
27.590000000,0x1A4,61 19 16 06 B9 D9 CF 64
27.590000000,0x316,79 F5 59 8E B7 3E 45 D1
27.590000000,0x427,51 9C 52 89 C6 C9 91 C8
27.600000000,0x1A4,04 18 2C 86 29 D3 B3 87
27.600000000,0x316,6B 7B 12 7D 5C D3 5D 10
27.600000000,0x427,00 B4 D6 84 B5 10 4F D6
27.610000000,0x1A4,8A 4F 40 86 CC B5 FA 89
27.610000000,0x316,29 43 B8 B6 98 AF 9E D1
27.610000000,0x427,52 E0 41 CA C6 DA D5 A6
27.620000000,0x1A4,71 51 5C 06 1A EA E5 C0
27.620000000,0x316,9E D5 C3 C0 6A 58 1C 35
27.620000000,0x427,7E DF 36 F7 C4 DA 98 A8
27.630000000,0x1A4,B1 43 79 86 D2 14 09 1E
27.630000000,0x316,C1 01 40 2E F8 41 AC DC
27.630000000,0x427,DE C9 5E 99 31 AB F9 B1
27.640000000,0x1A4,55 63 90 06 F4 E9 5C 01
27.640000000,0x316,F0 3E 02 8E 84 DA 7D 72
27.640000000,0x427,1C 6B EE CC 5A B5 75 50
27.650000000,0x1A4,B0 E5 AF 06 50 49 05 0A
27.650000000,0x316,B7 15 FA 20 B3 82 38 93
27.650000000,0x427,9A 7B CB 34 AB 72 13 A7
27.660000000,0x1A4,70 13 CD 06 A0 6E 7B 16
27.660000000,0x316,6D C0 FF 8F 0D 0E BB 41
27.660000000,0x427,4E A2 F8 D9 D8 1C C9 C0
27.670000000,0x1A4,3F 1B E6 06 B4 05 A9 15
27.670000000,0x316,04 97 DC FA 03 76 ED 1F
27.670000000,0x427,8F EF 92 81 45 9A 6F 4C
27.680000000,0x1A4,9B 3E FA 06 F4 DF 5D F7
27.680000000,0x316,FE 93 5F 8B FF 2F EE 2B
27.680000000,0x427,74 17 4D 6C BB 6D 23 FA
27.690000000,0x1A4,6A 7E 12 87 FF 21 7D A8
27.690000000,0x316,9D 9B 05 00 FA 04 93 3F
27.690000000,0x427,DD 1E F4 4C 4A 8D D1 0B
27.700000000,0x1A4,FB 1E 33 87 23 98 1F F2
27.700000000,0x316,89 38 FA 84 EB 24 95 E7
27.700000000,0x427,5C B3 65 C8 F3 0D 1C 4B
27.710000000,0x1A4,1F 8D 4E 87 4A EF BA 88
27.710000000,0x316,CE 4B E6 71 44 8A CD 23
27.710000000,0x427,A3 F4 BA 93 2B A9 8D 7D
27.720000000,0x1A4,E5 2B 62 87 A3 93 1C 50
27.720000000,0x316,BF 74 CD 85 A3 15 29 E9
27.720000000,0x427,6B C6 6B FC 55 19 2E FF
27.730000000,0x1A4,1D 59 84 07 C0 18 2E 9B
27.730000000,0x316,D7 18 C8 89 8E 0C B6 82
27.730000000,0x427,AE 0A B8 35 7E 33 1C B0
27.740000000,0x1A4,81 A9 98 07 75 44 A1 A9
27.740000000,0x316,E5 01 DC D1 1C CA 73 0B
27.740000000,0x427,F1 9B B2 3C 69 65 67 09
27.750000000,0x1A4,56 98 B5 07 64 4F 44 24
27.750000000,0x316,7B BE B9 4C DA 65 28 DB
27.750000000,0x427,9B 18 27 D5 F3 31 18 37
27.760000000,0x1A4,52 AB C9 87 AD 74 5B 22
27.760000000,0x316,79 22 26 9A 38 80 54 8D
27.760000000,0x427,38 65 4E 37 9A 19 7F 97
27.770000000,0x1A4,C7 B1 EB 07 F7 67 03 47
27.770000000,0x316,FE DB E4 20 1C 96 A6 BA
27.770000000,0x427,55 E3 4F 9F 0A 2D 09 6C
27.780000000,0x1A4,17 3C 01 08 F0 E0 C2 8C
27.780000000,0x316,BC 8A 45 41 63 8F BB 42
27.780000000,0x427,56 7C BC 61 DB 41 57 A6
27.790000000,0x1A4,E0 41 1E 88 70 4C CF 29
27.790000000,0x316,82 4A 6A 66 3E DB C0 74
27.790000000,0x427,90 23 50 15 3D 83 DA F1
27.800000000,0x1A4,81 E6 31 08 4B C9 30 AD
27.800000000,0x316,67 4D E3 6C 29 E7 B0 F0
27.800000000,0x427,63 C2 CB B1 A0 A2 AB 24
27.810000000,0x1A4,97 06 51 88 3B CE 29 34
27.810000000,0x316,87 17 10 12 AE 61 2B A1
27.810000000,0x427,11 95 90 BB A8 60 F7 44
27.820000000,0x1A4,72 DD 6F 88 5C 24 14 A2
27.820000000,0x316,5C AD 61 B2 EC 27 44 A5
27.820000000,0x427,D2 07 50 31 9A DD E5 B6
27.830000000,0x1A4,16 B7 84 08 37 DA 4A 90
27.830000000,0x316,E9 FE 45 A8 C4 53 D4 A5
27.830000000,0x427,75 D3 0C D2 AA E8 EC 82
27.840000000,0x1A4,C8 A7 A5 88 14 BA FE 29
27.840000000,0x316,87 92 70 6B 87 44 52 D2
27.840000000,0x427,9E 36 4B 27 AA FD FC 50
27.850000000,0x1A4,0E 23 B9 88 6C 37 AC C9
27.850000000,0x316,06 30 02 6F 37 56 02 61
27.850000000,0x427,4C 07 A2 06 38 DD C9 F6
27.860000000,0x1A4,3D 01 D6 88 2A 02 5C 3F
27.860000000,0x316,E6 A6 D8 13 62 ED 26 45
27.860000000,0x427,21 2D E7 1F DD 6D 0E 88
27.870000000,0x1A4,22 50 E8 08 90 43 19 AF
27.870000000,0x316,9F E5 61 8C 28 D1 22 68
27.870000000,0x427,76 B6 E2 10 1F C6 50 54
27.880000000,0x1A4,17 AC 0A 89 A1 02 C7 16
27.880000000,0x316,C2 BC E1 5C 4C 4E C4 E8
27.880000000,0x427,96 64 61 55 6E A8 2F C7
27.890000000,0x1A4,A4 E8 23 09 D1 DB 75 25
27.890000000,0x316,25 4E 6D DE EA 1B 50 CC
27.890000000,0x427,1A C4 CB 39 51 B7 0D 46
27.900000000,0x1A4,5D 67 3E 09 90 0B 13 19
27.900000000,0x316,54 4B 8D 60 EF 8A BF FA
27.900000000,0x427,19 8A 01 F8 7D C6 E3 38
27.910000000,0x1A4,BC 0C 56 09 A0 0A A8 F3
27.910000000,0x316,65 75 E1 1A FA 3A 61 C8
27.910000000,0x427,C0 78 F6 EC CD EC 9D 1F
27.920000000,0x1A4,3F BB 74 09 16 1C C7 86
27.920000000,0x316,4E AA 73 BA AF 8C 21 E0
27.920000000,0x427,1E 08 7A 4E 9F 5E BD 96
27.930000000,0x1A4,1B 8D 8B 89 06 53 8A CE
27.930000000,0x316,1F A5 57 7D 9A 58 75 18
27.930000000,0x427,24 EE 69 87 20 86 51 59
27.940000000,0x1A4,DC 0D A1 89 80 F3 78 92
27.940000000,0x316,0A BF 8A DD FE EF 30 48
27.940000000,0x427,34 DF 31 8D FE CA 63 45
27.950000000,0x1A4,30 F4 C2 89 3B 66 5C 19
27.950000000,0x316,A5 A0 85 E5 61 52 47 0C
27.950000000,0x427,4E 1A B6 2B 12 36 68 51
27.960000000,0x1A4,D6 7F DE 89 48 BE 7A C0
27.960000000,0x316,3D 6C BA 63 57 8D 40 2E
27.960000000,0x427,11 40 5D 58 1F 96 5B CE
27.970000000,0x1A4,33 A6 F5 89 56 14 85 AD
27.970000000,0x316,C4 DD CE F7 7B 59 EB C9
27.970000000,0x427,11 52 1C 88 2D 5B 3A 8D
27.980000000,0x1A4,68 D1 08 8A 3C 23 CC E1
27.980000000,0x316,41 5A 81 D9 2A 27 14 67
27.980000000,0x427,90 9E 13 7A F6 A2 A1 97
27.990000000,0x1A4,60 92 28 0A F0 D2 51 42
27.990000000,0x316,11 6D 6E 02 69 D7 C8 AF
27.990000000,0x427,ED 05 79 83 BF C2 95 B6
28.000000000,0x1A4,CE 46 46 0A 74 0B 56 A8
28.000000000,0x316,46 AD 59 20 C2 07 86 24
28.000000000,0x427,95 14 F9 60 BB A9 4B 91
28.010000000,0x1A4,17 A4 5C 8A B7 5A 72 44
28.010000000,0x316,33 89 88 0D DC FD 1E EB
28.010000000,0x427,C7 13 B5 B9 35 2F A2 A3
28.020000000,0x1A4,69 D2 70 8A 2F 32 C2 5E
28.020000000,0x316,DD E0 1E B5 E3 15 0C C7
28.020000000,0x427,86 C7 C5 3F 5F 83 9F AD
28.030000000,0x1A4,80 F5 93 8A AA 05 12 6B
28.030000000,0x316,29 FA EF B4 81 80 31 75
28.030000000,0x427,2E F0 DF 2E CD AE 5F 70
28.040000000,0x1A4,DC A2 AA 8A 37 D6 9F 5A
28.040000000,0x316,3E 75 68 CC BC 7B FA 77
28.040000000,0x427,9B 18 92 80 6A 03 6D 49
28.050000000,0x1A4,8B 55 C4 0A DC A9 DE F3
28.050000000,0x316,35 03 82 6D 1F B1 45 85
28.050000000,0x427,9E BE 11 F1 CF 70 ED B7
28.060000000,0x1A4,FA 9F E2 8A AB F0 7E EC
28.060000000,0x316,E7 D3 63 D0 CC 48 90 3A
28.060000000,0x427,77 C3 20 4E CC FD B8 A2
28.070000000,0x1A4,EC BD F8 8A 60 D9 41 16
28.070000000,0x316,5F 63 8C F2 0B D5 3F 4E
28.070000000,0x427,5C 5A 11 68 49 A0 44 C5
28.080000000,0x1A4,B1 86 17 0B 2E 04 62 D8
28.080000000,0x316,2B 74 13 17 DA 2B 7A A2
28.080000000,0x427,1D 77 58 14 82 2A A2 13
28.090000000,0x1A4,A0 33 2E 8B 3B 0C 73 3D
28.090000000,0x316,E7 CC E2 F1 5B 5F F8 17
28.090000000,0x427,88 DA 44 2A 86 F4 47 93
28.100000000,0x1A4,8F 85 4A 0B D9 5E A7 15
28.100000000,0x316,00 15 50 BE A7 85 2D 49
28.100000000,0x427,3E 6A DD 8D 8D 8B F9 ED
28.110000000,0x1A4,CE 73 63 0B C9 D2 EF CE
28.110000000,0x316,8E 98 D5 DF E0 E2 BC 02
28.110000000,0x427,52 88 50 F6 02 20 CA F2
28.120000000,0x1A4,C1 30 7A 0B E7 09 52 AD
28.120000000,0x316,C4 01 39 82 07 7B B4 EE
28.120000000,0x427,4A 89 15 BB 70 F8 EC 22
28.130000000,0x1A4,76 BB 92 0B 73 29 70 7F
28.130000000,0x316,FC CA D7 83 72 25 64 AF
28.130000000,0x427,F4 F0 79 FF 44 12 41 AD
28.140000000,0x1A4,E9 3E B1 8B 8C FA 4B 88
28.140000000,0x316,56 64 A8 B2 AF C9 EB 1F
28.140000000,0x427,38 FA CC 67 AF F7 8E 03
28.150000000,0x1A4,83 F5 CC 8B 13 E6 AF 30
28.150000000,0x316,FD D9 2F E9 1C 76 D6 D4
28.150000000,0x427,0C 6F F4 BE 28 C6 DD 01
28.160000000,0x1A4,CA 31 E3 8B E1 6A CB 6C
28.160000000,0x316,FB 0C DD B3 EC 82 C9 88
28.160000000,0x427,2A 3D EA BF A0 E4 55 58
28.170000000,0x1A4,67 9C 05 0C 4C 54 85 FE
28.170000000,0x316,FF FF 2D BD D7 B4 42 A9
28.170000000,0x427,45 1C 6C F3 B1 32 A3 EB
28.180000000,0x1A4,76 F1 1F 8C E4 77 C9 FF
28.180000000,0x316,51 6E 5D E1 A0 AD E7 F1
28.180000000,0x427,52 4F 32 87 16 BE 1F AF
28.190000000,0x1A4,C6 1C 34 8C 7C D7 D7 0A
28.190000000,0x316,39 D5 7C 9B 21 DC DA 72
28.190000000,0x427,92 21 F3 F6 63 EF 24 2B
28.200000000,0x1A4,07 7C 4D 8C B5 A0 20 EE
28.200000000,0x316,84 33 C6 E1 25 87 82 C3
28.200000000,0x427,EF 2B 05 86 BA 58 5F E7
28.210000000,0x1A4,23 18 6E 0C 87 9F C0 2C
28.210000000,0x316,5E 38 3B 13 C1 0C F7 5D
28.210000000,0x427,03 81 E3 D6 52 2E 21 22
28.220000000,0x1A4,97 D3 80 8C 4B 50 71 5A
28.220000000,0x316,37 F7 D5 F3 7E 36 08 0D
28.220000000,0x427,C2 86 37 6C 6B 9A D9 7E
28.230000000,0x1A4,DE 5A 9C 0C 56 D6 A4 2B
28.230000000,0x316,38 85 8F 5F EA 1E 40 F8
28.230000000,0x427,01 DF FC 1C 57 74 84 56
28.240000000,0x1A4,48 DD B6 8C 99 15 D7 AD
28.240000000,0x316,13 9D F0 3F 95 05 EC D4
28.240000000,0x427,43 BE 03 8A 56 86 CC D9
28.250000000,0x1A4,BD B3 D3 8C 51 2F 99 DB
28.250000000,0x316,4B 6D 2C 1E D8 AE 41 4A
28.250000000,0x427,C2 ED 96 4C 3B 0F AE 7B
28.260000000,0x1A4,83 C4 ED 0C 32 B5 C6 43
28.260000000,0x316,68 7D 8B 36 61 6D 92 00
28.260000000,0x427,F8 40 EF BC B1 C7 94 A1
28.270000000,0x1A4,2E A0 07 8D 86 60 C4 64
28.270000000,0x316,F8 AA AB 37 00 6C 4D EC
28.270000000,0x427,81 AB 08 4E 77 16 DA ED
28.280000000,0x1A4,33 64 18 8D 14 DE 89 F5
28.280000000,0x316,92 EB 99 A4 80 B5 F9 83
28.280000000,0x427,A7 DE 62 D3 64 08 B7 E4
28.290000000,0x1A4,15 E2 39 0D 24 51 77 EF
28.290000000,0x316,FB E6 8A 76 03 7B 7A E4
28.290000000,0x427,24 C7 24 9E 19 95 2D D9
28.300000000,0x1A4,E3 07 57 0D 17 1B B8 0E
28.300000000,0x316,1B 0B 12 5B 4D 14 82 01
28.300000000,0x427,EA 63 93 9D 7C C0 D9 75
28.310000000,0x1A4,9C F8 6B 0D 43 B5 60 4C
28.310000000,0x316,15 B7 98 5A 9E 1A 6F 1B
28.310000000,0x427,B0 CC 51 01 7D 5C 87 59
28.320000000,0x1A4,3B E7 8B 8D 61 68 F1 B8
28.320000000,0x316,08 08 A8 2F 30 EF ED 66
28.320000000,0x427,76 A1 C2 5A D7 E4 44 02
28.330000000,0x1A4,CC 45 A1 0D AC 28 49 6E
28.330000000,0x316,1D BC F6 7D BA 45 92 32
28.330000000,0x427,A6 C4 B1 15 4A DF 72 87
28.340000000,0x1A4,2F 62 BA 8D BE BF 04 E6
28.340000000,0x316,11 95 59 27 48 E2 24 69
28.340000000,0x427,C0 26 B4 1F CE 84 C1 E9
28.350000000,0x1A4,17 0B D7 0D 29 E2 C4 01
28.350000000,0x316,CE 64 D7 27 A4 84 FA C4
28.350000000,0x427,3D 21 19 A8 DA D4 08 40
28.360000000,0x1A4,9D 60 F1 0D 78 B5 7F 78
28.360000000,0x316,77 3C 36 65 C3 BE D2 5F
28.360000000,0x427,49 F0 9D 4C 15 97 4F 5D
28.370000000,0x1A4,5B C9 0F 0E 37 C9 66 E4
28.370000000,0x316,78 7B A3 2E 15 4E 53 89
28.370000000,0x427,89 56 C1 CF 54 C0 FC 44
28.380000000,0x1A4,41 6F 23 0E 95 4D 47 FD
28.380000000,0x316,5D 42 46 70 5E F1 01 A8
28.380000000,0x427,7C 21 E0 D6 53 AE 79 70
28.390000000,0x1A4,1F F9 3D 0E 1E CF CE 23
28.390000000,0x316,05 8F 8E 5A 98 5C 41 BF
28.390000000,0x427,43 03 18 6F 4E C7 7C 01
28.400000000,0x1A4,6D F0 5E 0E C9 0D 32 E2
28.400000000,0x316,8B 02 DA DE B6 67 8F B5
28.400000000,0x427,DB 93 CE 32 6F 95 54 1C
28.410000000,0x1A4,B4 77 77 0E FF 30 EF 48
28.410000000,0x316,CF 3C 4E 0A C6 DF 38 22
28.410000000,0x427,93 F7 00 65 86 4F CA 6B
28.420000000,0x1A4,60 CD 89 8E 97 68 CA 54
28.420000000,0x316,F7 CA A7 E6 D0 5D 17 08
28.420000000,0x427,67 3D 0A 29 2D 66 8C AA
28.430000000,0x1A4,7C 22 A1 0E 5E C2 C8 F2
28.430000000,0x316,7C 13 B3 7A E9 D2 AE F5
28.430000000,0x427,B8 5B 4D AA 32 37 A1 FB
28.440000000,0x1A4,A6 71 C3 0E 3F 2C 69 1E
28.440000000,0x316,2A E7 CC 6B A2 8C 33 7D
28.440000000,0x427,BC E7 D4 8C 83 84 DD 7E
28.450000000,0x1A4,50 02 D9 8E 37 48 86 AE
28.450000000,0x316,11 BD DD B6 9F 83 9F 20
28.450000000,0x427,0A D7 2B 53 80 6D 47 C0
28.460000000,0x1A4,93 3D F7 8E A0 32 C4 C7
28.460000000,0x316,99 73 BB E1 7F 46 5E 66
28.460000000,0x427,C9 CD 79 80 79 C7 DA B9
28.470000000,0x1A4,94 82 0E 8F 7A B6 EC BD
28.470000000,0x316,8F F8 D2 D7 36 19 5D D3
28.470000000,0x427,70 93 8B 63 A8 96 A4 21
28.480000000,0x1A4,9F 72 2F 0F BF 6C 2A F5
28.480000000,0x316,1B FF 9D 1B 9E 3C EF CA
28.480000000,0x427,28 3B 6A 05 89 A2 49 20
28.490000000,0x1A4,90 99 41 0F C5 48 18 58
28.490000000,0x316,AC 0F 00 80 60 7F 7E 03
28.490000000,0x427,00 57 73 C4 8C 4E 37 AF
28.500000000,0x1A4,6C 96 5B 0F 89 7B 52 0D
28.500000000,0x316,B9 BE A5 AD D2 1D 70 D4
28.500000000,0x427,64 8D 96 57 45 87 FE 6D
28.510000000,0x1A4,04 E0 77 8F 8C AE DA 98
28.510000000,0x316,9B 50 C8 BC 6A 2E 0E 02
28.510000000,0x427,43 27 30 6F F4 ED ED 7A
28.520000000,0x1A4,2E 7C 92 0F 72 CA 3F 48
28.520000000,0x316,FB DB 65 7C EF 3F 26 15
28.520000000,0x427,ED 55 CA C2 58 CB CF 6D
28.530000000,0x1A4,E5 5D AC 0F 6D E5 1B 9E
28.530000000,0x316,B2 F5 09 27 DF 08 B0 BA
28.530000000,0x427,39 9D E0 82 9A 12 D6 2F
28.540000000,0x1A4,2B 0E C5 0F F1 B6 F8 47
28.540000000,0x316,AF 42 48 C4 39 F3 71 1D
28.540000000,0x427,36 09 3A DD F9 BF 76 43
28.550000000,0x1A4,7B A1 E7 8F 4D D6 71 B3
28.550000000,0x316,AE 9D 52 3F D4 A1 94 AA
28.550000000,0x427,65 75 13 D2 02 5C DD 6D
28.560000000,0x1A4,BA 28 FB 0F 45 0A 51 79
28.560000000,0x316,04 9F DA B4 C4 22 60 C8
28.560000000,0x427,8E 0B 59 CF F5 75 62 1A
28.570000000,0x1A4,41 3C 16 90 1A 36 FF BA
28.570000000,0x316,0D F5 98 80 39 14 71 9C
28.570000000,0x427,6F 5A 62 2E 7B 9C 4C 30
28.580000000,0x1A4,B3 DD 2F 90 DA E2 D8 DA
28.580000000,0x316,5F A2 58 97 C8 1B 00 A1
28.580000000,0x427,F6 18 6D A2 E5 E9 12 26
28.590000000,0x1A4,3F EC 48 10 71 8B D6 1E
28.590000000,0x316,60 23 DE 21 51 7E BA 66
28.590000000,0x427,E0 61 D2 09 C3 CB 1B 46
28.600000000,0x1A4,96 C6 62 90 95 89 32 31
28.600000000,0x316,6E 63 D9 ED 39 F6 6D 25
28.600000000,0x427,3C 31 22 6D 2A 74 85 04
28.610000000,0x1A4,04 CE 78 90 02 D6 1B 33
28.610000000,0x316,5C 8B 47 17 91 0C 46 DD
28.610000000,0x427,20 69 0B 0D 80 CA 5E 61
28.620000000,0x1A4,E3 A0 94 10 EE 82 64 86
28.620000000,0x316,CC 3D 73 4E 7C 9C 3D B3
28.620000000,0x427,31 9A 20 A2 D3 6D E9 FA
28.630000000,0x1A4,BD D7 B6 10 0F 43 C6 38
28.630000000,0x316,71 C0 0F 56 A8 4E 13 6D
28.630000000,0x427,0A 8A AC 7A 98 9D B4 0F
28.640000000,0x1A4,40 6D CE 90 01 A5 54 6D
28.640000000,0x316,15 DF D4 A4 57 4B 39 0D
28.640000000,0x427,F7 F2 E5 4D B1 8F 2C 1C
28.650000000,0x1A4,D5 4F E5 10 9C 53 13 5D
28.650000000,0x316,91 83 D2 47 B8 5D 68 F1
28.650000000,0x427,0F BE DC 59 41 79 2A B6
28.660000000,0x1A4,2F E9 FE 10 2D 56 39 3F
28.660000000,0x316,99 17 E1 51 AF AE 25 E5
28.660000000,0x427,FA A7 2C 0C 51 46 87 2E
28.670000000,0x1A4,CC B5 1F 11 70 1F 23 00
28.670000000,0x316,E2 6E 58 0D 6D FD 11 A9
28.670000000,0x427,9F 3E A8 BE 28 F9 56 52
28.680000000,0x1A4,39 29 34 11 6C 88 0A 49
28.680000000,0x316,D6 CD D8 78 FA 85 B8 47
28.680000000,0x427,4D 46 92 E8 BC 03 45 9B
28.690000000,0x1A4,C8 84 4B 11 A4 F4 4F 6E
28.690000000,0x316,A6 AC 51 2F 95 4F 94 40
28.690000000,0x427,DA A2 C5 F2 2B F1 C4 7D
28.700000000,0x1A4,06 A9 63 11 CF 83 93 55
28.700000000,0x316,00 52 EA 4D B4 23 8D 1C
28.700000000,0x427,C9 99 CD 18 61 25 40 AB
28.710000000,0x1A4,47 53 87 11 CC 90 D6 AE
28.710000000,0x316,B2 AE 40 8D F9 1A 3D C5
28.710000000,0x427,93 58 AA DC F5 DE 5B 21
28.720000000,0x1A4,DC 4A 9A 11 00 3B 4E 5C
28.720000000,0x316,BB 51 C5 BD 40 78 5E CF
28.720000000,0x427,8E B9 83 5C E9 CA 30 BE
28.730000000,0x1A4,36 FB B7 91 45 E0 C2 96
28.730000000,0x316,04 81 63 87 31 86 CE 9A
28.730000000,0x427,06 AC 20 5F E9 18 FE 3C
28.740000000,0x1A4,E1 AC CE 91 88 75 A4 46
28.740000000,0x316,08 BE C4 35 E9 77 96 95
28.740000000,0x427,01 0F 51 62 3F C8 54 16
28.750000000,0x1A4,12 22 EF 91 4C C5 3A 1B
28.750000000,0x316,CA 7D 67 21 1C C1 2A A1
28.750000000,0x427,C9 35 1A BE F4 DD 11 9A
28.760000000,0x1A4,EC 8A 07 12 0A 87 81 0A
28.760000000,0x316,29 E4 28 96 8C 7C E4 F7
28.760000000,0x427,AA 6B 84 E9 1A 89 50 E2
28.770000000,0x1A4,C8 D1 1B 92 E4 B9 41 D1
28.770000000,0x316,A9 41 C0 30 74 B2 63 31
28.770000000,0x427,F4 99 64 B4 3C F8 1D 72
28.780000000,0x1A4,30 9C 35 92 24 4D 40 19
28.780000000,0x316,36 4F 2B 13 00 FC 1A F1
28.780000000,0x427,50 9A EC 8B AE 76 77 9E
28.790000000,0x1A4,4C 29 50 12 FD 8E 2D 4D
28.790000000,0x316,AC 94 B0 B9 E3 12 65 79
28.790000000,0x427,78 59 59 FD 42 1C D0 C2
28.800000000,0x1A4,DC 36 6E 12 4A 3A 97 88
28.800000000,0x316,02 59 84 B8 45 12 57 27
28.800000000,0x427,68 34 37 0B 30 98 B9 20
28.810000000,0x1A4,3A B1 83 12 79 FA 0F 6B
28.810000000,0x316,EA 48 ED 8C 62 9F 2B B6
28.810000000,0x427,F7 82 A5 40 C8 05 3F E4
28.820000000,0x1A4,67 02 98 92 76 19 65 C2
28.820000000,0x316,9F EE 7A DA BA 39 99 D8
28.820000000,0x427,9A 04 25 E8 AF D6 72 8F
28.830000000,0x1A4,3F DE B9 92 59 3E EB 58
28.830000000,0x316,30 05 19 E5 CE F6 B2 5D
28.830000000,0x427,0E BB CF 72 15 CF 3E A1
28.840000000,0x1A4,33 AB D2 92 9B D2 0F 1E
28.840000000,0x316,61 69 2D E9 3F F0 A5 6F
28.840000000,0x427,1F 58 55 11 C4 21 9A 7B
28.850000000,0x1A4,40 DB EB 12 F6 50 15 86
28.850000000,0x316,89 CB 6B EE 95 62 D3 F3
28.850000000,0x427,3D 96 FD 80 6E 73 77 CA
28.860000000,0x1A4,F6 97 01 13 B1 42 BC 2A
28.860000000,0x316,63 22 62 99 F3 9A 2E 46
28.860000000,0x427,DC 56 5B B2 65 39 AD F7
28.870000000,0x1A4,98 D5 21 13 59 EB 26 4A
28.870000000,0x316,4F 4C A2 0B 05 80 AF F4
28.870000000,0x427,7C D4 F0 90 D5 27 90 0F
28.880000000,0x1A4,FF 2A 3D 93 49 0E F4 F8
28.880000000,0x316,60 18 9D B1 0B 5A B0 30
28.880000000,0x427,D7 82 9F BD 9D 44 85 D0
28.890000000,0x1A4,C0 27 52 13 64 04 BA 7E
28.890000000,0x316,C0 1F 48 AF A7 F1 4F 88
28.890000000,0x427,38 14 C9 DE F3 ED 73 83
28.900000000,0x1A4,EE BD 6E 93 6F 40 32 13
28.900000000,0x316,E4 66 5F 2A 7E 0D 10 70
28.900000000,0x427,4F B2 2F C0 32 11 60 82
28.910000000,0x1A4,9C AE 8F 13 45 E8 FF 8F
28.910000000,0x316,4B EF 84 C7 96 38 E7 63
28.910000000,0x427,8D 09 9E 66 FE A9 72 9B
28.920000000,0x1A4,AE A4 A0 13 B7 02 F9 34
28.920000000,0x316,DC F8 1E 2F 25 F7 EB 00
28.920000000,0x427,C2 F5 F5 28 E6 E7 67 92
28.930000000,0x1A4,27 3F BA 13 89 B3 94 97
28.930000000,0x316,50 5B 5C B2 44 BC 44 02
28.930000000,0x427,91 4D 10 E1 D1 84 BA ED
28.940000000,0x1A4,62 D5 D7 93 D1 93 46 83
28.940000000,0x316,D9 C7 97 74 63 33 FA 80
28.940000000,0x427,0D 5E 2F B5 49 E0 77 B8
28.950000000,0x1A4,9A 32 EB 93 5C FC 42 42
28.950000000,0x316,F6 49 AC 4D 8E CE 3B DA
28.950000000,0x427,2D F6 67 38 88 7D DE 4B
28.960000000,0x1A4,2B 2E 08 94 4F 60 BD 44
28.960000000,0x316,4D C3 59 8D 7B 8F 7D 1E
28.960000000,0x427,43 CE CD 2B C0 70 53 39
28.970000000,0x1A4,34 42 25 14 97 C4 97 88
28.970000000,0x316,42 C6 FB 3C 0F 3E B6 4A
28.970000000,0x427,B6 D8 01 0A D6 D4 BD A3
28.980000000,0x1A4,E4 77 3C 14 2F ED 29 F1
28.980000000,0x316,97 C5 33 E2 C7 0C 1B 47
28.980000000,0x427,49 1F 60 ED D3 69 0A 22
28.990000000,0x1A4,F5 37 53 14 8A 04 96 DF
28.990000000,0x316,A8 28 66 CA BF 69 30 0D
28.990000000,0x427,A7 2F 75 A4 A8 D4 E2 FA
29.000000000,0x1A4,33 FE 76 14 AD 3F 52 FD
29.000000000,0x316,EB 03 CB D2 03 C0 C0 35
29.000000000,0x427,92 36 DB 88 3C 4A BE 1D
29.010000000,0x1A4,73 BF 8B 14 AA A1 0D A6
29.010000000,0x316,59 43 F3 58 57 81 F7 A1
29.010000000,0x427,3E BC EB 9A EA 51 E3 F8
29.020000000,0x1A4,E5 00 A6 14 B5 7C 16 53
29.020000000,0x316,B4 9E 4F 15 16 18 49 F2
29.020000000,0x427,93 23 99 B4 91 EE 4C E2
29.030000000,0x1A4,84 4A BD 94 8F 01 98 43
29.030000000,0x316,59 35 DA B8 AC 5E 34 22
29.030000000,0x427,AD 28 89 68 07 55 F9 E5
29.040000000,0x1A4,31 16 DA 94 DF 42 7E 4B
29.040000000,0x316,D8 49 1B 53 6A 15 3A FC
29.040000000,0x427,EE D0 A8 0E 5D 9B 3E A0
29.050000000,0x1A4,55 46 F0 94 76 1C AA 02
29.050000000,0x316,96 31 ED D2 A0 F1 00 5B
29.050000000,0x427,1B B5 22 38 FA 84 00 BB
29.060000000,0x1A4,AE 25 09 95 4B C0 99 47
29.060000000,0x316,4B 85 3E 2D B9 60 88 41
29.060000000,0x427,16 16 BB F8 49 E2 00 04
29.070000000,0x1A4,2D 4E 22 95 23 F7 45 A8
29.070000000,0x316,FB 2B 90 FA 6A 10 34 DE
29.070000000,0x427,7A 32 37 C7 72 69 63 F0
29.080000000,0x1A4,59 B6 47 95 75 9B 50 95
29.080000000,0x316,B0 D4 3F 1B 13 75 FC B8
29.080000000,0x427,D3 C4 EA BE 84 54 28 B0
29.090000000,0x1A4,5E 81 59 15 0D 88 16 F2
29.090000000,0x316,80 0E 61 A7 65 5F E1 41
29.090000000,0x427,97 02 BA DE FA 95 50 A0
29.100000000,0x1A4,18 D9 71 95 11 23 B6 9A
29.100000000,0x316,E2 53 06 8D 20 D6 C6 34
29.100000000,0x427,13 E3 1C D1 66 07 33 71
29.110000000,0x1A4,DA CC 8B 15 E2 E6 02 53
29.110000000,0x316,BA A6 CF 44 EF 02 34 34
29.110000000,0x427,2A EB E7 94 A2 9D 3A A1
29.120000000,0x1A4,42 96 AF 95 A3 64 B4 DB
29.120000000,0x316,48 E7 BD C0 1F 17 3D 65
29.120000000,0x427,A0 1E D8 27 5B B8 30 72
29.130000000,0x1A4,25 35 C2 15 E0 F3 D4 BA
29.130000000,0x316,3F E3 ED B9 C6 4D 14 6F
29.130000000,0x427,0C 31 5F 5E B9 3A F9 25
29.140000000,0x1A4,CF 7D DC 95 08 32 A0 7A
29.140000000,0x316,35 23 FC 17 DB 4F F7 7E
29.140000000,0x427,E3 AB 77 2E 25 97 9A 75
29.150000000,0x1A4,13 FF F5 15 9F 07 CB D0
29.150000000,0x316,B2 1C C3 DC CB 94 15 2D
29.150000000,0x427,BC 1F 59 30 06 1B D5 91
29.160000000,0x1A4,C0 9C 0A 16 86 B7 7F F1
29.160000000,0x316,75 33 BF BA 27 21 2F 2E
29.160000000,0x427,AE C5 C6 A5 51 0D 34 48
29.170000000,0x1A4,30 5B 2B 16 14 A9 66 4F
29.170000000,0x316,42 09 B5 29 9C F1 9F E2
29.170000000,0x427,23 FE 7F 2D BF A0 47 D1
29.180000000,0x1A4,D3 1D 42 16 A0 45 F7 AF
29.180000000,0x316,55 3A 9A 9B CC CE 16 30
29.180000000,0x427,C9 BE C7 11 A8 E1 BD 24
29.190000000,0x1A4,73 C8 59 16 89 39 28 6D
29.190000000,0x316,8E F4 C8 3E 90 76 7C 74
29.190000000,0x427,07 D0 BC E8 B3 80 26 A5
29.200000000,0x1A4,95 2E 73 96 8C 85 0A 67
29.200000000,0x316,19 EC A8 19 A0 2D 6C B9
29.200000000,0x427,96 F5 DA 86 B4 85 25 23
29.210000000,0x1A4,1F 3F 95 96 62 1C 1D C0
29.210000000,0x316,97 9C D8 CE B3 92 04 03
29.210000000,0x427,AA 71 71 9A D0 E6 87 19
29.220000000,0x1A4,BC 6C AC 16 73 34 4D 62
29.220000000,0x316,60 A3 4D 05 8F 49 2B 1C
29.220000000,0x427,6C 95 99 D3 DA 25 78 03
29.230000000,0x1A4,42 2E C1 96 47 C5 9C D4
29.230000000,0x316,9C C7 FC A4 44 0A 47 EF
29.230000000,0x427,23 8C 32 0B 73 7C D6 21
29.240000000,0x1A4,24 67 DB 16 C8 6D 26 C5
29.240000000,0x316,83 84 66 15 95 22 85 44
29.240000000,0x427,58 C4 83 24 EB FB 47 F0
29.250000000,0x1A4,25 43 FC 96 8F D2 81 99
29.250000000,0x316,64 88 74 03 22 C1 DA CA
29.250000000,0x427,4D 6B 63 F7 83 C9 67 02
29.260000000,0x1A4,DF 6E 16 97 85 46 AA CA
29.260000000,0x316,77 07 39 1B 68 C5 D8 8A
29.260000000,0x427,47 1D 73 BC E0 2E 79 D1
29.270000000,0x1A4,B4 B8 28 17 2D DF 4B DA
29.270000000,0x316,0F D2 1B B5 65 47 C0 15
29.270000000,0x427,EF 59 CB 33 71 95 A4 23
29.280000000,0x1A4,23 29 45 17 13 D9 79 C2
29.280000000,0x316,A8 04 17 90 B0 B0 73 E4
29.280000000,0x427,97 5C BF 71 21 4F C2 D0
29.290000000,0x1A4,98 D5 5B 17 66 C8 B0 4E
29.290000000,0x316,70 FB ED 54 76 BD 99 7A
29.290000000,0x427,60 2F 8E 27 F1 41 6A 3E
29.300000000,0x1A4,72 DB 7D 17 7E 8C 24 8B
29.300000000,0x316,B7 9C 29 B1 C0 09 78 44
29.300000000,0x427,BD E9 A2 A0 30 37 2A 8B
29.310000000,0x1A4,97 E0 91 17 95 E1 6D 05
29.310000000,0x316,57 47 2E D3 CD 0B 66 0B
29.310000000,0x427,A2 1A 52 1A 25 AA 6D 8B
29.320000000,0x1A4,C6 0D AF 17 7F C5 41 1A
29.320000000,0x316,96 71 F4 82 4B D6 EE E2
29.320000000,0x427,71 C6 23 D6 B5 18 50 6A
29.330000000,0x1A4,E3 4C C7 17 62 53 4F 00
29.330000000,0x316,2E C6 83 E9 79 8F 6C 39
29.330000000,0x427,DF EB 24 06 D9 61 07 3A
29.340000000,0x1A4,63 BF E0 17 D7 76 A8 62
29.340000000,0x316,95 77 BA 25 A2 84 72 5A
29.340000000,0x427,60 F9 C5 A7 C9 C0 6E 49
29.350000000,0x1A4,2B 8F FB 17 99 EF F3 EB
29.350000000,0x316,C8 7E 05 E1 C0 FB 35 AF
29.350000000,0x427,E1 91 7E 62 4D EA CF AF
29.360000000,0x1A4,9C 7F 14 98 E3 7C 00 B7
29.360000000,0x316,65 07 A2 D2 C6 37 D0 E6
29.360000000,0x427,8A D0 C6 1C 1A F4 E7 7D
29.370000000,0x1A4,E3 38 28 18 A0 F9 A2 FD
29.370000000,0x316,B9 D9 31 1C C8 4D 7A 39
29.370000000,0x427,10 63 0B 1A C8 FC DA F4
29.380000000,0x1A4,43 86 42 98 F3 FA 24 48
29.380000000,0x316,ED 87 78 5B DA BC 87 13
29.380000000,0x427,A2 4D 9E 9D E4 FC 6E 55
29.390000000,0x1A4,DF 3F 64 18 63 4D 49 5C
29.390000000,0x316,70 AC 5E EC F7 48 B9 EC
29.390000000,0x427,28 D6 7C EB 25 BC B5 15
29.400000000,0x1A4,1B 28 7D 98 3C C7 18 0B
29.400000000,0x316,26 EE C0 9A 29 AF AE 26
29.400000000,0x427,8D D9 95 2D 54 97 BA 6D
29.410000000,0x1A4,44 94 95 98 20 57 B8 55
29.410000000,0x316,68 23 80 99 E8 F7 6D 2E
29.410000000,0x427,77 57 EF AD BE D3 DC 6C
29.420000000,0x1A4,FF D1 AC 18 10 5A A3 E4
29.420000000,0x316,B6 6D D2 AA DC C3 E9 AF
29.420000000,0x427,78 48 33 4D 7A 28 F0 9F
29.430000000,0x1A4,71 C7 CB 98 20 32 79 49
29.430000000,0x316,C6 CD 2F 59 5E 5B 1A E0
29.430000000,0x427,54 AB 9A 1A 79 5E 66 45
29.440000000,0x1A4,A5 55 E6 98 29 E6 CE 7F
29.440000000,0x316,E1 3F 67 A9 13 28 7E 5E
29.440000000,0x427,09 58 D1 EE 76 51 F1 43
29.450000000,0x1A4,B2 4E FB 98 7D 25 30 E8
29.450000000,0x316,C5 31 18 B6 4A 86 76 CC
29.450000000,0x427,7A F3 8C 13 A8 79 F2 C9
29.460000000,0x1A4,90 C9 16 19 76 49 99 DC
29.460000000,0x316,78 4F DF EE 6A 72 61 FA
29.460000000,0x427,CA 76 0D 26 C2 DA 1C C7
29.470000000,0x1A4,4E 0E 2E 99 D1 DC 86 25
29.470000000,0x316,23 4C FC 51 19 EC D4 25
29.470000000,0x427,7C 55 FE 63 0D A1 5A 72
29.480000000,0x1A4,04 F7 49 99 F0 68 FE CB
29.480000000,0x316,69 8C 19 C9 65 5E F1 F9
29.480000000,0x427,2E 85 7A 7A 1E E3 8C D0
29.490000000,0x1A4,6E 77 63 19 64 51 F8 1C
29.490000000,0x316,C5 82 ED 93 E1 91 6D 6D
29.490000000,0x427,0D 62 A7 F5 84 84 09 BA
29.500000000,0x1A4,74 36 7A 19 57 F3 08 25
29.500000000,0x316,24 89 27 17 D1 A0 B3 52
29.500000000,0x427,73 5B A9 FE DF 2E A6 20
29.510000000,0x1A4,7F 2F 97 19 6F 33 7D C4
29.510000000,0x316,17 80 90 62 43 91 44 5A
29.510000000,0x427,C1 AD BE 51 D7 50 84 7E
29.520000000,0x1A4,3A 42 A8 19 F9 B9 35 7B
29.520000000,0x316,1C 07 84 B1 84 9F 0C F9
29.520000000,0x427,B0 41 F8 69 3D D6 0B 9A
29.530000000,0x1A4,8D EB CA 99 EA 7D F8 A2
29.530000000,0x316,C6 F8 5D 55 35 78 62 23
29.530000000,0x427,8C 1B 59 CD A0 F7 AB F1
29.540000000,0x1A4,2D 8B E1 99 80 4C EE EB
29.540000000,0x316,BE D5 F3 3E 10 6D 18 62
29.540000000,0x427,0A 47 2D 6B 75 7F A1 8C
29.550000000,0x1A4,89 18 FA 19 C1 56 EB 89
29.550000000,0x316,6F 31 A5 88 34 20 1B 7E
29.550000000,0x427,9D 3E 50 88 EC 39 45 89
29.560000000,0x1A4,B2 8B 17 9A F8 C8 E8 3A
29.560000000,0x316,87 EE 76 62 8E F8 67 15
29.560000000,0x427,7C 0D BA 94 F8 10 05 B7
29.570000000,0x1A4,89 C1 35 1A F4 ED E5 86
29.570000000,0x316,C4 B5 EF 93 1B C5 CE C6
29.570000000,0x427,A6 25 89 B1 8D D6 B0 CF
29.580000000,0x1A4,EA 81 4F 9A AD 45 26 38
29.580000000,0x316,76 EC FD B3 C0 07 56 16
29.580000000,0x427,E2 9C 35 3C 57 FD 98 5C
29.590000000,0x1A4,43 D5 63 1A D7 22 0A 34
29.590000000,0x316,16 94 70 FE F6 99 C0 D9
29.590000000,0x427,52 3F 64 04 EF 24 C6 5C
29.600000000,0x1A4,14 A1 79 9A B7 3C 53 79
29.600000000,0x316,A2 4E 26 F5 2A 21 33 22
29.600000000,0x427,02 5F C0 EB 5D 34 33 1C
29.610000000,0x1A4,A2 76 90 1A EC 03 4F E9
29.610000000,0x316,1C D7 6E 59 85 39 61 5C
29.610000000,0x427,2A C7 47 D9 00 A2 6D D9
29.620000000,0x1A4,87 CD B4 9A C2 66 55 C7
29.620000000,0x316,53 AB AA D1 E5 64 AC 23
29.620000000,0x427,1F 48 71 4B 7D 03 DC 75
29.630000000,0x1A4,FD 5F CE 1A CF 18 D3 D5
29.630000000,0x316,37 AB 72 DA 14 21 2F 8D
29.630000000,0x427,4A 2B C9 F8 F7 69 6C EE
29.640000000,0x1A4,EE 58 E7 9A 47 B3 CB 6B
29.640000000,0x316,6A 4F 14 3E 54 E2 F2 35
29.640000000,0x427,49 21 EC D3 FB 8B 7E 39
29.650000000,0x1A4,4E 36 FD 1A 81 16 3B BF
29.650000000,0x316,6D F2 46 23 65 2A 03 1E
29.650000000,0x427,E8 09 49 F6 AB AF 1E B2
29.660000000,0x1A4,FB E8 16 9B AD AA A0 24
29.660000000,0x316,1D 45 A1 60 0E 3B AB BB
29.660000000,0x427,4A AB BE 06 15 16 35 B2
29.670000000,0x1A4,14 8D 34 9B 55 B6 B9 6C
29.670000000,0x316,A6 B2 26 5F E5 67 D8 0D
29.670000000,0x427,F2 10 8F B3 D0 75 23 1B
29.680000000,0x1A4,F7 CE 49 9B 9D 33 E4 94
29.680000000,0x316,2A 9C E2 12 56 4E 11 7A
29.680000000,0x427,BF 48 62 D6 CB 82 0B 98
29.690000000,0x1A4,5E 94 67 9B F1 09 7E 28
29.690000000,0x316,8B 40 BA 07 6C 5D 9A 25
29.690000000,0x427,3B A5 80 5D 0F C3 2A 24
29.700000000,0x1A4,99 E7 78 1B 7C 52 BB 3E
29.700000000,0x316,24 8D BA 13 0D BD 31 03
29.700000000,0x427,B4 FC B5 91 28 DF C0 D4
29.710000000,0x1A4,97 61 97 9B 7A 68 9F 6A
29.710000000,0x316,2B DE 53 26 39 6A F2 C3
29.710000000,0x427,6A 5F B3 2E 71 80 42 78
29.720000000,0x1A4,35 D0 B1 9B FC 67 DE 23
29.720000000,0x316,D4 F2 83 BF 24 F7 06 87
29.720000000,0x427,D1 15 D5 B2 3A 50 E2 F2
29.730000000,0x1A4,5C 89 CC 1B EE 02 5E 78
29.730000000,0x316,83 89 59 69 FC 85 F9 B8
29.730000000,0x427,85 B7 5B 56 89 41 A8 71
29.740000000,0x1A4,B4 A0 E1 9B FC B3 14 A5
29.740000000,0x316,87 B5 FB B1 57 B1 61 03
29.740000000,0x427,A1 B2 69 49 EB F8 7B 1C
29.750000000,0x1A4,87 3B F8 1B 5A 36 5C 0F
29.750000000,0x316,A9 83 93 E1 5A E2 77 A4
29.750000000,0x427,28 F5 38 08 FB 1E AB 9A
29.760000000,0x1A4,68 3F 12 9C 84 C0 6F 2C
29.760000000,0x316,05 F8 D7 80 51 9E 0C 29
29.760000000,0x427,B6 37 C8 02 22 DC 79 65
29.770000000,0x1A4,C8 85 32 9C 15 69 72 6C
29.770000000,0x316,9B 28 0E AE 3F FC BF F2
29.770000000,0x427,2C FF 3F E0 AE C6 4C 74
29.780000000,0x1A4,94 29 4D 9C ED C0 1E B6
29.780000000,0x316,9B 4E 5B D4 A8 D9 0F 42
29.780000000,0x427,F5 6D 4D EB 48 DC 72 92
29.790000000,0x1A4,58 B6 62 9C DE 3D 58 4E
29.790000000,0x316,77 25 98 B5 67 4E 31 3A
29.790000000,0x427,65 A7 75 6C D8 85 73 EE
29.800000000,0x1A4,2D 16 7C 1C 76 7E 96 45
29.800000000,0x316,9B 8B 1E F9 F3 26 89 17
29.800000000,0x427,A1 17 81 85 57 CA A7 60
29.810000000,0x1A4,7B 60 91 9C DF 85 79 F3
29.810000000,0x316,4C BD 08 20 02 14 3E BE
29.810000000,0x427,32 BC 3C 36 E3 C5 80 66
29.820000000,0x1A4,FE A6 B1 9C D3 CE 55 0E
29.820000000,0x316,2D 40 0A 38 33 2E 6D 64
29.820000000,0x427,12 8E 06 2F 65 AF 8F D2
29.830000000,0x1A4,94 93 C9 9C 55 4F DA F9
29.830000000,0x316,08 E9 2D 8F FE BE E6 9A
29.830000000,0x427,B8 80 7A D7 1B FC C3 13
29.840000000,0x1A4,E5 FF E1 9C 87 DE 42 B1
29.840000000,0x316,89 6D EB 77 D6 F3 37 7A
29.840000000,0x427,81 32 2D 50 04 58 17 A7
29.850000000,0x1A4,30 F5 FA 9C 19 A0 B4 67
29.850000000,0x316,A0 E5 C6 D3 7C 7C 66 61
29.850000000,0x427,FD ED 31 2A 33 F6 FE 0D
29.860000000,0x1A4,51 A4 17 9D E0 30 19 5F
29.860000000,0x316,B5 AB 8A A5 56 CE 99 6C
29.860000000,0x427,32 DD D9 31 C4 72 19 45
29.870000000,0x1A4,12 29 30 1D 62 F6 B9 1A
29.870000000,0x316,58 43 EB 13 85 03 DA 5C
29.870000000,0x427,B1 AB 6A 9A DC 41 5F C7
29.880000000,0x1A4,B7 62 4B 9D 80 78 E1 55
29.880000000,0x316,DD 35 2E 07 28 D5 51 3D
29.880000000,0x427,A1 B6 3E 48 7E AA AA 29
29.890000000,0x1A4,E9 31 64 9D AA 42 41 1B
29.890000000,0x316,C5 C1 B8 10 E9 BA 3F 36
29.890000000,0x427,31 40 DC 98 A8 63 CF 02
29.900000000,0x1A4,98 63 7B 9D 98 3F E1 E8
29.900000000,0x316,FA 7E 22 4F 68 FA 0F 30
29.900000000,0x427,7F A5 3B 8D 40 4F A4 33
29.910000000,0x1A4,67 75 95 9D 33 2D E0 ED
29.910000000,0x316,A1 30 49 08 D2 9A 86 3D
29.910000000,0x427,E1 31 E8 44 92 23 C5 15
29.920000000,0x1A4,89 98 B6 9D F4 90 F3 91
29.920000000,0x316,29 86 96 90 C6 E5 7C 0B
29.920000000,0x427,5E 38 51 90 6A DE 8A FC
29.930000000,0x1A4,4D 3B CC 9D 70 C6 DA 7B
29.930000000,0x316,84 B9 B1 0B DF EE 4C 0C
29.930000000,0x427,81 55 88 50 F5 AB DC 17
29.940000000,0x1A4,B1 D0 E1 9D 6A BA 00 4F
29.940000000,0x316,60 A9 2B 02 B1 C6 04 FB
29.940000000,0x427,BF 5B 4D 5B 29 10 6E C0
29.950000000,0x1A4,4B 82 FB 1D B1 EB 6F F5
29.950000000,0x316,24 44 EC 65 52 29 0E 80
29.950000000,0x427,08 E6 E3 31 07 44 81 50
29.960000000,0x1A4,3E BC 10 9E 8D 11 01 64
29.960000000,0x316,6B B2 C6 B9 16 27 18 5B
29.960000000,0x427,5D 48 4E F9 C5 04 28 21
29.970000000,0x1A4,1B 51 29 9E CE 3F B8 AC
29.970000000,0x316,97 E2 ED 18 D5 44 D1 54
29.970000000,0x427,98 EE 43 68 BC C1 81 E5
29.980000000,0x1A4,59 C1 4F 9E AF 83 EA 80
29.980000000,0x316,3E 53 DB 19 F2 AD 8E 80
29.980000000,0x427,D6 F2 B7 CE 21 58 6A C6
29.990000000,0x1A4,0C A2 62 1E 84 3D 10 06
29.990000000,0x316,40 22 51 96 93 32 CB CB
29.990000000,0x427,19 13 D2 61 07 98 19 7A
30.000000000,0x1A4,21 92 7B 9E 6E 7C 6A DE
30.000000000,0x316,B2 72 1E DA FF 96 93 09
30.000000000,0x427,98 43 45 4A 3A E9 45 29
30.010000000,0x1A4,99 2E 93 1E B9 0F B0 AE
30.010000000,0x316,2D 21 8E 76 A0 25 29 14
30.010000000,0x427,97 B8 9C E2 03 70 3E A0
30.020000000,0x1A4,F6 E8 A9 1E 58 E6 EB F3
30.020000000,0x316,13 2C ED B7 28 2D 48 3B
30.020000000,0x427,9F 2C 68 E2 8D A7 34 37
30.030000000,0x1A4,DC BF CE 9E 30 25 74 AE
30.030000000,0x316,CB F8 7A A7 A4 92 0F 24
30.030000000,0x427,10 C3 D1 C4 AD 30 F3 B7
30.040000000,0x1A4,BE 60 E2 1E 4D 8D 50 FE
30.040000000,0x316,78 E7 B2 F6 AD 29 6A 80
30.040000000,0x427,FA 49 2C 84 EF FC 05 FE
30.050000000,0x1A4,8C 6F FD 9E 68 50 D6 9B
30.050000000,0x316,36 D1 C1 A6 67 24 F6 85
30.050000000,0x427,B0 5E 23 EE D8 57 C5 C4
30.060000000,0x1A4,0C FE 16 1F 02 10 8E 72
30.060000000,0x316,D3 D1 0C C9 11 2A 96 21
30.060000000,0x427,B3 0F CA 56 2E 98 74 4A
30.070000000,0x1A4,5C B1 2D 1F BD C7 9B 9F
30.070000000,0x316,D4 B4 1F DB F7 16 AD F0
30.070000000,0x427,A3 8E 4F 6E 18 49 3E 0A
30.080000000,0x1A4,9B 99 43 9F 11 9A 77 B6
30.080000000,0x316,36 55 30 C6 CF CB D0 AE
30.080000000,0x427,FF FF 3B 63 BF 5A 36 3D
30.090000000,0x1A4,EE 44 65 1F A6 03 3C FF
30.090000000,0x316,65 56 42 9C 58 4B 5C 9B
30.090000000,0x427,79 16 33 13 8E 83 40 F5
30.100000000,0x1A4,5D C7 7B 1F 37 6A 20 91
30.100000000,0x316,65 D2 B6 A0 95 4B 91 FE
30.100000000,0x427,F8 A7 5D 7F 28 9A EF 18
30.110000000,0x1A4,60 8D 92 9F 07 39 D3 03
30.110000000,0x316,D1 E8 82 24 03 5F 2D C4
30.110000000,0x427,2A 4D D6 DE 2C 2A 3E 4F
30.120000000,0x1A4,A4 1B A9 9F CA AF 16 DE
30.120000000,0x316,1A EB 0C F8 4E 4B 21 CC
30.120000000,0x427,31 D0 0C C8 A2 8E 27 E5
30.130000000,0x1A4,14 9F C0 1F C6 B6 B8 7F
30.130000000,0x316,C5 DA 17 18 A8 49 6E 74
30.130000000,0x427,7C DE 4F 50 66 9D 72 2B
30.140000000,0x1A4,CF 4A E6 9F 4A FA AC 4B
30.140000000,0x316,C6 42 56 29 F2 0D 73 11
30.140000000,0x427,CD C4 B5 47 05 44 96 93
30.150000000,0x1A4,D8 14 FB 1F 48 5B 76 5A
30.150000000,0x316,54 BA D7 16 2E D5 35 12
30.150000000,0x427,75 26 DF 2D E8 7C ED B5
30.160000000,0x1A4,AA E4 15 A0 CB 21 F3 75
30.160000000,0x316,C8 9F 08 42 58 E3 73 FC
30.160000000,0x427,36 A1 27 79 61 E9 7D FA
30.170000000,0x1A4,89 F0 2A 20 64 8F 5D C3
30.170000000,0x316,78 A6 6C E0 F6 E2 29 71
30.170000000,0x427,B0 8A 79 A6 F1 CC 95 EC
30.180000000,0x1A4,BE 59 44 20 1F AA 98 F0
30.180000000,0x316,04 40 BC 1F 07 10 C0 F8
30.180000000,0x427,F9 83 98 91 B0 8A FE 7C
30.190000000,0x1A4,56 BE 5A 20 05 82 0C 5D
30.190000000,0x316,33 A3 E7 DB B0 42 60 49
30.190000000,0x427,DB F3 A3 66 D6 66 B6 68
30.200000000,0x1A4,33 6A 7C A0 EA 93 A3 9E
30.200000000,0x316,CC B1 C9 EA F2 CD 3A AE
30.200000000,0x427,60 1C 05 21 28 15 DA 70
30.210000000,0x1A4,7D 2A 92 20 11 D7 31 83
30.210000000,0x316,0B 26 47 D8 68 E0 E7 9F
30.210000000,0x427,F2 37 B9 F3 C8 10 4B 50
30.220000000,0x1A4,1A B2 A9 20 F4 A2 5F 15
30.220000000,0x316,D6 B7 A4 AE EE 18 C7 69
30.220000000,0x427,6A 71 85 81 5D 3F 39 73
30.230000000,0x1A4,87 A8 C0 20 E8 D9 9D E0
30.230000000,0x316,2A 28 23 E0 5C 70 C2 FD
30.230000000,0x427,9F F6 BB AE 4D C9 EC 0A
30.240000000,0x1A4,70 8A D8 A0 A0 F5 38 FA
30.240000000,0x316,31 74 D4 A4 BB 65 9B 0E
30.240000000,0x427,11 F7 B4 BD FC 25 64 CA
30.250000000,0x1A4,15 50 F4 20 F3 81 22 B3
30.250000000,0x316,85 75 3C D2 9D 9D 90 8F
30.250000000,0x427,91 8C 08 02 F4 63 91 27
30.260000000,0x1A4,59 20 12 A1 72 CF F4 1A
30.260000000,0x316,AD BB 68 4A AF D9 35 60
30.260000000,0x427,FF 2C 80 28 BB 48 F4 91
30.270000000,0x1A4,C7 3D 2F 21 DF 8C 94 DA
30.270000000,0x316,0E BB AE 12 BE E3 19 39
30.270000000,0x427,09 95 62 63 60 E0 C8 DF
30.280000000,0x1A4,7C E3 47 21 8C 73 4D AB
30.280000000,0x316,03 D2 EF 17 90 FF 53 59
30.280000000,0x427,04 C1 43 77 0F E0 EE 77
30.290000000,0x1A4,E2 DC 59 A1 90 58 FD 88
30.290000000,0x316,E2 B0 6E E6 C6 6F 7B D1
30.290000000,0x427,2E 9B 00 77 F1 39 EF 1B
30.300000000,0x1A4,68 77 70 21 19 65 26 2E
30.300000000,0x316,A3 CF 55 BB 48 B7 BC 1B
30.300000000,0x427,69 AE DE EA 70 F2 A4 F5
30.310000000,0x1A4,93 5A 88 A1 EB 2D 9E 65
30.310000000,0x316,AC D8 A9 C4 D5 95 E0 6E
30.310000000,0x427,0A 88 10 33 AF 0B CA 66
30.320000000,0x1A4,25 09 AF 21 DC 34 81 10
30.320000000,0x316,A1 94 39 51 B3 11 A9 57
30.320000000,0x427,76 93 16 FF 49 F4 B7 9A
30.330000000,0x1A4,90 D4 C5 21 68 42 6F 36
30.330000000,0x316,02 55 C9 B3 80 D6 C4 BD
30.330000000,0x427,E1 84 E9 79 41 7F 44 1D
30.340000000,0x1A4,8F 96 DB 21 33 44 5F 74
30.340000000,0x316,05 DF CC 09 66 71 8A 8B
30.340000000,0x427,4C A6 DE 27 65 1A D3 F2
30.350000000,0x1A4,14 CB F7 21 7B 64 40 25
30.350000000,0x316,92 38 E5 A3 BA FA A5 36
30.350000000,0x427,17 C0 F7 51 63 FC 75 91
30.360000000,0x1A4,EA CC 0C 22 25 2A E1 FC
30.360000000,0x316,98 35 E0 99 4B 55 32 C6
30.360000000,0x427,BD 58 5A 61 96 76 F9 0F
30.370000000,0x1A4,16 D2 23 A2 85 0E FC CE
30.370000000,0x316,1B CA 8A 5C 07 8C 20 CA
30.370000000,0x427,E2 AB 1B 6E 5D F6 82 FA
30.380000000,0x1A4,C6 5F 41 22 69 BF A2 36
30.380000000,0x316,3B 06 D8 0D C1 65 24 36
30.380000000,0x427,2F 99 36 DE 33 93 DF 05
30.390000000,0x1A4,1F 8B 58 A2 07 AF 34 C2
30.390000000,0x316,64 17 05 AF 1E 82 44 6C
30.390000000,0x427,16 C4 14 45 6A BE 87 40
30.400000000,0x1A4,15 67 74 A2 0B 42 15 2D
30.400000000,0x316,1A 3D 66 15 43 EF 48 24
30.400000000,0x427,16 F6 BA 11 AA A8 1E 46
30.410000000,0x1A4,6C 91 8A 22 7C E3 EA 14
30.410000000,0x316,FB CC 5F 4C CF C6 AF DF
30.410000000,0x427,BA 2D 53 B6 63 52 90 73
30.420000000,0x1A4,E7 CD A4 A2 51 E4 72 6B
30.420000000,0x316,FF D8 57 86 29 94 CF 36
30.420000000,0x427,AA D0 6D AB 21 75 A0 E4
30.430000000,0x1A4,36 22 BB 22 32 C1 1F 2F
30.430000000,0x316,91 DD 9E D4 F3 0D C2 0D
30.430000000,0x427,EE 3A AA 17 FF DF 1B E5
30.440000000,0x1A4,21 FE D1 A2 7F 6C B4 6D
30.440000000,0x316,1F 91 8E 57 9B 23 9F F6
30.440000000,0x427,53 25 D0 C0 01 F7 01 4C
30.450000000,0x1A4,7B DA F6 22 22 CC D7 32
30.450000000,0x316,36 2B 6A 59 7E 16 23 F1
30.450000000,0x427,41 35 4A 6B F8 CA 4B 7B
30.460000000,0x1A4,7E 54 0A 23 B7 F0 16 89
30.460000000,0x316,FD 31 57 B0 C8 E0 AA C8
30.460000000,0x427,B0 EC 22 29 2E E5 30 F7
30.470000000,0x1A4,09 48 22 A3 4E 13 D1 6F
30.470000000,0x316,90 1E CD 5A A4 02 A0 E9
30.470000000,0x427,16 FD 61 B1 57 49 00 92
30.480000000,0x1A4,BC 8B 3E 23 38 28 B1 D2
30.480000000,0x316,1C DF 8A 02 1D B2 97 8F
30.480000000,0x427,4B 6E 77 C8 32 B8 CE E4
30.490000000,0x1A4,3C 6C 55 A3 A5 D3 D4 32
30.490000000,0x316,99 45 EB 13 52 6B 04 B9
30.490000000,0x427,FF 96 FF AA F5 E0 17 94
30.500000000,0x1A4,5A C1 6B A3 B6 A2 05 25
30.500000000,0x316,4E 23 E0 52 56 07 00 AA
30.500000000,0x427,09 9C 82 FC 66 25 D1 D2
30.510000000,0x1A4,A1 46 88 A3 11 CB FE BB
30.510000000,0x316,C6 85 2A BE BE 98 42 D3
30.510000000,0x427,91 A2 99 BC BD 2F AE BB
30.520000000,0x1A4,6E 25 A7 23 AC BE A1 03
30.520000000,0x316,43 94 87 26 D1 18 81 E5
30.520000000,0x427,2D AE 6A 75 CB C9 0E EF
30.530000000,0x1A4,41 AE B9 23 C1 AB DB 7F
30.530000000,0x316,67 DA 42 DD B9 1A 00 51
30.530000000,0x427,1C 57 15 1D 2E 9D C1 CA
30.540000000,0x1A4,E9 5A D0 A3 14 AE 87 AC
30.540000000,0x316,71 F4 08 68 82 09 47 43
30.540000000,0x427,1F 0D 4C 85 F5 BC E7 B8
30.550000000,0x1A4,FE F7 E8 23 8C 34 FD FC
30.550000000,0x316,00 D5 57 73 26 AA 7D F1
30.550000000,0x427,E1 6D 1F D5 DA DA 75 DB
30.560000000,0x1A4,A8 00 07 24 8D 07 61 A2
30.560000000,0x316,D5 33 07 73 55 06 90 A3
30.560000000,0x427,1B 5E 2E F8 38 84 10 94
30.570000000,0x1A4,99 39 1A 24 17 25 57 09
30.570000000,0x316,6A A9 F7 37 6E B0 E6 BE
30.570000000,0x427,36 D7 A1 FA 1A 49 0A 30
30.580000000,0x1A4,5B A9 38 24 6D 4A 4A B2
30.580000000,0x316,8D 4E CC 8B 47 0E 3E C6
30.580000000,0x427,D1 98 85 2A 9C 6C D7 99
30.590000000,0x1A4,20 8C 57 24 EC C5 54 37
30.590000000,0x316,8F 22 1C 59 74 08 B3 35
30.590000000,0x427,B7 F8 CE F3 D3 CB EF 30
30.600000000,0x1A4,7A 3F 6C A4 C4 1D FC AD
30.600000000,0x316,5E 8D AB 93 CB B9 81 F4
30.600000000,0x427,A4 D1 AD 03 DC 1F C9 5E
30.610000000,0x1A4,F4 D7 83 A4 35 A2 21 5D
30.610000000,0x316,71 1C 25 04 80 3B 4C 4D
30.610000000,0x427,2D 2D 8B E5 29 49 95 4E
30.620000000,0x1A4,DE A7 98 A4 22 5C AD D1
30.620000000,0x316,FE 65 25 DE B0 4F EF 1F
30.620000000,0x427,DC 72 06 B3 F0 06 C7 7F
30.630000000,0x1A4,5F 13 B7 A4 F6 9E C1 FF
30.630000000,0x316,5C 40 BC 74 C0 6C FF 69
30.630000000,0x427,3C 1C 0F 69 17 E9 0A 5A
30.640000000,0x1A4,BD 83 CA 24 02 FD 03 D4
30.640000000,0x316,46 1E DF 8A E7 73 04 6D
30.640000000,0x427,1C 75 EE 85 6D A9 5C F9
30.650000000,0x1A4,92 5B EC A4 B8 BB F8 55
30.650000000,0x316,B7 78 06 1D E5 32 25 ED
30.650000000,0x427,3F 22 02 2D 02 76 75 75
30.660000000,0x1A4,7E 8C 02 25 C5 E3 84 5F
30.660000000,0x316,58 00 49 2D 15 42 81 8D
30.660000000,0x427,63 D4 4A 98 F6 E5 A3 29
30.670000000,0x1A4,0E 82 1A A5 89 94 95 6F
30.670000000,0x316,55 22 AE 61 26 97 F7 48
30.670000000,0x427,60 EC 57 D8 A1 E9 DB A8
30.680000000,0x1A4,1B DB 34 A5 48 F3 26 AE
30.680000000,0x316,CC 95 FF 6F 12 DA 54 A2
30.680000000,0x427,EB F6 82 48 91 57 BC B3
30.690000000,0x1A4,5F FE 48 A5 97 50 1A F0
30.690000000,0x316,A3 AF D5 EC C3 EE E7 E7
30.690000000,0x427,52 2C 64 DB 47 D0 66 19
30.700000000,0x1A4,CA 1F 60 A5 AE 46 6E 16
30.700000000,0x316,76 11 52 CE 5D 00 55 D6
30.700000000,0x427,0C 6D 93 1A 19 83 F2 16
30.710000000,0x1A4,1D CC 7D A5 C3 86 34 04
30.710000000,0x316,41 3D C3 9D 7D 1B B8 EE
30.710000000,0x427,CE 9F 49 69 F3 76 8A 1A
30.720000000,0x1A4,B3 64 9C 25 09 4F FC BF
30.720000000,0x316,38 2A 71 C0 4D 0A B3 9F
30.720000000,0x427,A2 DF 5E ED A7 AB 73 8B
30.730000000,0x1A4,3D 13 B6 25 5B B4 2E A2
30.730000000,0x316,FA C1 B0 71 F9 4C DC 80
30.730000000,0x427,4E B9 CB 94 F3 89 4D CE
30.740000000,0x1A4,62 CD CA 25 3E 0D EF AA
30.740000000,0x316,A3 2D 37 4A 0C 5B 09 DA
30.740000000,0x427,8F 1E AF 6B B5 2F 3D 36
30.750000000,0x1A4,57 9F E6 25 D7 9F E1 C6
30.750000000,0x316,B5 9F 62 74 83 DD 34 8D
30.750000000,0x427,A7 72 8E 61 C8 F1 4F 1D
30.760000000,0x1A4,49 3C F8 25 50 45 39 DB
30.760000000,0x316,77 04 36 78 C5 57 57 F3
30.760000000,0x427,3A 56 DB 1F 6C D1 C1 59
30.770000000,0x1A4,5B B0 15 A6 8A 47 33 CB
30.770000000,0x316,58 D3 FD E9 2B 3D C5 76
30.770000000,0x427,5E 17 B6 69 34 44 72 E8
30.780000000,0x1A4,9A E9 2E A6 BA 81 15 A5
30.780000000,0x316,14 87 2E B4 BB D9 DD C8
30.780000000,0x427,F8 34 BC BD AA B5 53 65
30.790000000,0x1A4,F5 68 42 26 21 BA 8A F0
30.790000000,0x316,F4 A7 E8 5F 32 00 3E C8
30.790000000,0x427,BB E8 53 39 62 81 EF 81
30.800000000,0x1A4,A4 4C 62 26 52 08 82 44
30.800000000,0x316,58 EF 2D E1 9D 5F 9F A8
30.800000000,0x427,13 36 B6 43 88 8C B1 4E
30.810000000,0x1A4,18 E6 7E A6 FF 94 15 E7
30.810000000,0x316,61 2D 8E CB 2E 5B CA E8
30.810000000,0x427,AD DC 2A 6A 33 71 5D AC
30.820000000,0x1A4,1B 83 96 26 3E 78 10 01
30.820000000,0x316,F5 AB 72 E6 13 18 B8 E8
30.820000000,0x427,AA 62 20 6A 01 5D 5D 08
30.830000000,0x1A4,4D C7 A9 26 8A 1C B8 06
30.830000000,0x316,53 9B 43 27 38 DF 5E CA
30.830000000,0x427,FE 0D D9 5F 84 AD 3C D7
30.840000000,0x1A4,FF B5 C3 A6 79 C6 DA 84
30.840000000,0x316,18 C6 ED D1 A8 42 C2 BD
30.840000000,0x427,38 0A 96 99 F8 C6 45 51
30.850000000,0x1A4,41 74 D8 26 EC 09 A0 2B
30.850000000,0x316,61 8C 8B F5 4E E0 7A 92
30.850000000,0x427,BC 0C 2A FE 27 C5 15 6E
30.860000000,0x1A4,CD A4 F0 26 F8 F2 44 8E
30.860000000,0x316,68 A9 36 F9 73 53 30 64
30.860000000,0x427,36 31 52 31 EE BB C3 9D
30.870000000,0x1A4,7F A6 09 A7 A7 78 B0 64
30.870000000,0x316,BF D8 1B D4 77 69 34 0D
30.870000000,0x427,0C 12 24 CD D0 A4 93 EE
30.880000000,0x1A4,EE 36 2E A7 79 A8 D9 6D
30.880000000,0x316,84 A7 FD 20 BB F9 7B F0
30.880000000,0x427,CA D1 E2 A2 57 05 F2 63
30.890000000,0x1A4,98 FA 43 A7 3D 98 65 BA
30.890000000,0x316,22 BC 78 2C CA CE 32 67
30.890000000,0x427,64 C6 77 E7 EF A2 70 51
30.900000000,0x1A4,4C 45 5C A7 6A C3 8F 28
30.900000000,0x316,F7 8C F9 6F 54 D1 20 3B
30.900000000,0x427,5F F0 7D 19 78 30 C4 B5
30.910000000,0x1A4,5E 9B 71 A7 73 2E 57 20
30.910000000,0x316,6C FD 16 81 D6 AC 4D 1E
30.910000000,0x427,32 1F A6 A1 1D EE B1 93
30.920000000,0x1A4,B1 A8 8E A7 EE E8 5A 64
30.920000000,0x316,99 DC D0 D7 15 B2 1D C3
30.920000000,0x427,E3 EF 97 A0 C8 94 AA EA
30.930000000,0x1A4,E0 70 A6 27 76 C6 5B D6
30.930000000,0x316,28 37 8B 8D 41 B5 B7 28
30.930000000,0x427,FD 05 DE F2 31 1C 89 52
30.940000000,0x1A4,CF C8 B9 27 B3 85 DF 17
30.940000000,0x316,F5 3D E0 17 A5 5B 90 06
30.940000000,0x427,56 D3 FA 6F 8F 29 F4 02
30.950000000,0x1A4,98 34 D7 A7 0F D5 20 C5
30.950000000,0x316,36 BC E1 97 B1 31 2E 27
30.950000000,0x427,27 1A 1F 07 35 C7 3B 9E
30.960000000,0x1A4,F3 B1 EB A7 B3 1E 2E 8B
30.960000000,0x316,EF 12 AC EB EE 32 EF F8
30.960000000,0x427,47 6F 2A 14 B7 14 61 92
30.970000000,0x1A4,CA 48 0D 28 AB 65 79 06
30.970000000,0x316,35 F8 09 BE A9 82 F2 BB
30.970000000,0x427,33 98 6B 21 5B 08 C1 FB
30.980000000,0x1A4,E7 17 26 28 5A 2D 6C A2
30.980000000,0x316,F0 19 AA A1 3D 1F 10 C7
30.980000000,0x427,55 D7 AD 5B 7C 14 C2 2F
30.990000000,0x1A4,DF 69 3E 28 9C BA 0B A7
30.990000000,0x316,4C 61 DD E5 46 F3 C4 38
30.990000000,0x427,16 1D 03 4C 8B C5 9E 31
31.000000000,0x1A4,42 1A 51 A8 30 2D 28 D7
31.000000000,0x316,58 FE C8 3E A8 9F EF B9
31.000000000,0x427,24 FA AF C7 4E EF 9D CE
31.010000000,0x1A4,71 74 6A A8 17 9E CB 60
31.010000000,0x316,08 62 38 C5 90 CC AE 42
31.010000000,0x427,CA 1C C5 A8 ED 69 3F 0D
31.020000000,0x1A4,58 18 84 28 53 16 3D 15
31.020000000,0x316,91 94 5A EF 60 14 CE 24
31.020000000,0x427,00 C7 9F A0 9F 8E EC 05
31.030000000,0x1A4,54 4D 9D A8 1A B6 1B FC
31.030000000,0x316,C8 94 50 94 BB B7 EF DD
31.030000000,0x427,C1 AE 79 1A 1E 02 66 1C
31.040000000,0x1A4,F5 64 B1 28 4E EA 5C ED
31.040000000,0x316,DB 89 8C 98 6F 3D 68 1F
31.040000000,0x427,31 60 69 1B F4 52 4F 24
31.050000000,0x1A4,7C 7F CF 28 3D 15 12 43
31.050000000,0x316,C6 D1 04 E5 E2 9D 3D 2E
31.050000000,0x427,28 3E C0 17 FE 44 CF 13
31.060000000,0x1A4,F8 D7 EE 28 C9 40 39 D8
31.060000000,0x316,DB 88 84 5C E0 F5 A7 E9
31.060000000,0x427,B1 DE 9B D6 DC AE 3D 35
31.070000000,0x1A4,85 7B 03 29 2D 9F C5 19
31.070000000,0x316,0D 99 B4 7D 38 0D A2 CB
31.070000000,0x427,D8 F8 9E 05 7C 33 EB 69
31.080000000,0x1A4,E5 DF 1D 29 AB 65 8C 7C
31.080000000,0x316,B0 41 8F F5 D2 BE 2C A0
31.080000000,0x427,70 3A 89 13 E5 F4 D5 35
31.090000000,0x1A4,74 47 35 A9 64 08 7F 6B
31.090000000,0x316,93 AB 10 60 F1 43 C4 E3
31.090000000,0x427,3D 1A 47 50 50 73 30 A2
31.100000000,0x1A4,8E 81 4E A9 7E C6 6C 73
31.100000000,0x316,24 12 FD CE B3 16 3E 29
31.100000000,0x427,63 CB 07 2E E2 34 7B 4C
31.110000000,0x1A4,D2 8D 60 29 C3 D4 54 E7
31.110000000,0x316,CF C7 BD 2D 9A E5 DF A8
31.110000000,0x427,6C 2B 3A 91 9C 33 97 A1
31.120000000,0x1A4,90 BB 7D A9 0F C2 D4 DA
31.120000000,0x316,70 23 0D 08 75 49 01 1E
31.120000000,0x427,7F 9F D5 F9 FD 6C C2 57
31.130000000,0x1A4,82 B7 95 A9 66 D1 C6 58
31.130000000,0x316,31 97 E1 7B 72 D1 B2 FE
31.130000000,0x427,76 6E 2F 9D EC 21 99 99
31.140000000,0x1A4,98 4B AE A9 45 A2 48 01
31.140000000,0x316,22 22 8C 28 36 50 91 85
31.140000000,0x427,EB D7 DF BD 8F FA 26 41
31.150000000,0x1A4,32 8E C4 A9 57 C2 20 1F
31.150000000,0x316,80 4E 5E 31 76 13 2A 9B
31.150000000,0x427,B4 EE 90 07 06 4B 34 89
31.160000000,0x1A4,61 D4 E5 29 BC 50 9B 84
31.160000000,0x316,A6 B3 01 83 BD 56 CE C2
31.160000000,0x427,0B 26 00 27 57 DD 5F 37
31.170000000,0x1A4,A4 78 FB A9 34 79 69 5D
31.170000000,0x316,B5 C6 62 1D D3 D6 08 E6
31.170000000,0x427,A6 8B 8A 37 E5 27 8D 07
31.180000000,0x1A4,DD A4 11 2A 44 FF 78 23
31.180000000,0x316,B4 43 42 38 39 81 5C 15
31.180000000,0x427,8E 6C 4D BA 77 CF 0C B1
31.190000000,0x1A4,B6 E2 29 AA 2B 90 67 20
31.190000000,0x316,2D D0 80 44 A5 01 0F 46
31.190000000,0x427,B6 7D 48 7B 08 3B 01 33
31.200000000,0x1A4,E0 D6 46 AA E7 55 8B 17
31.200000000,0x316,51 CB 3A 59 0C F7 44 B5
31.200000000,0x427,22 EA 2E 8D BF 86 E4 A6
31.210000000,0x1A4,EB 9C 58 2A DF 2D 90 77
31.210000000,0x316,40 10 C5 BE 90 64 1B CF
31.210000000,0x427,53 DC EC 7E 32 C2 A1 6F
31.220000000,0x1A4,95 75 75 AA C6 B5 43 F2
31.220000000,0x316,D2 9B 62 66 55 01 1F EC
31.220000000,0x427,BC 00 6C 31 DD 1A 06 40
31.230000000,0x1A4,36 13 8F 2A CC 07 A8 32
31.230000000,0x316,5C FF E2 AF EA CC 95 D8
31.230000000,0x427,9F 11 27 E3 E2 45 A7 B7
31.240000000,0x1A4,35 0A A5 2A 95 32 3D F6
31.240000000,0x316,65 3D 90 64 EE 4C 57 1A
31.240000000,0x427,CB F8 69 95 09 17 0C CB
31.250000000,0x1A4,28 FE BD AA E7 91 6B 96
31.250000000,0x316,0A 0B C4 4F 18 3E 68 2A
31.250000000,0x427,4B 1B 4A CB 88 64 B1 34
31.260000000,0x1A4,5D C0 D9 AA 72 F2 D8 B8
31.260000000,0x316,5B 8B E2 7C C3 FF F7 6E
31.260000000,0x427,22 F0 02 E2 BA 64 37 72
31.270000000,0x1A4,9D 0C F2 2A 87 11 A9 98
31.270000000,0x316,40 96 40 BF 02 6C 8C 45
31.270000000,0x427,B6 4F DE D0 9C 83 99 51
31.280000000,0x1A4,CA 17 0F AB 69 FE 88 1B
31.280000000,0x316,46 BA 77 9B F4 4A 0F 62
31.280000000,0x427,82 74 E7 6D 8F E6 20 33
31.290000000,0x1A4,77 38 20 AB BA AB 58 5A
31.290000000,0x316,D7 DF BB 5F E5 6C DC E5
31.290000000,0x427,CE 86 F8 A1 99 60 C0 D1
31.300000000,0x1A4,C3 C0 3B 2B BC 19 0C 73
31.300000000,0x316,7E D5 D0 2A 85 F9 B2 E3
31.300000000,0x427,E1 7E A4 08 B3 DF 45 F5
31.310000000,0x1A4,AE 47 50 AB A3 C7 C8 40
31.310000000,0x316,1F 10 3D 96 D8 31 E9 68
31.310000000,0x427,12 15 21 4B 57 04 98 9A
31.320000000,0x1A4,8A B8 69 AB D5 97 93 E0
31.320000000,0x316,E3 23 25 A5 59 FA 4B F3
31.320000000,0x427,45 C2 13 F7 AA BA CE 87
31.330000000,0x1A4,5B 46 85 2B 06 6D F7 65
31.330000000,0x316,15 25 AA 07 08 B3 59 1D
31.330000000,0x427,3D 34 0E 2E BE 46 1D CF
31.340000000,0x1A4,96 3B 9B 2B 0D 4B EC 6D
31.340000000,0x316,58 2F 78 CA 44 1E 98 2F
31.340000000,0x427,06 25 95 5B 8C 2B CD 3E
31.350000000,0x1A4,9C 8E B0 2B 31 4F 16 37
31.350000000,0x316,61 2D 2E A8 0E 21 25 5F
31.350000000,0x427,2B 0D 39 5F F9 51 21 25
31.360000000,0x1A4,15 44 CE AB 32 FC 7F 50
31.360000000,0x316,0F 4A 4F 1F F3 4E 77 02
31.360000000,0x427,D4 0E 8F 51 83 EE 33 B0
31.370000000,0x1A4,D5 68 E2 2B 6A 60 80 B7
31.370000000,0x316,C3 C8 30 54 35 CA B9 36
31.370000000,0x427,2C EC 22 77 38 AA 45 91
31.380000000,0x1A4,8D CF FC AB 45 D6 51 52
31.380000000,0x316,DD 15 14 E6 31 DE 8E 3B
31.380000000,0x427,79 AD C7 8F 41 C9 F4 10
31.390000000,0x1A4,94 15 1E 2C 95 F1 9A 48
31.390000000,0x316,B8 B0 0F 9A 93 1C 51 36
31.390000000,0x427,83 AA FA 86 D7 AE AB 37
31.400000000,0x1A4,44 FA 30 2C 51 FD 9A 8F
31.400000000,0x316,3B 2F 2E 47 0C 2F 5D B7
31.400000000,0x427,FE 9E 9F 9B FC D1 3E F2
31.410000000,0x1A4,89 E3 4B AC AC 80 B3 CE
31.410000000,0x316,06 3C 23 DC 9A 43 DD AB
31.410000000,0x427,B9 AD 27 13 20 48 EE 92
31.420000000,0x1A4,18 A1 65 AC 42 F5 71 A5
31.420000000,0x316,25 D1 F7 6B 92 32 A0 AE
31.420000000,0x427,E9 66 96 C1 CF A1 69 6F
31.430000000,0x1A4,EA 3E 7A 2C D2 9E 3A D0
31.430000000,0x316,1F 7A F3 51 56 FC B9 32
31.430000000,0x427,75 AB 76 32 29 80 B6 0C
31.440000000,0x1A4,F6 65 97 AC CE 79 72 7E
31.440000000,0x316,08 97 A7 7F D5 8C FA 0B
31.440000000,0x427,25 A9 81 FD 57 17 40 46
31.450000000,0x1A4,43 34 AE 2C 7E C2 87 1E
31.450000000,0x316,B3 89 C4 1F 9B B9 E9 73
31.450000000,0x427,3F D0 CF 2B 76 5C F7 99
31.460000000,0x1A4,65 10 C6 2C 33 FD 56 97
31.460000000,0x316,5D F3 02 62 82 25 86 3C
31.460000000,0x427,37 DB 8F 93 83 DD 71 05
31.470000000,0x1A4,F6 2D D8 2C 68 EB 90 04
31.470000000,0x316,B0 55 C7 A4 C6 B7 86 C8
31.470000000,0x427,0A 92 29 DB B5 EC 64 93
31.480000000,0x1A4,96 9A F2 AC E0 8B 30 01
31.480000000,0x316,F3 71 61 E9 1C AE 36 76
31.480000000,0x427,C6 32 CC 48 20 05 8D 21
31.490000000,0x1A4,09 E8 0D AD F6 B6 83 F7
31.490000000,0x316,B8 9B 1E 67 75 5E 79 09
31.490000000,0x427,70 15 55 E5 26 4B 91 88
31.500000000,0x1A4,CB 4E 24 AD 0C 23 0B 87
31.500000000,0x316,CD C8 03 0A A8 2E 5F 56
31.500000000,0x427,B8 04 10 A5 D7 6B 2A 04
31.510000000,0x1A4,B2 BE 3F 2D 43 EE 4A 78
31.510000000,0x316,AE C5 59 18 4F 10 71 D4
31.510000000,0x427,B4 82 71 CD D5 9B 42 6A
31.520000000,0x1A4,14 27 57 AD 1D 39 0E 4D
31.520000000,0x316,73 01 51 46 7B 57 33 51
31.520000000,0x427,3A FA F1 C0 D2 F3 87 58
31.530000000,0x1A4,88 F7 74 2D BC 9F 6B 14
31.530000000,0x316,20 85 73 8E E3 10 4D C6
31.530000000,0x427,F1 36 2C 50 5C E5 6A 7E
31.540000000,0x1A4,D8 0B 89 AD 1E F6 0C 0C
31.540000000,0x316,49 1C B1 64 4F D0 66 4C
31.540000000,0x427,7B 00 4B B2 3B 40 E5 FB
31.550000000,0x1A4,0E 78 A7 2D 10 4F 4B 7E
31.550000000,0x316,B6 96 42 D9 11 F1 1E A4
31.550000000,0x427,C8 4E 97 F7 70 AE 14 E9
31.560000000,0x1A4,34 EB BC 2D 21 CE D3 D7
31.560000000,0x316,18 4F B8 5F 65 5A 0D F0
31.560000000,0x427,BC BD 33 9E DB 67 4D 1A
31.570000000,0x1A4,36 6E D7 2D 49 01 59 39
31.570000000,0x316,5C DD 3E 0C 95 1E 51 D3
31.570000000,0x427,64 50 A9 02 77 19 84 23
31.580000000,0x1A4,2C 2C EA 2D 70 A9 58 FE
31.580000000,0x316,D4 E3 A6 52 6F F9 83 DC
31.580000000,0x427,61 7B 06 B0 06 AB 68 B9
31.590000000,0x1A4,C0 E2 00 2E 27 80 F1 39
31.590000000,0x316,CE AA 91 2B 99 43 88 16
31.590000000,0x427,6B D7 EF 30 D5 22 5F B9
31.600000000,0x1A4,6B 97 1B AE 75 B6 F1 CF
31.600000000,0x316,98 E3 6E 5E D4 0C EF D0
31.600000000,0x427,8A 2E 23 E7 D2 6C 9D 89
31.610000000,0x1A4,5B 22 34 AE 36 D6 43 01
31.610000000,0x316,2C DB 21 EF 15 94 30 B0
31.610000000,0x427,0A 39 36 DE 8B 0C 70 0D
31.620000000,0x1A4,72 E4 4A 2E 76 37 21 E2
31.620000000,0x316,A3 17 F2 C8 68 0A 07 0B
31.620000000,0x427,E9 9F 5D 1C 3A F3 49 0C
31.630000000,0x1A4,F6 15 60 AE AF F4 E5 4D
31.630000000,0x316,C3 F6 35 13 12 9F 83 43
31.630000000,0x427,43 E7 4E 54 34 A1 1B B0
31.640000000,0x1A4,A7 39 7D AE 13 1F A8 CA
31.640000000,0x316,34 0D FF CF C6 9C 2A 61
31.640000000,0x427,C6 F4 18 45 C5 B2 DB B2
31.650000000,0x1A4,FC 4F 93 2E 55 85 C3 EC
31.650000000,0x316,19 75 44 23 78 30 5D 95
31.650000000,0x427,C0 06 F0 75 0C DC B1 1E
31.660000000,0x1A4,FA 74 AC 2E 46 C9 BF 51
31.660000000,0x316,F2 24 A5 DC CD 6C E3 25
31.660000000,0x427,FF E3 C6 C0 35 90 89 95
31.670000000,0x1A4,B7 C1 C6 AE 28 AC A3 D9
31.670000000,0x316,94 0B 41 F7 49 FC 3D E5
31.670000000,0x427,59 A1 CD 69 0E 1E 0C A3
31.680000000,0x1A4,2F 28 D8 2E 36 77 11 AB
31.680000000,0x316,6E DB 53 1F 5F 4E 92 85
31.680000000,0x427,72 11 10 87 CB F1 92 3D
31.690000000,0x1A4,C7 40 F0 AE 7D 69 59 7A
31.690000000,0x316,66 EC 48 A9 F8 71 77 7D
31.690000000,0x427,AB 09 F2 F9 1C 93 D1 47
31.700000000,0x1A4,79 C8 08 2F DD FE CB C5
31.700000000,0x316,FE F0 19 BB 1D A4 92 7B
31.700000000,0x427,62 07 D0 39 E9 29 80 17
31.710000000,0x1A4,66 2F 29 2F 20 D0 25 C4
31.710000000,0x316,E6 00 D6 4B 0A 17 1D B6
31.710000000,0x427,77 01 32 15 EB D7 5E 5A
31.720000000,0x1A4,A1 DA 42 AF 2F 16 E6 D5
31.720000000,0x316,B5 8F 74 DF C5 5E 0C 3E
31.720000000,0x427,7D BB D3 A8 65 97 AA A5
31.730000000,0x1A4,BB 8A 5A AF 67 DE 19 DB
31.730000000,0x316,BE 49 B5 34 1A 3B E9 B1
31.730000000,0x427,89 E7 F8 13 CF A9 3C 13
31.740000000,0x1A4,C6 9A 75 AF 8A 7B 9E 7E
31.740000000,0x316,51 A7 6D 0F FA CA 64 36
31.740000000,0x427,03 5D 5C 03 C9 D1 A5 AB
31.750000000,0x1A4,71 A7 8C 2F 28 B4 D8 77
31.750000000,0x316,50 F7 89 D1 8E 4E 93 62
31.750000000,0x427,4E 5B 1B 30 2F 57 D6 7C
31.760000000,0x1A4,9A C9 A2 2F 83 BD 27 57
31.760000000,0x316,51 D6 6A 35 E3 00 62 D0
31.760000000,0x427,83 85 2C 97 29 62 F8 C2
31.770000000,0x1A4,1F B8 BB AF 94 BD 90 83
31.770000000,0x316,59 F5 C3 DB 0D 4C 38 50
31.770000000,0x427,A6 56 AF C2 18 FA C2 F1
31.780000000,0x1A4,88 CA D3 2F F6 10 61 B5
31.780000000,0x316,92 C8 3A 74 DB 0A C1 A7
31.780000000,0x427,35 79 6C 27 C9 E0 09 D9
31.790000000,0x1A4,F7 A8 EF AF 92 90 0C 1B
31.790000000,0x316,0B 1D 04 EA 40 A5 4B 21
31.790000000,0x427,5F 48 02 38 B4 AB AC EA
31.800000000,0x1A4,5D C2 07 30 81 17 B5 62
31.800000000,0x316,D5 D6 9D F9 9E 93 D2 73
31.800000000,0x427,58 FE 2B DE 52 A6 D7 9E
31.810000000,0x1A4,23 61 1A B0 87 2A F9 33
31.810000000,0x316,DE 75 AF C7 2D D4 73 66
31.810000000,0x427,17 B8 1D 30 80 58 92 11
31.820000000,0x1A4,6C 6B 30 30 3D E3 4F 6C
31.820000000,0x316,26 C5 08 2A EC 20 AF AF
31.820000000,0x427,D9 2B A1 4E 57 26 95 F3
31.830000000,0x1A4,FC 44 4D B0 7D 26 C6 93
31.830000000,0x316,09 6D FC A5 BA E3 20 1A
31.830000000,0x427,AA C7 B4 25 CF 16 01 76
31.840000000,0x1A4,85 65 66 B0 06 B7 6F 1B
31.840000000,0x316,19 06 BA BE 6F 03 36 1C
31.840000000,0x427,61 80 95 3D 5F 1B 3F 04
31.850000000,0x1A4,20 9C 7B B0 BE 0E FA 75
31.850000000,0x316,D8 2E E1 2F 48 2A 4A 44
31.850000000,0x427,AA 6D 51 07 61 E4 EA 79
31.860000000,0x1A4,04 54 91 B0 25 1B E8 87
31.860000000,0x316,7E 46 E0 73 AB D7 19 5A
31.860000000,0x427,B7 F7 FC 43 16 A0 4A 1E
31.870000000,0x1A4,9F 22 AB B0 8F BD E0 8C
31.870000000,0x316,5D 66 85 15 8F B7 BB 5A
31.870000000,0x427,7A 0E 75 6E 85 F5 49 36
31.880000000,0x1A4,0A 09 C7 30 DB 12 9D 65
31.880000000,0x316,B9 8C 8F 80 01 15 4C 6E
31.880000000,0x427,01 7E 07 82 C1 F3 6F 55
31.890000000,0x1A4,B5 B3 DB 30 8E B2 FB 70
31.890000000,0x316,49 62 C8 45 59 F2 A9 5E
31.890000000,0x427,D6 40 0A 19 63 12 94 0C
31.900000000,0x1A4,29 13 F4 B0 07 FF EC 61
31.900000000,0x316,11 75 64 BB 53 B7 92 ED
31.900000000,0x427,7E C0 2E 6C D7 80 A5 31
31.910000000,0x1A4,73 F8 0B 31 76 C5 7F 30
31.910000000,0x316,61 D4 16 67 1F 9D 38 2D
31.910000000,0x427,31 9B 13 98 0A 11 A3 46
31.920000000,0x1A4,BE 6C 21 B1 98 B8 81 9B
31.920000000,0x316,1A A2 5D 7E E1 2D C4 84
31.920000000,0x427,68 23 FE 6E EF 84 F3 1B
31.930000000,0x1A4,48 89 38 B1 00 60 C4 0C
31.930000000,0x316,48 DB 76 A5 5F CF BA 3F
31.930000000,0x427,BA 2B 7F F5 01 EC 6F 1C
31.940000000,0x1A4,3C 61 56 31 6D F4 7C 1D
31.940000000,0x316,CE 6F 9A 0D 31 8D 22 E5
31.940000000,0x427,8D D8 22 09 7C 4E 42 93
31.950000000,0x1A4,EC 41 6C 31 C0 D7 1F 3D
31.950000000,0x316,DC 5F DB 10 E4 C8 39 88
31.950000000,0x427,90 3B DD 19 3E 83 84 46
31.960000000,0x1A4,64 9C 81 31 BE 17 F2 E1
31.960000000,0x316,5E C9 C6 9E 8E 3C 13 B3
31.960000000,0x427,74 32 40 B7 6C 34 91 67
31.970000000,0x1A4,BE 16 9C 31 AA 23 94 64
31.970000000,0x316,BF 13 EF 19 67 99 4A 38
31.970000000,0x427,BA 77 E2 BB CA 29 F6 D2
31.980000000,0x1A4,A8 B9 B0 B1 48 30 12 B1
31.980000000,0x316,84 24 AD 44 EF 91 C3 7E
31.980000000,0x427,86 1B A9 34 6F 90 C8 2B
31.990000000,0x1A4,85 72 CD B1 CD 85 1D 34
31.990000000,0x316,D2 7B FE 58 B5 D3 0B A3
31.990000000,0x427,24 E1 B9 49 14 CE B2 B4
32.000000000,0x1A4,A2 FE E7 B1 BA F7 B8 49
32.000000000,0x316,74 B5 DF BB AA 9C CB 00
32.000000000,0x427,F7 47 20 18 60 53 61 2F
32.010000000,0x1A4,B9 58 04 B2 0C 6E 64 E8
32.010000000,0x316,05 15 52 B3 F4 25 43 9F
32.010000000,0x427,6D D5 0C 7A 2A 0D 35 BD
32.020000000,0x1A4,DA B9 19 32 5F A1 41 DA
32.020000000,0x316,FF 60 1B E8 91 91 1C B0
32.020000000,0x427,B9 2A 16 3D BB 5C 94 2B
32.030000000,0x1A4,60 36 33 32 C0 03 73 AE
32.030000000,0x316,6C C7 C7 11 D4 46 A9 2A
32.030000000,0x427,AB CD F5 2F 67 21 08 55
32.040000000,0x1A4,43 D4 4D B2 8C 0E 89 74
32.040000000,0x316,C6 35 4F 24 35 8F 55 F6
32.040000000,0x427,FA 96 42 03 50 08 81 AA
32.050000000,0x1A4,4D 6E 67 32 04 55 8C 6D
32.050000000,0x316,BA 92 84 55 8B E8 54 05
32.050000000,0x427,40 A0 71 2D 4B 5E 70 F9
32.060000000,0x1A4,9E 81 7A 32 F6 17 9A E1
32.060000000,0x316,F6 C4 B4 13 08 A4 B4 2B
32.060000000,0x427,6C 3E E0 AD DD 72 A0 C2
32.070000000,0x1A4,B5 15 94 B2 45 EB 7D 02
32.070000000,0x316,C1 B8 10 98 F8 15 26 5A
32.070000000,0x427,A7 DF 33 F8 F2 EE 4C 79
32.080000000,0x1A4,31 E6 A9 B2 D4 F5 41 00
32.080000000,0x316,A3 B5 01 7D 08 40 8B DF
32.080000000,0x427,ED D7 5C 3F 84 3B FA 78
32.090000000,0x1A4,95 B8 C0 32 3D B0 90 0B
32.090000000,0x316,DB 29 A5 D1 82 B9 73 04
32.090000000,0x427,74 64 38 91 F6 82 17 AE
32.100000000,0x1A4,97 B6 DB B2 8F 99 68 4A
32.100000000,0x316,FD 16 DA D5 9E 0F 71 3A
32.100000000,0x427,98 0A 78 86 05 35 CE 80
32.110000000,0x1A4,BA 7B F4 32 F2 2F 47 C1
32.110000000,0x316,E9 75 86 25 BC 36 77 C6
32.110000000,0x427,01 7E 0A 18 39 1B 99 19
32.120000000,0x1A4,17 6A 0A 33 18 E8 CB CD
32.120000000,0x316,52 B7 76 BC 66 F3 EE 55
32.120000000,0x427,56 AA DE 73 C7 03 9C 7D
32.130000000,0x1A4,0D D6 24 B3 4A C9 CC 59
32.130000000,0x316,F2 14 63 FD B2 FB B3 8B
32.130000000,0x427,8C 00 E1 41 01 24 D5 A9
32.140000000,0x1A4,7A D3 3A 33 76 CA E7 40
32.140000000,0x316,D5 10 42 5D AC B0 70 75
32.140000000,0x427,B7 BC 78 03 D1 63 E7 D3
32.150000000,0x1A4,EA B8 55 33 BC 1E 17 4D
32.150000000,0x316,E6 DB CC B5 0E E9 6F 55
32.150000000,0x427,91 FB 30 E4 70 93 90 84
32.160000000,0x1A4,E2 5A 6F B3 D1 C6 F7 A9
32.160000000,0x316,80 7A 61 DB FC 02 79 DD
32.160000000,0x427,B9 67 F4 E6 C5 88 FC D7
32.170000000,0x1A4,1A A6 82 B3 D1 AD FE 7B
32.170000000,0x316,CA E8 DD 1C C7 9E 1A 45
32.170000000,0x427,F0 8C 8F AF 9D 6D F1 84
32.180000000,0x1A4,7C 55 9C B3 00 F4 C9 A3
32.180000000,0x316,10 62 4E 05 A2 CC DC 25
32.180000000,0x427,A5 FB 87 FA 8B A9 0A 69
32.190000000,0x1A4,BB 37 B4 B3 CF AB 62 38
32.190000000,0x316,15 45 CC A8 6E 7D 7C FE
32.190000000,0x427,91 11 42 24 BD 17 71 5B
32.200000000,0x1A4,F6 EE C9 33 6D 5E E9 07
32.200000000,0x316,6A E3 8E 3E EA 8E DC 93
32.200000000,0x427,9E FD B2 BD F9 58 20 B2
32.210000000,0x1A4,71 92 E1 B3 19 B3 43 6E
32.210000000,0x316,DA F1 02 5C D1 91 D0 34
32.210000000,0x427,6F B6 8E BE F5 A8 DA 16
32.220000000,0x1A4,F7 A2 FF 33 C7 89 AF EB
32.220000000,0x316,87 B7 6E F4 67 13 B6 60
32.220000000,0x427,2B 0E 84 A3 B8 68 A1 1B
32.230000000,0x1A4,90 EE 17 B4 28 E0 1F 46
32.230000000,0x316,EA 82 8C E0 9B F9 7B A0
32.230000000,0x427,C7 EF C5 AD 7E A4 7F 8B
32.240000000,0x1A4,58 5F 2B B4 AD 6B 92 E9
32.240000000,0x316,CA 50 03 73 8C C4 C1 FC
32.240000000,0x427,D3 8C 53 F5 CB 9E 47 E0
32.250000000,0x1A4,9B 5E 43 B4 B6 AB C9 2C
32.250000000,0x316,F0 4F EB 43 51 36 0B E9
32.250000000,0x427,0F 4B D7 AD D7 E8 4D 59
32.260000000,0x1A4,43 A2 5B B4 44 3D C9 54
32.260000000,0x316,74 4B 1A 64 87 64 D2 96
32.260000000,0x427,40 CC D3 6A 36 FC FC F1
32.270000000,0x1A4,56 18 73 B4 C7 21 B8 46
32.270000000,0x316,D6 CF 2F 4F C4 5E C9 30
32.270000000,0x427,22 87 85 0A 11 37 5B 94
32.280000000,0x1A4,70 D0 8B B4 0B 80 AB B3
32.280000000,0x316,7B D5 E0 57 9E 44 8C D5
32.280000000,0x427,A3 1C C4 9C AF 63 7A 1F
32.290000000,0x1A4,AA 35 A7 34 FF EF 9A CB
32.290000000,0x316,8F B1 7C 74 FD C9 10 91
32.290000000,0x427,86 E0 D8 F7 89 F4 E2 CA
32.300000000,0x1A4,EF D3 BE B4 49 D9 D4 58
32.300000000,0x316,53 24 D5 49 0B 73 35 1C
32.300000000,0x427,C3 2D 2F F8 10 3C 22 02
32.310000000,0x1A4,49 AE D1 34 C3 24 5F ED
32.310000000,0x316,9E AD 7E AF 0F 62 AA 25
32.310000000,0x427,F6 94 60 77 6E F9 50 AE
32.320000000,0x1A4,63 53 ED 34 5E 87 EF 85
32.320000000,0x316,16 C8 77 F7 73 23 2F 4A
32.320000000,0x427,A3 09 B1 9F 80 51 E2 8E
32.330000000,0x1A4,95 E5 00 B5 DE 99 A0 29
32.330000000,0x316,CD B7 BB 4D DE 8C A0 7C
32.330000000,0x427,90 67 CB 49 DE B4 8A 10
32.340000000,0x1A4,DB B6 1E B5 1F 36 73 4B
32.340000000,0x316,08 DD FD 03 CC 0C 30 74
32.340000000,0x427,E7 E6 7B 0A 80 A1 A2 37
32.350000000,0x1A4,52 D2 2B 35 91 0A 52 D3
32.350000000,0x316,B9 8A D3 97 80 7C 99 1F
32.350000000,0x427,28 13 9E 0D 5B 95 05 7D
32.360000000,0x1A4,6F 51 42 35 29 98 4D 01
32.360000000,0x316,19 A3 29 6E EE 6A 2D 5A
32.360000000,0x427,79 5C 06 A9 8F 3C 88 D5
32.370000000,0x1A4,3D 0E 5A 35 63 61 C6 0C
32.370000000,0x316,86 F1 5D 40 C5 89 41 23
32.370000000,0x427,E4 E6 A7 59 66 EE F3 E0
32.380000000,0x1A4,07 17 74 35 E8 03 07 C9
32.380000000,0x316,7A 1D E8 DB EE A0 82 80
32.380000000,0x427,F3 CD 52 AA 00 D9 61 F5
32.390000000,0x1A4,13 AC 8D B5 07 41 8D 8F
32.390000000,0x316,6B 81 B0 27 9C B7 24 F4
32.390000000,0x427,B7 52 04 16 C7 15 94 B6
32.400000000,0x1A4,82 8E A2 35 7F 55 84 24
32.400000000,0x316,9C 3C F4 FE C4 5E A9 BB
32.400000000,0x427,4E BA 5C 32 56 E1 9A 6E
32.410000000,0x1A4,6D 4B B9 B5 B7 13 13 EB
32.410000000,0x316,59 EE A9 14 71 00 72 4A
32.410000000,0x427,19 10 07 38 27 1C 3A 08
32.420000000,0x1A4,87 2D D2 35 05 D0 D4 EE
32.420000000,0x316,B2 2D C9 5A CC AB AC 3F
32.420000000,0x427,BD 2A CC CF A2 31 B2 AD
32.430000000,0x1A4,BB 5B ED B5 F7 AD E0 62
32.430000000,0x316,96 1B 2D 6C 00 4F 2C 66
32.430000000,0x427,61 34 87 F7 01 37 77 E7
32.440000000,0x1A4,05 9E 07 36 44 DA 9D E4
32.440000000,0x316,B9 FE E1 42 BC D7 91 EB
32.440000000,0x427,58 5B 51 4D D9 88 D7 98
32.450000000,0x1A4,B9 61 1C 36 9C 84 5D 2C
32.450000000,0x316,D9 3F 5C 90 BE A7 91 6F
32.450000000,0x427,5F E9 CD AD 30 1B 3D E0
32.460000000,0x1A4,E8 0A 36 36 3C DD EB CD
32.460000000,0x316,BE C7 02 94 DD 0F A1 23
32.460000000,0x427,02 23 EE AE A3 63 85 C4
32.470000000,0x1A4,73 DE 4A 36 0A 57 01 40
32.470000000,0x316,04 A1 BC 22 6A 71 93 6A
32.470000000,0x427,88 8A E5 8D 6C F3 13 33
32.480000000,0x1A4,B1 6A 62 36 77 39 14 4E
32.480000000,0x316,E4 BE E9 15 2A 17 1E 4C
32.480000000,0x427,98 F6 10 91 C8 A5 57 ED
32.490000000,0x1A4,BA 80 79 B6 AA 36 0E 76
32.490000000,0x316,3F 8F BB 8B 90 7A F1 2E
32.490000000,0x427,DC 4D 3F 60 F5 BD 4B C8
32.500000000,0x1A4,DF 63 94 B6 F5 58 77 D5
32.500000000,0x316,33 35 D8 6F 6E 3A 96 18
32.500000000,0x427,D1 EF 7B 23 14 62 CD 86
32.510000000,0x1A4,1E 72 A8 36 C6 B9 B2 B1
32.510000000,0x316,61 D6 31 50 E3 07 FA 80
32.510000000,0x427,97 48 54 EF 57 DC 66 AF
32.520000000,0x1A4,02 DB C4 B6 72 FC 88 5B
32.520000000,0x316,81 AD E7 77 B1 72 AC 5A
32.520000000,0x427,17 BA 7B 6D 03 FD 6F 77
32.530000000,0x1A4,52 42 DE 36 AB 62 21 F6
32.530000000,0x316,88 B5 06 69 03 B5 16 76
32.530000000,0x427,D9 92 15 07 91 6B 9D E9
32.540000000,0x1A4,C7 AA F4 B6 8E 99 C3 06
32.540000000,0x316,F3 2D 1E F5 E8 04 4B C4
32.540000000,0x427,AD 52 C1 6B 33 48 A3 16
32.550000000,0x1A4,19 CF 0F B7 DE 6A FD 23
32.550000000,0x316,B7 4E 7E 9D EE 3D 27 E8
32.550000000,0x427,19 6E 69 4D 51 B8 60 C9
32.560000000,0x1A4,93 06 26 37 9D 02 90 94
32.560000000,0x316,00 FC 1F 83 66 36 84 5F
32.560000000,0x427,D5 15 95 20 48 A1 F2 9E
32.570000000,0x1A4,89 B6 3B B7 E0 A8 60 E6
32.570000000,0x316,32 7F C9 90 18 D8 B7 E0
32.570000000,0x427,0D 8A 18 4B 7A 89 B4 0D
32.580000000,0x1A4,47 A5 55 B7 64 F4 58 D8
32.580000000,0x316,5E 52 85 64 C9 54 3D 20
32.580000000,0x427,10 37 27 67 15 50 8A AB
32.590000000,0x1A4,29 20 6E 37 B7 92 7A 76
32.590000000,0x316,8A 13 B7 CE 87 AC 53 C3
32.590000000,0x427,AE 28 FA DF C6 30 9C 84
32.600000000,0x1A4,F2 06 81 37 D2 AE D5 D6
32.600000000,0x316,83 A2 E9 0D F0 37 AC 15
32.600000000,0x427,3D 58 00 0E A7 2D 2A 45
32.610000000,0x1A4,B5 F3 9B B7 3D DE 75 FC
32.610000000,0x316,3B 88 5E A6 C1 8E 67 1B
32.610000000,0x427,F4 2B 5F 55 5F A5 26 98
32.620000000,0x1A4,01 25 B7 37 27 AB 6A D2
32.620000000,0x316,C3 3F 63 4A 07 E6 C0 90
32.620000000,0x427,ED 7A 41 7B 49 B2 CA B0
32.630000000,0x1A4,14 93 C8 37 CF B0 43 DD
32.630000000,0x316,62 D5 94 0F 17 DE 16 1F
32.630000000,0x427,6F A2 8F BD D7 7D A9 95
32.640000000,0x1A4,92 54 E6 B7 02 28 C5 82
32.640000000,0x316,D5 EB 46 BD 37 20 8A B7
32.640000000,0x427,7E BC 92 0D 2B 44 9A B3
32.650000000,0x1A4,8C 1A F7 37 2C E1 29 84
32.650000000,0x316,83 23 E7 24 B1 75 E2 8F
32.650000000,0x427,4F 6F 8C BD A9 8F 9F F7
32.660000000,0x1A4,2D 49 0C 38 7F 4A EB 22
32.660000000,0x316,EE 26 3A 39 6C 26 22 E5
32.660000000,0x427,12 6A F9 AC 53 4A C1 A3
32.670000000,0x1A4,F9 6D 25 B8 F0 5D 9F 27
32.670000000,0x316,81 45 07 4D 24 4D D4 A0
32.670000000,0x427,84 8A 96 4F 5D B1 19 B8
32.680000000,0x1A4,E7 7F 39 B8 73 82 C0 EF
32.680000000,0x316,60 C2 A6 01 CE E7 3C CE
32.680000000,0x427,21 05 26 7C 40 70 A8 9F
32.690000000,0x1A4,AB 00 52 B8 34 11 61 33
32.690000000,0x316,65 8F 5D 1D F5 38 30 11
32.690000000,0x427,2A 57 02 00 82 74 2C 27
32.700000000,0x1A4,55 06 6A B8 B6 10 41 E1
32.700000000,0x316,94 1C FC 1E 6C 17 13 85
32.700000000,0x427,29 0E CC 18 F0 E5 48 3F
32.710000000,0x1A4,CC 96 84 38 69 FD 85 1A
32.710000000,0x316,A4 2E 47 79 64 E1 4F 06
32.710000000,0x427,91 8F 2D D5 79 67 7C 81
32.720000000,0x1A4,DD EA 9D 38 62 D3 05 64
32.720000000,0x316,12 49 3F 0E AF 3F 11 ED
32.720000000,0x427,7D 08 2F 1F A2 CD C7 4C
32.730000000,0x1A4,DD 11 B1 38 EB 0A D5 7B
32.730000000,0x316,90 FB 91 FB EA 80 1D 2F
32.730000000,0x427,11 47 FD D1 45 3B 24 3C
32.740000000,0x1A4,B3 03 CB B8 87 B8 04 D9
32.740000000,0x316,ED CA F5 8B 9B 27 A1 42
32.740000000,0x427,3F 0B 5A D2 C2 D7 DD 9C
32.750000000,0x1A4,55 04 E3 B8 42 D0 6A 70
32.750000000,0x316,A4 FE FB DB 06 21 7D A8
32.750000000,0x427,D2 19 FE 9D C2 CE 89 1F
32.760000000,0x1A4,60 BB FE 38 E8 66 70 25
32.760000000,0x316,5A D1 DD A2 E1 5E 8B 05
32.760000000,0x427,4C 91 4F 2F AD 8B 45 24
32.770000000,0x1A4,DE 7F 14 B9 A9 01 9E BE
32.770000000,0x316,7F A6 4F A8 2A 54 9D 3D
32.770000000,0x427,46 F1 B7 2B 9E A5 F2 82
32.780000000,0x1A4,36 BD 2D B9 22 DD 1A B3
32.780000000,0x316,A3 49 F3 8B A8 34 4A 33
32.780000000,0x427,50 84 E5 79 BD D9 FF 7A
32.790000000,0x1A4,DA CF 47 39 EC 54 19 4A
32.790000000,0x316,C0 9B E3 AA DA E3 9A 19
32.790000000,0x427,C5 03 87 F5 74 39 B9 96
32.800000000,0x1A4,D0 E5 5A 39 8E F4 09 5E
32.800000000,0x316,68 5D EE AA F6 48 72 46
32.800000000,0x427,05 FA 24 64 AB 26 C5 62
32.810000000,0x1A4,18 5E 71 B9 70 4F C3 CC
32.810000000,0x316,94 5C 7A 1B 3E 53 C6 76
32.810000000,0x427,0F BA B9 6A EC 1D 41 D0
32.820000000,0x1A4,4D DA 81 39 FD 3D EE 25
32.820000000,0x316,C7 15 29 07 D8 5B 8E 48
32.820000000,0x427,29 58 03 75 35 9C C0 1E
32.830000000,0x1A4,B6 01 98 B9 2E A5 B1 63
32.830000000,0x316,E7 2E D2 02 AD 24 9E 94
32.830000000,0x427,59 C8 81 4D E9 B2 B9 08
32.840000000,0x1A4,D0 DC B5 B9 C7 13 82 A6
32.840000000,0x316,2A 21 AA E4 DF B2 3D A8
32.840000000,0x427,54 39 B0 9E B3 66 C9 71
32.850000000,0x1A4,CC EA C9 39 A6 C9 79 E8
32.850000000,0x316,5B FB 34 E8 4A 61 CF 5A
32.850000000,0x427,44 D5 79 F6 4D 65 A9 23
32.860000000,0x1A4,97 C2 E0 39 35 8D E6 E1
32.860000000,0x316,28 CE 1A B9 F1 6F 56 75
32.860000000,0x427,FC 2E E3 46 3B B1 55 02
32.870000000,0x1A4,BA 35 FC B9 02 4D 87 28
32.870000000,0x316,D0 59 95 5B 33 D6 29 80
32.870000000,0x427,46 4D 18 DB C8 F2 6B DC
32.880000000,0x1A4,7B 15 12 BA EA AF F5 35
32.880000000,0x316,A9 30 4D 59 07 8D 0D E7
32.880000000,0x427,F4 22 CB B4 09 0C 6A 86
32.890000000,0x1A4,B5 F4 2F 3A 61 ED 56 83
32.890000000,0x316,F4 6A 11 10 D7 D3 AB 2C
32.890000000,0x427,F0 52 EA A7 05 54 C2 26
32.900000000,0x1A4,BB F4 43 3A 08 40 EB A7
32.900000000,0x316,82 16 1E B8 AE 73 2A 90
32.900000000,0x427,AC C7 DB 56 75 98 A0 75
32.910000000,0x1A4,7D 30 5E BA A3 65 D1 DB
32.910000000,0x316,46 F7 64 C9 90 9D D9 23
32.910000000,0x427,A4 4C 41 47 2A 33 F3 C8
32.920000000,0x1A4,2E 40 72 BA 5A C8 8F A8
32.920000000,0x316,19 D0 8C 4D 07 FC 68 EC
32.920000000,0x427,60 83 D8 64 B2 37 76 11
32.930000000,0x1A4,92 76 89 BA 02 09 DE D6
32.930000000,0x316,97 80 27 A5 B5 B0 D6 7B
32.930000000,0x427,32 CB 63 60 5B 01 6A F6
32.940000000,0x1A4,7F C2 A4 3A AC 72 18 9B
32.940000000,0x316,70 60 B2 A8 81 06 2D 2E
32.940000000,0x427,F6 49 77 93 84 44 60 B5
32.950000000,0x1A4,9F E3 B2 BA A0 74 C9 81
32.950000000,0x316,B4 7B 80 C6 3A 01 AE A8
32.950000000,0x427,2F D6 82 86 E3 A2 5C 42
32.960000000,0x1A4,4F CC C9 3A 51 F8 A0 B2
32.960000000,0x316,5A AF F6 52 DD 02 BF 96
32.960000000,0x427,1F A2 87 F4 0A 60 AA 94
32.970000000,0x1A4,B6 C4 E4 3A 05 59 A1 95
32.970000000,0x316,CF D7 12 9E 37 6D 73 D4
32.970000000,0x427,3B B9 5D 67 0D 44 4C 11
32.980000000,0x1A4,D7 79 F8 3A 4E BE 8E 07
32.980000000,0x316,29 B7 1E DA 31 DC 9D BB
32.980000000,0x427,DD FF BF 28 4F F9 50 3B
32.990000000,0x1A4,C7 DF 16 3B 03 8B 4E AA
32.990000000,0x316,21 43 31 1B 66 E6 DA 7F
32.990000000,0x427,13 F4 29 EF 84 10 E8 AD
33.000000000,0x1A4,E8 33 2E 3B 5A 57 DB 52
33.000000000,0x316,30 6A 89 C2 77 D9 45 3B
33.000000000,0x427,71 56 38 FB 51 F8 90 C5
33.010000000,0x1A4,EE 7D 45 BB D1 17 D2 EA
33.010000000,0x316,CB C1 8E BB C6 C3 AC CB
33.010000000,0x427,AB F1 92 3C 3C 94 FD 1A
33.020000000,0x1A4,6A EB 58 BB CD 2F 79 E1
33.020000000,0x316,51 21 8B 2C 9F E6 68 BA
33.020000000,0x427,DD 19 79 E4 28 4B 53 62
33.030000000,0x1A4,9C 04 75 BB 46 7B 2B F9
33.030000000,0x316,D0 CC 88 6B 01 D2 20 EC
33.030000000,0x427,CC 8B 7A 10 A4 6C DA 0F
33.040000000,0x1A4,4F B7 8D BB A6 B5 1F 40
33.040000000,0x316,72 27 4E 1D 76 3E 94 09
33.040000000,0x427,84 01 C8 D8 83 BC FB BF
33.050000000,0x1A4,F7 5F A0 3B 2A 02 08 71
33.050000000,0x316,90 08 6B C3 E2 92 D3 5F
33.050000000,0x427,30 C4 45 9B AF 7C 9C A1
33.060000000,0x1A4,20 C3 B6 BB 9E A7 8A 07
33.060000000,0x316,11 D4 6D EC BC AB 8F 2C
33.060000000,0x427,88 7D 37 52 E9 AB 8F 1B
33.070000000,0x1A4,75 B0 CF BB 38 10 13 73
33.070000000,0x316,64 4A AC 60 4E 7C 1A 22
33.070000000,0x427,1B A4 26 FD 99 5E 2C A3
33.080000000,0x1A4,40 39 E3 BB 9C B3 74 8E
33.080000000,0x316,B0 CB 21 33 40 92 1A 32
33.080000000,0x427,3B 82 A3 40 71 ED B8 7D
33.090000000,0x1A4,3B F9 F8 3B AA 0C C9 AD
33.090000000,0x316,9E 26 3D 49 3A 24 BA 39
33.090000000,0x427,0D 5E 81 33 7B CC FD BD
33.100000000,0x1A4,F4 B3 16 3C DE C0 1E 6F
33.100000000,0x316,85 AB 57 D0 A6 B4 4D 87
33.100000000,0x427,61 24 05 CF 69 B7 3D CA
33.110000000,0x1A4,74 4C 2A 3C 9E 4B 05 16
33.110000000,0x316,DD 06 05 95 F6 CA 34 06
33.110000000,0x427,56 B9 0D A1 71 92 B7 F5
33.120000000,0x1A4,EF 2F 45 BC C0 F6 A0 18
33.120000000,0x316,09 2C 1B 34 14 5D 82 08
33.120000000,0x427,7F BD 5C CF F2 E8 FB 23
33.130000000,0x1A4,5F B8 5E BC 56 2A 57 01
33.130000000,0x316,9C 30 0C 5C BF 23 3E C6
33.130000000,0x427,44 7B 74 68 66 C8 7B 91
33.140000000,0x1A4,CC B8 74 BC F2 4A 4F DD
33.140000000,0x316,50 4E 6C 12 52 DB 38 57
33.140000000,0x427,32 1B 70 2F 51 39 AF AE
33.150000000,0x1A4,A8 C7 8F BC 63 AF 2E F5
33.150000000,0x316,D0 8A 36 E9 F6 C9 70 BA
33.150000000,0x427,57 57 69 A4 31 22 35 87
33.160000000,0x1A4,10 5B 9D 3C DA CF AC 30
33.160000000,0x316,72 5B 18 D5 37 11 1D 35
33.160000000,0x427,D2 C5 03 92 EE 00 DC D3
33.170000000,0x1A4,AE 8E B6 3C 69 B9 37 80
33.170000000,0x316,52 9F 23 5A 0E 9D 42 5B
33.170000000,0x427,75 A1 54 9E AC 64 56 E6
33.180000000,0x1A4,63 C9 CE BC 86 D6 79 DA
33.180000000,0x316,09 AE 4B 23 7C 63 35 CD
33.180000000,0x427,8B 0C 31 11 1C 50 5A 70
33.190000000,0x1A4,E9 68 E1 3C 0E D9 1E A0
33.190000000,0x316,BE 48 49 60 40 F3 BC DF
33.190000000,0x427,5F 61 24 12 21 F9 B3 91
33.200000000,0x1A4,99 3B F9 3C 02 AE 8F 20
33.200000000,0x316,B8 89 4A C8 71 4A 6A 84
33.200000000,0x427,8E 9A 58 4C 42 6F D5 19
33.210000000,0x1A4,10 7F 10 3D 07 9B AB 7F
33.210000000,0x316,82 DD 06 3B 72 BA 2D 0D
33.210000000,0x427,A9 38 FB 99 32 B3 60 8A
33.220000000,0x1A4,FA 28 2F 3D 10 58 C5 05
33.220000000,0x316,65 74 59 39 EA 89 42 D2
33.220000000,0x427,56 4F CC F0 C0 A7 36 4A
33.230000000,0x1A4,DC 1A 42 BD 45 8A 01 D4
33.230000000,0x316,9E 8F 5A 40 26 FC F2 63
33.230000000,0x427,55 B8 09 B4 DE AC 9F 5B
33.240000000,0x1A4,1E 5B 5D 3D D5 64 58 DF
33.240000000,0x316,65 E0 18 DF EE B5 69 28
33.240000000,0x427,6A 5F D6 F7 DD E3 BE 49
33.250000000,0x1A4,EE 97 6C 3D A2 FF CF 88
33.250000000,0x316,D9 85 4A 93 15 49 CC 3D
33.250000000,0x427,60 00 6B DA 25 E7 8B 84
33.260000000,0x1A4,A3 09 83 BD E3 B4 7A 9C
33.260000000,0x316,A8 14 03 80 91 EA EE 4F
33.260000000,0x427,7E 42 33 66 78 83 5F 9E
33.270000000,0x1A4,03 7F 98 3D 6D D4 C2 8B
33.270000000,0x316,92 88 90 B2 C2 8D 4D E4
33.270000000,0x427,F4 44 62 1C 50 94 30 95
33.280000000,0x1A4,72 0F B2 3D BF 70 DA EF
33.280000000,0x316,85 28 DA EA 59 A1 24 FC
33.280000000,0x427,25 72 57 43 6E 36 3A A7
33.290000000,0x1A4,FE A3 CC 3D 0A 28 43 08
33.290000000,0x316,0D 22 8A 56 78 3E E1 6B
33.290000000,0x427,AF 1A C9 42 BE B4 54 33
33.300000000,0x1A4,AB 7E E4 3D 16 CE 55 E3
33.300000000,0x316,B5 BB C5 C3 E1 4F 34 0F
33.300000000,0x427,61 6B A8 23 47 A2 48 34
33.310000000,0x1A4,8B EA FD BD D5 56 17 D1
33.310000000,0x316,4C 14 DF BB 33 44 61 54
33.310000000,0x427,27 AF 96 EC AA 58 E1 C1
33.320000000,0x1A4,67 65 10 BE F7 C5 8D E9
33.320000000,0x316,81 50 D6 E0 D6 C2 F4 0F
33.320000000,0x427,B0 68 51 3C D1 A0 59 7E
33.330000000,0x1A4,B4 5A 22 3E 9A DE 3F CE
33.330000000,0x316,6F F8 AF F2 21 E1 58 90
33.330000000,0x427,CC C4 81 E7 69 12 29 9C
33.340000000,0x1A4,B8 C2 3D BE 4D C9 C2 D5
33.340000000,0x316,0E AC FC C3 3E 80 B7 CE
33.340000000,0x427,2F 7D 0D 09 C0 55 89 58
33.350000000,0x1A4,27 7D 56 BE AC 87 1D 12
33.350000000,0x316,12 28 2D F3 58 B7 8E 6A
33.350000000,0x427,EB 33 20 99 D1 11 42 BD
33.360000000,0x1A4,CD 62 68 BE B8 C5 EA ED
33.360000000,0x316,4B C6 A1 14 D8 6B 34 E3
33.360000000,0x427,84 34 2A 8D 86 C4 90 7A
33.370000000,0x1A4,17 6C 84 BE 35 97 24 21
33.370000000,0x316,F2 09 40 45 E3 23 2C B9
33.370000000,0x427,62 89 AF 0A 8E C1 A3 1A
33.380000000,0x1A4,43 16 9D 3E 61 F6 20 7F
33.380000000,0x316,73 5A F2 81 A9 A8 A9 39
33.380000000,0x427,D7 7B 7C A6 D5 7C AA 59
33.390000000,0x1A4,D3 CD B7 3E 17 82 43 7A
33.390000000,0x316,3C D3 AC 4D 25 20 13 C8
33.390000000,0x427,24 B0 8E D9 9C 03 5F E0
33.400000000,0x1A4,02 F9 C9 BE 20 29 4E 3A
33.400000000,0x316,28 4E 7D 05 46 2C 66 EE
33.400000000,0x427,C9 D8 2B 0E B7 1F BF 06
33.410000000,0x1A4,6E 84 DB BE FA 85 25 C8
33.410000000,0x316,2E 7F B5 CF 5A 7A 38 32
33.410000000,0x427,86 67 C0 88 9E FD AE 9B
33.420000000,0x1A4,3A 42 F4 BE EF 98 1F 61
33.420000000,0x316,19 B3 93 AE 05 16 00 AF
33.420000000,0x427,22 8F E8 BC 66 DD A1 04
33.430000000,0x1A4,0F 60 08 BF 5B B6 6F 7B
33.430000000,0x316,03 13 59 0D 3C 9C 1A 63
33.430000000,0x427,30 B4 03 C4 68 00 92 60
33.440000000,0x1A4,18 64 20 BF D9 8E 0F 20
33.440000000,0x316,88 0A 02 6E 82 DF 8A B3
33.440000000,0x427,23 F7 44 6D EC F9 AE 8C
33.450000000,0x1A4,54 EC 3C 3F 53 DC 96 1D
33.450000000,0x316,B0 AD 1D 70 9A C2 34 1E
33.450000000,0x427,6C 68 AB E5 B9 72 9B 9D
33.460000000,0x1A4,71 62 57 BF 2B 23 4F E7
33.460000000,0x316,D4 27 22 5E B7 D9 0E 5A
33.460000000,0x427,9C C2 92 31 F1 14 D7 57
33.470000000,0x1A4,4F 17 68 3F 1E 8B 06 EB
33.470000000,0x316,64 02 D4 0E 13 B9 F8 3C
33.470000000,0x427,FA 8A 66 3B A0 B5 8C 17
33.480000000,0x1A4,8A A2 7F BF 3D 9D 92 02
33.480000000,0x316,19 EC 24 3A C9 A8 BE 69
33.480000000,0x427,0F 91 5A BF BD 5D A8 C0
33.490000000,0x1A4,C0 F1 91 BF 03 B9 C7 CE
33.490000000,0x316,5C E6 0D CB 1B 8E 45 89
33.490000000,0x427,50 A2 6B 91 2F 38 B8 0B
33.500000000,0x1A4,20 29 AE BF C9 9B 40 CD
33.500000000,0x316,53 64 D0 03 57 B1 8D DF
33.500000000,0x427,95 92 46 B8 11 EA FA 3F
33.510000000,0x1A4,07 FD C7 BF 60 ED 8F 0E
33.510000000,0x316,B0 D2 9C 13 41 EA 80 0E
33.510000000,0x427,F0 73 70 20 D5 32 45 70
33.520000000,0x1A4,D6 5F DB 3F DB 35 58 48
33.520000000,0x316,4F 32 31 0B D3 8D 6A 50
33.520000000,0x427,94 CE 83 59 9D EF 37 9A
33.530000000,0x1A4,12 C6 F3 BF 80 DF F2 E3
33.530000000,0x316,14 CC 86 3E 84 BF 82 FF
33.530000000,0x427,79 8F DB 4A 74 15 35 21
33.540000000,0x1A4,A6 EE 0A C0 63 71 D7 65
33.540000000,0x316,36 2C 8C 7A 00 59 57 A8
33.540000000,0x427,96 0E 54 1F 18 4D 16 A8
33.550000000,0x1A4,92 6A 19 40 06 80 8D 13
33.550000000,0x316,3A 08 0D 40 86 06 39 F0
33.550000000,0x427,B5 65 2C 8B CB 4D B3 34
33.560000000,0x1A4,FC AE 33 40 8C 9A 8B B4
33.560000000,0x316,B1 49 37 BC 2C 9C 3C D0
33.560000000,0x427,BE 9E 61 5B 13 BF CB E5
33.570000000,0x1A4,C9 0C 4C C0 B4 B4 D7 DB
33.570000000,0x316,75 BF 64 38 3A F5 8B 71
33.570000000,0x427,DC F0 8F B6 8E FC 7E 4D
33.580000000,0x1A4,FE 5B 61 C0 C2 5C EF 5D
33.580000000,0x316,F8 BC BB C7 F5 EE 28 8D
33.580000000,0x427,C8 4C ED 4A 22 E1 74 DE
33.590000000,0x1A4,68 34 7D C0 5F 45 84 3E
33.590000000,0x316,BD 42 DF 86 D9 3C 9A E4
33.590000000,0x427,B8 30 7D 44 7C BD A0 51
33.600000000,0x1A4,55 2A 91 C0 7F 72 9A 8A
33.600000000,0x316,41 CC E1 80 33 87 B8 1A
33.600000000,0x427,43 C8 D2 0D DA 19 BD 58
33.610000000,0x1A4,10 47 A2 C0 43 68 2C 69
33.610000000,0x316,EF C1 9B B4 6D 20 58 F3
33.610000000,0x427,3E FD 32 9F 98 1B 78 7C
33.620000000,0x1A4,14 EA BF 40 D9 0A 15 14
33.620000000,0x316,10 2D 1C 34 A5 0E 7C E9
33.620000000,0x427,86 0C 1B 23 DA A6 67 D7
33.630000000,0x1A4,79 19 D7 C0 C6 EC 5F 85
33.630000000,0x316,07 67 04 3B D6 7E 10 4E
33.630000000,0x427,CC B9 ED BD 68 28 8F 8D
33.640000000,0x1A4,BA FF EC 40 86 6A 6C 1F
33.640000000,0x316,32 F3 54 5F 41 C0 93 B9
33.640000000,0x427,AF 42 FE D0 93 70 B6 C9
33.650000000,0x1A4,51 92 07 41 AB 9F 2E 09
33.650000000,0x316,4B 4A 58 FA 76 DB 2F 3C
33.650000000,0x427,86 89 C6 B2 2F 05 B6 70
33.660000000,0x1A4,4F 60 18 C1 FF 15 A2 C3
33.660000000,0x316,81 CF 29 74 50 C1 FA F3
33.660000000,0x427,5B BE 3E 1D 10 3D 73 05
33.670000000,0x1A4,B2 66 28 41 AA 68 19 D6
33.670000000,0x316,C0 3E A4 08 9E 49 32 45
33.670000000,0x427,F6 DD 28 47 33 E8 96 96
33.680000000,0x1A4,CC 66 41 41 3F DB E7 4C
33.680000000,0x316,3F FE C1 D3 0B 90 10 F7
33.680000000,0x427,52 5A A1 15 1A D0 49 0F
33.690000000,0x1A4,DF 9A 5A 41 9E 60 C5 DA
33.690000000,0x316,49 6D 18 9C 86 A5 49 62
33.690000000,0x427,C6 BF CF 7E E8 40 D3 04
33.700000000,0x1A4,C8 AD 76 C1 98 4C F1 61
33.700000000,0x316,6E 4A 79 62 11 47 AB 71
33.700000000,0x427,48 D1 5E 0B 33 74 75 39
33.710000000,0x1A4,BD BA 8A 41 AB 92 1B 61
33.710000000,0x316,32 98 36 2F E0 E3 F0 A8
33.710000000,0x427,98 95 5B 6E 47 64 51 88
33.720000000,0x1A4,64 E3 A0 41 B8 22 10 A9
33.720000000,0x316,3D 2F 1E 4E 31 AD 03 08
33.720000000,0x427,56 F7 A2 8A E4 B9 53 C3
33.730000000,0x1A4,D6 B7 B1 41 BB E7 ED EF
33.730000000,0x316,07 6B A7 06 88 4C F9 E8
33.730000000,0x427,90 56 D6 9B 8E 79 25 C1
33.740000000,0x1A4,51 BF CE C1 FB 66 12 56
33.740000000,0x316,0C FB 35 EC 43 22 02 D4
33.740000000,0x427,A0 9D 4E E8 60 58 35 43
33.750000000,0x1A4,43 21 E4 C1 E7 78 D9 C0
33.750000000,0x316,88 10 49 97 FF 6F 6F 37
33.750000000,0x427,0A 48 DB C1 50 17 00 07
33.760000000,0x1A4,8A 21 F8 41 3B 21 CD B9
33.760000000,0x316,64 09 49 D4 D4 9F 1C 9F
33.760000000,0x427,F1 9A 1F 6F 7A 49 A1 DD
33.770000000,0x1A4,1D DD 13 42 FB 4D 59 C8
33.770000000,0x316,5C 90 AE BA 54 88 B6 ED
33.770000000,0x427,BC 1F 44 BC 7F 55 9D C0
33.780000000,0x1A4,F7 52 27 42 D3 8C B1 CE
33.780000000,0x316,32 33 F5 1B BE AF A4 8D
33.780000000,0x427,BD 36 5B 63 3E 4F D5 F3
33.790000000,0x1A4,F6 EB 3E C2 C3 87 B6 EE
33.790000000,0x316,32 69 8F AD C5 41 94 49
33.790000000,0x427,5D 94 C7 DB FA 0A AB FD
33.800000000,0x1A4,3C 33 57 C2 32 1F E6 88
33.800000000,0x316,27 1A A8 76 B7 73 80 6C
33.800000000,0x427,B5 14 96 92 83 D0 1E B8
33.810000000,0x1A4,11 4F 6C C2 54 FE DD C4
33.810000000,0x316,29 79 D7 84 C9 F5 95 42
33.810000000,0x427,73 CD 9C 29 8F 8C D6 F5
33.820000000,0x1A4,06 4A 84 42 C6 19 A3 77
33.820000000,0x316,65 DC E1 BE E9 E3 1B FE
33.820000000,0x427,A2 97 B6 EC 50 70 FC 3C
33.830000000,0x1A4,F3 68 9A 42 55 DA 5F E8
33.830000000,0x316,78 0F E3 03 A2 F6 DB 47
33.830000000,0x427,1E DC B1 CC 58 CA BE AE
33.840000000,0x1A4,A2 96 AA C2 B3 9B 3E 46
33.840000000,0x316,78 BE E5 15 92 C1 B1 FF
33.840000000,0x427,77 95 FB 3F 74 7C 76 C5
33.850000000,0x1A4,42 3D C5 C2 9A 2E BB 4B
33.850000000,0x316,30 85 68 56 BF 78 32 92
33.850000000,0x427,B5 95 04 65 A7 18 E2 09
33.860000000,0x1A4,3F 81 DC C2 12 8D 36 46
33.860000000,0x316,F4 08 98 5C 57 A0 CC 44
33.860000000,0x427,25 4B C3 A8 47 A3 21 40
33.870000000,0x1A4,C0 16 F5 C2 F4 0B 2D A7
33.870000000,0x316,9D 2A 6D CF B7 36 85 C5
33.870000000,0x427,8B D5 A5 9B 0D A8 28 03
33.880000000,0x1A4,9E 8B 0A 43 4A AE 90 4E
33.880000000,0x316,BD 5A 85 91 B2 A5 28 A9
33.880000000,0x427,44 5C 2C 52 3C 15 04 D6
33.890000000,0x1A4,F2 6B 1F 43 42 D5 FB D8
33.890000000,0x316,65 D0 C4 2D 2F 72 9D 71
33.890000000,0x427,03 19 75 76 F9 96 6B 04
33.900000000,0x1A4,05 E5 35 43 A5 59 45 02
33.900000000,0x316,41 94 68 77 08 14 79 09
33.900000000,0x427,96 45 44 F7 37 50 D5 5B
33.910000000,0x1A4,DF E7 4E 43 BF 21 43 A3
33.910000000,0x316,78 B4 25 D8 90 E3 7D 8E
33.910000000,0x427,A1 86 C4 37 2D B9 9A 68
33.920000000,0x1A4,6B 6A 67 43 7F B8 5E 94
33.920000000,0x316,2B 71 57 F0 7E 2F 5D 14
33.920000000,0x427,A5 24 C5 46 B4 B1 A4 E5
33.930000000,0x1A4,79 7D 7E C3 0B B0 2B 8D
33.930000000,0x316,E6 0A 64 50 79 07 0B F4
33.930000000,0x427,64 27 65 10 F6 A4 C0 70
33.940000000,0x1A4,1F A1 8F 43 74 BE 0C 42
33.940000000,0x316,BD 0E 17 C4 FB 82 67 C9
33.940000000,0x427,4A 65 B1 46 18 44 71 42
33.950000000,0x1A4,B4 69 A2 C3 8F A9 B3 7E
33.950000000,0x316,06 A7 91 20 4B 20 38 3A
33.950000000,0x427,C4 D7 5D A1 AD B9 AB 2C
33.960000000,0x1A4,EA 5A BB 43 E9 87 09 DF
33.960000000,0x316,FD EC 31 9E 23 2F EE A7
33.960000000,0x427,ED 40 B1 0C 08 6C 90 3B
33.970000000,0x1A4,B7 5E D4 43 81 EB 93 A7
33.970000000,0x316,A9 40 DB 09 31 5E 2B 2F
33.970000000,0x427,F9 8C 37 AF 34 59 B8 81
33.980000000,0x1A4,7F 55 EE C3 30 15 B8 70
33.980000000,0x316,CD B7 73 94 64 D4 3C 51
33.980000000,0x427,FD 99 BD 0A F9 20 AC 8D
33.990000000,0x1A4,08 C1 FC C3 1C 17 5B 3A
33.990000000,0x316,97 6E 91 0F 1D DC A2 F3
33.990000000,0x427,4E B8 EC B6 05 D2 F1 FD
34.000000000,0x1A4,74 69 11 44 4F 1A AC F9
34.000000000,0x316,BA EB E7 41 1E 52 20 04
34.000000000,0x427,F9 D2 AA AD 27 64 4D D8
34.010000000,0x1A4,06 7C 2C C4 36 C2 72 D9
34.010000000,0x316,53 2A 74 5A 57 5D 5A 8A
34.010000000,0x427,15 C6 E3 B7 40 A0 73 0B
34.020000000,0x1A4,ED 88 47 C4 FC 17 15 3C
34.020000000,0x316,E6 E1 87 59 5C 23 F2 1B
34.020000000,0x427,4F AC D5 13 40 AF C6 81
34.030000000,0x1A4,4F B5 5D 44 55 88 F9 1C
34.030000000,0x316,48 39 D3 82 26 C7 D3 13
34.030000000,0x427,1E A3 AA 3C 52 17 3C 34
34.040000000,0x1A4,38 E9 6E 44 C2 7F 03 92
34.040000000,0x316,39 68 11 5F D2 60 42 D4
34.040000000,0x427,31 01 9C D2 E8 14 57 AE
34.050000000,0x1A4,08 FD 84 44 A5 D2 46 12
34.050000000,0x316,59 B5 52 A4 B9 7C 2D 6D
34.050000000,0x427,53 E9 37 E0 3A 38 78 48
34.060000000,0x1A4,6E DB 98 44 A2 62 52 06
34.060000000,0x316,22 29 98 53 0A 2C 62 9B
34.060000000,0x427,67 25 C5 C9 E5 C3 3B 5C
34.070000000,0x1A4,D9 A0 B1 44 BE 13 A0 F9
34.070000000,0x316,CE B3 7B 68 3B 7F BB E5
34.070000000,0x427,4F 0B E8 A6 B7 5C ED 5F
34.080000000,0x1A4,6B D0 C6 44 F1 56 46 F1
34.080000000,0x316,FF 5F 37 F9 15 B7 47 4B
34.080000000,0x427,5D E9 35 9F 87 EE F9 07
34.090000000,0x1A4,D2 42 DA 44 C8 08 49 5E
34.090000000,0x316,44 99 6B 0B EA A0 76 4A
34.090000000,0x427,F4 B2 28 EE 90 8B 6A 26
34.100000000,0x1A4,9E 7C F0 C4 69 AE 5A 97
34.100000000,0x316,1C 7B 89 06 F0 06 32 1B
34.100000000,0x427,86 EC E9 9B B4 87 23 36
34.110000000,0x1A4,88 54 0B C5 09 B3 27 50
34.110000000,0x316,2B 89 C3 82 CA 91 3C B7
34.110000000,0x427,97 57 E7 C7 B0 8E F6 BD
34.120000000,0x1A4,B9 3B 20 C5 99 4D 91 C8
34.120000000,0x316,97 4C DC 94 AC B2 7C B6
34.120000000,0x427,2F D7 13 58 AB E5 9F F0
34.130000000,0x1A4,FD A2 31 45 4C A3 FB 60
34.130000000,0x316,6D 82 AA D4 00 ED 2A 95
34.130000000,0x427,4D 71 58 08 40 0A 35 A8
34.140000000,0x1A4,FF 28 4C C5 6D 4B 6B 26
34.140000000,0x316,8A 17 8F 61 61 87 3A C3
34.140000000,0x427,F4 2F 71 FF 50 C3 32 A6
34.150000000,0x1A4,27 F8 64 45 51 A2 86 F4
34.150000000,0x316,B6 AE CA 13 74 75 68 F5
34.150000000,0x427,40 19 7E EF 40 A5 08 FE
34.160000000,0x1A4,1D 24 7E 45 EE 35 BE 90
34.160000000,0x316,3D 1B E5 80 AA AB 70 FF
34.160000000,0x427,47 73 0E 93 32 F0 5C A1
34.170000000,0x1A4,F0 FF 88 C5 A7 3A E4 BB
34.170000000,0x316,79 4C 07 6B 3E C4 F9 89
34.170000000,0x427,66 E1 A8 BB 6B BD 09 1F
34.180000000,0x1A4,A5 FD A3 C5 11 0A E4 E0
34.180000000,0x316,1F 0B 1B 87 F2 32 57 CC
34.180000000,0x427,7A 9D 2A 0D 92 09 6B 9B
34.190000000,0x1A4,4D 90 BA 45 22 2F C1 A8
34.190000000,0x316,80 3A 42 86 76 BD 34 85
34.190000000,0x427,74 84 E6 70 01 F0 22 51
34.200000000,0x1A4,AC 28 D1 45 F5 10 ED 31
34.200000000,0x316,9F AE 04 D6 76 2C 43 93
34.200000000,0x427,E2 53 06 4B 3B DA 3B E9
34.210000000,0x1A4,27 AF E0 45 E4 AA 24 54
34.210000000,0x316,FC 0D 3A 3E 60 A7 8B CC
34.210000000,0x427,43 47 84 C4 21 C9 3B FA
34.220000000,0x1A4,53 BC F9 45 23 A7 1B 3B
34.220000000,0x316,43 B2 B0 74 46 CE 97 50
34.220000000,0x427,4E 44 89 BF 17 00 EF F8
34.230000000,0x1A4,9B F6 13 46 A7 3D 6D B1
34.230000000,0x316,C9 38 B5 3D AD 02 EC 71
34.230000000,0x427,DF AB 98 BB 56 D5 25 F5
34.240000000,0x1A4,D3 8A 2E C6 F2 E5 F0 68
34.240000000,0x316,71 3E A4 5C 89 91 66 14
34.240000000,0x427,DB A9 1B 5A 43 1E 7A 8F
34.250000000,0x1A4,55 D9 39 C6 8A D1 91 13
34.250000000,0x316,83 8D 25 EA E6 7E BF 5C
34.250000000,0x427,42 A1 40 A7 F4 8C F1 7B
34.260000000,0x1A4,EC 9A 57 C6 F2 34 F8 3A
34.260000000,0x316,7E 91 EF 72 6F 3A 4B C9
34.260000000,0x427,DC C4 39 6B 8F C4 D1 3A
34.270000000,0x1A4,EE 69 68 C6 62 15 EC D3
34.270000000,0x316,4F 1C A8 D3 9A 51 9B FC
34.270000000,0x427,BB 6E 12 20 36 C9 FB EC
34.280000000,0x1A4,1D 32 81 C6 27 A5 B4 3E
34.280000000,0x316,54 50 C5 C6 B0 A3 C5 E8
34.280000000,0x427,C4 9D 59 68 5A 27 92 AC
34.290000000,0x1A4,8B 86 9A C6 AA 98 78 AA
34.290000000,0x316,22 27 5D 23 6C 0A 05 9B
34.290000000,0x427,29 A4 A1 42 32 37 BD CB
34.300000000,0x1A4,C3 4E A9 46 FF 3F 71 57
34.300000000,0x316,4A 1A 58 50 E1 E3 32 1E
34.300000000,0x427,14 93 DD 14 8A A3 93 68
34.310000000,0x1A4,F4 22 C0 46 36 61 49 81
34.310000000,0x316,F7 1F B6 FB F4 72 FD 25
34.310000000,0x427,95 81 75 93 15 E8 83 7E
34.320000000,0x1A4,27 06 DC C6 08 22 A6 E1
34.320000000,0x316,B0 0F CC C5 33 F5 B6 32
34.320000000,0x427,C3 0A 5E E6 AA F4 0E 2E
34.330000000,0x1A4,B9 1F F4 C6 3A E0 3D 74
34.330000000,0x316,7B 9C F8 03 38 80 B1 2A
34.330000000,0x427,80 04 EC 1E 27 0C 2B 6B
34.340000000,0x1A4,18 9E 04 47 2D 6F F8 C3
34.340000000,0x316,F9 DF F8 8D 43 1F 1D B6
34.340000000,0x427,C8 AE 1C EE 32 C3 48 78
34.350000000,0x1A4,EE AD 1B C7 34 D5 DA 19
34.350000000,0x316,B8 9D 5B 20 10 DA 94 DE
34.350000000,0x427,D4 2E B9 08 31 C1 77 D5
34.360000000,0x1A4,48 88 31 47 4A 5F 20 06
34.360000000,0x316,57 E4 A6 B0 2F 4B BC 2A
34.360000000,0x427,E3 47 6C FD 8B 17 B1 12
34.370000000,0x1A4,38 82 43 47 AC 4B D0 83
34.370000000,0x316,D4 D8 EB DD CA D6 80 87
34.370000000,0x427,8B E0 2A EB 9C 72 5B 63
34.380000000,0x1A4,EC 9B 5D C7 FC B2 1F 6C
34.380000000,0x316,B2 D8 B7 5A 44 C2 A0 20
34.380000000,0x427,B3 47 FE 66 43 EB 69 B2
34.390000000,0x1A4,D2 AB 73 C7 91 AD CE 3D
34.390000000,0x316,24 8D 44 B6 3A BB 1B 4B
34.390000000,0x427,02 BA 78 1E 7A 11 39 56
34.400000000,0x1A4,3E BB 8D C7 77 8F 20 D3
34.400000000,0x316,5D 85 FA E5 1F 12 2E 56
34.400000000,0x427,33 1A 6B 97 1C 87 D7 9B
34.410000000,0x1A4,EA 6F 9B C7 81 EE 96 1B
34.410000000,0x316,99 92 7F FE E1 C2 E0 B8
34.410000000,0x427,AB B2 94 0B 5B 72 E1 12
34.420000000,0x1A4,D8 9D B6 C7 9E 8C B4 EB
34.420000000,0x316,D4 80 DE 5A 30 E5 2D F3
34.420000000,0x427,11 CE EA 72 31 F2 21 E9
34.430000000,0x1A4,9C 03 CC 47 B0 34 7E A1
34.430000000,0x316,23 0F 23 73 93 59 9E BD
34.430000000,0x427,4C C2 B5 D5 B3 63 89 6F
34.440000000,0x1A4,E5 FB E6 47 8B 02 F6 C1
34.440000000,0x316,3C 9F 23 7A B9 A6 3A B3
34.440000000,0x427,33 82 75 22 E6 ED C2 BB
34.450000000,0x1A4,52 A1 F6 47 69 E4 44 B9
34.450000000,0x316,73 AC 15 C4 15 48 ED 96
34.450000000,0x427,13 61 95 EA 9B 78 F2 D1
34.460000000,0x1A4,4C 6C 0E C8 7C 55 66 82
34.460000000,0x316,73 3A 73 15 6B 46 FA 26
34.460000000,0x427,C6 FC 45 E5 86 1D FE 01
34.470000000,0x1A4,AF 1B 23 C8 00 03 D2 97
34.470000000,0x316,6F 0E B0 5E C7 2C 85 AC
34.470000000,0x427,EA 63 3F A6 09 5B 1A 74
34.480000000,0x1A4,5C B1 3E 48 B8 26 08 52
34.480000000,0x316,9D 3D 47 70 8A AB 3D 2D
34.480000000,0x427,58 03 38 82 48 EF F7 B8
34.490000000,0x1A4,F1 77 4C C8 60 2D 80 47
34.490000000,0x316,70 52 DC F1 15 BE E3 C5
34.490000000,0x427,D1 58 CE 18 AA 9F 75 3B
34.500000000,0x1A4,8F 08 67 48 1C 7B 48 7E
34.500000000,0x316,34 75 53 57 40 99 5C 0C
34.500000000,0x427,5D E9 6A 90 83 85 86 84
34.510000000,0x1A4,30 8F 7D C8 3A 17 73 86
34.510000000,0x316,07 9F 6F 94 0C 39 1B 82
34.510000000,0x427,E0 AB 14 D8 78 43 94 ED
34.520000000,0x1A4,7C 86 8B 48 A9 9D 06 49
34.520000000,0x316,9D 06 A3 52 90 43 52 62
34.520000000,0x427,FD 58 8E 51 58 6D DE C1
34.530000000,0x1A4,8B A8 A4 48 CD 78 19 F4
34.530000000,0x316,A1 87 A8 24 FC 36 BC 0A
34.530000000,0x427,B3 76 61 D0 95 F8 EE F1
34.540000000,0x1A4,C9 6E B8 C8 A6 ED E3 E1
34.540000000,0x316,2A 90 3C FD 47 D3 21 BB
34.540000000,0x427,60 2B EF 35 21 B7 37 6E
34.550000000,0x1A4,8F 07 D6 C8 D4 CC 3B 47
34.550000000,0x316,76 3B 3C 93 78 66 2C E1
34.550000000,0x427,E1 EE 8F 9D A9 61 7A 50
34.560000000,0x1A4,9A A3 E6 48 62 A4 EB 58
34.560000000,0x316,79 0F E8 48 D3 45 64 2A
34.560000000,0x427,1F 5D 59 1E E5 16 B0 49
34.570000000,0x1A4,63 EF FA 48 AF 28 94 7C
34.570000000,0x316,1E D9 5C 70 3A 09 40 39
34.570000000,0x427,3C 3E A6 E2 3F 9B 58 2B
34.580000000,0x1A4,73 BF 11 49 0F BB 6F F0
34.580000000,0x316,D7 EE ED EA 91 F0 69 42
34.580000000,0x427,BA 5C 22 FD 07 F8 2D 9B
34.590000000,0x1A4,E7 54 23 C9 E4 A4 2A 1B
34.590000000,0x316,2D 12 AD EC 8E 06 4F 3B
34.590000000,0x427,BA 64 9B AA 04 36 54 47
34.600000000,0x1A4,FD C7 38 49 5C E2 91 18
34.600000000,0x316,8E AB F3 34 49 95 5A 8D
34.600000000,0x427,F2 F0 BA D6 12 0B 3A 82
34.610000000,0x1A4,D3 D0 56 C9 95 E9 39 2B
34.610000000,0x316,F3 6A 00 07 0A 30 30 99
34.610000000,0x427,74 F2 0C E7 1B BB 2C 0A
34.620000000,0x1A4,3C 2B 69 C9 1A 46 01 E4
34.620000000,0x316,4A 48 32 8A 80 DB B4 89
34.620000000,0x427,69 BD 8A CC EA 36 F4 31
34.630000000,0x1A4,FC CD 7C 49 07 8C 05 7D
34.630000000,0x316,B1 03 1F D5 6A B0 88 D2
34.630000000,0x427,6D 57 99 06 CF 35 9A 5E
34.640000000,0x1A4,60 0B 91 49 F9 80 26 48
34.640000000,0x316,F5 31 1A F1 AA 3F A8 F2
34.640000000,0x427,45 E1 37 92 8D 45 2F 6D
34.650000000,0x1A4,47 36 AA C9 B0 07 E0 71
34.650000000,0x316,77 4D 59 85 55 3F 4D 20
34.650000000,0x427,E4 E4 BE D4 0E 79 2F 74
34.660000000,0x1A4,84 4A B9 49 A7 BB 01 EB
34.660000000,0x316,7F B8 0F 1C 25 38 5C B7
34.660000000,0x427,0B 88 D1 B4 FB 9E 4F EB
34.670000000,0x1A4,AC 26 D1 C9 3B 6D B4 1E
34.670000000,0x316,BC 87 C4 71 B0 9F 8D E3
34.670000000,0x427,32 FB A8 6E E4 FE 45 7E
34.680000000,0x1A4,51 AC EF 49 29 B5 3C 16
34.680000000,0x316,6B 0D 50 DD AA 81 06 23
34.680000000,0x427,96 4F 3A FE 76 B5 48 47
34.690000000,0x1A4,47 59 04 CA B1 F1 30 AB
34.690000000,0x316,C8 7E D0 1D E9 A7 EB F7
34.690000000,0x427,5E 78 8D 5A 1F 6C BB CD
34.700000000,0x1A4,6C BD 15 4A E4 F8 88 BE
34.700000000,0x316,45 09 17 CB AB F1 F1 38
34.700000000,0x427,82 5E 34 BA 8B 9F 08 13
34.710000000,0x1A4,05 DB 2D 4A FF 45 1F 28
34.710000000,0x316,0E B2 CE 81 1A A8 D8 55
34.710000000,0x427,0D 04 AF 46 6B 38 16 74
34.720000000,0x1A4,0C 92 40 CA 32 27 4B BC
34.720000000,0x316,78 C0 49 83 18 88 0D AC
34.720000000,0x427,7F 75 EC C6 D1 76 F7 12
34.730000000,0x1A4,A9 7C 51 CA 4E AD 1C B0
34.730000000,0x316,1A 62 97 50 9A F8 6B E4
34.730000000,0x427,AC 1A BB EC 1F C1 D1 09
34.740000000,0x1A4,0C D6 69 4A 6B 5B B6 19
34.740000000,0x316,56 AB AF EE DE AC 81 B4
34.740000000,0x427,44 85 50 CB 17 B5 73 85
34.750000000,0x1A4,75 76 81 4A BE F7 BD 30
34.750000000,0x316,57 06 68 D7 7F 3F E4 8E
34.750000000,0x427,EC D7 3F A9 FF 3F 6F D6
34.760000000,0x1A4,AF A8 90 CA D3 D4 46 A0
34.760000000,0x316,F3 73 1F 09 85 A0 FD F2
34.760000000,0x427,DA 67 6E A2 D0 C0 95 A0
34.770000000,0x1A4,40 5C AA 4A DF 33 F4 3E
34.770000000,0x316,E5 37 0A 23 68 99 1A 96
34.770000000,0x427,8D 3C 4F 60 BD EA 42 DF
34.780000000,0x1A4,D5 16 C3 CA 3D A7 5F 38
34.780000000,0x316,A4 82 60 AC 3C F9 17 32
34.780000000,0x427,4C C9 E9 43 C6 7B 59 78
34.790000000,0x1A4,FD 51 D4 4A 60 A9 08 7C
34.790000000,0x316,94 B5 59 D0 89 1A E6 2F
34.790000000,0x427,10 A2 CA BB 30 76 29 7F
34.800000000,0x1A4,C1 73 E8 4A B7 1D BD 21
34.800000000,0x316,87 AD D5 32 10 77 80 A2
34.800000000,0x427,B7 9E 38 E0 7A CF B5 16
34.810000000,0x1A4,83 C6 01 CB 12 A5 2C 84
34.810000000,0x316,BA A0 6E DB 34 1D 29 B9
34.810000000,0x427,0B B1 DB BF 7B 18 D5 36
34.820000000,0x1A4,BD 90 19 4B 11 84 2F 6F
34.820000000,0x316,DB 08 38 11 75 EF 9D 7D
34.820000000,0x427,CB DC C7 8E DE BA 78 9C
34.830000000,0x1A4,9E 55 2B 4B 27 F0 C1 B5
34.830000000,0x316,51 F2 98 2D 9B A1 EF 09
34.830000000,0x427,A5 7D 0C 6B E7 90 1F B0
34.840000000,0x1A4,3F CE 40 4B E8 5A 06 9D
34.840000000,0x316,41 B3 5A 61 FD F1 8A A1
34.840000000,0x427,E5 66 7A 95 71 55 16 3C
34.850000000,0x1A4,1C 44 59 CB 9C A6 44 59
34.850000000,0x316,AD B2 F6 7B 1C 4D CC 87
34.850000000,0x427,79 48 2D A8 31 50 4F F4
34.860000000,0x1A4,2B B2 68 4B 44 60 BD E0
34.860000000,0x316,06 64 D3 4C D5 94 37 D7
34.860000000,0x427,9C 5C 5D 3B 9A 8F 02 E0
34.870000000,0x1A4,DA 1B 80 4B 4E 76 00 AB
34.870000000,0x316,85 E3 2C 7C ED 2F 7F 7D
34.870000000,0x427,B1 8E F7 CB 65 7B 49 A1
34.880000000,0x1A4,C0 E0 9F 4B 2A 2E 0C 99
34.880000000,0x316,7A BB 6C 5B 84 22 1D 8B
34.880000000,0x427,F7 21 20 7B 8A 76 A0 4B
34.890000000,0x1A4,F8 66 AE 4B CB D4 0B 38
34.890000000,0x316,62 1C C4 1C 3F DB 81 F6
34.890000000,0x427,D2 58 82 E1 FA E3 95 E5
34.900000000,0x1A4,7F 21 C5 CB B8 59 91 C3
34.900000000,0x316,9D 9D 8A 49 8E 83 6A 6B
34.900000000,0x427,0B 1E 28 F8 9E EC 79 72
34.910000000,0x1A4,8E 38 DD 4B 7D 5C 55 3F
34.910000000,0x316,14 3D 94 A9 AA F8 C3 6C
34.910000000,0x427,6D 53 A6 1D 3E 14 1B 2D
34.920000000,0x1A4,17 EF E8 4B 3F 18 D1 F4
34.920000000,0x316,1B D2 A3 51 B2 EC 1D A9
34.920000000,0x427,F6 B6 10 1D C7 E8 FA 58
34.930000000,0x1A4,76 88 04 CC 49 2E E9 65
34.930000000,0x316,45 01 6F B4 7F 66 C8 20
34.930000000,0x427,4B 02 10 C6 EA FC D5 E1
34.940000000,0x1A4,37 4D 1E 4C 8A 28 12 D7
34.940000000,0x316,28 37 02 CE 68 B5 2F DD
34.940000000,0x427,26 88 3A 7D 20 FD DE 99
34.950000000,0x1A4,EA 05 29 4C C3 C6 ED AF
34.950000000,0x316,AA C9 1F 3C E7 16 6A 07
34.950000000,0x427,7B 67 7A 4A 83 A8 96 44
34.960000000,0x1A4,DA B1 42 CC B7 32 11 37
34.960000000,0x316,C4 A0 CA E3 47 5F DA D9
34.960000000,0x427,B2 68 67 C8 00 9B B4 68
34.970000000,0x1A4,63 CD 58 4C 45 18 F0 8F
34.970000000,0x316,C5 98 94 C5 4D B6 BC 52
34.970000000,0x427,C5 8F F8 42 07 15 CC AC
34.980000000,0x1A4,D9 6F 6F 4C 3F 4F 46 69
34.980000000,0x316,C2 5F 31 64 21 A0 1C CF
34.980000000,0x427,96 BC 23 71 3F DC D9 6C
34.990000000,0x1A4,40 DC 87 4C C4 31 BD 42
34.990000000,0x316,49 FF 90 E9 C1 73 FC 0D
34.990000000,0x427,3F 70 B0 44 CF 14 4A 7C
35.000000000,0x1A4,1C 74 9A CC 3D FD 0C 38
35.000000000,0x316,3E DB FF 56 53 57 E2 A2
35.000000000,0x427,CA D3 8A D1 C1 4F AE 0B
35.010000000,0x1A4,C3 8D AA 4C B6 4B 98 72
35.010000000,0x316,CF 68 E9 68 78 C6 A7 38
35.010000000,0x427,AE BB 8F 92 15 C3 28 E0
35.020000000,0x1A4,1E 0C C2 4C 9C 27 38 89
35.020000000,0x316,AE 93 C9 34 4C B8 90 C7
35.020000000,0x427,C2 C6 12 A0 EB A4 3D 1C
35.030000000,0x1A4,6E 1E D8 CC AF 9B DF F7
35.030000000,0x316,3C 7D 01 9D 2E 34 5A 9C
35.030000000,0x427,A9 2E 66 54 98 41 14 21
35.040000000,0x1A4,C2 BC EE CC D6 30 2E 8A
35.040000000,0x316,BF 78 19 05 AE 74 45 F3
35.040000000,0x427,43 FB E3 B8 1F F8 67 05
35.050000000,0x1A4,30 EE 02 CD 27 79 12 61
35.050000000,0x316,35 CD 1A 17 DC 7D CA C7
35.050000000,0x427,21 38 69 B4 11 5E 52 55
35.060000000,0x1A4,B2 CF 1F CD AE 96 4A 5A
35.060000000,0x316,A8 C2 4F C4 8A 6C 19 C4
35.060000000,0x427,57 79 8A 8D 46 3A 3F 10
35.070000000,0x1A4,AB 98 29 CD 2D 5E 99 0C
35.070000000,0x316,4B 2E C6 84 D6 ED E0 35
35.070000000,0x427,33 70 B2 5C 96 BC 14 89
35.080000000,0x1A4,9D F3 44 4D 7A 33 37 FC
35.080000000,0x316,FA AF 30 28 A9 EF 90 D6
35.080000000,0x427,B6 8E 23 89 F8 35 41 65
35.090000000,0x1A4,AE CB 56 CD A2 15 C3 B7
35.090000000,0x316,F1 A9 B5 3A 1B BA 49 4A
35.090000000,0x427,34 0A 21 CD A7 C8 51 29
35.100000000,0x1A4,3A 9B 68 CD A5 98 B6 5F
35.100000000,0x316,8C 52 DD 54 F3 45 D4 69
35.100000000,0x427,15 8D 32 37 2B 35 8E 8D
35.110000000,0x1A4,CC CC 83 CD 74 0C AB 3F
35.110000000,0x316,8A BE A4 F0 2E F8 7D 03
35.110000000,0x427,82 35 3C 09 96 81 71 D8
35.120000000,0x1A4,57 94 90 4D BE A9 4F C1
35.120000000,0x316,32 1E BB F0 6B 55 CC 86
35.120000000,0x427,71 CC 3E 1A 77 42 62 80
35.130000000,0x1A4,CB 39 AF 4D 2E 7C 95 CA
35.130000000,0x316,35 67 22 7C 61 33 D3 0A
35.130000000,0x427,A3 94 2D 28 7A 91 78 48
35.140000000,0x1A4,96 E7 C4 4D E6 E0 34 06
35.140000000,0x316,9C 9F E1 3A 14 9F AD A1
35.140000000,0x427,CD C4 BC C5 9D 5B 25 B0
35.150000000,0x1A4,31 A0 D7 4D 03 AD A5 08
35.150000000,0x316,C3 D2 BF 45 9E 74 FA BF
35.150000000,0x427,6B 0E A7 1F DE 7E 20 D0
35.160000000,0x1A4,D0 BC EF CD 0B 38 BB 60
35.160000000,0x316,59 2A C0 A7 0F 9D 97 66
35.160000000,0x427,73 E0 95 21 CC D6 7B D1
35.170000000,0x1A4,3F 18 03 CE B2 46 6A E0
35.170000000,0x316,DB A1 1E 45 A5 F6 AA DC
35.170000000,0x427,BA 18 BD 15 70 47 97 13
35.180000000,0x1A4,90 78 12 4E 86 8B 27 81
35.180000000,0x316,90 63 DC B8 E1 DE 17 B4
35.180000000,0x427,73 BA 2B C3 E2 37 8E BB
35.190000000,0x1A4,7D 58 2E 4E 09 D3 28 05
35.190000000,0x316,18 1E C6 03 BC 70 1E BE
35.190000000,0x427,0D 5D 8B D4 83 B7 AC 8A
35.200000000,0x1A4,CC E1 40 CE C7 EA 41 EB
35.200000000,0x316,57 7B DF 26 EC 66 76 18
35.200000000,0x427,E3 32 62 BC D8 FF 93 96
35.210000000,0x1A4,0B 25 51 CE 2A B2 20 64
35.210000000,0x316,E6 99 BC 31 96 54 DB D4
35.210000000,0x427,7E 9A 0E 9B 1A 49 FB DB
35.220000000,0x1A4,0E AA 6B 4E 4B CD E6 C8
35.220000000,0x316,52 C1 DF 52 DF CE D6 6C
35.220000000,0x427,1A BD 29 83 EB EC 54 BE
35.230000000,0x1A4,F2 A2 7F 4E 8E F6 59 4D
35.230000000,0x316,B8 1F 28 46 03 D7 7A 75
35.230000000,0x427,F7 F6 E1 33 CE 93 84 19
35.240000000,0x1A4,0C 32 97 4E 7C 94 21 F8
35.240000000,0x316,7E F0 F2 A7 B3 EB 81 93
35.240000000,0x427,82 B1 AD 78 24 98 67 60
35.250000000,0x1A4,D2 9D AE 4E 4A FA F5 6D
35.250000000,0x316,E7 EF D2 17 C4 91 E5 38
35.250000000,0x427,C1 DC 85 F7 24 4A 05 68
35.260000000,0x1A4,75 73 BD CE 05 92 4F 47
35.260000000,0x316,5D CB BC 7B DA F1 CF 48
35.260000000,0x427,63 C8 5C E8 92 E8 EF B3
35.270000000,0x1A4,17 0D D0 CE A4 1C B0 81
35.270000000,0x316,9A 06 9F 3E 5E 83 E5 61
35.270000000,0x427,4A 0A 68 04 62 56 3F FE
35.280000000,0x1A4,BD AD ED 4E 8A 34 41 BA
35.280000000,0x316,2D EE C5 64 0B B6 92 F3
35.280000000,0x427,54 BC 6B 5F 00 55 40 C3
35.290000000,0x1A4,64 C2 FC CE CF A1 EE B6
35.290000000,0x316,99 D4 B9 1B 75 FD C7 73
35.290000000,0x427,62 0D 5C 39 F0 E8 EF 93
35.300000000,0x1A4,44 17 16 CF 46 50 5F 06
35.300000000,0x316,8C A3 B8 65 29 BE 6D C5
35.300000000,0x427,B7 EC 6B 3B 76 2E 74 72
35.310000000,0x1A4,5D A1 24 4F 86 FA 0F 7A
35.310000000,0x316,19 D0 2A 90 A9 0B E4 1B
35.310000000,0x427,F1 C1 8F A4 10 20 84 4F
35.320000000,0x1A4,CD 7D 3A 4F 60 31 CE 24
35.320000000,0x316,72 3D 47 CF 51 08 42 A1
35.320000000,0x427,D2 2B CF F9 DD 12 69 15
35.330000000,0x1A4,71 6A 53 4F F2 2F 96 8F
35.330000000,0x316,B7 57 54 2B AF A2 2A 35
35.330000000,0x427,51 59 65 DD 64 06 2D F1
35.340000000,0x1A4,B2 48 64 4F E2 AF E9 97
35.340000000,0x316,F1 F8 FD 3F 24 BC 79 15
35.340000000,0x427,71 3D 2E 24 C9 CA 37 67
35.350000000,0x1A4,36 30 7A CF 0F C8 8B D6
35.350000000,0x316,A9 41 38 79 E9 E9 FD 85
35.350000000,0x427,E8 A6 18 B9 9B 4D F3 D6
35.360000000,0x1A4,5D 44 8F CF C2 79 B5 C2
35.360000000,0x316,49 84 80 3B F8 3A 16 0F
35.360000000,0x427,C0 E1 74 C4 00 A0 50 7E
35.370000000,0x1A4,90 A2 A4 4F 74 90 6F 69
35.370000000,0x316,1A 83 BB 4F 2A 23 92 BD
35.370000000,0x427,74 8C 7E 56 42 38 96 D5
35.380000000,0x1A4,B4 81 BE 4F 54 B3 58 09
35.380000000,0x316,52 16 4A 52 9E 25 62 B0
35.380000000,0x427,94 4F B8 90 1E 60 46 99
35.390000000,0x1A4,7C A1 CA 4F 67 E6 15 DF
35.390000000,0x316,D9 26 6D 01 D9 24 A5 44
35.390000000,0x427,4F E1 BD B0 3F B7 8F 35
35.400000000,0x1A4,61 2A E2 CF 94 11 FA 8F
35.400000000,0x316,FD 2E 71 CB 94 34 1D 7D
35.400000000,0x427,14 B4 AB 8B 18 E8 F3 7F
35.410000000,0x1A4,FC D3 F1 4F 0A 2C A0 F5
35.410000000,0x316,97 09 EA A6 C6 69 59 3C
35.410000000,0x427,E0 F8 63 52 2B 7A 1C 76
35.420000000,0x1A4,77 62 08 D0 DF A5 A5 7B
35.420000000,0x316,EC C1 B1 83 FC D8 07 8E
35.420000000,0x427,57 AD D0 DB CE FE 5B BD
35.430000000,0x1A4,1B 37 25 D0 4A 6E AA BB
35.430000000,0x316,E6 E0 D8 14 49 C1 D5 EB
35.430000000,0x427,CF 27 E4 1A CC CE FA 6C
35.440000000,0x1A4,AA 69 32 D0 D6 54 D7 13
35.440000000,0x316,04 F6 2C 60 A4 95 95 20
35.440000000,0x427,C4 53 C3 C1 99 E5 7C 03
35.450000000,0x1A4,2F EF 4E 50 3F B9 1A 85
35.450000000,0x316,63 AD 86 BF 7E 29 19 1F
35.450000000,0x427,89 E2 8B 2A 00 AF 86 32
35.460000000,0x1A4,C6 A2 5E 50 AE E1 A7 DE
35.460000000,0x316,4A 81 CF F8 64 1F 19 1D
35.460000000,0x427,AB F6 FF 09 55 50 B0 E2
35.470000000,0x1A4,C0 34 77 50 D8 69 C4 7E
35.470000000,0x316,57 71 B4 2B F6 57 4C A0
35.470000000,0x427,FD 79 9B CD 9A 78 4B 86
35.480000000,0x1A4,9D B4 88 50 DB 37 CE 23
35.480000000,0x316,92 08 BE BF B4 8E CC DF
35.480000000,0x427,09 C4 0D 8C 57 B4 0B 6B
35.490000000,0x1A4,0D 73 9F 50 46 C4 5E 02
35.490000000,0x316,12 E0 F7 4B 10 F0 19 1E
35.490000000,0x427,E7 93 7B 6F 72 19 E9 FE
35.500000000,0x1A4,C2 3D B2 50 11 2F 4E B8
35.500000000,0x316,73 3D 06 EC E9 80 56 E1
35.500000000,0x427,9D 1B 3B AD 45 4F 67 45
35.510000000,0x1A4,81 41 C1 D0 F4 E5 87 52
35.510000000,0x316,B2 39 77 9D 34 3A B9 E3
35.510000000,0x427,22 43 23 5F 85 E0 55 90
35.520000000,0x1A4,6B DD DC D0 7C 6A 7B 2A
35.520000000,0x316,53 7F 3A 24 12 56 4A 4A
35.520000000,0x427,12 CB F3 85 9C B9 5D AF
35.530000000,0x1A4,7F 9C F7 50 47 33 85 CD
35.530000000,0x316,94 17 2F 9D D7 F7 B5 F3
35.530000000,0x427,14 D2 E7 B6 FB 74 0A 5F
35.540000000,0x1A4,DF 12 06 D1 69 AD C1 9A
35.540000000,0x316,1C 39 51 40 0B 34 DC 78
35.540000000,0x427,95 50 7F 76 06 01 EB 35
35.550000000,0x1A4,91 F7 1A D1 B3 7D 86 54
35.550000000,0x316,9F 16 55 ED E4 F0 2B BF
35.550000000,0x427,CD 74 5A B8 BB 14 06 FF
35.560000000,0x1A4,B6 A2 2E D1 D5 07 87 ED
35.560000000,0x316,CF 97 A5 22 F4 83 0B 2A
35.560000000,0x427,90 AA 3D 86 92 93 0F B7
35.570000000,0x1A4,73 15 44 D1 76 92 4F 79
35.570000000,0x316,3B A4 83 02 A6 00 54 51
35.570000000,0x427,7B D4 92 6A A4 BD E1 2D
35.580000000,0x1A4,E7 46 55 51 0E 42 72 78
35.580000000,0x316,F5 0E 2A 11 A4 95 49 FE
35.580000000,0x427,AC 1B 1B FA 31 29 6F 01
35.590000000,0x1A4,93 C7 6C 51 B8 2F 93 B3
35.590000000,0x316,7B 6E 0B 30 3C 34 03 33
35.590000000,0x427,DD F1 AC B1 9F 69 06 18
35.600000000,0x1A4,7D C5 80 D1 94 63 66 75
35.600000000,0x316,E0 B7 BE 54 DB 36 3F 18
35.600000000,0x427,93 C2 A4 0F 09 37 FE 9F
35.610000000,0x1A4,2B 56 94 51 FD 2A 2E 98
35.610000000,0x316,22 4E 0D 28 40 F8 17 11
35.610000000,0x427,3F 46 B7 59 D7 68 E7 A2
35.620000000,0x1A4,7E DA AC D1 75 C7 22 E2
35.620000000,0x316,E1 11 DD 39 8A 21 4F 58
35.620000000,0x427,65 76 FA A0 70 FD 9D 03
35.630000000,0x1A4,C2 82 B9 D1 0D E6 50 31
35.630000000,0x316,48 EA 4A 46 57 84 C0 48
35.630000000,0x427,43 F6 1C D2 30 C4 58 E9
35.640000000,0x1A4,64 5A D3 D1 2D 31 19 6D
35.640000000,0x316,41 B8 9F 95 77 EB B4 BA
35.640000000,0x427,36 A7 45 4E B1 B8 05 5E
35.650000000,0x1A4,1B 4B EF D1 72 61 59 C4
35.650000000,0x316,4B 98 3C 67 C9 CD 2E EF
35.650000000,0x427,68 41 37 41 32 0E A5 8F
35.660000000,0x1A4,FE 16 F8 D1 F0 DA 3F A4
35.660000000,0x316,23 50 CC A8 9C D0 DC 33
35.660000000,0x427,AE 79 D5 13 B3 32 B7 97
35.670000000,0x1A4,96 1D 15 52 52 A7 5C 1A
35.670000000,0x316,6A 68 0C BB 4A B5 68 37
35.670000000,0x427,DD 21 AD 47 74 B9 A6 2D
35.680000000,0x1A4,33 E1 27 52 A1 01 4C 90
35.680000000,0x316,7E C8 31 1A DB AD 6F 20
35.680000000,0x427,08 9F 00 CC 95 9E B6 85
35.690000000,0x1A4,3E 69 3A D2 4E 96 13 A5
35.690000000,0x316,3D 23 1C C4 75 C8 08 62
35.690000000,0x427,DB 60 85 54 27 2C 5E 93
35.700000000,0x1A4,01 65 48 D2 CA 6F 78 DA
35.700000000,0x316,9E 73 98 97 4A 8C D2 9A
35.700000000,0x427,64 09 F9 46 E8 F4 76 F7
35.710000000,0x1A4,76 2F 63 D2 EB 6E BD BC
35.710000000,0x316,06 EA 0F DF 67 C8 AA 9D
35.710000000,0x427,1D 9D 22 AB D0 47 C3 E8
35.720000000,0x1A4,CE 30 71 52 FD 1F 95 35
35.720000000,0x316,CD 8F 08 2B 5D 08 AF 00
35.720000000,0x427,74 9A 8A C8 5E 47 59 3B
35.730000000,0x1A4,1E D2 8C D2 AA D6 68 37
35.730000000,0x316,CE F1 61 17 A4 CC F6 ED
35.730000000,0x427,B5 98 A8 CD B5 A3 6B 9D
35.740000000,0x1A4,2C 7A A0 52 45 7E B1 24
35.740000000,0x316,BA 89 31 2A 3D 02 B8 79
35.740000000,0x427,89 B5 E6 DF C0 2D 10 00
35.750000000,0x1A4,62 45 B6 52 70 E0 E9 13
35.750000000,0x316,AF 32 5D E5 E0 91 47 F8
35.750000000,0x427,47 45 5C 0D FB C9 10 23
35.760000000,0x1A4,AD 1D CF D2 BC E9 A6 CE
35.760000000,0x316,A1 75 8F 70 E1 63 E7 6C
35.760000000,0x427,BC 19 33 AA 8B 9D C0 78
35.770000000,0x1A4,E0 20 DC 52 49 76 74 4D
35.770000000,0x316,36 95 18 80 CB D8 8F C2
35.770000000,0x427,A8 24 07 1E CA 4A A3 3D
35.780000000,0x1A4,F9 AB F5 D2 35 D0 AB 64
35.780000000,0x316,C0 5B 97 60 B1 98 1F C6
35.780000000,0x427,AD 15 B2 62 14 72 CC B4
35.790000000,0x1A4,FE 63 07 53 5A BB E0 5A
35.790000000,0x316,89 9F CF 4F 8C BA B1 D6
35.790000000,0x427,F6 DA A0 85 62 12 25 51
35.800000000,0x1A4,68 01 1B D3 92 E4 04 14
35.800000000,0x316,67 01 1F E2 B4 3F FA 9A
35.800000000,0x427,0D D8 99 D7 C3 1B C2 36
35.810000000,0x1A4,35 7B 2A D3 22 99 86 2A
35.810000000,0x316,C9 A0 0B F2 36 BE 3E A2
35.810000000,0x427,14 22 67 D5 A8 C1 19 47
35.820000000,0x1A4,B0 E1 42 D3 BD 0B 94 24
35.820000000,0x316,DD 1E 02 D7 5D 2C EF 6F
35.820000000,0x427,71 00 7C 8F 15 C4 0F 71
35.830000000,0x1A4,95 C4 5E 53 BF 0E F2 B1
35.830000000,0x316,37 9D F9 C9 9B 53 23 40
35.830000000,0x427,01 40 74 AF 17 09 C8 1E
35.840000000,0x1A4,16 DE 6A D3 BC CF 56 E6
35.840000000,0x316,27 40 77 6F 73 82 EF A6
35.840000000,0x427,53 5B 22 59 A4 38 92 2D
35.850000000,0x1A4,F2 C4 81 53 A4 3F BB DD
35.850000000,0x316,BD AC 9D 5D 1B AE F9 DA
35.850000000,0x427,BB BF 50 77 AD 87 4F C5
35.860000000,0x1A4,A4 AE 97 D3 1A E7 92 58
35.860000000,0x316,51 6B 7E BA 13 5F 90 6C
35.860000000,0x427,92 48 BA 36 54 05 F2 9D
35.870000000,0x1A4,20 A9 AE D3 A1 DB 54 E0
35.870000000,0x316,BB 61 76 FF E1 D8 AC EB
35.870000000,0x427,A7 FC 7C F0 1B 54 E4 30
35.880000000,0x1A4,A5 BA B8 53 82 F4 CB 5F
35.880000000,0x316,8E 4F D3 2D 3E B3 E5 EE
35.880000000,0x427,B6 94 64 BF 6B 0D D5 FE
35.890000000,0x1A4,94 6D D3 53 4F 50 22 32
35.890000000,0x316,26 31 2C 71 49 EE 69 5C
35.890000000,0x427,2B 1B A8 86 50 38 E4 31
35.900000000,0x1A4,4C F4 E7 53 89 71 10 96
35.900000000,0x316,D1 C3 75 4F 8E 66 15 54
35.900000000,0x427,4A 7E 17 18 90 F7 39 E9
35.910000000,0x1A4,7A 18 FE 53 84 55 72 EA
35.910000000,0x316,DE 6F F6 40 A6 10 B7 80
35.910000000,0x427,98 9D EB EB 9A 9B 53 03
35.920000000,0x1A4,78 91 0D D4 E1 26 E5 45
35.920000000,0x316,B1 4D 95 08 39 16 B0 A5
35.920000000,0x427,55 37 63 46 40 C0 44 A4
35.930000000,0x1A4,5C 5E 26 54 97 98 F6 65
35.930000000,0x316,6E 2B 3E 0B F1 AC E8 FE
35.930000000,0x427,3F 3A 0C B2 77 AD 4A B4
35.940000000,0x1A4,62 18 37 54 9C 41 30 46
35.940000000,0x316,D8 B8 11 A0 BF 6D A6 0E
35.940000000,0x427,3F AD 9C F8 DF 72 7A 92
35.950000000,0x1A4,40 79 4D D4 D8 07 CA 07
35.950000000,0x316,80 B6 F9 DC 29 C8 D0 B7
35.950000000,0x427,74 8B 75 ED 04 F5 86 78
35.960000000,0x1A4,85 91 5A D4 ED 26 88 9B
35.960000000,0x316,7A 7C DA A1 2C D9 58 74
35.960000000,0x427,37 55 84 7D 06 41 7C 2C
35.970000000,0x1A4,49 EA 73 54 28 CE FB BF
35.970000000,0x316,2D DC FB DF E0 BC C5 A5
35.970000000,0x427,51 6D 26 C0 9C 9C AB 8B
35.980000000,0x1A4,0F C7 8B D4 74 5B 98 1A
35.980000000,0x316,3D 0E C7 09 68 C5 99 5E
35.980000000,0x427,0C DC 61 07 7D 5B E8 9C
35.990000000,0x1A4,51 8F 9E D4 91 83 9B B6
35.990000000,0x316,16 93 37 27 80 CB A4 B4
35.990000000,0x427,20 5A 77 BC 35 D2 49 2D
36.000000000,0x1A4,39 2B B4 D4 78 68 D7 D9
36.000000000,0x316,64 B2 B3 21 82 FE 33 15
36.000000000,0x427,D2 1B 69 6B 0B 3F 85 D5
36.010000000,0x1A4,E4 8D C6 D4 AE C0 92 1E
36.010000000,0x316,49 29 59 0E 90 38 81 71
36.010000000,0x427,B0 C4 31 A3 9C 48 E9 B5
36.020000000,0x1A4,E8 8F DC 54 94 CE 71 50
36.020000000,0x316,DD 26 F4 18 E6 B2 9E DB
36.020000000,0x427,26 0E 49 8B 0F CF 08 47
36.030000000,0x1A4,A8 53 E8 D4 8B 69 42 DA
36.030000000,0x316,B0 EF B5 31 C8 F9 B4 A7
36.030000000,0x427,3E 5A 2F 9D E6 C2 C9 BC
36.040000000,0x1A4,F1 C6 04 55 5A 88 29 55
36.040000000,0x316,CB 8E 57 D6 C7 98 07 AC
36.040000000,0x427,4B 9A 25 D9 F4 8A 50 E6
36.050000000,0x1A4,0C DA 14 55 AE 0E D2 E5
36.050000000,0x316,9D 45 95 B5 24 94 51 2B
36.050000000,0x427,A5 93 DD E7 6D 35 7C FC
36.060000000,0x1A4,1C A3 2B D5 C2 DF DD B8
36.060000000,0x316,7B B5 BD F1 9B FD C2 5D
36.060000000,0x427,48 E3 2E 84 6B B9 A0 03
36.070000000,0x1A4,5E 91 3F D5 CA 5D 1C AA
36.070000000,0x316,EF 59 36 67 CE CB 97 6A
36.070000000,0x427,8A 99 74 D6 E1 DB EF AA
36.080000000,0x1A4,A8 9A 55 D5 62 60 BD 0F
36.080000000,0x316,60 E2 A0 10 FE 82 64 31
36.080000000,0x427,DB 50 36 D3 50 1A E4 C2
36.090000000,0x1A4,E4 FC 63 D5 45 79 C3 25
36.090000000,0x316,3D EE 9C BA 98 40 42 44
36.090000000,0x427,14 F9 7E 15 A0 8B 2E 2C
36.100000000,0x1A4,AF 96 7A 55 82 E7 64 0B
36.100000000,0x316,12 D6 88 46 FE 8E C8 9B
36.100000000,0x427,5B EA DC 32 E9 BC 4F B0
36.110000000,0x1A4,6C 35 8E D5 1A B5 C4 68
36.110000000,0x316,1F A5 47 2C 71 00 A3 A2
36.110000000,0x427,C3 25 30 BF BE 70 95 D7
36.120000000,0x1A4,0D F9 A5 D5 3E 45 EB F0
36.120000000,0x316,21 50 D3 00 65 7A A8 4F
36.120000000,0x427,5C 57 15 46 EF D1 80 8F
36.130000000,0x1A4,52 7A B6 55 DE 8A 22 1E
36.130000000,0x316,2F 6E 69 57 30 4F 5C 77
36.130000000,0x427,93 CD 73 91 A9 04 0B D6
36.140000000,0x1A4,68 34 C8 D5 54 56 0A 16
36.140000000,0x316,EE C7 F1 90 95 5C 26 EE
36.140000000,0x427,3E 85 87 76 3A C8 91 16
36.150000000,0x1A4,62 53 DB 55 61 C6 02 EB
36.150000000,0x316,9B 0D 2F 17 21 62 B8 2E
36.150000000,0x427,57 D0 C3 BA A1 77 1F 16
36.160000000,0x1A4,48 57 F7 55 BA C3 47 51
36.160000000,0x316,8F 82 55 97 E4 7D 6A A0
36.160000000,0x427,1F 6A 3C F7 B4 C1 25 05
36.170000000,0x1A4,3F EE 07 D6 F2 97 59 2B
36.170000000,0x316,B9 A5 EA C9 61 1C AC 02
36.170000000,0x427,3B C6 AF 37 64 67 50 A3
36.180000000,0x1A4,57 2B 19 56 4D 70 D9 75
36.180000000,0x316,0F 6F CE 14 D7 12 90 E0
36.180000000,0x427,AA 33 6A B9 77 00 78 F1
36.190000000,0x1A4,15 D6 29 56 66 D2 CA 4E
36.190000000,0x316,9F D6 59 D6 9F D8 4E AE
36.190000000,0x427,9E E9 6E A4 15 FF 51 F1
36.200000000,0x1A4,32 57 47 D6 95 80 55 DD
36.200000000,0x316,00 04 EB 30 B9 28 56 BF
36.200000000,0x427,C0 3D 7E C1 D1 CE F4 BC
36.210000000,0x1A4,A0 E8 52 56 91 14 7C 4F
36.210000000,0x316,FD 61 A7 0D 79 7D 1A 61
36.210000000,0x427,02 C7 B6 B4 68 D9 7D 49
36.220000000,0x1A4,23 AC 69 56 33 25 6A 47
36.220000000,0x316,8F F6 F2 23 67 75 A6 90
36.220000000,0x427,31 4B C7 50 66 C6 FA 69
36.230000000,0x1A4,14 8A 78 56 9B 99 D4 D5
36.230000000,0x316,F4 D7 30 30 CD 2E D6 45
36.230000000,0x427,E6 8C 31 E2 F1 62 00 33
36.240000000,0x1A4,A0 37 97 56 12 FA B1 FA
36.240000000,0x316,A6 AF 80 4B 98 07 65 42
36.240000000,0x427,FB 2B 93 B2 00 84 89 70
36.250000000,0x1A4,02 3B A1 56 08 51 A8 17
36.250000000,0x316,80 25 69 7D 55 50 EB 5A
36.250000000,0x427,90 6E 25 94 29 C1 15 5D
36.260000000,0x1A4,1A D6 BE 56 6F 13 BA C5
36.260000000,0x316,E1 B3 4E A4 FE 20 E6 85
36.260000000,0x427,6F C7 1D 73 E3 1D 5A D4
36.270000000,0x1A4,49 F2 CA D6 45 D8 E1 AF
36.270000000,0x316,4F 49 EC D4 E6 39 A4 2B
36.270000000,0x427,67 35 67 09 E2 40 1D F3
36.280000000,0x1A4,12 7C E0 D6 70 2C D1 95
36.280000000,0x316,4C F8 BB 62 65 3B DC 27
36.280000000,0x427,ED 02 B7 89 7C 10 97 91
36.290000000,0x1A4,38 FF F5 56 FA C4 66 FE
36.290000000,0x316,C5 8E C2 B3 36 04 11 6F
36.290000000,0x427,66 D9 CF 58 75 C7 60 A5
36.300000000,0x1A4,16 B0 07 D7 22 B7 98 AE
36.300000000,0x316,5E 71 D8 CB C7 85 E7 49
36.300000000,0x427,63 3E 1B 35 42 2F 99 57
36.310000000,0x1A4,49 83 1C D7 84 FD EE F7
36.310000000,0x316,6C C2 F6 80 59 64 36 8D
36.310000000,0x427,86 8D 71 D4 65 E2 3D BE
36.320000000,0x1A4,48 EB 2E D7 2D EA D9 44
36.320000000,0x316,26 E2 3B 17 CF D2 65 83
36.320000000,0x427,D6 21 FE C5 4B E0 F1 35
36.330000000,0x1A4,96 4D 42 57 FB 8D DF 37
36.330000000,0x316,F1 69 BA 77 42 CC C6 42
36.330000000,0x427,AA FA 0C 08 81 E8 02 EC
36.340000000,0x1A4,8F 2E 54 57 EA 10 5C 84
36.340000000,0x316,21 75 88 A8 44 AA 90 A1
36.340000000,0x427,0B 95 B9 2F DE 59 A7 79
36.350000000,0x1A4,2F EF 6A 57 B4 7D 9D 77
36.350000000,0x316,B7 E2 39 96 1A 89 AF 52
36.350000000,0x427,1D EC 4D 5F 7B 31 53 90
36.360000000,0x1A4,5D B8 7E 57 FC A9 86 A8
36.360000000,0x316,26 C7 A0 96 A3 F3 B9 E6
36.360000000,0x427,27 61 AA 08 77 F9 86 52
36.370000000,0x1A4,1D A1 97 D7 5B EA C7 1A
36.370000000,0x316,1B 15 25 A1 CE D4 DF 5B
36.370000000,0x427,13 5A 8C DE 52 83 A9 E6
36.380000000,0x1A4,80 9F A5 57 6E DF A3 28
36.380000000,0x316,0B 61 E1 6B DB 19 BA 79
36.380000000,0x427,83 B7 AF 55 21 20 30 56
36.390000000,0x1A4,A3 8C BB D7 6F B0 29 E7
36.390000000,0x316,1B 36 A7 19 52 8A E6 2F
36.390000000,0x427,0D 1F C4 E9 73 2F A6 5B
36.400000000,0x1A4,65 14 C8 57 D7 B2 A9 29
36.400000000,0x316,3F E8 82 77 6D A6 F9 8B
36.400000000,0x427,A4 3A A8 2F 61 08 86 C0
36.410000000,0x1A4,E1 67 E1 57 F6 DF 62 70
36.410000000,0x316,01 21 29 CF 36 4E DA 9D
36.410000000,0x427,B1 9F D9 74 D6 83 F4 97
36.420000000,0x1A4,84 74 F2 D7 4C A6 CA B1
36.420000000,0x316,1A 18 5A 6F 98 DB 1F BB
36.420000000,0x427,09 B8 3A 66 F7 04 3C 79
36.430000000,0x1A4,A3 57 0F D8 AF D4 5B 3E
36.430000000,0x316,6B BD A8 40 E0 EF 2E B9
36.430000000,0x427,F7 00 8B 5F 77 54 D7 99
36.440000000,0x1A4,96 30 1F 58 EF E4 88 7B
36.440000000,0x316,E6 D5 B5 AD 59 F8 B1 66
36.440000000,0x427,47 28 D8 4C 4D E4 45 0A
36.450000000,0x1A4,5D 19 2C D8 00 42 D2 ED
36.450000000,0x316,24 6E 9F E0 D5 48 FB 3B
36.450000000,0x427,12 4E 5F C3 3D 11 4C EF
36.460000000,0x1A4,78 1F 47 D8 9A 6D 48 ED
36.460000000,0x316,2B 2E C8 81 E0 67 9C 1B
36.460000000,0x427,D4 BC C5 6B 74 67 07 6D
36.470000000,0x1A4,A6 9C 51 D8 4F D7 F4 44
36.470000000,0x316,11 29 38 F4 CC 40 D6 93
36.470000000,0x427,77 8F 97 66 0E D5 D3 97
36.480000000,0x1A4,59 64 6F 58 08 9B FD 29
36.480000000,0x316,02 D3 1F 83 90 30 98 2A
36.480000000,0x427,97 5D 1F EC F8 FD F2 4C
36.490000000,0x1A4,EA E7 7F D8 B4 3C CB 98
36.490000000,0x316,43 AE 19 F7 7F FA 97 B2
36.490000000,0x427,9C 60 5E F1 F2 76 2A 86
36.500000000,0x1A4,3D 6A 96 58 45 1A 95 F3
36.500000000,0x316,6B 06 F1 F8 EA AD 67 91
36.500000000,0x427,64 3F 79 C0 36 7F B9 23
36.510000000,0x1A4,72 86 A0 58 DD 00 D5 A9
36.510000000,0x316,07 21 49 55 7C AF DF C9
36.510000000,0x427,C0 E0 BC F5 D9 D7 C5 0D
36.520000000,0x1A4,5B 3A BF D8 AC 5D 24 17
36.520000000,0x316,FD 8C 2C 4F 24 19 F9 CA
36.520000000,0x427,DE FB 0C C4 DE C8 36 24
36.530000000,0x1A4,8B 6C CE D8 88 2B 9A 58
36.530000000,0x316,D6 3F 6E 75 A5 DA 5F 65
36.530000000,0x427,D6 DB 53 2A D8 13 E9 75
36.540000000,0x1A4,AE 42 DF 58 C5 92 9A A8
36.540000000,0x316,99 F8 C1 25 AA D7 4D 33
36.540000000,0x427,71 52 09 E2 5C AD 0C 2C
36.550000000,0x1A4,CF D6 F0 58 DA 12 BA 4E
36.550000000,0x316,4A 79 93 14 BC 87 41 2F
36.550000000,0x427,E5 86 76 3C B1 4D 96 DB
36.560000000,0x1A4,C9 E8 04 59 EB AA C1 6F
36.560000000,0x316,76 2D 15 17 1F DF 60 B9
36.560000000,0x427,65 CA A6 3E 7E 95 75 27
36.570000000,0x1A4,95 63 19 D9 2C 4D 2B 8E
36.570000000,0x316,47 B9 7D D8 B0 47 8E C6
36.570000000,0x427,27 5C CF 5F A3 0F 44 01
36.580000000,0x1A4,E0 38 2B 59 8C D6 C9 28
36.580000000,0x316,7D 09 3F 58 FE ED 93 19
36.580000000,0x427,F3 64 86 78 13 99 C1 8C
36.590000000,0x1A4,73 3C 41 D9 80 48 E0 64
36.590000000,0x316,D9 3A E3 B2 1B DE 65 36
36.590000000,0x427,28 6D AF E9 E9 0A E9 78
36.600000000,0x1A4,74 AD 56 D9 1C A5 54 60
36.600000000,0x316,08 28 D3 D4 E6 E2 A6 76
36.600000000,0x427,42 1A CB B4 11 57 24 3E
36.610000000,0x1A4,20 A6 6F D9 DA 37 BD EA
36.610000000,0x316,69 FA 87 18 42 0B 38 63
36.610000000,0x427,66 88 E5 20 16 D3 7F 51
36.620000000,0x1A4,E2 DE 7E D9 4B 5B 6D EF
36.620000000,0x316,11 C7 2E 22 DD C4 5E 66
36.620000000,0x427,6A 65 F4 C5 F9 99 BD 53
36.630000000,0x1A4,35 B9 8C D9 F0 70 7F 48
36.630000000,0x316,E6 D3 DD D1 ED 63 BC AC
36.630000000,0x427,9D AA F9 BA 91 34 68 DF
36.640000000,0x1A4,0B 17 A2 59 61 FC D0 98
36.640000000,0x316,90 60 D3 64 BB C5 BB 88
36.640000000,0x427,98 19 58 12 BB 49 CC 58
36.650000000,0x1A4,06 D7 B1 59 B2 09 7D AB
36.650000000,0x316,2E C3 8C BD 8F B5 60 F8
36.650000000,0x427,53 35 20 96 94 AC E2 06
36.660000000,0x1A4,C3 F0 C8 59 4D E7 B5 E2
36.660000000,0x316,A5 1E C8 9B 42 E5 9B 2D
36.660000000,0x427,7F 6B 91 C4 9F 49 33 3C
36.670000000,0x1A4,D9 78 DF 59 3E 69 BE 5C
36.670000000,0x316,C1 78 00 57 69 6A 5F 80
36.670000000,0x427,31 BC BF D2 9C 4D 68 00
36.680000000,0x1A4,62 16 F6 D9 AA 37 63 99
36.680000000,0x316,81 64 6E C0 84 2C EF 65
36.680000000,0x427,FD 4E 22 EA 40 F1 C7 13
36.690000000,0x1A4,55 8D 04 DA 63 18 E6 3A
36.690000000,0x316,43 34 59 23 FE B3 FC 7F
36.690000000,0x427,89 D6 1E 30 E6 D4 53 0B
36.700000000,0x1A4,A0 52 13 5A B2 CD 4B 4D
36.700000000,0x316,77 6A 76 6F 7C 0A C5 17
36.700000000,0x427,A3 26 EF 56 26 2F 52 62
36.710000000,0x1A4,3C 7D 2F DA 88 54 0C 2E
36.710000000,0x316,CC 6A FB 6C 97 64 97 26
36.710000000,0x427,BA 68 F3 48 F6 BA A3 4F
36.720000000,0x1A4,65 57 3E 5A CD AF DE AC
36.720000000,0x316,4F 14 3F D2 6B 03 0C 7B
36.720000000,0x427,71 66 EA 08 74 2C D2 42
36.730000000,0x1A4,47 17 51 DA BA FF 7B F4
36.730000000,0x316,F7 F2 F6 6B 87 E3 F4 2D
36.730000000,0x427,29 F2 DD 29 33 7E F1 65
36.740000000,0x1A4,DC D1 65 DA AE F4 70 84
36.740000000,0x316,DF 42 90 D5 66 08 3F 1B
36.740000000,0x427,84 2C 05 77 0B 05 65 CE
36.750000000,0x1A4,08 ED 77 5A 90 41 A6 58
36.750000000,0x316,17 FF A1 AF FE 4D 90 BB
36.750000000,0x427,3C AF F5 19 39 01 E7 A7
36.760000000,0x1A4,71 9A 8A DA 1F 94 8B 67
36.760000000,0x316,2A 78 B5 CD AE 05 92 CE
36.760000000,0x427,E8 24 21 03 F7 AD 2F 29
36.770000000,0x1A4,77 AC 9B 5A 8D 12 F5 20
36.770000000,0x316,89 5F 1E 93 68 D0 C8 81
36.770000000,0x427,F7 2F 4D 62 B5 44 B1 AF
36.780000000,0x1A4,19 B3 B6 5A 79 79 F7 02
36.780000000,0x316,66 A1 73 7C E7 90 60 A7
36.780000000,0x427,CD 62 BD F5 01 E5 91 AB
36.790000000,0x1A4,9E 08 C6 5A 77 25 26 6C
36.790000000,0x316,A5 D3 77 C5 BB 73 F4 0D
36.790000000,0x427,5E 6D 8E 4D 63 91 CB 6C
36.800000000,0x1A4,F9 D2 D6 5A F0 F8 F7 BD
36.800000000,0x316,EF 80 55 A2 74 73 AF 1D
36.800000000,0x427,4D E4 87 9A EB BF 9F CE
36.810000000,0x1A4,A0 4A EB DA F9 81 80 E8
36.810000000,0x316,07 E4 44 73 A9 1B 87 80
36.810000000,0x427,C6 7A 71 5F E2 D8 EF C7
36.820000000,0x1A4,0C 65 FA 5A A8 2B 47 B6
36.820000000,0x316,D6 B8 C6 55 B7 6B 1B D8
36.820000000,0x427,FB 57 F7 88 5C EF C5 F8
36.830000000,0x1A4,15 95 17 5B 9B 8B 96 1C
36.830000000,0x316,B7 2E 16 C9 F8 6D C8 2D
36.830000000,0x427,B6 6A 11 FB 33 88 8F 6C
36.840000000,0x1A4,C6 40 26 DB 34 DA 75 C2
36.840000000,0x316,88 35 2B 62 EA EA CC DE
36.840000000,0x427,E2 60 BA AC 33 7A 7B 14
36.850000000,0x1A4,EC C6 37 5B 8B EA C7 01
36.850000000,0x316,B6 36 4D 56 9B 50 BD F2
36.850000000,0x427,84 3A 26 EF 10 F6 22 B5
36.860000000,0x1A4,B7 44 4C DB 8B 93 01 42
36.860000000,0x316,C0 C4 96 32 33 3E D0 83
36.860000000,0x427,23 F6 15 D0 AE 30 51 9D
36.870000000,0x1A4,FF E0 5D DB FA D6 48 DF
36.870000000,0x316,CD 2E 7A 74 B9 D2 54 6F
36.870000000,0x427,71 5A 6D 0C 28 B8 FA 76
36.880000000,0x1A4,F3 67 76 5B EF 3E 33 0A
36.880000000,0x316,D9 FE 1D 1F BC 7A 2E DE
36.880000000,0x427,24 D4 57 7D A9 FD D2 75
36.890000000,0x1A4,33 89 82 5B 0C 9E D1 0C
36.890000000,0x316,F1 60 A0 E3 03 93 6D 99
36.890000000,0x427,BA 19 B7 AF CB 35 8A 5E
36.900000000,0x1A4,5C 7D 90 5B 6F D7 FA 6C
36.900000000,0x316,90 E4 63 56 70 8E CC AC
36.900000000,0x427,7A 1F D0 4B 6A 37 4F C4
36.910000000,0x1A4,19 15 AD DB BF 15 06 06
36.910000000,0x316,CB 90 F1 8A 04 8C 69 44
36.910000000,0x427,43 21 C1 2D 81 C1 11 4B
36.920000000,0x1A4,C5 D6 BC 5B A5 75 C4 6A
36.920000000,0x316,E5 1F 7C 04 5A 87 5F 72
36.920000000,0x427,76 1E 1B 53 DE F9 34 4C
36.930000000,0x1A4,2D C3 D7 DB DF 11 1E 09
36.930000000,0x316,6D F7 84 98 94 46 97 1C
36.930000000,0x427,DD 5F 74 5B D6 14 5E BB
36.940000000,0x1A4,43 6D E7 5B FC 36 01 88
36.940000000,0x316,04 27 1A BD 70 51 6E 65
36.940000000,0x427,25 00 A6 3F C0 1C DC 2C
36.950000000,0x1A4,4B 18 F4 5B 54 CA F4 88
36.950000000,0x316,9B E8 35 18 BD 1D 45 20
36.950000000,0x427,56 BD 0E BA F2 68 07 25
36.960000000,0x1A4,F3 0B 0F DC 2C C2 52 7E
36.960000000,0x316,E7 9A 5C 6E 9F 14 89 E4
36.960000000,0x427,16 7E 52 46 22 3C 6B 58
36.970000000,0x1A4,FF 57 1B DC E8 82 41 75
36.970000000,0x316,FF C6 61 B0 D4 83 03 9E
36.970000000,0x427,3E 62 7D 3E DE D8 34 EB
36.980000000,0x1A4,D7 A5 30 DC CF 0C 51 E7
36.980000000,0x316,E2 2D BD D5 56 01 A9 EE
36.980000000,0x427,1C 6D 91 BB CF 58 0B D2
36.990000000,0x1A4,28 F2 47 DC 7C 75 AE 91
36.990000000,0x316,3D FC 5A 75 92 72 67 0A
36.990000000,0x427,7E DF 97 13 73 4D 9B 53
37.000000000,0x1A4,C5 83 57 5C A6 33 CD 09
37.000000000,0x316,FA 6F 91 25 0A 97 FE 9B
37.000000000,0x427,97 67 12 FA 15 A0 4B B9
37.010000000,0x1A4,55 CF 6F DC 47 75 FE CF
37.010000000,0x316,70 2B CD E1 BE 2D E3 19
37.010000000,0x427,C8 0C C5 61 78 DE 3B 83
37.020000000,0x1A4,80 BE 7A DC EE C0 B3 B9
37.020000000,0x316,31 EF 29 14 33 46 78 56
37.020000000,0x427,79 BE 6C ED 7A 76 01 A3
37.030000000,0x1A4,45 F6 8F DC FA F3 4E 4D
37.030000000,0x316,89 EB 2A 6C A0 DE 96 66
37.030000000,0x427,78 EC BA 05 3D 0F 16 2F
37.040000000,0x1A4,3D B8 A2 DC D1 1F 2C BF
37.040000000,0x316,33 72 C1 41 B8 61 BA B8
37.040000000,0x427,A6 27 24 A7 25 99 20 BE
37.050000000,0x1A4,95 65 B7 DC BC E8 4B 14
37.050000000,0x316,C0 04 3C D6 8A 8C 8F E9
37.050000000,0x427,48 9D F5 6E B7 BA 14 F7
37.060000000,0x1A4,8C 0E C6 5C 21 4E 2C CB
37.060000000,0x316,B5 8E 0F 31 CF 2E 26 92
37.060000000,0x427,6D 4E CF 42 04 F9 B2 FE
37.070000000,0x1A4,B9 9B DE 5C 5E BF 96 9D
37.070000000,0x316,FC 18 98 83 F5 3B 06 8A
37.070000000,0x427,3A B6 AF DA 18 76 31 CB
37.080000000,0x1A4,B8 8E EE 5C EB D5 BA B1
37.080000000,0x316,85 41 88 CC F0 33 80 0C
37.080000000,0x427,B8 F4 CD 5F 30 26 C6 92
37.090000000,0x1A4,22 2E 01 5D 4B F4 17 37
37.090000000,0x316,AC 7B BE C2 F1 80 7B EF
37.090000000,0x427,51 AB DB 6F B2 6C 58 46
37.100000000,0x1A4,C5 DB 12 DD 15 58 59 B0
37.100000000,0x316,D2 41 3F C7 01 EB 8A 2F
37.100000000,0x427,3F E4 DF 46 38 70 66 80
37.110000000,0x1A4,F3 77 23 DD 76 C2 B5 0B
37.110000000,0x316,74 8B C8 9A 5F 47 0F 66
37.110000000,0x427,12 24 E5 E8 17 15 67 2E
37.120000000,0x1A4,53 0E 3F DD A3 06 F0 48
37.120000000,0x316,49 51 CE 45 9C 06 4B 01
37.120000000,0x427,A9 21 3D 68 37 E3 06 35
37.130000000,0x1A4,D1 C3 4A 5D 76 77 34 C8
37.130000000,0x316,5A 31 11 6A E2 18 3F A8
37.130000000,0x427,1B 68 38 21 38 3D 57 46
37.140000000,0x1A4,87 9A 5D 5D 4E 8C 62 76
37.140000000,0x316,5B 45 5D 99 C5 5C 4E CA
37.140000000,0x427,34 6D D4 F9 66 F7 85 A2
37.150000000,0x1A4,F0 E4 72 5D FE AB DE 18
37.150000000,0x316,55 AB A8 38 C0 1D 8E 39
37.150000000,0x427,55 6D A0 04 E0 94 81 B5
37.160000000,0x1A4,80 90 81 5D 15 3D 97 38
37.160000000,0x316,65 1D 50 10 AE CF 83 9C
37.160000000,0x427,00 50 AF 49 29 F4 68 BA
37.170000000,0x1A4,8D D5 97 DD BD 24 FC 9B
37.170000000,0x316,D1 A1 B4 D3 61 C6 EC 75
37.170000000,0x427,ED 8A 81 96 AC 3D B7 6B
37.180000000,0x1A4,0F 76 A8 DD 0B 0B 61 98
37.180000000,0x316,9B 17 29 54 8D FC 9C 8A
37.180000000,0x427,E5 17 98 63 4A 1C C1 79
37.190000000,0x1A4,03 23 BC DD 07 9E C2 8E
37.190000000,0x316,0B 9B 37 03 5B 9E CB 57
37.190000000,0x427,46 4C 31 57 6A 1C D4 51
37.200000000,0x1A4,6F 76 CB 5D 66 CB 97 D2
37.200000000,0x316,BE 16 C3 71 D1 F6 DA 26
37.200000000,0x427,C3 31 42 76 F6 12 B7 DA
37.210000000,0x1A4,AA 24 E1 DD 75 CD BC 7F
37.210000000,0x316,14 55 EC 35 8A E7 40 88
37.210000000,0x427,26 21 9E B2 B7 FF 85 2B
37.220000000,0x1A4,AF CE F0 DD EA 0D DB 63
37.220000000,0x316,F4 11 75 41 B4 F5 26 67
37.220000000,0x427,20 9E 42 08 5D 89 23 A9
37.230000000,0x1A4,9B C9 0F DE 71 96 41 92
37.230000000,0x316,14 BC BC F7 01 B0 1F 14
37.230000000,0x427,D0 62 A2 A1 D0 C9 8D 7C
37.240000000,0x1A4,07 0B 1B DE F1 7F 25 FC
37.240000000,0x316,21 87 65 58 78 84 45 15
37.240000000,0x427,44 13 22 35 5E A4 7D BF
37.250000000,0x1A4,4E 59 28 DE 34 53 93 87
37.250000000,0x316,DA 54 83 5E C8 16 D5 4D
37.250000000,0x427,29 EA B4 4A D0 32 38 C0
37.260000000,0x1A4,30 FF 41 5E 4B 73 95 73
37.260000000,0x316,3B 1F AC AC 18 39 A6 77
37.260000000,0x427,35 8B 91 07 4F 18 E9 27
37.270000000,0x1A4,7B 00 57 DE 8A 6C BE 95
37.270000000,0x316,66 19 AF 2A 11 D7 CF 9F
37.270000000,0x427,B0 2F 04 5A 67 CA 9C 90
37.280000000,0x1A4,59 CD 60 5E F7 31 57 6A
37.280000000,0x316,38 71 EE FE 5C 1E D3 C3
37.280000000,0x427,DE 16 FE 05 94 FD 5A C0
37.290000000,0x1A4,CD ED 7D DE F8 DC AC 48
37.290000000,0x316,7C D1 72 8E 68 31 7A BE
37.290000000,0x427,1B 3E A2 7D 20 AF 5B FD
37.300000000,0x1A4,18 84 8E 5E 4E A2 12 60
37.300000000,0x316,73 35 D2 EB 03 AD 9F 89
37.300000000,0x427,84 EB B6 21 73 B6 E0 60
37.310000000,0x1A4,94 54 9C DE CF CE E5 F2
37.310000000,0x316,DF DA 83 D9 B1 4D 9D 1F
37.310000000,0x427,67 AB D3 18 31 DA 4F 65
37.320000000,0x1A4,86 DC B2 5E 7C 18 18 36
37.320000000,0x316,9D 4A FC FD D1 6D 52 1C
37.320000000,0x427,75 58 1C 92 4F C6 12 4A
37.330000000,0x1A4,3F 33 C2 5E 96 A5 69 DD
37.330000000,0x316,FB EC BB 28 62 E5 51 C4
37.330000000,0x427,6E DB 0B C7 4B 81 00 FC
37.340000000,0x1A4,FB 9D D5 DE 02 F6 98 FA
37.340000000,0x316,49 92 AF 66 2D 69 D1 8C
37.340000000,0x427,4F 84 94 68 0D 49 1E 5A
37.350000000,0x1A4,53 F2 E3 DE 60 A2 BE 37
37.350000000,0x316,1D D8 0D 6B 84 79 84 E6
37.350000000,0x427,3C 5A 68 99 56 A9 64 47
37.360000000,0x1A4,6E 6D FC 5E 7F 77 3F C5
37.360000000,0x316,00 04 F9 5C F3 BE 59 A1
37.360000000,0x427,9D 24 0B 1B EA 46 0B AA
37.370000000,0x1A4,C7 7D 0F DF 18 00 D5 AF
37.370000000,0x316,C6 3F D2 F5 43 52 14 A2
37.370000000,0x427,D5 40 02 C3 DE D1 DE A2
37.380000000,0x1A4,74 B5 19 5F FA 09 97 80
37.380000000,0x316,A2 DA 1E 89 7C 78 52 88
37.380000000,0x427,45 79 65 64 0B 1A A0 39
37.390000000,0x1A4,E2 21 33 DF 4C 50 6A 67
37.390000000,0x316,BC 63 AD 7E F8 7D BF C1
37.390000000,0x427,71 10 C3 76 D7 DE 49 49
37.400000000,0x1A4,F3 CE 45 DF 9E 54 AF EC
37.400000000,0x316,28 8B 0F 73 A6 0A 2F 28
37.400000000,0x427,F0 66 85 EC AC 55 93 DF
37.410000000,0x1A4,4B F0 50 5F 79 F6 69 66
37.410000000,0x316,2C 18 D5 49 F8 B7 DA 00
37.410000000,0x427,93 C7 5C 88 33 1E 72 D4
37.420000000,0x1A4,58 9E 6C 5F A9 B3 4F C3
37.420000000,0x316,BE 1C CA 76 AD 1B FC A7
37.420000000,0x427,3D EE 19 2C 4B 24 F0 AE
37.430000000,0x1A4,65 8F 7B DF BC B3 2B 19
37.430000000,0x316,3D 73 23 62 23 39 85 94
37.430000000,0x427,F3 D6 31 A7 4B 98 08 6B
37.440000000,0x1A4,E7 46 88 DF 1D B7 13 6B
37.440000000,0x316,C4 03 09 69 EF 1B 5A 30
37.440000000,0x427,7A 37 EC A2 07 3B 6F 07
37.450000000,0x1A4,D7 A7 A6 DF E6 AF 64 39
37.450000000,0x316,0A 75 79 23 5E B2 15 9C
37.450000000,0x427,AD 18 B3 9E 73 48 DC 80
37.460000000,0x1A4,F4 8E B0 DF 66 07 9C 14
37.460000000,0x316,A9 4C 7D 99 CC D6 11 92
37.460000000,0x427,06 0D 6E BB E7 7E A5 68
37.470000000,0x1A4,99 91 C3 DF 95 6C D8 05
37.470000000,0x316,F7 87 34 53 23 AC 1C 9C
37.470000000,0x427,13 1E FC 3F 6A 0C 9D 2A
37.480000000,0x1A4,2A 0C DE DF D9 72 20 A0
37.480000000,0x316,6A 53 CF 78 F5 6A 32 AF
37.480000000,0x427,9D 93 49 17 5E 2F AC F3
37.490000000,0x1A4,93 B6 EB 5F 3A F2 D0 05
37.490000000,0x316,85 FA 32 BE 75 96 F1 99
37.490000000,0x427,BB DF 2D E2 16 91 35 CA
37.500000000,0x1A4,26 26 FC DF F5 BE AB 63
37.500000000,0x316,90 A1 53 8D 4D E1 E6 82
37.500000000,0x427,6E 4A 0A DD 66 84 6A 31
37.510000000,0x1A4,E0 D9 0D E0 29 EB C7 E9
37.510000000,0x316,E5 26 50 29 B9 57 30 75
37.510000000,0x427,CE FF 7A 5E 93 77 1A B9
37.520000000,0x1A4,57 13 21 E0 FE C4 43 3D
37.520000000,0x316,B2 A0 DA 2C 78 0F E0 78
37.520000000,0x427,16 77 E8 EF 10 92 79 B6
37.530000000,0x1A4,B4 EE 37 E0 34 21 25 33
37.530000000,0x316,A0 0D 9E 52 A5 5A F5 21
37.530000000,0x427,FC DC 00 4B A4 92 97 10
37.540000000,0x1A4,17 64 42 E0 29 64 E8 07
37.540000000,0x316,A8 6D FE 34 A1 BD DD 93
37.540000000,0x427,95 DD 0F 76 EE AA 8D 75
37.550000000,0x1A4,F1 65 5B 60 97 11 05 AF
37.550000000,0x316,8D 86 6E 9A 77 41 93 71
37.550000000,0x427,42 DA 5D FD 3C 16 EC 3D
37.560000000,0x1A4,9F 0A 68 E0 92 DE 47 2D
37.560000000,0x316,6C C4 09 F9 E3 B7 1E 76
37.560000000,0x427,10 16 0E 80 6C 6E 31 A4
37.570000000,0x1A4,FD CD 7C 60 E6 6D BE CD
37.570000000,0x316,78 30 A0 9A 7D 01 7F D6
37.570000000,0x427,B4 67 CD 54 04 FE 40 DF
37.580000000,0x1A4,D8 54 97 E0 18 45 AC E8
37.580000000,0x316,E3 B1 C5 28 08 5F AF 3E
37.580000000,0x427,69 8A 53 76 19 06 D8 B8
37.590000000,0x1A4,B9 B2 A4 E0 E9 2E E1 11
37.590000000,0x316,DC 1A C3 01 DD CF A4 BF
37.590000000,0x427,A4 4A 46 08 37 19 99 AE
37.600000000,0x1A4,00 82 B7 E0 78 56 06 68
37.600000000,0x316,63 D2 F7 DD DC 7B 0F 85
37.600000000,0x427,32 5A DB FE AD A1 5F 78
37.610000000,0x1A4,1F 1B C7 E0 FE 0A A4 62
37.610000000,0x316,06 7B 03 12 06 7D 75 C8
37.610000000,0x427,72 62 C6 6A 95 9F 23 F5
37.620000000,0x1A4,CA 46 D9 60 C0 AF 23 E2
37.620000000,0x316,B6 3D 4A B7 86 35 8F 89
37.620000000,0x427,A7 AC F8 1E C3 54 3E B7
37.630000000,0x1A4,BF 07 EF E0 D2 D6 62 9B
37.630000000,0x316,95 A5 A7 A5 E3 C9 3C FD
37.630000000,0x427,11 6B BF 88 B9 C9 FA B6
37.640000000,0x1A4,A7 85 FA 60 9E EB 42 70
37.640000000,0x316,53 34 16 7B D9 AC E7 D3
37.640000000,0x427,8E 37 DD B9 26 27 4E 0F
37.650000000,0x1A4,A0 A0 17 61 52 1B C9 CF
37.650000000,0x316,12 54 FD 65 DC F9 0B D4
37.650000000,0x427,04 49 83 D2 3D 77 A3 B9
37.660000000,0x1A4,19 8E 25 E1 43 4F 37 0A
37.660000000,0x316,CC 07 06 5D FA 01 41 66
37.660000000,0x427,1D B6 74 B7 B3 6C 69 ED
37.670000000,0x1A4,90 93 35 E1 64 B8 17 A1
37.670000000,0x316,84 23 4E A6 8B D7 A6 70
37.670000000,0x427,7E FA B7 6D AB 96 94 C9
37.680000000,0x1A4,99 30 42 61 BD 09 87 1A
37.680000000,0x316,B9 30 5F 25 D8 9A D9 D8
37.680000000,0x427,0A 24 33 43 27 62 08 C2
37.690000000,0x1A4,50 2E 5A E1 C2 8E 6E 94
37.690000000,0x316,67 7A EA C0 57 83 A7 CA
37.690000000,0x427,D3 DB 9D 1C F2 9C D4 B8
37.700000000,0x1A4,DA 88 68 61 34 9E D0 5D
37.700000000,0x316,F2 5B B3 69 1B CF 12 A8
37.700000000,0x427,FD 66 FF 56 67 D7 56 24
37.710000000,0x1A4,EA B3 78 E1 9B BF 39 3E
37.710000000,0x316,23 5E A9 CB 81 15 8B 7B
37.710000000,0x427,33 21 C8 35 EF C6 B6 43
37.720000000,0x1A4,EA 3A 8D 61 30 90 7C 54
37.720000000,0x316,78 71 5C A4 3C 60 97 B1
37.720000000,0x427,E6 38 F6 12 5F 59 4F 75
37.730000000,0x1A4,EE A9 A1 E1 B5 74 86 B5
37.730000000,0x316,59 FC D7 7D 88 00 A4 C0
37.730000000,0x427,F6 85 A6 3E B6 7A C9 C1
37.740000000,0x1A4,AA 54 B7 61 81 56 AA 57
37.740000000,0x316,C5 42 98 4B 81 06 6F B0
37.740000000,0x427,44 07 D6 71 8B 36 A6 54
37.750000000,0x1A4,CC 56 C1 E1 19 DA 4B 73
37.750000000,0x316,53 79 16 B3 1E 29 07 42
37.750000000,0x427,72 99 77 91 6E FE 79 46
37.760000000,0x1A4,29 71 DC E1 85 8F 26 09
37.760000000,0x316,05 0C E6 C2 4F 6A D8 23
37.760000000,0x427,33 E6 E4 25 FA 53 93 85
37.770000000,0x1A4,B1 93 EE 61 3B 09 A4 06
37.770000000,0x316,06 DE 94 38 3A DC 52 E1
37.770000000,0x427,5E 19 F0 5E C6 1E 44 90
37.780000000,0x1A4,DA 7E FB 61 58 CD BB B6
37.780000000,0x316,53 48 8D 4A DA 72 81 4E
37.780000000,0x427,F6 E1 DD F1 A5 12 41 B7
37.790000000,0x1A4,5E 82 0E 62 B2 D9 50 91
37.790000000,0x316,52 EA 46 A2 AD 87 03 4E
37.790000000,0x427,6D 44 AC 79 B2 55 8C B6
37.800000000,0x1A4,AB D1 22 62 79 FE 5B AC
37.800000000,0x316,08 3B 7D 4B C9 76 89 27
37.800000000,0x427,F9 4B 65 BE B3 7F 21 CE
37.810000000,0x1A4,9B ED 30 E2 E1 DA E8 20
37.810000000,0x316,A6 BC 82 25 24 CE 81 9B
37.810000000,0x427,D0 53 D6 4A 41 19 F1 DB
37.820000000,0x1A4,E5 AD 44 62 4C CA DE 41
37.820000000,0x316,2F DB 02 A3 06 D6 58 3A
37.820000000,0x427,ED 50 2B 07 6C D6 D5 D9
37.830000000,0x1A4,C2 7B 57 62 FB 95 4E 95
37.830000000,0x316,DB 8F 8E 4D 21 24 FB 25
37.830000000,0x427,01 69 90 95 E5 CD 16 03
37.840000000,0x1A4,14 6D 69 62 05 B5 39 5D
37.840000000,0x316,E9 96 9C B8 6E 0E 33 82
37.840000000,0x427,14 49 D6 BE 9E 8F C7 DE
37.850000000,0x1A4,C6 8E 79 E2 8B 2E 4E 84
37.850000000,0x316,19 6F E5 67 67 FD 1A 7A
37.850000000,0x427,DC 64 53 9E B4 A9 66 E6
37.860000000,0x1A4,6A FF 8F 62 71 6C EF F8
37.860000000,0x316,EF 60 1E 58 18 74 D3 A4
37.860000000,0x427,BA 8B E7 27 DD 81 4E 96
37.870000000,0x1A4,00 AE 9C E2 E1 C7 47 80
37.870000000,0x316,D1 B7 75 50 F7 70 F9 85
37.870000000,0x427,E6 39 D6 5F EB 36 C3 60
37.880000000,0x1A4,69 6C B3 E2 C8 BA 13 ED
37.880000000,0x316,5F 11 39 7C B5 00 FC A5
37.880000000,0x427,71 81 4B 2B 01 96 EB DE
37.890000000,0x1A4,71 EC C5 E2 BA CA 67 7B
37.890000000,0x316,9F 2F E6 2C 06 52 E7 7B
37.890000000,0x427,5A 8C AA E5 DB 50 3F 61
37.900000000,0x1A4,4B BF D4 62 3A DC 32 AB
37.900000000,0x316,79 33 6B F2 5B A0 93 10
37.900000000,0x427,1A 5D A5 57 97 24 8E 39
37.910000000,0x1A4,EB D3 E6 62 51 8C D8 34
37.910000000,0x316,35 61 6C 39 92 33 6C 26
37.910000000,0x427,05 B0 3F 47 69 E9 CF 9B
37.920000000,0x1A4,E8 F2 FB E2 75 22 90 BA
37.920000000,0x316,8E E0 0D CA 00 8B 9D 1E
37.920000000,0x427,73 2E 66 A6 EA CD 6A 32
37.930000000,0x1A4,1A AE 0B 63 B6 B7 B0 7F
37.930000000,0x316,93 1B 96 75 C6 B8 C4 91
37.930000000,0x427,13 DF A6 E9 CA AF 7D A3
37.940000000,0x1A4,E2 68 1B E3 24 97 1F 03
37.940000000,0x316,C7 BD 08 D7 DF AB 0A BF
37.940000000,0x427,3C CE 82 D8 32 33 A3 D1
37.950000000,0x1A4,08 6B 28 E3 42 C0 A5 C9
37.950000000,0x316,66 9E 2C 86 6C 27 EC E5
37.950000000,0x427,E2 8A 76 3A 89 F0 CA BD
37.960000000,0x1A4,4F 01 39 63 22 4A 12 5D
37.960000000,0x316,87 E6 0B AA BF 3C 68 08
37.960000000,0x427,4F 85 03 66 30 E2 5B A0
37.970000000,0x1A4,47 94 55 63 E4 1F B8 F3
37.970000000,0x316,BA 19 5B 54 4C 0C E6 81
37.970000000,0x427,D4 DE 33 11 84 4A 7F 45
37.980000000,0x1A4,27 0D 64 E3 7D 19 2F F6
37.980000000,0x316,3A A1 E5 88 4C 25 BB D8
37.980000000,0x427,B8 13 C3 BD 04 9D A8 89
37.990000000,0x1A4,B2 BC 73 E3 58 A8 56 14
37.990000000,0x316,D6 92 6E F8 78 57 44 CC
37.990000000,0x427,51 5D 54 0E C2 87 56 72
38.000000000,0x1A4,99 64 83 E3 E2 F8 DF 85
38.000000000,0x316,EC 16 7B 3F B8 26 A4 3E
38.000000000,0x427,73 F0 8D 41 AC E0 19 CC
38.010000000,0x1A4,CD A9 9B E3 FE 6B C4 2E
38.010000000,0x316,A2 1D 90 B0 42 8C B3 EF
38.010000000,0x427,21 4D 9B A6 02 9A 86 DB
38.020000000,0x1A4,6C 06 AE 63 44 7C 74 3A
38.020000000,0x316,7D 14 8C B0 A5 3C A6 B7
38.020000000,0x427,A3 BE C0 74 D0 18 6C 2D
38.030000000,0x1A4,31 B2 BC 63 B6 7B B8 FA
38.030000000,0x316,E7 72 F0 9B E2 10 09 44
38.030000000,0x427,C5 46 4E 8D 2E B4 08 47
38.040000000,0x1A4,F5 50 CB 63 84 7C 3C BE
38.040000000,0x316,B0 C4 A4 30 67 FD BB BB
38.040000000,0x427,69 41 A8 D4 58 1B DF EA
38.050000000,0x1A4,6E 9B E4 63 A8 DA F8 E7
38.050000000,0x316,44 C3 33 E7 3D BA EE 21
38.050000000,0x427,64 57 C6 85 5E BC 81 4D
38.060000000,0x1A4,38 DB F4 63 78 ED 2D 35
38.060000000,0x316,A1 17 43 3A 02 E4 72 3E
38.060000000,0x427,03 F4 EE 95 2D 7E FD C2
38.070000000,0x1A4,B7 23 06 E4 57 2C 2F 7A
38.070000000,0x316,C3 7B DA 76 FC 3C 28 19
38.070000000,0x427,AF 7B 74 89 98 34 B3 E1
38.080000000,0x1A4,CF A7 12 E4 3B C3 13 0D
38.080000000,0x316,3C B3 A0 51 3A 7F 3E CA
38.080000000,0x427,F5 A4 47 A2 EB B3 B3 12
38.090000000,0x1A4,99 F6 20 64 7B CE 71 7A
38.090000000,0x316,24 CF CC 1D 7A 3B 20 71
38.090000000,0x427,6D CC 58 15 95 7B DD 79
38.100000000,0x1A4,78 8F 38 64 B9 77 91 19
38.100000000,0x316,05 AF D8 8A 45 56 E1 96
38.100000000,0x427,D3 D7 09 37 C7 C7 29 99
38.110000000,0x1A4,27 26 4B 64 DA 3D CA 4C
38.110000000,0x316,3D 90 BF 91 CA 4E 75 02
38.110000000,0x427,DD 2D EB 94 58 77 04 6E
38.120000000,0x1A4,BC 9C 5B E4 5B 59 AD E7
38.120000000,0x316,98 D4 8C 1C 40 B4 50 B8
38.120000000,0x427,57 CF F2 E2 4F F9 50 71
38.130000000,0x1A4,4C 6A 6B E4 F7 39 83 A4
38.130000000,0x316,F6 54 DE 31 44 9C C4 96
38.130000000,0x427,F3 AB 46 CE 8D F0 8A A2
38.140000000,0x1A4,5F 30 7A E4 E1 44 6B C1
38.140000000,0x316,3B 17 CD 74 0E 4A 03 FE
38.140000000,0x427,C6 72 20 00 D4 8A 72 40
38.150000000,0x1A4,55 DC 92 E4 06 38 3C 68
38.150000000,0x316,7C 58 F2 99 2D 6D 4F 45
38.150000000,0x427,DF 5E 1B 7E 12 9E 91 A1
38.160000000,0x1A4,7C 31 A1 64 2C B6 21 54
38.160000000,0x316,EA F3 DD 81 3C 37 B8 7B
38.160000000,0x427,6F A0 A2 83 AE 36 A4 48
38.170000000,0x1A4,36 4A B1 E4 E0 0B 31 A5
38.170000000,0x316,36 07 B5 4C CD 9A A2 43
38.170000000,0x427,86 D0 04 DE 03 9B 3D 88
38.180000000,0x1A4,EB E7 C7 64 CD 19 55 57
38.180000000,0x316,1E 4C 79 46 E1 16 87 AD
38.180000000,0x427,BA 04 AF 8F 83 B0 C8 80
38.190000000,0x1A4,BC C7 D5 64 FF 67 3C A0
38.190000000,0x316,FC B5 A6 70 39 4D 89 1C
38.190000000,0x427,F7 AD 2B FA BD 56 B1 C1
38.200000000,0x1A4,25 33 E9 E4 F6 5D A3 2E
38.200000000,0x316,63 12 D2 7C F1 1D AB 01
38.200000000,0x427,ED 95 B7 51 6B B6 B3 E4
38.210000000,0x1A4,1B 4A FF E4 BA BB 71 82
38.210000000,0x316,4E 1A 73 78 39 F5 EB 7E
38.210000000,0x427,F9 F1 C2 29 21 85 C5 2D
38.220000000,0x1A4,79 81 08 65 6D 0D AC C2
38.220000000,0x316,98 87 98 6E F2 2A 48 AC
38.220000000,0x427,84 F3 FC 4D 4B 9B 35 18
38.230000000,0x1A4,BB 27 18 E5 A8 FD AD DC
38.230000000,0x316,28 72 75 71 E7 9A A9 57
38.230000000,0x427,78 4C 4C A3 51 8A DC AF
38.240000000,0x1A4,5A 0A 29 E5 E2 23 93 D2
38.240000000,0x316,A6 85 C2 2E 80 79 8F 31
38.240000000,0x427,3D E6 5E C7 BB 87 D4 1B
38.250000000,0x1A4,A6 4F 42 E5 A7 6D 57 3B
38.250000000,0x316,61 5A 95 36 73 AE A4 4E
38.250000000,0x427,ED A1 74 80 57 A2 2D 4E
38.260000000,0x1A4,30 8F 54 65 81 22 34 C4
38.260000000,0x316,46 43 C8 87 88 D7 CC 78
38.260000000,0x427,AE C6 58 1A FF 88 4B AF
38.270000000,0x1A4,2E D3 60 65 C6 03 74 ED
38.270000000,0x316,FE F0 09 9C 19 B1 D5 35
38.270000000,0x427,A6 9B 2D 92 5E CD 00 AC
38.280000000,0x1A4,27 B6 73 65 8E 4A E2 52
38.280000000,0x316,A9 06 09 28 F4 9F 20 31
38.280000000,0x427,78 9E 32 C4 D8 FB 6F 65
38.290000000,0x1A4,0C EB 82 E5 AD 98 F9 2B
38.290000000,0x316,53 16 34 DA 93 F6 6E 28
38.290000000,0x427,30 09 31 9C 03 8C 9F A9
38.300000000,0x1A4,88 D8 99 65 D2 D8 5F 53
38.300000000,0x316,A5 BF EA F4 86 22 37 84
38.300000000,0x427,68 EF 2C FB DB 54 49 79
38.310000000,0x1A4,73 29 AB E5 48 F8 60 98
38.310000000,0x316,3C 6E EB C9 0C 8F BA 6A
38.310000000,0x427,9B 04 9E C7 76 D3 F9 B9
38.320000000,0x1A4,EF 4B BE 65 27 A1 8D 3A
38.320000000,0x316,B3 D5 CE EE 17 7E 4A 43
38.320000000,0x427,66 CA D3 78 D0 3F 30 EF
38.330000000,0x1A4,07 62 CA E5 FA CB 9D D5
38.330000000,0x316,CB EA B9 4D F4 2A EC 5E
38.330000000,0x427,4E D6 1D 25 EE 3E 65 4E
38.340000000,0x1A4,D1 D0 DE 65 84 A4 09 BA
38.340000000,0x316,F8 63 9B 5A 69 80 48 D4
38.340000000,0x427,3B 57 C6 BE DD 8E BA 50
38.350000000,0x1A4,30 0E E8 65 CC 31 DA 4E
38.350000000,0x316,EF 52 E0 6C B4 89 33 90
38.350000000,0x427,8C 2E BF 64 F7 FE 3F C3
38.360000000,0x1A4,70 9D 00 66 2E C1 73 01
38.360000000,0x316,88 07 21 C3 19 02 A3 F0
38.360000000,0x427,17 DC 71 67 88 A0 28 0E
38.370000000,0x1A4,D5 68 13 E6 CE 50 A6 68
38.370000000,0x316,3A 50 86 5A C6 AB 52 A5
38.370000000,0x427,39 C7 2C CE 9D 78 D2 23
38.380000000,0x1A4,A1 AA 20 E6 7E B9 F6 74
38.380000000,0x316,03 4C 5D C4 60 73 32 46
38.380000000,0x427,D0 9D FC 04 1E 62 8B D1
38.390000000,0x1A4,12 8E 37 E6 D1 3C C4 33
38.390000000,0x316,EC 66 67 35 6B 69 7C A9
38.390000000,0x427,B9 DC 77 B7 A4 95 84 41
38.400000000,0x1A4,1C CF 47 66 40 1C 22 D5
38.400000000,0x316,F0 11 9C 5F B6 D3 0F 06
38.400000000,0x427,6F 7C 64 52 1B 88 70 6D
38.410000000,0x1A4,30 BB 59 E6 BB 61 E5 61
38.410000000,0x316,DB 19 60 53 22 8E DD 8E
38.410000000,0x427,87 57 5A 8F 39 37 30 BD
38.420000000,0x1A4,AE 4B 6F 66 EB 4B 27 CC
38.420000000,0x316,7F EB 08 37 A2 23 18 9E
38.420000000,0x427,67 E6 C0 80 92 99 AA 70
38.430000000,0x1A4,9B 41 7D E6 CB 70 22 46
38.430000000,0x316,D2 82 59 1B 76 A4 0D 13
38.430000000,0x427,B3 47 3E 3E 8F 26 11 29
38.440000000,0x1A4,34 DB 8A 66 47 A4 0C B9
38.440000000,0x316,3B 7C CC 7A D8 C2 05 F1
38.440000000,0x427,9F C1 A4 B8 F5 EE CA 97
38.450000000,0x1A4,FF 83 99 66 BE 3E B9 F3
38.450000000,0x316,F6 2E 9C F8 A6 76 5B F2
38.450000000,0x427,1B A7 C6 0B EE 8D FE C7
38.460000000,0x1A4,38 A2 AF E6 6D 2B DB 63
38.460000000,0x316,51 B9 13 B0 1C FA B0 F5
38.460000000,0x427,57 D7 AC E8 C6 70 DC B4
38.470000000,0x1A4,FE BD BE 66 79 EA F5 3F
38.470000000,0x316,17 6D B7 47 4D 64 A7 FC
38.470000000,0x427,32 02 51 9B 46 97 0B 96
38.480000000,0x1A4,38 3E D1 66 3B 63 2F 0F
38.480000000,0x316,75 F7 F7 19 26 86 5D 0E
38.480000000,0x427,45 B4 BE A3 88 A8 BA 57
38.490000000,0x1A4,14 F7 E2 66 9D 88 B3 89
38.490000000,0x316,D6 32 94 5E 2D EB 28 70
38.490000000,0x427,E7 72 71 EC 9D A5 C3 48
38.500000000,0x1A4,82 83 F4 66 3B 90 CA 78
38.500000000,0x316,E8 7B 60 22 53 5E 7F E1
38.500000000,0x427,48 9C F4 BF 7D ED F0 12
38.510000000,0x1A4,23 6A 05 67 16 63 28 FA
38.510000000,0x316,B3 51 76 C6 74 C7 81 BB
38.510000000,0x427,72 50 ED 69 AE 06 06 D3
38.520000000,0x1A4,6C 91 12 67 43 3A BB DF
38.520000000,0x316,BB E5 81 26 96 AD FD 96
38.520000000,0x427,72 CD 81 4C 72 70 F7 92
38.530000000,0x1A4,AB D3 22 67 78 82 D4 8F
38.530000000,0x316,9B 81 87 16 CD E2 31 70
38.530000000,0x427,CA 2C C7 3E F6 75 ED 53
38.540000000,0x1A4,05 A4 3E E7 04 01 ED 8B
38.540000000,0x316,F9 04 46 C3 10 08 23 A9
38.540000000,0x427,36 7D BE 42 3E 37 82 8E
38.550000000,0x1A4,B5 6A 49 E7 4D 3A 3B D1
38.550000000,0x316,F0 75 9A 4A 0E AB 87 B0
38.550000000,0x427,89 14 98 05 A6 AE F5 23
38.560000000,0x1A4,6C 64 58 E7 4D 8D 18 C5
38.560000000,0x316,33 B4 68 11 D7 DA E7 DE
38.560000000,0x427,F3 C9 30 C9 5E 22 02 B3
38.570000000,0x1A4,80 7C 6E E7 DA EB 32 BD
38.570000000,0x316,60 C3 5F 50 68 11 0B F5
38.570000000,0x427,4F 9B 7A DA 20 8B 79 5C
38.580000000,0x1A4,D3 DC 7C E7 E6 DC CF C5
38.580000000,0x316,38 98 22 72 D8 4B 4D BF
38.580000000,0x427,5C 2D 74 E2 10 F9 FD 36
38.590000000,0x1A4,0C CD 8B 67 1F 90 3E 52
38.590000000,0x316,33 3D E4 77 D1 62 49 3A
38.590000000,0x427,07 3B F7 75 5C 63 B9 5C
38.600000000,0x1A4,FE 47 98 67 5C B1 F0 32
38.600000000,0x316,C5 B3 7B AD 57 34 B0 F8
38.600000000,0x427,F9 4B 3D B4 29 84 4F 42
38.610000000,0x1A4,99 20 B7 67 F5 A2 86 9A
38.610000000,0x316,25 02 66 BF D0 32 C4 EE
38.610000000,0x427,7E 64 EC 05 05 BB E8 23
38.620000000,0x1A4,BF 43 C3 67 2C DB 69 A4
38.620000000,0x316,38 CF 28 69 44 8F 65 6D
38.620000000,0x427,8D 70 74 65 72 43 5A CE
38.630000000,0x1A4,5A ED D1 67 CF 15 50 CC
38.630000000,0x316,D2 C3 4B 0C D0 9D E8 D4
38.630000000,0x427,05 0D 45 87 31 ED 6E 0F
38.640000000,0x1A4,9E 33 E1 E7 A4 3F 59 FD
38.640000000,0x316,B5 94 23 83 1D 04 9C 5F
38.640000000,0x427,30 C4 25 04 FE AB D2 90
38.650000000,0x1A4,C2 CA F4 67 07 36 E3 FE
38.650000000,0x316,65 A8 36 08 E1 AE B4 F5
38.650000000,0x427,35 02 14 81 94 3A 82 DF
38.660000000,0x1A4,84 F6 03 E8 3E DC BA 53
38.660000000,0x316,9F 73 46 CA 8A 69 EF 89
38.660000000,0x427,31 55 F4 7D 1F 84 5B 48
38.670000000,0x1A4,56 1B 17 E8 FC CE 70 55
38.670000000,0x316,0E 53 66 A2 21 16 2E 11
38.670000000,0x427,A7 DA 03 BC CB 69 57 13
38.680000000,0x1A4,6F F2 27 E8 B1 B7 96 17
38.680000000,0x316,C2 F9 66 F9 A4 22 EC 8E
38.680000000,0x427,0F A1 D4 C7 5E FB C1 1C
38.690000000,0x1A4,41 95 39 E8 D9 5C 81 28
38.690000000,0x316,51 75 70 CC 73 C2 74 83
38.690000000,0x427,CB 12 A7 D8 B9 FB FA D9
38.700000000,0x1A4,7E 7D 4D 68 BD C3 EC 92
38.700000000,0x316,7A C1 28 EC 00 21 EC 77
38.700000000,0x427,EB 05 2B 9C 81 CD 71 A6
38.710000000,0x1A4,08 F4 59 E8 10 00 DE 30
38.710000000,0x316,01 00 7D C0 A4 9A B5 12
38.710000000,0x427,C1 AA 61 C4 BB 8D 17 AF
38.720000000,0x1A4,55 86 6A 68 36 71 58 D1
38.720000000,0x316,7D 9E E0 46 EE 1B 39 77
38.720000000,0x427,00 A6 87 73 1A D2 AC E3
38.730000000,0x1A4,8C 1B 7B E8 53 B3 8D FE
38.730000000,0x316,C4 F2 2A BD 64 ED F6 26
38.730000000,0x427,72 7A 83 A6 2B 06 97 54
38.740000000,0x1A4,7E D1 89 68 E6 2C 82 2E
38.740000000,0x316,41 D5 D8 A5 73 DD 41 93
38.740000000,0x427,04 C5 FD 56 E6 6D 3C 74
38.750000000,0x1A4,22 43 98 E8 0B 04 F7 C7
38.750000000,0x316,B0 53 4D B1 C8 28 4D BD
38.750000000,0x427,96 2F F9 D1 5D 23 D1 F2
38.760000000,0x1A4,B8 94 A9 68 41 85 AF E3
38.760000000,0x316,DF F1 7F 05 FA 7A C6 66
38.760000000,0x427,FB 04 22 93 7D 61 37 4B
38.770000000,0x1A4,A2 69 C0 68 80 21 AA 9F
38.770000000,0x316,25 66 06 D4 7F 99 D3 63
38.770000000,0x427,DB C5 D4 04 47 8A 2F 02
38.780000000,0x1A4,5E AB D0 68 2E C7 87 52
38.780000000,0x316,E7 AD 59 6D C6 D5 86 26
38.780000000,0x427,CE 2F 44 42 72 F0 06 DB
38.790000000,0x1A4,6D 51 E7 68 67 B2 99 95
38.790000000,0x316,F8 8A AE AC 6C 27 8D C4
38.790000000,0x427,23 52 9D 53 6E 06 49 88
38.800000000,0x1A4,4F 52 F7 68 7E 29 53 A7
38.800000000,0x316,E4 C6 57 AA A0 ED 48 33
38.800000000,0x427,78 FD 19 C5 25 72 4F D2
38.810000000,0x1A4,49 65 06 E9 A5 2A E4 EC
38.810000000,0x316,F9 08 CA 5A AE 9B AB E4
38.810000000,0x427,37 1C 5C E1 9F FA 03 B7
38.820000000,0x1A4,36 A5 13 E9 1B D7 AC 93
38.820000000,0x316,60 1B 11 27 20 4D 58 30
38.820000000,0x427,CC CD E2 C5 6F ED F5 25
38.830000000,0x1A4,5B DD 25 69 87 A7 F8 4E
38.830000000,0x316,B0 77 7C 2E 55 5A D4 19
38.830000000,0x427,F4 A5 B6 06 E7 58 8E 88
38.840000000,0x1A4,69 86 37 E9 0C 68 CA F1
38.840000000,0x316,2A 26 3E D8 83 90 19 0A
38.840000000,0x427,CE E6 8A C7 89 46 98 20
38.850000000,0x1A4,F0 6F 42 E9 9E 94 38 59
38.850000000,0x316,1F A3 64 F4 7A 79 BB 11
38.850000000,0x427,AF 7C D4 53 FF C2 DC DE
38.860000000,0x1A4,4A E0 59 69 54 EA AF ED
38.860000000,0x316,0A 16 E8 3A AF A2 7D A8
38.860000000,0x427,77 64 74 35 7B B4 A2 33
38.870000000,0x1A4,C6 C9 6C 69 5C 4D CD 29
38.870000000,0x316,26 DA 9D 6C E5 69 B2 FD
38.870000000,0x427,2D 5D 65 45 7E 80 A4 3B
38.880000000,0x1A4,49 81 79 E9 48 24 7D EB
38.880000000,0x316,1A C4 9C 37 82 6C B8 C5
38.880000000,0x427,E2 DF F7 5A 5A E6 FC 06
38.890000000,0x1A4,D0 E3 8E 69 75 DB AC E0
38.890000000,0x316,A3 F9 1C E6 94 52 C3 F1
38.890000000,0x427,1A 4F 8C 70 BD 24 84 1F
38.900000000,0x1A4,23 54 9B E9 8A 06 B1 F2
38.900000000,0x316,BE 77 07 60 13 2E 82 06
38.900000000,0x427,48 DE A6 71 EA A0 16 DE
38.910000000,0x1A4,E9 01 AB E9 77 12 AC DA
38.910000000,0x316,56 EC 6A BD A2 C8 65 35
38.910000000,0x427,F8 FA 62 61 C1 4E 99 0C
38.920000000,0x1A4,E8 4B BA 69 51 9B 44 70
38.920000000,0x316,F8 8A 30 66 3E EC D9 32
38.920000000,0x427,E3 50 A4 34 A1 30 5F C5
38.930000000,0x1A4,A8 C4 C8 69 43 79 18 97
38.930000000,0x316,B0 08 83 D0 8D 04 E9 1F
38.930000000,0x427,E0 22 C5 17 5F 5C 20 F8
38.940000000,0x1A4,8D 24 DB 69 35 4F B7 81
38.940000000,0x316,AB ED CC E9 4D B3 0B 94
38.940000000,0x427,BA 08 7A B9 19 18 39 84
38.950000000,0x1A4,2C FA EF 69 2C B3 B2 29
38.950000000,0x316,4B F4 B0 C1 97 D5 AA 35
38.950000000,0x427,89 CD CF 1E 1B 70 D1 F0
38.960000000,0x1A4,B9 35 FE 69 D9 B6 9A BD
38.960000000,0x316,64 58 D7 9A 5B 78 BF 5B
38.960000000,0x427,A4 32 EB BF DB C0 CF FE
38.970000000,0x1A4,33 05 17 6A E9 D1 45 6A
38.970000000,0x316,E1 23 E4 30 31 05 D8 35
38.970000000,0x427,B4 ED 32 FC D9 13 3E 17
38.980000000,0x1A4,FE 1D 27 EA A8 DD C4 81
38.980000000,0x316,7B AF 1F 5C 26 D4 5C 7A
38.980000000,0x427,C1 53 5A 41 4A 79 3C 82
38.990000000,0x1A4,E2 87 33 6A 7A C2 E4 F1
38.990000000,0x316,DD EB FA 74 F2 1B 22 04
38.990000000,0x427,B4 80 DB 01 D1 96 49 61
39.000000000,0x1A4,27 63 44 EA D1 08 86 6B
39.000000000,0x316,91 9B 7A 66 B4 5E 29 F6
39.000000000,0x427,96 AA 84 DB 5E ED 9D 19
39.010000000,0x1A4,6D 61 54 6A CF AD 42 5C
39.010000000,0x316,7F 7A 1B F2 4E F6 5A 4F
39.010000000,0x427,4E 22 27 D6 33 DE B7 10
39.020000000,0x1A4,89 61 64 6A B6 29 29 F2
39.020000000,0x316,89 F4 09 D9 AE 97 E9 A6
39.020000000,0x427,8A 4F FA 4C A1 42 B7 3A
39.030000000,0x1A4,EB C4 74 EA AE C1 82 B3
39.030000000,0x316,9F 9C 9E 15 FB C0 82 A6
39.030000000,0x427,66 C9 C1 A4 65 43 67 CF
39.040000000,0x1A4,AA 79 82 6A 18 B9 3D E0
39.040000000,0x316,13 25 AB 78 47 BF 0E 04
39.040000000,0x427,F7 FE 88 F3 EF 11 D8 F6
39.050000000,0x1A4,D3 CB 93 6A 2F F9 C8 BA
39.050000000,0x316,1A 5C B9 A5 49 7F B7 E5
39.050000000,0x427,56 E2 C1 52 CD 55 9D 0B
39.060000000,0x1A4,30 43 A7 6A 41 2D F0 D8
39.060000000,0x316,56 57 BE 3F E3 5B 67 2D
39.060000000,0x427,00 44 88 90 0F C7 5F 02
39.070000000,0x1A4,45 38 B1 6A B1 69 C4 84
39.070000000,0x316,E0 C6 DF 27 50 7B E5 23
39.070000000,0x427,04 1F F0 B1 24 A5 45 78
39.080000000,0x1A4,C3 4B C5 EA 4B 4D FB 09
39.080000000,0x316,95 96 A9 0F 61 DB A0 98
39.080000000,0x427,39 CB 68 CD 5E 21 B7 35
39.090000000,0x1A4,37 CA D0 EA 03 C2 66 BD
39.090000000,0x316,AE 29 34 A9 52 97 07 4B
39.090000000,0x427,E1 FE 27 5F 20 16 18 9E
39.100000000,0x1A4,7D 56 ED 6A E4 8E C0 D2
39.100000000,0x316,32 C9 50 28 C0 41 53 6B
39.100000000,0x427,79 B7 23 2C B9 0A B5 2C
39.110000000,0x1A4,3B CE F8 EA C4 F2 C2 84
39.110000000,0x316,C5 E9 1D F7 52 DF C0 26
39.110000000,0x427,08 87 F1 BD B9 FD 35 CF
39.120000000,0x1A4,2C 1C 09 EB 56 D0 2D AB
39.120000000,0x316,EF 4C 7E 2E D4 18 75 5D
39.120000000,0x427,81 37 0B E1 5A D1 C9 EC
39.130000000,0x1A4,0C 16 19 6B 17 C9 5B C9
39.130000000,0x316,E6 52 91 29 17 C7 AC 07
39.130000000,0x427,4F CA 5F 7F 3F 62 3E 34
39.140000000,0x1A4,92 43 2A 6B 4C E3 55 67
39.140000000,0x316,B9 7A 14 A0 99 FE 88 5F
39.140000000,0x427,1A F8 B2 E8 D7 A0 67 D7
39.150000000,0x1A4,AF EC 3A 6B 40 BA 35 9F
39.150000000,0x316,A5 D2 31 52 8F 58 4A 07
39.150000000,0x427,88 4F 84 C8 0A CC 9C 06
39.160000000,0x1A4,A6 8F 4A 6B 7E 92 4B 07
39.160000000,0x316,AF BC 89 E3 3F D7 72 78
39.160000000,0x427,CE D2 C2 08 E1 BC 25 BC
39.170000000,0x1A4,65 3D 5D EB EF 84 F3 24
39.170000000,0x316,8D 2D E0 E9 62 08 5C 68
39.170000000,0x427,52 63 E7 0B 44 07 1B 8A
39.180000000,0x1A4,5F 7B 6D 6B B9 59 33 C3
39.180000000,0x316,31 C9 37 99 AD 3F F7 B8
39.180000000,0x427,07 CF 73 86 98 18 74 2B
39.190000000,0x1A4,8E FF 7D 6B 23 27 A1 19
39.190000000,0x316,CF 01 D3 03 95 33 42 59
39.190000000,0x427,8F 28 AE E5 A7 D8 02 39
39.200000000,0x1A4,87 6E 8D 6B BC 71 7D 6B
39.200000000,0x316,61 1E FA FC 09 B9 FA 10
39.200000000,0x427,A0 F0 C6 1C 35 B7 FE F7
39.210000000,0x1A4,57 C7 9E 6B 12 1A E5 76
39.210000000,0x316,9D 0E BE FB C3 79 42 6A
39.210000000,0x427,C0 04 2C DB DC B9 EC E5
39.220000000,0x1A4,2B F4 AE EB 83 17 BF 70
39.220000000,0x316,5F 64 68 22 5A D3 5E DB
39.220000000,0x427,65 F9 6F 9A 1B 7C 36 CF
39.230000000,0x1A4,EA F1 B8 EB EE 4A 2F 00
39.230000000,0x316,37 EF B9 4F 97 17 EB 79
39.230000000,0x427,6C 4C 30 78 AE D7 48 E6
39.240000000,0x1A4,58 56 CB EB E2 AE C1 41
39.240000000,0x316,C0 9F D1 20 09 08 A8 52
39.240000000,0x427,F2 24 08 A8 43 87 3C 8A
39.250000000,0x1A4,59 D4 DE 6B DC BF F7 F4
39.250000000,0x316,4D 84 15 9D 37 5B 1E AB
39.250000000,0x427,67 70 60 B7 EB 8E AD 18
39.260000000,0x1A4,60 6F E8 6B A1 40 28 7E
39.260000000,0x316,F7 0A AC BF 9B 45 C2 D4
39.260000000,0x427,09 9B 1A DA 17 C1 3C 92
39.270000000,0x1A4,19 DF FF 6B 1A 97 36 20
39.270000000,0x316,2B C6 24 38 14 9C C5 83
39.270000000,0x427,41 12 3B 21 5C CE 31 CE
39.280000000,0x1A4,4B DC 09 EC 14 24 81 24
39.280000000,0x316,ED C3 BD 39 64 FB C1 A8
39.280000000,0x427,43 56 0A 15 5F 63 41 BE
39.290000000,0x1A4,BD 1A 1C 6C 40 E1 9E B7
39.290000000,0x316,4E F6 61 67 49 CC 44 48
39.290000000,0x427,83 0D 0D E3 00 98 71 9D
39.300000000,0x1A4,73 3C 30 6C D2 80 F1 3F
39.300000000,0x316,EF C6 E9 39 95 F4 2B 40
39.300000000,0x427,F0 B2 43 2F 8E 43 E3 BA
39.310000000,0x1A4,3B 6E 44 EC 62 6C 15 4D
39.310000000,0x316,49 D1 20 54 BF BC E0 B5
39.310000000,0x427,AD 3A 55 F9 42 68 4F 76
39.320000000,0x1A4,05 67 51 EC CB A9 3D 97
39.320000000,0x316,9E 46 19 85 03 D8 53 84
39.320000000,0x427,2F 39 C1 93 BA 2A D6 FC
39.330000000,0x1A4,25 7C 62 EC 93 25 48 44
39.330000000,0x316,52 63 88 C2 FC BC 47 E6
39.330000000,0x427,70 8E B7 21 83 23 F4 53
39.340000000,0x1A4,B6 90 71 6C EB F8 F0 5F
39.340000000,0x316,E0 85 44 A9 04 34 2D 25
39.340000000,0x427,78 7F 51 94 0C 63 85 BC
39.350000000,0x1A4,80 8B 83 EC 09 A6 CA D9
39.350000000,0x316,6F FD C2 08 D8 BA 78 BF
39.350000000,0x427,6E 91 F0 E7 5E D1 BD CC
39.360000000,0x1A4,BF 53 91 6C 0C E7 C2 A1
39.360000000,0x316,81 EF 4A 0C A3 5A 50 CB
39.360000000,0x427,61 52 A9 32 DD 84 C2 FA
39.370000000,0x1A4,EC DA A2 6C D2 96 AA 03
39.370000000,0x316,F2 A9 98 24 9B 27 77 A2
39.370000000,0x427,9F B2 BB 08 7F 67 DB D5
39.380000000,0x1A4,27 31 B6 EC 18 62 E2 3C
39.380000000,0x316,1F 4F 71 29 9F 4C 92 65
39.380000000,0x427,6D 7B 91 52 54 97 FF 02
39.390000000,0x1A4,B6 46 C4 EC 17 29 14 7B
39.390000000,0x316,B3 41 DD 7B 32 F2 90 DB
39.390000000,0x427,49 F2 09 58 25 45 10 30
39.400000000,0x1A4,70 54 D3 EC CD 3E 99 DE
39.400000000,0x316,05 39 26 D1 F9 05 85 F8
39.400000000,0x427,FD 79 C3 93 B3 20 D9 67
39.410000000,0x1A4,5B 18 E5 6C FD 81 21 FE
39.410000000,0x316,2D 81 FF 36 C7 7E 04 74
39.410000000,0x427,0B 57 0E 9F 28 2A 47 43
39.420000000,0x1A4,19 C1 F6 EC 95 DC 9A 70
39.420000000,0x316,F1 64 29 1E 0F BA B5 BE
39.420000000,0x427,87 8B 80 47 74 42 CC A7
39.430000000,0x1A4,EB 23 05 ED 03 AD B5 83
39.430000000,0x316,D7 C4 83 EC 8A 97 5C 56
39.430000000,0x427,1D 51 56 56 58 CB 26 FF
39.440000000,0x1A4,AF A3 14 ED D7 A0 B2 2F
39.440000000,0x316,FF 51 5A 41 42 A9 4A 57
39.440000000,0x427,5E CC 96 CE A5 7F 39 DF
39.450000000,0x1A4,98 4E 23 6D 77 4D A2 C5
39.450000000,0x316,02 C3 84 8C 24 20 D1 74
39.450000000,0x427,3D A0 CA A9 98 72 B4 18
39.460000000,0x1A4,04 E1 32 ED AD DD 30 DB
39.460000000,0x316,B2 E3 A5 57 51 9E 65 C3
39.460000000,0x427,9E F6 E1 84 3D 03 4B 43
39.470000000,0x1A4,78 7C 40 6D A3 27 2E C8
39.470000000,0x316,EA 4F 8C 5D 33 0E 30 6D
39.470000000,0x427,51 4B 6D A4 E9 87 81 06
39.480000000,0x1A4,A1 16 52 ED A7 F0 16 8B
39.480000000,0x316,45 7D 50 20 27 A0 36 18
39.480000000,0x427,17 DE 24 3A 06 5C 9F F9
39.490000000,0x1A4,9A 5B 62 6D 35 FD 7F D4
39.490000000,0x316,E6 78 73 1C B3 85 CA 1E
39.490000000,0x427,4F 42 EB 8C E0 33 73 B6
39.500000000,0x1A4,35 E0 73 6D C6 25 55 20
39.500000000,0x316,D5 07 91 DF 0B E7 FD 58
39.500000000,0x427,76 8B 99 4E D0 49 DB 73
39.510000000,0x1A4,69 73 80 6D 16 F9 A4 8D
39.510000000,0x316,F9 D9 FB FB 4A 42 86 F0
39.510000000,0x427,54 57 3D 15 CF F2 5E F7
39.520000000,0x1A4,D4 94 91 ED 41 01 C0 F8
39.520000000,0x316,E7 92 35 81 4C AF BF 2E
39.520000000,0x427,05 5E C6 65 BA 43 ED D1
39.530000000,0x1A4,C1 BD A5 ED B7 45 B8 E2
39.530000000,0x316,AF A1 A0 FF 26 A5 CA 82
39.530000000,0x427,0A 86 E3 31 CA 00 47 24
39.540000000,0x1A4,63 14 B3 ED 32 1F 3A AE
39.540000000,0x316,5E A0 CB 38 85 20 A2 C6
39.540000000,0x427,59 B6 47 04 EE 80 DC 32
39.550000000,0x1A4,ED E8 C0 ED 8C D4 9D BE
39.550000000,0x316,19 95 9B 5A 05 10 8C 86
39.550000000,0x427,09 F6 D6 99 30 FF A9 C7
39.560000000,0x1A4,1C 7A D2 6D B7 19 19 90
39.560000000,0x316,84 1F 24 DC 8F E1 D2 87
39.560000000,0x427,31 5D 69 86 E3 E0 07 0C
39.570000000,0x1A4,B3 D6 E5 ED B9 ED 7C 88
39.570000000,0x316,99 08 D7 5C 1F DE 19 8A
39.570000000,0x427,9E 09 FD 3A 9F FA 95 B1
39.580000000,0x1A4,8B 4E F1 ED D3 D9 46 FF
39.580000000,0x316,E2 19 E7 87 F8 5A B0 2A
39.580000000,0x427,BB 67 DD 5F A3 D3 A3 28
39.590000000,0x1A4,02 A6 02 6E D2 7D 2E AE
39.590000000,0x316,D4 16 67 2A 9E 49 89 A2
39.590000000,0x427,D2 4F 62 A2 89 8B E3 DB
39.600000000,0x1A4,F9 52 11 EE CA 02 EC 39
39.600000000,0x316,4D 7F DE D7 27 01 3F EE
39.600000000,0x427,0B 5D 48 C0 F6 68 51 B7
39.610000000,0x1A4,DC D1 24 6E 3E 48 73 8A
39.610000000,0x316,7D 7E 33 F1 E8 6D 83 F4
39.610000000,0x427,A7 0A 13 9C AC 4B 8C 6C
39.620000000,0x1A4,F6 3B 31 EE 15 20 C3 33
39.620000000,0x316,B7 9F 46 47 38 82 85 0C
39.620000000,0x427,73 BE 84 F5 11 FA 19 F8
39.630000000,0x1A4,5A 0D 43 EE 4A 9A 9F 66
39.630000000,0x316,A1 30 E7 4B B9 1F C8 63
39.630000000,0x427,D0 17 A5 E6 47 50 91 85
39.640000000,0x1A4,A7 92 55 EE 64 F7 D7 6B
39.640000000,0x316,65 70 CC E4 42 E8 FE 79
39.640000000,0x427,B6 1E CF 77 EB 6E 69 52
39.650000000,0x1A4,8B C0 60 6E B8 58 B7 B8
39.650000000,0x316,56 29 2A F0 FE 5A CC 4C
39.650000000,0x427,A3 2C 17 00 49 B6 2A 13
39.660000000,0x1A4,F3 1C 77 6E EE D6 55 B5
39.660000000,0x316,8B 1D 46 8E 62 EC 09 AB
39.660000000,0x427,4C 5E C5 4F 4D F4 70 35
39.670000000,0x1A4,50 25 85 EE 07 11 C4 BB
39.670000000,0x316,D9 40 F5 9C 60 65 0F 98
39.670000000,0x427,84 18 93 F5 71 C6 1A 11
39.680000000,0x1A4,1D 30 91 6E F6 CA 52 C1
39.680000000,0x316,E8 5E 0E 69 4F EA EA 23
39.680000000,0x427,29 86 CF 24 13 5E 1E 7B
39.690000000,0x1A4,9A 82 A3 EE 7D 56 06 29
39.690000000,0x316,A7 5C BC C3 F6 37 DB F8
39.690000000,0x427,87 C8 96 CE F4 F5 F8 F9
39.700000000,0x1A4,B7 E0 B6 EE 0B ED 74 FA
39.700000000,0x316,2B 0F 12 3E F3 30 28 64
39.700000000,0x427,99 CC 4B C9 DB 41 D1 28
39.710000000,0x1A4,41 CD C5 EE 2A 31 44 6B
39.710000000,0x316,DE 8D 18 64 D7 10 67 97
39.710000000,0x427,11 C8 80 31 FD 7F A2 3F
39.720000000,0x1A4,58 96 D6 EE 98 4B B4 59
39.720000000,0x316,83 5C 0E 12 EA 20 EF 39
39.720000000,0x427,3D 96 9E F6 40 F2 F4 F2
39.730000000,0x1A4,EA 36 E6 6E C5 E5 F3 23
39.730000000,0x316,F1 F4 83 E4 9B CE C4 66
39.730000000,0x427,B4 D2 9B 1F DC C1 D9 B9
39.740000000,0x1A4,60 07 F2 EE 9D 7D FF 95
39.740000000,0x316,BA 56 C0 F1 FC FC 1C AC
39.740000000,0x427,94 64 DF 26 AA 58 B1 34
39.750000000,0x1A4,C2 70 01 6F 0F E1 74 24
39.750000000,0x316,47 CB 17 AC BC 38 85 46
39.750000000,0x427,1B AC B5 C2 AF 09 D5 53
39.760000000,0x1A4,69 C2 11 6F 21 7B 02 A3
39.760000000,0x316,6A D9 06 1E E1 5E 47 85
39.760000000,0x427,70 38 A8 4F CD A7 34 86
39.770000000,0x1A4,3B CB 24 6F 61 61 8B C5
39.770000000,0x316,89 5F E8 A0 27 CA 33 99
39.770000000,0x427,00 9F 9A 78 B0 39 70 3B
39.780000000,0x1A4,0C 61 31 EF D2 97 32 70
39.780000000,0x316,D6 9C 7F 4C 46 58 7E D2
39.780000000,0x427,8C 1E F7 1F 2C FB 8F 8A
39.790000000,0x1A4,85 76 47 EF A9 4C 2B 9C
39.790000000,0x316,96 6C 51 74 A0 59 57 27
39.790000000,0x427,CC E9 05 12 60 8C 56 E1
39.800000000,0x1A4,41 48 4F EF 7E 8B 16 C1
39.800000000,0x316,82 EE 16 E9 E3 5D 52 B8
39.800000000,0x427,CF 7E 64 57 A2 6E 0F E0
39.810000000,0x1A4,31 87 58 6F A1 A3 11 F3
39.810000000,0x316,6B E8 EA FC E0 1D 7D 0A
39.810000000,0x427,9D 18 AA 61 8B B0 85 D6
39.820000000,0x1A4,34 3A 68 EF A1 53 65 41
39.820000000,0x316,5B EC E2 1C C2 68 7C A0
39.820000000,0x427,29 3A 6E 77 B4 79 08 6D
39.830000000,0x1A4,E6 27 79 EF CD EE 1F 2B
39.830000000,0x316,AA 6A 51 E0 08 E0 B2 B5
39.830000000,0x427,82 02 02 B1 6B CF 91 DD
39.840000000,0x1A4,6C 71 89 EF 45 F6 BF 7C
39.840000000,0x316,72 67 2A C2 D1 FB 85 4A
39.840000000,0x427,54 93 81 39 08 CC D8 85
39.850000000,0x1A4,FE 7E 99 6F 8E B7 AC 16
39.850000000,0x316,AC 0F 63 FF E6 93 54 BB
39.850000000,0x427,F3 EB 72 9A E1 27 B1 F5
39.860000000,0x1A4,85 24 AB EF 17 37 76 DD
39.860000000,0x316,4C 09 D0 5C FC 59 C5 3D
39.860000000,0x427,02 76 8E DE 45 55 97 D9
39.870000000,0x1A4,FB 94 BF EF C2 A2 99 7E
39.870000000,0x316,9D 91 32 D6 B6 FE 9B B3
39.870000000,0x427,BB 2F 97 F6 4B D5 B6 6E
39.880000000,0x1A4,D9 D5 CA 6F 8A C7 80 0E
39.880000000,0x316,EA E4 57 A3 FD BC ED 1A
39.880000000,0x427,A6 99 7B DD 75 27 1B C5
39.890000000,0x1A4,B0 6B DB 6F 6C 9C A2 D7
39.890000000,0x316,FE 7E 5B B9 56 5C 81 BB
39.890000000,0x427,52 21 9F 46 7D 79 9C E7
39.900000000,0x1A4,7C 7F ED 6F 41 6F E8 A3
39.900000000,0x316,72 B9 00 82 6A 2E 2E 54
39.900000000,0x427,DA E0 6D 6B 08 1A BF AA
39.910000000,0x1A4,CB 82 FF EF DA DB 51 40
39.910000000,0x316,7A 90 AB FB 9B 27 4E 5B
39.910000000,0x427,48 9B 45 15 29 20 4F 03
39.920000000,0x1A4,4F B8 0B 70 38 6F 8D B6
39.920000000,0x316,4E 75 55 CE 7D EC 4C 7C
39.920000000,0x427,2B 7C 24 3E AC F2 F5 95
39.930000000,0x1A4,A9 C0 1E 70 86 E4 AC 38
39.930000000,0x316,49 4F 51 97 2B 5B 0B 6F
39.930000000,0x427,ED A0 66 AA 01 77 08 44
39.940000000,0x1A4,CC 7A 2D 70 08 38 4F FF
39.940000000,0x316,D1 7F EA C7 53 D4 85 D3
39.940000000,0x427,84 29 62 B5 8E 85 E4 7C
39.950000000,0x1A4,63 1E 38 F0 B0 CC 4C 9B
39.950000000,0x316,75 A2 60 D6 42 7A CC 90
39.950000000,0x427,8D E4 35 60 36 F6 4B 9B
39.960000000,0x1A4,DD 01 4B F0 15 1B D2 DE
39.960000000,0x316,27 BB DC EC 90 04 E5 AA
39.960000000,0x427,8C 3C F1 61 6B 25 C7 0A
39.970000000,0x1A4,93 8A 5E F0 E3 A0 98 1B
39.970000000,0x316,8F B8 20 97 27 A5 94 D6
39.970000000,0x427,19 5E 29 CB D4 87 86 A4
39.980000000,0x1A4,5B 07 6E F0 19 53 3C 19
39.980000000,0x316,D1 31 5C 93 78 41 4C 18
39.980000000,0x427,ED BB 12 1E 42 97 7B F7
39.990000000,0x1A4,AE 83 7F F0 EE D3 15 3D
39.990000000,0x316,AA E3 56 5C 1E E1 82 94
39.990000000,0x427,1D 21 30 AC 07 08 95 B5
40.000000000,0x1A4,64 C1 86 F0 EA 03 93 9A
40.000000000,0x316,BC 01 FD 6B 10 6C B6 D0
40.000000000,0x427,90 7A CC 64 A2 C9 E1 B7
40.010000000,0x1A4,F3 15 83 F0 70 96 34 0A
40.010000000,0x316,DB F1 E8 58 05 97 A7 A5
40.010000000,0x427,D8 4D C3 C9 DF E6 B3 70
40.020000000,0x1A4,B7 F1 83 F0 5D 40 F3 75
40.020000000,0x316,94 BB C6 92 45 85 08 DD
40.020000000,0x427,EE F3 D3 85 72 EF 8A 09
40.030000000,0x1A4,31 C0 78 F0 20 BA 10 66
40.030000000,0x316,3A 4C 2B D0 CF EF 22 CE
40.030000000,0x427,31 5D CC A0 64 1A 90 BE
40.040000000,0x1A4,67 CF 7A F0 7F 45 8A 6E
40.040000000,0x316,6D 10 48 AB 58 04 78 E8
40.040000000,0x427,69 61 90 06 FF 5D 4E 37
40.050000000,0x1A4,11 53 72 F0 49 D3 44 2E
40.050000000,0x316,24 54 2E 06 99 D7 69 A1
40.050000000,0x427,7B C3 29 F2 B3 DE 36 54
40.060000000,0x1A4,6E 3B 73 70 BA A7 D2 4A
40.060000000,0x316,53 02 B1 EB 69 43 82 69
40.060000000,0x427,C9 01 49 CD 60 8E 43 07
40.070000000,0x1A4,FA 80 6B F0 8D 41 E5 74
40.070000000,0x316,F0 3F 74 D9 C5 F2 14 E4
40.070000000,0x427,ED 4E E6 40 FB 7B CC 5B
40.080000000,0x1A4,F4 97 68 F0 C5 DA D9 AE
40.080000000,0x316,96 A4 13 58 45 79 35 5A
40.080000000,0x427,85 82 3C F9 7E D0 30 F7
40.090000000,0x1A4,D6 DF 62 70 D6 62 D1 46
40.090000000,0x316,97 83 2D 72 AA 34 A1 C8
40.090000000,0x427,0F 90 3C 0C A1 3E 13 53
40.100000000,0x1A4,11 E5 64 70 EB 81 F8 B2
40.100000000,0x316,20 95 B0 FD AB BB 82 A2
40.100000000,0x427,E6 59 5F 43 0D B3 C3 C4
40.110000000,0x1A4,FB 0E 64 F0 94 90 1C 29
40.110000000,0x316,91 FE 99 35 19 66 F8 8E
40.110000000,0x427,6D BB 53 C5 39 37 0D DD
40.120000000,0x1A4,77 64 5A F0 81 21 F6 A5
40.120000000,0x316,86 CD 66 52 FC D3 9E BD
40.120000000,0x427,F0 F6 BC 66 3F 86 D9 C0
40.130000000,0x1A4,71 DC 59 70 88 88 ED C7
40.130000000,0x316,24 9B C2 D0 69 FE 0B 2C
40.130000000,0x427,4F 8F 3F D8 5C 47 F5 7F
40.140000000,0x1A4,18 2D 55 F0 01 26 C0 16
40.140000000,0x316,66 82 71 55 61 DF 0F 5A
40.140000000,0x427,B0 91 CC 9D F3 C0 C9 89
40.150000000,0x1A4,A0 6B 57 F0 B5 AE 1E CE
40.150000000,0x316,1E 8A 13 D6 CD 75 45 F7
40.150000000,0x427,8F 16 42 3A BB 61 08 51
40.160000000,0x1A4,90 93 4C F0 AA 36 4B 4E
40.160000000,0x316,26 AD EE 19 98 21 07 EA
40.160000000,0x427,8F 1A D1 B8 41 95 26 17
40.170000000,0x1A4,E6 1B 4B F0 BF E4 F3 67
40.170000000,0x316,44 CF 1B 50 4A 44 2E 9F
40.170000000,0x427,36 05 48 7F 40 A2 B4 A3
40.180000000,0x1A4,DD 49 4A 70 BB 35 AE C1
40.180000000,0x316,F4 63 F8 61 7D 0B C0 33
40.180000000,0x427,1F 18 C2 43 31 3E 21 DB
40.190000000,0x1A4,EF E8 47 F0 5D D6 45 7C
40.190000000,0x316,A8 85 C0 59 BB B6 45 56
40.190000000,0x427,66 4C 4F CE BE A2 11 70
40.200000000,0x1A4,7A DA 41 F0 6E DA 88 5C
40.200000000,0x316,8B A9 38 C1 3D 78 C2 28
40.200000000,0x427,2E 3B 95 F5 8A A5 25 2B
40.210000000,0x1A4,8B 62 38 70 49 D0 13 04
40.210000000,0x316,3C FE 89 1C BB 0F 96 30
40.210000000,0x427,1B EA F3 94 54 BC 7E 4F
40.220000000,0x1A4,BA 1A 39 F0 6B 08 91 81
40.220000000,0x316,68 29 42 B3 A2 47 6E A4
40.220000000,0x427,C2 F6 7B 8F 52 01 D4 4B
40.230000000,0x1A4,67 B7 33 F0 FC FF 56 8F
40.230000000,0x316,AA 09 CB 89 B6 62 8B 2D
40.230000000,0x427,46 71 E1 65 3E 1D 54 9E
40.240000000,0x1A4,F7 34 35 F0 CB 7F 70 13
40.240000000,0x316,29 BC D8 32 99 AE E6 17
40.240000000,0x427,47 C6 2D 17 EE B6 2F B6
40.250000000,0x1A4,7D 85 2C F0 22 9A 29 EA
40.250000000,0x316,26 AF 7E E0 E3 D4 C6 A9
40.250000000,0x427,D9 4B 96 67 5F 5B 2A DA
40.260000000,0x1A4,27 38 2C 70 49 E2 50 25
40.260000000,0x316,58 71 44 B7 0B FC 14 57
40.260000000,0x427,41 66 67 88 27 9D 92 5A
40.270000000,0x1A4,9B D9 29 70 4E 67 0E 22
40.270000000,0x316,F5 95 D7 EB 62 19 9F 62
40.270000000,0x427,25 3C 87 1A BB 8A 52 D8
40.280000000,0x1A4,0B 54 21 F0 17 00 7D BC
40.280000000,0x316,98 DC 87 D0 6E F9 5F E0
40.280000000,0x427,C3 FE 2F E3 CA A8 69 CC
40.290000000,0x1A4,78 D5 25 70 56 18 09 9D
40.290000000,0x316,85 84 F2 91 26 C3 82 F8
40.290000000,0x427,D8 D1 0B 15 74 EF E6 52
40.300000000,0x1A4,38 3A 1B F0 36 1F 8E 39
40.300000000,0x316,E0 0A 4A 71 33 85 7D D3
40.300000000,0x427,C8 16 70 0A BA 89 F3 3E
40.310000000,0x1A4,F4 E3 18 F0 AE DA AE 27
40.310000000,0x316,63 AD E2 AA 3B 19 20 FE
40.310000000,0x427,6E FD 16 46 CF 79 BF 06
40.320000000,0x1A4,AD 16 17 70 37 C6 76 39
40.320000000,0x316,02 BD 4F D5 29 B4 F0 B1
40.320000000,0x427,FD 13 B7 FB 9D C1 0E 38
40.330000000,0x1A4,0A 5F 17 70 ED E8 08 E0
40.330000000,0x316,29 2B D0 39 0E 2A BB 70
40.330000000,0x427,3D 73 DC A5 BC 1F C0 CF
40.340000000,0x1A4,64 AF 11 70 57 68 37 25
40.340000000,0x316,6D D9 2D 03 9E A2 FA 4B
40.340000000,0x427,59 D3 61 3E E4 66 EF F6
40.350000000,0x1A4,02 71 09 70 8F 2C 87 DB
40.350000000,0x316,C6 7B BA 9C 42 CC B7 7B
40.350000000,0x427,B4 A0 82 D6 2B 05 5F 70
40.360000000,0x1A4,9A 5D 0E 70 39 24 6B 8E
40.360000000,0x316,2E 28 1D 8D A3 58 95 FF
40.360000000,0x427,89 10 6E 91 12 95 36 31
40.370000000,0x1A4,81 09 06 70 E6 7F A1 2F
40.370000000,0x316,8C 49 10 D9 26 18 C1 84
40.370000000,0x427,39 93 B5 94 FA 49 4D 66
40.380000000,0x1A4,68 CA 03 F0 0F 24 51 93
40.380000000,0x316,84 8F 7B E3 2A EE FF E6
40.380000000,0x427,A6 55 A8 FA F6 3B 19 63
40.390000000,0x1A4,CB CF FD EF 7B 28 F1 42
40.390000000,0x316,1D 4D ED B4 D6 E8 FA CB
40.390000000,0x427,15 DC 5E FB 3B 11 2D 5D
40.400000000,0x1A4,F4 54 FD EF E3 DE 3D CD
40.400000000,0x316,6B 7E 78 43 EC A3 6A 6E
40.400000000,0x427,9E 4B C7 5E EB D2 50 5D
40.410000000,0x1A4,22 DD F9 EF 28 F3 ED EC
40.410000000,0x316,B2 21 DA EF 1F AE 15 3C
40.410000000,0x427,F9 A8 F5 51 4B A1 55 8A
40.420000000,0x1A4,97 36 F1 6F 30 EC B8 13
40.420000000,0x316,2A 75 45 F5 7D 7E 75 B1
40.420000000,0x427,CB 1E 6E 22 1A 7A 58 52
40.430000000,0x1A4,F1 55 F5 EF F9 9F D3 D3
40.430000000,0x316,7F 42 7B FC A9 C4 D2 B3
40.430000000,0x427,A3 88 34 3F F0 A0 A9 CB
40.440000000,0x1A4,08 6B EC EF 5D 9F 36 94
40.440000000,0x316,D8 B8 F6 20 3B 2E BC 18
40.440000000,0x427,D3 89 23 FB F6 EE DF EA
40.450000000,0x1A4,FE 8C EA EF 3F 01 4A FC
40.450000000,0x316,90 7E E8 81 AC AE 56 B5
40.450000000,0x427,46 F2 C9 79 E5 58 0D 89
40.460000000,0x1A4,FA 89 E0 6F 13 AC D4 1A
40.460000000,0x316,7A 2B A8 CE D8 FC 87 D3
40.460000000,0x427,18 BF A5 9A 83 B3 52 3A
40.470000000,0x1A4,03 E2 E0 EF 25 FE 2C 59
40.470000000,0x316,20 4F B2 B7 AB BD BF B3
40.470000000,0x427,2A 7D 1C A5 2D 72 FB F9
40.480000000,0x1A4,7D B7 E7 EF 1D 23 32 D2
40.480000000,0x316,01 03 2E FC 10 B1 55 39
40.480000000,0x427,0F 03 1D 77 DD ED E5 44
40.490000000,0x1A4,DC A5 DA EF E4 4B 2C D6
40.490000000,0x316,48 9C 9E 0D E3 36 D2 75
40.490000000,0x427,FA 10 6A 9E 95 4F 18 70
40.500000000,0x1A4,DD 1A DC 6F 68 E6 4F 97
40.500000000,0x316,7C C5 A9 6F 2F 69 8D 10
40.500000000,0x427,77 8E 02 F4 74 00 EC FE
40.510000000,0x1A4,19 04 D5 6F 33 57 A9 05
40.510000000,0x316,8B 74 59 8F 1F D1 CE 72
40.510000000,0x427,4A 5D 1A 8F 53 97 78 A6
40.520000000,0x1A4,AE 51 D3 6F 87 E0 55 E5
40.520000000,0x316,48 84 FC 58 C4 30 04 7A
40.520000000,0x427,3E 89 19 DE EA AA D0 B4
40.530000000,0x1A4,D1 78 CB 6F BA AD 53 10
40.530000000,0x316,FA 02 98 AE 4B C3 BA 5A
40.530000000,0x427,E8 E3 BE 10 AF 76 69 F4
40.540000000,0x1A4,10 C9 CF EF E7 DB AD 46
40.540000000,0x316,BC 5F DB 91 F3 DC 83 40
40.540000000,0x427,73 9A 85 F2 A2 EB 82 E5
40.550000000,0x1A4,2F 83 CE EF C2 48 0F 07
40.550000000,0x316,DF 49 AF B6 21 64 05 99
40.550000000,0x427,48 B6 A5 7D 71 E0 4A 6E
40.560000000,0x1A4,70 9E C7 EF FD 6F AD C3
40.560000000,0x316,69 F1 57 F1 94 AB 23 22
40.560000000,0x427,0E 09 78 FC 08 61 70 65
40.570000000,0x1A4,45 9E C7 6F 61 C7 6B A9
40.570000000,0x316,0F 98 BD 73 98 B5 50 4F
40.570000000,0x427,E2 4C D4 89 21 17 7C B2
40.580000000,0x1A4,76 04 BF EF 8C 44 FE 4D
40.580000000,0x316,B5 D3 9D 54 44 56 89 3B
40.580000000,0x427,1E 2C E2 91 74 03 65 CC
40.590000000,0x1A4,17 7C BF EF 83 55 09 82
40.590000000,0x316,0B 9B 3E F2 5E 75 3A 68
40.590000000,0x427,5D 75 EC 24 CE 40 2C C4
40.600000000,0x1A4,57 0D B4 EF 4C FB EC FA
40.600000000,0x316,DE 19 6B AE 06 46 3D 96
40.600000000,0x427,BF 5B 80 50 FC 23 DC DC
40.610000000,0x1A4,5C 07 B4 6F 64 26 8C F8
40.610000000,0x316,92 61 0E 9C 8D 80 8F 0D
40.610000000,0x427,8C 15 4D B6 71 B4 24 C1
40.620000000,0x1A4,30 CB B4 6F 83 F8 62 96
40.620000000,0x316,E2 91 A3 1E 70 8E 4D C6
40.620000000,0x427,A5 DC 33 FA 06 EF 2D 12
40.630000000,0x1A4,C4 4D AD EF 04 F9 49 10
40.630000000,0x316,EB 22 9F 87 2A FE E8 69
40.630000000,0x427,DA 34 FA BA 59 E0 44 29
40.640000000,0x1A4,E7 CF A8 EF 69 8C D2 31
40.640000000,0x316,76 53 B1 3F 69 FD D2 FA
40.640000000,0x427,A4 92 FD 99 C1 71 13 C6
40.650000000,0x1A4,C5 17 A2 EF 44 C8 55 FD
40.650000000,0x316,92 47 E9 2D A0 04 F3 D5
40.650000000,0x427,B1 9E 65 2E 1D 7F 8C 07
40.660000000,0x1A4,B5 89 A7 EF 7B 8D C7 ED
40.660000000,0x316,51 AF B6 7E A3 ED 89 BA
40.660000000,0x427,F7 8E 97 1E 7B 32 F0 54
40.670000000,0x1A4,11 A2 9F 6F 9A F6 1A 18
40.670000000,0x316,EE B2 36 F2 35 66 4F 67
40.670000000,0x427,69 DA F1 92 92 0E 70 B3
40.680000000,0x1A4,61 9F 9B EF 45 4C 73 AF
40.680000000,0x316,79 FF 2F 63 35 D7 0E CE
40.680000000,0x427,22 C8 56 68 96 44 9C 61
40.690000000,0x1A4,DD 41 98 EF 29 C6 72 79
40.690000000,0x316,C8 5B 75 23 01 65 E6 D8
40.690000000,0x427,19 34 E2 57 04 68 D8 2E
40.700000000,0x1A4,55 7F 92 6F 36 80 AA 4F
40.700000000,0x316,F6 90 EB 5A D4 CD 6A 2D
40.700000000,0x427,5C 2F 0F B5 9A 21 2C 6E
40.710000000,0x1A4,9F 5F 92 EF 8F FF 83 40
40.710000000,0x316,E2 25 EB 7F 3D 60 3A 17
40.710000000,0x427,11 BE 3F 2F 31 7E B0 42
40.720000000,0x1A4,32 F8 8B 6F E5 FF 5A 33
40.720000000,0x316,B2 17 05 3A B6 49 E8 59
40.720000000,0x427,68 A4 52 FC 26 8E B0 A5
40.730000000,0x1A4,BA C4 8C EF BD AA E1 14
40.730000000,0x316,BB E6 F7 56 A5 69 A4 73
40.730000000,0x427,2D F9 76 C0 2F 36 12 18
40.740000000,0x1A4,6F 2A 8C EF 81 12 FD 41
40.740000000,0x316,FD FB 38 05 31 E3 19 E1
40.740000000,0x427,A3 43 2D 9B 42 33 97 0F
40.750000000,0x1A4,EA 03 85 EF 4A F7 9F 8E
40.750000000,0x316,91 34 24 0F 94 16 C6 AE
40.750000000,0x427,8B 8F 86 5F C7 0D 72 18
40.760000000,0x1A4,E0 AC 83 6F 0F 4E 71 00
40.760000000,0x316,36 79 AE F6 4D 65 31 FC
40.760000000,0x427,D3 78 74 87 E4 57 38 03
40.770000000,0x1A4,1E 77 79 6F 2C 13 AD 53
40.770000000,0x316,EB 34 7F 62 72 4F 67 4E
40.770000000,0x427,A9 4D 14 07 37 4D CF CC
40.780000000,0x1A4,F9 95 7F EF 42 9A 6D 91
40.780000000,0x316,45 AB 38 90 CA 40 F5 5F
40.780000000,0x427,4A ED FE DB 19 7E C3 11
40.790000000,0x1A4,B0 85 71 EF ED F1 21 2C
40.790000000,0x316,C4 5C 40 30 E3 77 F0 A2
40.790000000,0x427,4F 7E F1 9E CA 1F 8A 7F
40.800000000,0x1A4,CC 92 71 6F C7 C8 03 89
40.800000000,0x316,48 59 E7 37 6E 59 CC F9
40.800000000,0x427,B4 2B 62 58 D0 BF D2 18
40.810000000,0x1A4,55 C1 71 EF 88 F4 E4 AE
40.810000000,0x316,C0 1C A1 E9 9B 87 98 27
40.810000000,0x427,84 23 87 99 64 7E C9 5F
40.820000000,0x1A4,83 AE 68 EF 13 2C 4B 2D
40.820000000,0x316,35 33 35 E4 9E 8E D1 70
40.820000000,0x427,3A 81 D4 B4 A4 B0 91 D8
40.830000000,0x1A4,39 2E 6A EF C3 B7 A0 C5
40.830000000,0x316,DF 1D 70 2D AA 4B E0 81
40.830000000,0x427,7A 04 1B 26 4E FE 79 D0
40.840000000,0x1A4,91 AF 61 EF 0F 7F F2 71
40.840000000,0x316,BA 78 C4 07 6A CE 40 9F
40.840000000,0x427,7C 1C ED 09 6A 5D 6F EF
40.850000000,0x1A4,FB 7C 67 EF FC 45 63 E3
40.850000000,0x316,22 8B 41 F5 1D 7B 2C CB
40.850000000,0x427,72 FA D1 F0 24 DF CA 1E
40.860000000,0x1A4,C4 F9 64 EF F8 DF 2A EF
40.860000000,0x316,D0 4C C9 4F 66 4A 5E EF
40.860000000,0x427,F0 37 9B 4A 32 23 97 1B
40.870000000,0x1A4,BC 9A 5B 6F 46 30 DB AE
40.870000000,0x316,E7 CA 2F 2E 45 35 11 97
40.870000000,0x427,7A AF BB 84 60 C3 D9 2A
40.880000000,0x1A4,5A 83 5D EF 42 5A 87 19
40.880000000,0x316,24 0F 66 7F F8 E9 72 31
40.880000000,0x427,6F 32 7F 9A B2 A2 BE 27
40.890000000,0x1A4,96 CC 51 EF 10 20 FA 9C
40.890000000,0x316,5D 10 85 EB 25 A1 5F 56
40.890000000,0x427,87 DB 14 F0 F9 0F 65 74
40.900000000,0x1A4,50 27 51 EF 6F AB 92 A8
40.900000000,0x316,18 72 48 8C 13 E3 EE D4
40.900000000,0x427,AC 66 8B 63 7B 54 B8 C8
40.910000000,0x1A4,FF E7 4B 6F 37 B6 AA F1
40.910000000,0x316,BF 2F CB 1D 84 41 30 AB
40.910000000,0x427,3A 36 F1 8D BA 38 C2 10
40.920000000,0x1A4,7E B5 4D 6F 9E 6A 08 3F
40.920000000,0x316,17 17 9E 5D EB 91 31 24
40.920000000,0x427,01 AF 4C 3D 2C ED DB F5
40.930000000,0x1A4,90 48 4D EF 48 FB A2 7D
40.930000000,0x316,FF 0F 37 30 CA 1E 47 CB
40.930000000,0x427,B8 33 7F 67 F2 AA A5 0A
40.940000000,0x1A4,AC F3 42 6F 85 FE 01 0F
40.940000000,0x316,45 FC A6 EA C7 00 7B FB
40.940000000,0x427,34 D3 CE EB 18 07 FD 7A
40.950000000,0x1A4,F0 9F 47 EF 55 42 F6 D7
40.950000000,0x316,99 01 E0 E8 A5 7A DF A8
40.950000000,0x427,0A BA 27 B5 82 38 2E C1
40.960000000,0x1A4,CD C7 3C EF A3 81 54 97
40.960000000,0x316,8A AB 49 19 3F BA 07 D9
40.960000000,0x427,C9 7B 14 85 01 BA 48 17
40.970000000,0x1A4,28 F6 3B EF 62 3E A1 A7
40.970000000,0x316,E7 C3 0F 52 00 1E 70 E9
40.970000000,0x427,F2 96 FF 86 23 8D 20 90
40.980000000,0x1A4,5D E3 38 EF 28 C4 C3 B3
40.980000000,0x316,12 48 2C 88 92 59 8C 85
40.980000000,0x427,6A 4D E9 64 8B BC C5 C1
40.990000000,0x1A4,08 A2 37 EF 44 A8 A8 A4
40.990000000,0x316,03 49 70 33 4A F4 55 48
40.990000000,0x427,CA 41 00 52 88 88 AE 22
41.000000000,0x1A4,A1 DF 31 6F D6 37 76 C3
41.000000000,0x316,52 D9 B2 32 EE 5E FF 4A
41.000000000,0x427,8E 30 BA F1 58 C5 57 A0
41.010000000,0x1A4,55 41 2B 6F B0 25 7C 67
41.010000000,0x316,01 42 65 6F A5 75 87 60
41.010000000,0x427,3E 70 17 15 05 23 8F 7D
41.020000000,0x1A4,B0 FE 29 6F A0 DD C1 7D
41.020000000,0x316,05 9E B4 1A 3C C6 4E 52
41.020000000,0x427,A9 46 AE 8F 82 45 EE 7B
41.030000000,0x1A4,C9 E3 22 EF DC F6 88 63
41.030000000,0x316,D0 4D 4F 4E B8 AB 63 7F
41.030000000,0x427,4E 8B 06 FE F0 E2 4E C9
41.040000000,0x1A4,7E 44 27 EF B5 8A 85 49
41.040000000,0x316,0A F3 55 C5 CD 0E 1E AF
41.040000000,0x427,19 38 EB B2 4D 0D 1C 0E
41.050000000,0x1A4,61 86 25 EF A9 45 CD D4
41.050000000,0x316,33 6E A8 0A 41 F0 25 30
41.050000000,0x427,26 2A 60 F2 FF FD D4 16
41.060000000,0x1A4,A7 67 1F 6F 31 2D 60 E4
41.060000000,0x316,A5 6C 64 96 26 30 73 BF
41.060000000,0x427,AE 82 78 E6 8E 12 3F 92
41.070000000,0x1A4,53 17 1C EF 5C 3D 61 2C
41.070000000,0x316,DE 25 14 A4 BB 9A 4B 50
41.070000000,0x427,54 F3 3F BD BE D8 46 0C
41.080000000,0x1A4,8A 5E 17 EF 19 97 28 07
41.080000000,0x316,28 CB 15 0C E6 1E 7E F7
41.080000000,0x427,2D DD 8D 4D DA E5 88 62
41.090000000,0x1A4,86 6E 10 6F 8C 4F 0D 5A
41.090000000,0x316,67 F7 D4 F6 45 E1 AA 89
41.090000000,0x427,99 65 6C 0D A4 06 E1 D2
41.100000000,0x1A4,AE 09 15 EF 2C 76 25 AF
41.100000000,0x316,E2 24 AB DF 7B C8 0D 6F
41.100000000,0x427,9F F6 10 BD 50 DA 24 82
41.110000000,0x1A4,1E D8 0B EF C9 88 66 D9
41.110000000,0x316,C5 6B A4 2D 9C 26 3D 82
41.110000000,0x427,14 51 EE 5E FC C1 5E AE
41.120000000,0x1A4,38 AA 0D EF EF D0 72 0B
41.120000000,0x316,DB 26 21 E9 37 06 E9 36
41.120000000,0x427,AE 2C 41 19 6E 45 0D 75
41.130000000,0x1A4,59 DC 00 EF 7D 63 8A 2F
41.130000000,0x316,B1 72 71 E4 C4 9F B8 38
41.130000000,0x427,31 8A 60 B6 F6 DE FF 51
41.140000000,0x1A4,1B BC 05 6F 40 F8 CA B6
41.140000000,0x316,4A AB 1F 34 2D 5B CA 7E
41.140000000,0x427,4F B6 EC 34 8E 94 36 92
41.150000000,0x1A4,DB A3 02 EF 74 AF EE 9C
41.150000000,0x316,4E E2 FD 03 9C 72 94 0B
41.150000000,0x427,BA D9 0D EC CF 3E A9 61
41.160000000,0x1A4,01 5F FE 6E D3 6A 7B E6
41.160000000,0x316,ED D4 7B B0 AB DE C7 1D
41.160000000,0x427,0A BA 9F EC D3 62 5A 4A
41.170000000,0x1A4,98 8F FE 6E BF 7B 86 E7
41.170000000,0x316,01 07 8A 3D 2C 2A DB A8
41.170000000,0x427,2A 90 4A D0 D8 7E 4D EA
41.180000000,0x1A4,62 57 F0 EE CE 13 AC 54
41.180000000,0x316,6C C4 01 FC 10 A8 53 2D
41.180000000,0x427,81 A2 B1 FC 04 85 D1 63
41.190000000,0x1A4,87 3C F2 EE 78 93 76 3A
41.190000000,0x316,B8 38 2D 5F DA C3 E6 EA
41.190000000,0x427,B4 3A 79 D6 8A C4 E6 66
41.200000000,0x1A4,49 2E F5 6E 65 F6 EA 27
41.200000000,0x316,77 72 44 24 8A C9 47 99
41.200000000,0x427,4C 34 05 3F BA E8 2B 9F
41.210000000,0x1A4,4A F7 EC EE 6D 6E 18 42
41.210000000,0x316,23 22 C7 E1 C3 D7 13 EC
41.210000000,0x427,00 48 3F 6C E2 69 2E AE
41.220000000,0x1A4,51 E4 EE EE 34 DC CD B5
41.220000000,0x316,32 49 1E DD 0B 3A EF E6
41.220000000,0x427,D7 03 4E A0 52 12 4B 4F
41.230000000,0x1A4,9E C5 E2 6E B3 B7 B5 F0
41.230000000,0x316,B6 3D F1 E0 2C 0D 41 A7
41.230000000,0x427,6E 04 94 BC 49 9D EA E9
41.240000000,0x1A4,AF 17 E2 6E F9 8D C1 68
41.240000000,0x316,DA 45 B6 B0 5D 43 9E 02
41.240000000,0x427,2B 98 77 6A C7 7E D4 D2
41.250000000,0x1A4,26 4D E4 6E 08 B5 8B 60
41.250000000,0x316,4B B0 30 47 A3 E0 B6 D7
41.250000000,0x427,78 E7 AC E6 E6 D7 82 30
41.260000000,0x1A4,A1 DD DC EE FF 4F 7B C7
41.260000000,0x316,86 C1 FB 7C 0F 7E E0 40
41.260000000,0x427,6F 18 A2 99 65 85 AB 02
41.270000000,0x1A4,2A BC DC EE 4B 32 49 B1
41.270000000,0x316,17 6C 3D 65 B1 5C B3 0A
41.270000000,0x427,FE 2B 2D B2 D6 68 62 C4
41.280000000,0x1A4,F7 10 D2 6E F3 D1 FE 20
41.280000000,0x316,F5 F1 B7 A9 E1 07 83 B0
41.280000000,0x427,E2 DC 14 39 4A E2 0D 12
41.290000000,0x1A4,8E 8F D1 EE 43 08 48 1D
41.290000000,0x316,A8 E2 82 1D 73 3B AF 28
41.290000000,0x427,D4 B3 F7 E6 4C 6E 8B CA
41.300000000,0x1A4,9F BF D0 6E 35 2A 06 11
41.300000000,0x316,3C 96 F0 2E 6A E1 74 89
41.300000000,0x427,E1 14 CF 53 CA 8B D8 2A
41.310000000,0x1A4,AD 6B C9 EE 2F BB 76 BD
41.310000000,0x316,D3 ED A9 41 06 AB 8F F4
41.310000000,0x427,5F D4 4F AE 94 C5 0B B7
41.320000000,0x1A4,4E 11 CD EE C2 C7 EC B1
41.320000000,0x316,99 BB F0 65 F9 18 E9 48
41.320000000,0x427,54 57 48 89 5B 10 54 49
41.330000000,0x1A4,53 6A C2 6E 14 94 02 DB
41.330000000,0x316,A4 9E F2 91 7B 9C F1 42
41.330000000,0x427,9E 22 C6 1B AD 31 D0 C2
41.340000000,0x1A4,71 0B C1 6E 47 93 18 65
41.340000000,0x316,22 19 A8 D2 42 A8 B6 E2
41.340000000,0x427,8A 90 4F E2 42 89 BE 33
41.350000000,0x1A4,F1 E6 C0 EE 89 10 25 16
41.350000000,0x316,44 18 04 8E 9D 3A B1 D8
41.350000000,0x427,8C C7 7A 7F 87 DA 66 33
41.360000000,0x1A4,4F 9C BA 6E 12 6E AA 84
41.360000000,0x316,65 EB DC FE D9 51 23 09
41.360000000,0x427,B6 90 0D 78 0E EF 93 7A
41.370000000,0x1A4,26 F6 BD 6E 10 25 85 1C
41.370000000,0x316,ED 7B 88 3A 80 6A BC 09
41.370000000,0x427,54 B2 45 D5 06 27 58 63
41.380000000,0x1A4,C8 F8 B1 6E F4 55 67 15
41.380000000,0x316,E5 E9 35 C3 A4 DE 90 B1
41.380000000,0x427,F7 D3 70 CE AF 26 41 11
41.390000000,0x1A4,E9 72 B3 6E 4A 54 9A 6F
41.390000000,0x316,72 AA 85 9D 4D 6D F3 5E
41.390000000,0x427,F1 E1 27 70 F0 43 04 BD
41.400000000,0x1A4,AA D5 B3 6E 16 79 28 71
41.400000000,0x316,B9 16 D5 98 92 7A E5 C4
41.400000000,0x427,B6 60 82 0A 99 4A B2 A9
41.410000000,0x1A4,79 6E A9 EE 9C 31 ED 80
41.410000000,0x316,78 5C 4C C4 9B 54 79 F9
41.410000000,0x427,CF 4C 60 30 24 A4 BF C4
41.420000000,0x1A4,47 D4 AE 6E 5F B6 93 B9
41.420000000,0x316,91 4A 63 51 A0 B7 33 0B
41.420000000,0x427,35 F7 9C 91 4A 57 A3 03
41.430000000,0x1A4,8C C1 A6 EE 85 09 18 27
41.430000000,0x316,84 8C 62 57 5E 60 07 DC
41.430000000,0x427,A1 5B 4E F3 02 92 34 40
41.440000000,0x1A4,00 B1 A5 EE 1D 78 EF 2C
41.440000000,0x316,29 48 A1 59 3F F4 47 76
41.440000000,0x427,80 C0 5D 33 01 D2 CC E6
41.450000000,0x1A4,FD 0A A6 EE 65 13 72 0E
41.450000000,0x316,AF 03 2D 64 42 EE 49 61
41.450000000,0x427,0C 66 31 27 45 E1 62 F2
41.460000000,0x1A4,90 C5 9B 6E C2 A5 6E 81
41.460000000,0x316,72 53 4B 10 45 0A A9 39
41.460000000,0x427,B1 35 18 2F 9B 12 91 A0
41.470000000,0x1A4,F0 34 98 6E 14 CC FC 55
41.470000000,0x316,14 7D 73 A8 D2 52 9F B8
41.470000000,0x427,87 E3 59 70 D7 B1 7A 06
41.480000000,0x1A4,47 F6 97 EE 42 9B C6 70
41.480000000,0x316,8B 13 C3 11 25 86 EA D7
41.480000000,0x427,03 2F EB 3E B9 64 06 9A
41.490000000,0x1A4,5C 7C 97 EE 7B B0 AD 49
41.490000000,0x316,45 ED 8D 8E FA B7 3D 29
41.490000000,0x427,94 77 B3 24 BF 46 10 8C
41.500000000,0x1A4,1C 46 94 EE A9 30 4B 51
41.500000000,0x316,70 C0 84 0E 0F 78 82 1C
41.500000000,0x427,FC 9D 4C AF BD 72 AC 10
41.510000000,0x1A4,5D CA 88 6E A5 BF 9E 84
41.510000000,0x316,79 2A C6 88 88 60 78 04
41.510000000,0x427,BF AA 5B 9E E1 89 71 B8
41.520000000,0x1A4,A5 90 8F 6E D6 43 5D B9
41.520000000,0x316,87 04 CC EE 86 10 58 52
41.520000000,0x427,8C B5 D0 5E DC 8C D6 09
41.530000000,0x1A4,96 87 83 6E 54 FD C9 E6
41.530000000,0x316,D6 26 92 1A 8B 5F 2F AF
41.530000000,0x427,58 45 D1 3B 81 C4 82 01
41.540000000,0x1A4,7C 33 87 6E 00 32 E0 00
41.540000000,0x316,16 DF 0D 90 A2 73 F4 0E
41.540000000,0x427,71 0A 4F D0 A6 FC 34 63
41.550000000,0x1A4,49 39 81 EE C5 F2 23 91
41.550000000,0x316,2D DD A0 1E A7 8C 64 DB
41.550000000,0x427,33 04 7A 39 91 FB 1D C3
41.560000000,0x1A4,F0 63 7F EE D7 8D 02 09
41.560000000,0x316,34 A1 4A 90 1B 4C AB 8B
41.560000000,0x427,24 AF EC 12 7F 2D 11 05
41.570000000,0x1A4,7D DC 7B EE 28 8F F1 D2
41.570000000,0x316,9B F0 2A E9 74 33 F7 79
41.570000000,0x427,52 0E ED EF 86 4A 4D 92
41.580000000,0x1A4,B4 F7 70 EE FF 7B D4 62
41.580000000,0x316,28 DA 4F 48 CC 22 84 AF
41.580000000,0x427,B5 64 B5 9D D4 2B 03 63
41.590000000,0x1A4,EC A6 75 6E 29 8F 05 E9
41.590000000,0x316,17 7A 81 BF EA E0 D7 3C
41.590000000,0x427,EC 4C D1 AE 47 7E 95 7D
41.600000000,0x1A4,31 E9 73 EE EB C5 02 40
41.600000000,0x316,28 81 5B 58 3F DF E9 FA
41.600000000,0x427,91 17 EC FC B4 9C FE A2
41.610000000,0x1A4,94 D9 69 6E 19 34 A8 7A
41.610000000,0x316,44 89 5F EB 42 20 09 E6
41.610000000,0x427,E8 0B 34 27 A1 F8 47 74
41.620000000,0x1A4,EC 17 6D EE 3F 43 23 E1
41.620000000,0x316,25 D1 31 5C 56 91 4D 39
41.620000000,0x427,39 E2 F7 24 08 E3 6F 49
41.630000000,0x1A4,65 8A 60 EE C4 68 21 BB
41.630000000,0x316,87 68 A2 2C C2 C4 89 F6
41.630000000,0x427,8D 8F A5 F7 57 93 71 63
41.640000000,0x1A4,A2 AB 67 EE A5 93 D8 41
41.640000000,0x316,C2 A7 C6 E1 03 83 0A 29
41.640000000,0x427,AD 5D 3A 5E 7F 01 71 BD
41.650000000,0x1A4,AD 22 64 6E F1 49 86 6E
41.650000000,0x316,AF 00 32 CE C3 78 C3 4C
41.650000000,0x427,E5 1E DC 24 96 E0 E4 0A
41.660000000,0x1A4,A7 1B 5E 6E 7E 1A 0E 69
41.660000000,0x316,8B 81 EF B5 F4 E6 3A E1
41.660000000,0x427,A1 A5 9F 8A 8E F0 07 DA
41.670000000,0x1A4,9C BA 5B 6E 7D 1A CC FC
41.670000000,0x316,87 9B F8 66 5B 96 01 20
41.670000000,0x427,2E 1C 13 D7 48 4C 62 A0
41.680000000,0x1A4,AC 5D 52 6E 1C 1A 46 35
41.680000000,0x316,97 1E 1F F1 0E 02 E2 67
41.680000000,0x427,A4 DF CF 6B A8 09 35 E2
41.690000000,0x1A4,06 11 50 6E FE AB E8 75
41.690000000,0x316,3B 55 C3 BB E3 B4 CA 73
41.690000000,0x427,C1 F6 A2 71 AF CA CE F3
41.700000000,0x1A4,A9 FD 50 6E 78 0F A9 76
41.700000000,0x316,0E 49 12 5D F8 25 7A 56
41.700000000,0x427,B0 74 75 53 AF E9 55 AA
41.710000000,0x1A4,54 33 4D 6E AD CD 13 22
41.710000000,0x316,B7 B1 2A B9 AF EF A9 87
41.710000000,0x427,DA D9 B6 34 8C 52 FA 3E
41.720000000,0x1A4,26 A5 4A 6E 03 4A 6C B6
41.720000000,0x316,45 16 E3 30 A2 C8 81 91
41.720000000,0x427,A8 6E D1 31 A3 74 B0 F2
41.730000000,0x1A4,DA A6 44 EE A3 D9 B3 BA
41.730000000,0x316,56 96 C9 A8 84 77 BC C8
41.730000000,0x427,9C AC 6E 9E 54 C2 08 5D
41.740000000,0x1A4,00 9F 45 EE 1A CE 9F 76
41.740000000,0x316,43 32 57 8C 01 C8 C8 DC
41.740000000,0x427,06 F8 93 C3 C6 A4 C5 CA
41.750000000,0x1A4,4F 53 40 6E BF FB F3 5F
41.750000000,0x316,E1 2F DD A4 87 EE 90 4E
41.750000000,0x427,3D D5 A8 36 63 7A 90 64
41.760000000,0x1A4,FF 4C 3E 6E 69 27 61 78
41.760000000,0x316,9B 7F D0 1B 68 D2 F6 8A
41.760000000,0x427,64 08 F9 A6 3F 3B CB 73
41.770000000,0x1A4,16 CA 39 6E BF D9 98 E7
41.770000000,0x316,19 24 38 D5 4A E8 AA F4
41.770000000,0x427,BF B8 4A C6 D3 96 BF DE
41.780000000,0x1A4,4B FE 3B EE 3C 8E 80 69
41.780000000,0x316,91 D8 06 0D 61 84 0C 33
41.780000000,0x427,80 FC 98 37 35 67 72 56
41.790000000,0x1A4,DF C1 33 EE 33 1A D2 E3
41.790000000,0x316,59 C2 1E 28 1C EB DE A8
41.790000000,0x427,BE DC 60 62 DD 39 E7 EF
41.800000000,0x1A4,A5 EF 32 EE 65 62 89 6E
41.800000000,0x316,86 23 29 2E 08 82 75 F1
41.800000000,0x427,EE 28 67 71 96 13 1A 06
41.810000000,0x1A4,09 FE 2F EE 50 1F DA 34
41.810000000,0x316,59 F9 CE 62 5D A9 40 91
41.810000000,0x427,BD 16 C0 AA BB 86 1E 2C
41.820000000,0x1A4,5D 4C 28 6E D7 57 CF FB
41.820000000,0x316,4B 00 F8 BE 42 C7 3D AE
41.820000000,0x427,81 9F 38 90 32 EA EC C4
41.830000000,0x1A4,7B 28 2E 6E C4 2E 28 A4
41.830000000,0x316,8E 60 E1 66 34 BB 37 93
41.830000000,0x427,C0 E7 27 C8 02 A4 03 CD
41.840000000,0x1A4,FB A8 23 6E 95 2D 93 26
41.840000000,0x316,B3 48 4A 69 A9 88 05 51
41.840000000,0x427,F9 D7 F4 77 72 18 E6 3E
41.850000000,0x1A4,77 38 27 EE 56 16 0C BD
41.850000000,0x316,D0 0E 6C 21 ED 14 3B C3
41.850000000,0x427,D2 8F 66 EE 37 63 97 7C
41.860000000,0x1A4,AF 70 1B 6E BE 6C 40 9C
41.860000000,0x316,BC 69 DA EE EC B2 6D C3
41.860000000,0x427,01 53 C1 9C 49 9F D4 87
41.870000000,0x1A4,8A C6 1D EE 1C 38 CA A0
41.870000000,0x316,9A 11 3C E0 04 87 09 09
41.870000000,0x427,D5 BF 1A AD EB 39 D9 18
41.880000000,0x1A4,DF 5B 1E EE D3 5E BB 10
41.880000000,0x316,47 B7 F3 15 FA CC 7E 05
41.880000000,0x427,49 1C 38 02 CB 60 90 EB
41.890000000,0x1A4,3F 5E 14 EE 1D 2D 95 DE
41.890000000,0x316,9D 33 81 0D F4 BF DD 54
41.890000000,0x427,EE 0D 44 DA CD C3 06 17
41.900000000,0x1A4,15 07 14 6E BB E3 7A EE
41.900000000,0x316,76 9C DC E6 C7 73 50 5B
41.900000000,0x427,7C 45 F8 33 92 8A 5B BE
41.910000000,0x1A4,F4 E9 15 6E 8B A4 3C F5
41.910000000,0x316,E1 F1 87 36 60 5F BC 4E
41.910000000,0x427,0E B5 36 D7 83 E3 E6 10
41.920000000,0x1A4,D3 A3 09 6E 81 1C 8C 9F
41.920000000,0x316,FC 51 C4 E8 2B 9C C4 50
41.920000000,0x427,D2 E1 5C 95 F0 4D 8E E7
41.930000000,0x1A4,D1 7C 08 EE 4E 7E 55 72
41.930000000,0x316,C0 52 9F 79 CE D9 AF 56
41.930000000,0x427,21 57 1F B4 25 16 DB 2C
41.940000000,0x1A4,30 78 04 6E 02 2B A1 4D
41.940000000,0x316,D2 DE FB 19 28 E3 65 CD
41.940000000,0x427,ED DC D7 8F 2B 77 E9 28
41.950000000,0x1A4,5C F2 03 EE AC 77 6C E1
41.950000000,0x316,5E 94 EA 26 B1 31 CB 29
41.950000000,0x427,0B 9F 49 6A 48 1D 52 1E
41.960000000,0x1A4,F5 26 05 EE 42 EE 04 E9
41.960000000,0x316,45 2E 48 9E 00 C8 E0 68
41.960000000,0x427,D1 10 85 28 78 37 C9 8F
41.970000000,0x1A4,21 EC FC ED FB 55 F1 A0
41.970000000,0x316,56 96 35 78 28 32 2A B3
41.970000000,0x427,21 BF B9 FB DB FD FE 47
41.980000000,0x1A4,21 76 F9 ED 44 2E 16 D9
41.980000000,0x316,55 B6 55 E7 7F 02 D8 3F
41.980000000,0x427,60 4F E3 F9 81 30 05 1D
41.990000000,0x1A4,1B 53 F3 ED 82 DA 05 F2
41.990000000,0x316,6B 9C 8A 25 3D 56 C0 E8
41.990000000,0x427,A4 38 E5 71 79 82 D9 18
42.000000000,0x1A4,D9 D1 F3 ED 09 B3 14 0A
42.000000000,0x316,5E 99 B6 22 17 DF 56 E1
42.000000000,0x427,1B E2 85 61 4E 47 0A 79
42.010000000,0x1A4,47 60 F6 6D 98 CF 14 7A
42.010000000,0x316,EF 21 A3 2B 9A 29 63 C4
42.010000000,0x427,98 B6 1B 05 D9 96 0F 96
42.020000000,0x1A4,FC BA E8 ED C8 B1 DE FC
42.020000000,0x316,69 48 65 D1 73 36 C5 5C
42.020000000,0x427,03 3A 52 EE 34 37 E1 70
42.030000000,0x1A4,09 6E EB ED DF B5 68 92
42.030000000,0x316,BF A6 8C 2E 56 71 84 72
42.030000000,0x427,80 66 DC E4 81 53 15 05
42.040000000,0x1A4,61 5D ED ED BF 71 E4 7D
42.040000000,0x316,0E A5 54 F2 88 93 F8 AB
42.040000000,0x427,E6 B0 18 91 55 2A 05 58
42.050000000,0x1A4,5D EF E6 ED 22 9A FB 56
42.050000000,0x316,A1 76 E1 FC AE 3F C3 15
42.050000000,0x427,16 0E F1 E2 C5 3B B6 5E
42.060000000,0x1A4,4D C6 E2 6D D3 4D 5F 2D
42.060000000,0x316,8A A6 8B 22 86 80 C0 9F
42.060000000,0x427,A4 A6 D3 4C C6 53 68 AD
42.070000000,0x1A4,63 00 DC 6D CF 0B B1 EA
42.070000000,0x316,F9 B6 44 26 14 A6 68 1C
42.070000000,0x427,0F 7C 2E FE 74 0D 5E EF
42.080000000,0x1A4,27 D9 DC ED D2 B7 DD F5
42.080000000,0x316,AC 48 3D AB 28 3B 77 32
42.080000000,0x427,55 C9 29 F6 5C 6C 5C A2
42.090000000,0x1A4,62 4D D9 6D 0D 6A D7 4A
42.090000000,0x316,AF D8 1E B6 94 C0 F3 CA
42.090000000,0x427,2F 0D E2 F2 93 20 5D C9
42.100000000,0x1A4,9D 40 D4 6D 50 65 CE 5A
42.100000000,0x316,62 EC 51 9A B6 4D CB FB
42.100000000,0x427,2E 15 A0 CC ED ED A7 7E
42.110000000,0x1A4,61 A9 D5 6D 4C 5C 32 9F
42.110000000,0x316,B9 B3 1B E4 0D 64 1F 97
42.110000000,0x427,BD EB F0 6A 7A 2B E0 FD
42.120000000,0x1A4,C5 86 D7 6D 5F CB 7E 5D
42.120000000,0x316,95 B4 EB D9 20 FB B1 40
42.120000000,0x427,C8 6D 28 31 38 AD 6F 83
42.130000000,0x1A4,EB 30 CE 6D AF BC 66 FB
42.130000000,0x316,73 01 3B 85 A9 E2 7E E7
42.130000000,0x427,9E 10 7A EA C3 72 00 06
42.140000000,0x1A4,DF 04 CF 6D 88 A4 8D 51
42.140000000,0x316,B8 99 E3 E7 10 C6 B8 2A
42.140000000,0x427,FC 98 50 0D EA 69 3F A6
42.150000000,0x1A4,10 41 C2 6D 9D F1 54 B3
42.150000000,0x316,7F B4 7F 4E 25 66 5B 43
42.150000000,0x427,7B 25 ED 72 A9 F1 03 FF
42.160000000,0x1A4,30 CA C5 6D 89 91 67 56
42.160000000,0x316,B2 4E 5B 0A A6 9D D8 45
42.160000000,0x427,00 D8 FF BF 34 A8 BE FE
42.170000000,0x1A4,9E F6 C7 ED CF 0E 1D A8
42.170000000,0x316,46 39 45 75 C8 20 CF A8
42.170000000,0x427,02 E2 8A 14 AD 2B 3A 55
42.180000000,0x1A4,F6 4C B8 ED 21 1D 08 08
42.180000000,0x316,CF 44 72 21 C2 03 3E DF
42.180000000,0x427,03 81 6E FA 36 10 32 ED
42.190000000,0x1A4,3A 95 B9 ED 15 C9 BB 02
42.190000000,0x316,3C 73 11 BC A7 E5 DA 92
42.190000000,0x427,94 16 EB 04 EB 6E 7E 4D
42.200000000,0x1A4,9E A9 B3 6D 8A C3 1B 33
42.200000000,0x316,0A 98 8F E7 06 D9 59 78
42.200000000,0x427,39 CA 48 61 BA FE 6D 63
42.210000000,0x1A4,2C 31 B6 6D B8 69 FE B1
42.210000000,0x316,3D E5 01 AC D0 4F 31 45
42.210000000,0x427,3E 29 65 B2 B3 4D 09 60
42.220000000,0x1A4,78 2B B4 6D 67 34 E6 5D
42.220000000,0x316,65 FA 9A CD 15 B8 38 83
42.220000000,0x427,DB 46 87 DA 12 0C 60 FE
42.230000000,0x1A4,88 1C AC ED D9 F6 AC 6C
42.230000000,0x316,14 EF 3D 68 1A 56 10 B5
42.230000000,0x427,E7 BE 95 57 E8 0A E1 21
42.240000000,0x1A4,F9 4D AA ED 11 20 A3 58
42.240000000,0x316,1C 0F 18 B8 43 6D F7 42
42.240000000,0x427,17 F3 68 8D 95 1E 62 31
42.250000000,0x1A4,9A FD AB 6D 3A A2 19 48
42.250000000,0x316,BD A6 44 44 C9 8C 53 15
42.250000000,0x427,94 C9 D1 E9 E8 F4 2A 73
42.260000000,0x1A4,53 E9 A4 ED BF 9A FB AB
42.260000000,0x316,10 25 B5 15 E0 9E 33 CE
42.260000000,0x427,4C 90 8D AA EC C2 D0 E9
42.270000000,0x1A4,93 AE A0 6D 9A E5 89 DC
42.270000000,0x316,2D 25 40 82 4F 67 54 E5
42.270000000,0x427,16 FE 0F 1D 07 D1 E3 05
42.280000000,0x1A4,2B A5 9D ED 8A 11 E7 20
42.280000000,0x316,BE DE 64 CE 9C 95 16 C3
42.280000000,0x427,64 9A 67 1B B4 B1 32 3E
42.290000000,0x1A4,5B D6 9C 6D 16 E6 56 2D
42.290000000,0x316,0D 60 96 5F 0B 2A A1 10
42.290000000,0x427,02 F2 6C 27 81 9D 68 92
42.300000000,0x1A4,30 4A 9C ED F2 72 A8 3C
42.300000000,0x316,51 76 64 C7 D1 FF 5E 16
42.300000000,0x427,72 D0 1A DD D9 2B 4E 13
42.310000000,0x1A4,40 1C 90 6D 4C 8C 1D B9
42.310000000,0x316,F7 46 71 03 B7 7E 8B BC
42.310000000,0x427,98 A6 96 CE 43 9C 54 57
42.320000000,0x1A4,75 C7 92 ED 4B 6B AE E8
42.320000000,0x316,1C E7 11 9E 0A 9B 04 12
42.320000000,0x427,CA 97 FF 27 11 6D 2F 95
42.330000000,0x1A4,64 D1 91 ED 84 77 34 F7
42.330000000,0x316,AB C0 10 DF A1 93 17 F8
42.330000000,0x427,56 90 F4 75 2B 68 89 A1
42.340000000,0x1A4,95 3C 8F ED 73 E7 B5 54
42.340000000,0x316,2C EC 3F C9 BE 61 39 AA
42.340000000,0x427,B8 DA 17 1B 6B 12 D1 9C
42.350000000,0x1A4,F9 F9 89 6D 16 EC 60 0E
42.350000000,0x316,E9 04 43 B4 80 D2 82 23
42.350000000,0x427,02 D4 13 33 A0 30 02 EB
42.360000000,0x1A4,22 0E 86 ED B7 29 33 ED
42.360000000,0x316,19 9D C6 14 B2 D4 81 2F
42.360000000,0x427,D0 E7 79 17 2C 85 DF B7
42.370000000,0x1A4,C3 6B 86 ED F0 2C 72 17
42.370000000,0x316,90 BB FB 00 9F 14 D7 6E
42.370000000,0x427,2A D2 A5 CA 06 8C 83 AF
42.380000000,0x1A4,26 DA 82 6D 43 EA D0 35
42.380000000,0x316,C6 B5 CC 0C 9D F2 8B B7
42.380000000,0x427,8F 57 54 14 DB F0 0B 63
42.390000000,0x1A4,1C 0F 7E 6D EB 9A 1D A0
42.390000000,0x316,33 66 82 87 23 C3 50 31
42.390000000,0x427,CB 06 DE 79 9B 04 4B D1
42.400000000,0x1A4,8A 3C 7A 6D 8A 0F 4F B5
42.400000000,0x316,F0 F3 E8 FC 77 01 CC 7E
42.400000000,0x427,AF 48 FF 9A 31 5F CE B4
42.410000000,0x1A4,BC F2 79 6D 35 2D 1E 78
42.410000000,0x316,66 87 BE 49 A4 D3 47 BB
42.410000000,0x427,23 C7 18 AD 9B FE 80 97
42.420000000,0x1A4,C5 2D 71 ED 5E DF 63 DC
42.420000000,0x316,B4 26 AF 0F 07 C0 48 71
42.420000000,0x427,77 6E 57 2F 04 0D F1 81
42.430000000,0x1A4,2D C1 75 6D C7 EE 5D 14
42.430000000,0x316,A7 90 04 2D 0F 8A 64 F9
42.430000000,0x427,9E CF 9D 32 B8 1C 65 43
42.440000000,0x1A4,1F 28 76 6D 5A 2F D0 E0
42.440000000,0x316,D3 68 C0 8A C8 A5 4F 93
42.440000000,0x427,E7 6B 04 F9 D0 F3 78 30
42.450000000,0x1A4,F5 09 69 ED BB 23 BF 1F
42.450000000,0x316,D7 29 EF B3 D9 93 FC C2
42.450000000,0x427,76 4D 66 13 2B C7 2D 30
42.460000000,0x1A4,80 61 6A 6D 08 EB 3E D9
42.460000000,0x316,92 A0 47 52 90 F9 9B C1
42.460000000,0x427,AF 6D F2 FD E3 90 4B 3A
42.470000000,0x1A4,75 97 64 6D C4 F5 08 65
42.470000000,0x316,A6 D1 A2 A2 66 BE 06 D6
42.470000000,0x427,A2 82 A1 97 0E CF F5 4B
42.480000000,0x1A4,C6 70 67 ED F4 4F 8B 69
42.480000000,0x316,37 1B B4 81 5B 08 FE A3
42.480000000,0x427,10 2C 10 49 71 C5 DF 37
42.490000000,0x1A4,B9 A1 60 6D E2 3E 3E 40
42.490000000,0x316,4F 5F 10 D3 F1 20 42 58
42.490000000,0x427,BD 00 46 BC E2 25 A3 3D
42.500000000,0x1A4,31 2E 5A ED 64 A4 C9 01
42.500000000,0x316,7A BC A3 A7 87 7B FB E3
42.500000000,0x427,C0 F5 D7 F7 B3 E3 FB AE
42.510000000,0x1A4,51 53 5D 6D F3 0C 0D 48
42.510000000,0x316,43 9D 19 C1 DA 9B 48 29
42.510000000,0x427,04 1F 8D 10 F0 4C C6 0F
42.520000000,0x1A4,96 8B 5A 6D A8 BD 71 7E
42.520000000,0x316,DF 03 1F 58 38 EB 16 E7
42.520000000,0x427,91 43 A0 BB 82 A2 76 0F
42.530000000,0x1A4,EB 2F 56 ED 4F 49 72 C1
42.530000000,0x316,75 04 55 D1 1A B1 1A 6E
42.530000000,0x427,69 B5 77 14 32 8F 8D AC
42.540000000,0x1A4,08 EF 51 ED 0F 40 0D E6
42.540000000,0x316,53 F7 52 B7 A2 99 28 72
42.540000000,0x427,DD 5C 12 03 F8 A8 27 FA
42.550000000,0x1A4,AB 64 48 ED 18 1B AC AC
42.550000000,0x316,15 5A 96 16 DD 88 82 51
42.550000000,0x427,B0 40 90 96 5D 8F 79 C5
42.560000000,0x1A4,06 D3 4C ED 8F 24 1B EA
42.560000000,0x316,6E F0 89 5C 60 1B B5 B2
42.560000000,0x427,F8 4F 5B AE 54 7F 02 9B
42.570000000,0x1A4,2F 39 4E ED E4 6D 94 F5
42.570000000,0x316,06 6F DD 10 5C 2A B7 91
42.570000000,0x427,4F 17 2F 43 87 6E 26 BA
42.580000000,0x1A4,A7 3A 40 ED 48 2D AE 51
42.580000000,0x316,06 C6 66 73 31 43 AD 5B
42.580000000,0x427,5D 56 00 BE 33 6D 9B CF
42.590000000,0x1A4,7E B1 46 6D C3 60 D5 5E
42.590000000,0x316,D8 01 EC 7F AF FF DC 4C
42.590000000,0x427,08 00 6F C3 EC D5 34 7D
42.600000000,0x1A4,53 E0 47 6D A9 35 C1 8B
42.600000000,0x316,5B D9 C4 FF D8 4F B6 BE
42.600000000,0x427,7A 85 B6 30 03 86 65 3A
42.610000000,0x1A4,E4 A5 3C ED 90 5B A9 2B
42.610000000,0x316,68 5A EE 0A E8 80 DC B0
42.610000000,0x427,06 53 57 5A E0 38 E4 68
42.620000000,0x1A4,94 9F 3E 6D DF 04 46 E1
42.620000000,0x316,A3 0D 2E 76 2A C4 09 53
42.620000000,0x427,5E F5 66 EC F2 25 D7 CB
42.630000000,0x1A4,A4 04 3B ED E9 7C F9 F1
42.630000000,0x316,8B 15 E7 F8 CB D8 3A 67
42.630000000,0x427,9F 0D B0 76 0D F7 61 DE
42.640000000,0x1A4,FE BB 32 ED 93 6E E2 76
42.640000000,0x316,57 D5 C1 73 B6 5A 16 27
42.640000000,0x427,4A 8B 5F 24 0B 57 E4 BC
42.650000000,0x1A4,61 2E 34 ED 50 55 B4 62
42.650000000,0x316,20 B8 6A 6B 88 38 1B F3
42.650000000,0x427,36 4F 44 06 F8 A2 94 DF
42.660000000,0x1A4,24 D1 29 6D 48 C1 CB C9
42.660000000,0x316,97 CA 14 51 56 30 A7 61
42.660000000,0x427,09 0D 61 FD BB BC C8 DE
42.670000000,0x1A4,30 67 2F ED 70 06 3E 26
42.670000000,0x316,4A 46 40 66 8C 2C 9F 5D
42.670000000,0x427,FA 3C 92 03 5E 9C 33 6F
42.680000000,0x1A4,1D 8F 2F ED C1 70 41 D1
42.680000000,0x316,FC E4 69 A9 14 D3 C5 E7
42.680000000,0x427,9C 4E 3B 2C 09 78 AA 26
42.690000000,0x1A4,D1 BA 22 ED B8 DE 2F F2
42.690000000,0x316,69 B3 14 2F B7 E7 8C 37
42.690000000,0x427,50 D7 47 18 E4 17 32 04
42.700000000,0x1A4,7D B0 23 6D 90 E1 E7 78
42.700000000,0x316,C1 D5 5F 26 60 0D 59 45
42.700000000,0x427,42 4A 5A 56 53 2B A0 32
42.710000000,0x1A4,44 DD 24 6D E7 85 50 7F
42.710000000,0x316,53 4F 69 64 7F 6B 87 28
42.710000000,0x427,44 A0 B3 4D 76 57 6C D4
42.720000000,0x1A4,99 B5 1F ED E6 98 93 DA
42.720000000,0x316,2A CD A0 8C D3 5A 15 47
42.720000000,0x427,57 1F 4D 3A 0B 4E A0 30
42.730000000,0x1A4,EF 8A 1D 6D 0A E2 58 9B
42.730000000,0x316,30 51 46 B9 6A 6F C7 7F
42.730000000,0x427,B4 AA CF 6E BF 35 63 6F
42.740000000,0x1A4,FA 46 1C ED 44 44 02 DA
42.740000000,0x316,92 01 EA 28 48 74 C2 7C
42.740000000,0x427,8A EE 16 F8 5C 29 71 AA
42.750000000,0x1A4,62 75 14 6D C4 6A 76 5A
42.750000000,0x316,C0 E4 20 F6 F0 91 23 1B
42.750000000,0x427,B7 C1 20 11 53 8D F4 F3
42.760000000,0x1A4,4B A4 12 6D ED FE BD B4
42.760000000,0x316,1C 07 09 7A 12 F0 99 9B
42.760000000,0x427,5A FF 10 4A 80 E3 37 24
42.770000000,0x1A4,EE F2 0A 6D D2 A1 CD 84
42.770000000,0x316,3D 99 7E F1 17 F6 85 7E
42.770000000,0x427,AC 2C BA CD 35 3E 66 37
42.780000000,0x1A4,E2 9C 0D 6D CC DB 91 7D
42.780000000,0x316,00 D8 51 03 DC 8F F4 F4
42.780000000,0x427,4F 97 D9 4E 49 8C AA A1
42.790000000,0x1A4,BC 2A 0A 6D 49 36 AD 56
42.790000000,0x316,7D C3 65 A1 46 43 84 4F
42.790000000,0x427,96 65 1E AF BF B7 54 9E
42.800000000,0x1A4,83 C6 02 6D 45 92 93 9C
42.800000000,0x316,FA 63 31 1F 98 A7 5F 99
42.800000000,0x427,DF 32 22 21 B8 45 96 87
42.810000000,0x1A4,FF 68 02 6D 10 26 52 57
42.810000000,0x316,84 A8 89 B9 43 2C 94 5F
42.810000000,0x427,78 B2 9F CE 62 7C 42 B0
42.820000000,0x1A4,0D 7F 05 ED B8 5B CD 20
42.820000000,0x316,6C FA 9B 5E BB 50 B9 90
42.820000000,0x427,88 25 6E F8 7F CE 38 79
42.830000000,0x1A4,B4 F5 F8 6C E8 A0 88 04
42.830000000,0x316,AF B7 73 72 DB E0 B8 5E
42.830000000,0x427,CB 8C C0 6A 25 0E 01 3F
42.840000000,0x1A4,4A E8 FE 6C 3F C8 CF F1
42.840000000,0x316,35 E2 81 53 0D 3C 33 B0
42.840000000,0x427,89 9D C2 3B 1F 56 FF E8
42.850000000,0x1A4,B0 1E FB EC B8 C8 0D E7
42.850000000,0x316,68 6D 02 50 D4 65 45 A2
42.850000000,0x427,B6 CC 6D EA 16 FC DE E6
42.860000000,0x1A4,39 96 F7 EC 99 6F E7 79
42.860000000,0x316,90 20 6C C9 EE E6 D0 47
42.860000000,0x427,8E 33 14 8E 7A DF 3B 57
42.870000000,0x1A4,32 AD F4 EC 5D A8 37 CB
42.870000000,0x316,24 65 C0 54 B9 B9 C5 B2
42.870000000,0x427,DB BD C2 31 DD 05 E0 E6
42.880000000,0x1A4,25 C7 EB 6C 21 4C 29 F7
42.880000000,0x316,95 A1 63 52 32 9E 16 C8
42.880000000,0x427,1C 6E F7 A1 97 9C 80 92
42.890000000,0x1A4,1D 59 EC EC 9D 41 50 E9
42.890000000,0x316,B6 F0 9A 3A 93 5C 46 B5
42.890000000,0x427,30 05 C4 97 52 CB 00 9C
42.900000000,0x1A4,01 34 ED 6C 19 DD 35 D0
42.900000000,0x316,53 0A D5 D1 D0 F4 C4 3F
42.900000000,0x427,0D 19 14 7D 86 4C 34 90
42.910000000,0x1A4,DD B3 E1 6C 1D 8C FB E3
42.910000000,0x316,82 38 F7 04 F2 EA 3E 50
42.910000000,0x427,0C 4E CE 82 B1 66 77 E1
42.920000000,0x1A4,E5 1A E0 6C CF 37 57 62
42.920000000,0x316,B9 9A 0C C0 8D 9F FA 25
42.920000000,0x427,4F B5 A4 9F 5D FA 57 52
42.930000000,0x1A4,5B 94 E0 6C 50 FB 7B 87
42.930000000,0x316,77 46 AE 7D BE CD 72 76
42.930000000,0x427,95 FA 43 9A 8F 9D 82 E6
42.940000000,0x1A4,16 B7 DA EC 3B 0C 78 F2
42.940000000,0x316,D0 5C 51 F5 F2 DB 52 BA
42.940000000,0x427,59 0E 19 44 A2 06 22 11
42.950000000,0x1A4,A7 71 D9 6C B6 48 BB 63
42.950000000,0x316,1E DD 05 C7 78 5B 74 31
42.950000000,0x427,F7 6D 91 CA 22 29 1B C5
42.960000000,0x1A4,F6 B8 DD 6C F6 93 3F B6
42.960000000,0x316,7F 1C A1 24 DE D8 20 5D
42.960000000,0x427,14 A3 07 D9 67 3B 1B C7
42.970000000,0x1A4,55 04 D4 6C A8 7A 47 79
42.970000000,0x316,22 3C 20 3F 42 5F 2C 39
42.970000000,0x427,25 DD 10 A2 BA 18 C8 00
42.980000000,0x1A4,54 52 D4 6C 7E E0 2D 5B
42.980000000,0x316,C7 80 28 D3 63 15 E3 9E
42.980000000,0x427,F9 99 88 7B F9 3A D7 8F
42.990000000,0x1A4,1B 22 D0 6C 4F 88 9F C8
42.990000000,0x316,8A 70 D3 45 6C 2B E8 F4
42.990000000,0x427,85 DB ED 51 22 26 15 7C
43.000000000,0x1A4,08 9C CB EC 18 55 6D 50
43.000000000,0x316,09 46 D2 9A B9 47 1A E2
43.000000000,0x427,90 9F 4B 89 F9 05 37 33
43.010000000,0x1A4,0A 9B CA EC BD E8 8B CF
43.010000000,0x316,A1 DF 55 A5 1F 8D 2D 30
43.010000000,0x427,CC 82 2D F5 2E 34 78 EC
43.020000000,0x1A4,55 79 CB EC 97 9D E6 9A
43.020000000,0x316,43 12 D0 1E 73 B9 AD 4B
43.020000000,0x427,6B 68 C1 BB B2 0D 81 0F
43.030000000,0x1A4,67 64 C1 EC D7 65 80 E2
43.030000000,0x316,38 CA E7 31 41 3D 04 86
43.030000000,0x427,DA 55 81 CC 40 9D 0E 81
43.040000000,0x1A4,A6 0D C7 6C 09 C5 8B 3F
43.040000000,0x316,CD EC 6B CA B5 1E 42 60
43.040000000,0x427,D4 28 49 6C DB 8A 5D B3
43.050000000,0x1A4,1B E3 BE EC 0B 9D 4A DA
43.050000000,0x316,D1 42 CB 02 2D 54 55 4C
43.050000000,0x427,0B 1A D0 42 18 13 49 34
43.060000000,0x1A4,16 17 B9 6C 4D 6E CD 4B
43.060000000,0x316,13 FE 78 06 08 D4 60 07
43.060000000,0x427,91 8C D1 A6 67 6A DC A4
43.070000000,0x1A4,1B EB BA EC 93 64 E2 6B
43.070000000,0x316,2F 51 26 14 CD A4 5E 5E
43.070000000,0x427,02 46 06 77 24 A0 9A C6
43.080000000,0x1A4,39 16 B1 EC D7 EB 33 FE
43.080000000,0x316,7F 14 CA 25 5B F4 59 72
43.080000000,0x427,96 51 3A A0 E5 06 CC 61
43.090000000,0x1A4,3D CE B5 EC CE BC 2F 28
43.090000000,0x316,F9 3A 06 98 91 1C B3 71
43.090000000,0x427,9A 89 2A C2 B9 01 68 50
43.100000000,0x1A4,E5 2A B5 6C A9 DF D8 EF
43.100000000,0x316,E5 81 07 46 22 B2 B8 74
43.100000000,0x427,8D 9F A4 46 4D C1 A1 32
43.110000000,0x1A4,D7 DC AF EC 04 5E 46 9B
43.110000000,0x316,D6 A9 0D 74 B5 36 E6 48
43.110000000,0x427,D3 E2 B3 29 46 93 23 96
43.120000000,0x1A4,EF B6 AF 6C B8 43 A3 52
43.120000000,0x316,9B 55 C3 F4 35 3E 57 04
43.120000000,0x427,C2 E3 B8 1F 19 A0 6B 0D
43.130000000,0x1A4,C5 0E AC EC 39 FF 97 53
43.130000000,0x316,38 90 75 8D 35 53 23 7A
43.130000000,0x427,56 1E 6B 5E 0F EA 49 24
43.140000000,0x1A4,97 73 A5 6C 10 21 F1 D4
43.140000000,0x316,03 C5 72 B8 5D E7 01 60
43.140000000,0x427,9A 21 D5 8C 38 E4 84 06
43.150000000,0x1A4,1E F5 A6 EC 7E A3 2B 6F
43.150000000,0x316,C7 C5 75 A5 B8 13 EA 52
43.150000000,0x427,74 F5 41 65 29 4E 91 2D
43.160000000,0x1A4,4F BE A4 6C 16 F2 F2 9C
43.160000000,0x316,AC E6 08 D6 5D 31 B2 C2
43.160000000,0x427,27 38 D7 08 29 58 C4 A4
43.170000000,0x1A4,0B B8 9C 6C 8F 97 F2 52
43.170000000,0x316,AF 44 CC 90 3B 6B A9 C1
43.170000000,0x427,60 28 8B 91 7E E7 14 0A
43.180000000,0x1A4,53 4D 9D EC E0 51 FF 82
43.180000000,0x316,83 C9 4C 0E 4B E4 07 B9
43.180000000,0x427,81 05 9F B7 3C B1 B2 B6
43.190000000,0x1A4,10 05 9A 6C DF 32 26 7F
43.190000000,0x316,40 4D 5A 10 25 83 4C ED
43.190000000,0x427,5E 8B 61 11 7F 3C D1 23
43.200000000,0x1A4,79 49 95 6C 53 44 2D 1A
43.200000000,0x316,C1 F2 D4 85 91 62 D3 29
43.200000000,0x427,16 E3 AB F0 51 1F BF B6
43.210000000,0x1A4,ED D9 91 6C 19 19 84 17
43.210000000,0x316,84 5E 31 C1 E4 BA 3D 5C
43.210000000,0x427,27 ED E9 F8 A8 A9 69 5B
43.220000000,0x1A4,B9 86 89 6C 6D D1 C6 14
43.220000000,0x316,66 E4 A2 69 01 68 F4 57
43.220000000,0x427,59 C0 37 C0 6B C4 CF 11
43.230000000,0x1A4,AB 93 89 6C 9F 17 8B 66
43.230000000,0x316,6E 6B 8C 8B 80 17 E9 0F
43.230000000,0x427,A6 62 51 86 C0 1A 96 6A
43.240000000,0x1A4,1C 3B 8E EC F5 A8 2B CA
43.240000000,0x316,8C 9C 5F 65 8A 6D D0 B1
43.240000000,0x427,2F 08 AD 27 6E 1E 50 8C
43.250000000,0x1A4,53 08 86 EC F3 BF E7 16
43.250000000,0x316,58 2B 7A D0 B2 A2 0E 35
43.250000000,0x427,49 C6 D0 72 A1 2F B8 28
43.260000000,0x1A4,CD F7 80 6C 9D 81 44 C3
43.260000000,0x316,87 1B 53 E9 44 D5 60 DE
43.260000000,0x427,C2 D1 C0 42 6D A2 36 3A
43.270000000,0x1A4,E0 7E 80 6C 89 B6 77 0E
43.270000000,0x316,E7 E5 0E A5 37 4B FB AE
43.270000000,0x427,AB 6A C4 8E 7F 9F 33 06
43.280000000,0x1A4,5A 88 7F 6C 0E 43 95 A4
43.280000000,0x316,E6 D8 C7 D7 8E 73 81 B2
43.280000000,0x427,8A AB BB 39 CF A3 8B 7A
43.290000000,0x1A4,4B 63 7A 6C DA 09 CC 0A
43.290000000,0x316,77 71 10 38 C4 DF 2E C2
43.290000000,0x427,D7 F9 8F 3B 31 F9 30 F3
43.300000000,0x1A4,FE CE 7A 6C 98 EF 54 F4
43.300000000,0x316,B9 FB D7 DE 97 8B 3E 23
43.300000000,0x427,C4 43 26 80 EF 10 C8 51
43.310000000,0x1A4,30 DE 74 6C 06 DB 34 63
43.310000000,0x316,CE CB 86 C1 77 7D 63 A2
43.310000000,0x427,35 5B 96 AB 6B B9 53 65
43.320000000,0x1A4,87 F1 75 6C 39 8B 9F 82
43.320000000,0x316,3D 36 FA C3 C8 CE 25 4A
43.320000000,0x427,3F 9B 02 7E E7 F4 04 06
43.330000000,0x1A4,AB A9 75 EC DC 57 F9 B6
43.330000000,0x316,69 C4 76 B2 71 6C 39 6A
43.330000000,0x427,53 D6 CE 8C 7F ED 65 11
43.340000000,0x1A4,04 F6 6D 6C 5D 5A 3B 33
43.340000000,0x316,88 86 F4 96 82 A9 37 09
43.340000000,0x427,F9 50 76 35 84 E7 C0 3A
43.350000000,0x1A4,3E 65 6E EC 4B A7 D0 7D
43.350000000,0x316,F6 BC D4 01 6A 11 71 59
43.350000000,0x427,60 C0 AA B3 E6 FF A3 14
43.360000000,0x1A4,3D A3 6A EC 64 9D B3 E1
43.360000000,0x316,18 FF 3C 5E 9D 90 57 82
43.360000000,0x427,6A 45 09 E6 74 BF 3B D4
43.370000000,0x1A4,8D A5 67 6C AB AF AD 65
43.370000000,0x316,1A A4 78 36 5C 3D FA 26
43.370000000,0x427,5B 5E 46 89 8F AF E1 01
43.380000000,0x1A4,3E 97 62 EC 67 9F AF A0
43.380000000,0x316,4F 6C 87 BE 67 49 6F 9F
43.380000000,0x427,59 F4 0A 48 6F 6C 01 44
43.390000000,0x1A4,C8 3B 67 EC BC 29 D2 5F
43.390000000,0x316,DF 01 C9 82 BF 7A 6F 63
43.390000000,0x427,72 CD EC 28 C1 EA B6 D5
43.400000000,0x1A4,75 22 5B 6C A7 61 11 C1
43.400000000,0x316,1B E3 8C 9B 33 73 9B 41
43.400000000,0x427,97 DB A0 55 62 24 1E 32
43.410000000,0x1A4,0F 14 5A 6C 28 9E DE E5
43.410000000,0x316,7C C3 A5 42 5B 8F 83 64
43.410000000,0x427,99 C5 81 1E 3B B8 84 A6
43.420000000,0x1A4,F3 C6 5E 6C C3 51 9F 73
43.420000000,0x316,02 95 60 07 88 22 0F 72
43.420000000,0x427,DD 50 76 9A 50 77 BD F7
43.430000000,0x1A4,16 B7 52 EC B5 1F FE AB
43.430000000,0x316,CB A8 05 83 EF CF 1F C5
43.430000000,0x427,91 5A DB 67 A3 03 60 34
43.440000000,0x1A4,0F 27 51 6C 17 7B D9 1C
43.440000000,0x316,51 3C AA 0A E1 0E 30 63
43.440000000,0x427,E7 9C FC CD E6 A1 52 1B
43.450000000,0x1A4,F8 04 49 EC 1C 90 DE EE
43.450000000,0x316,1A D2 CD DF 99 19 A1 34
43.450000000,0x427,30 8C 3C 33 90 95 7F C2
43.460000000,0x1A4,86 15 49 EC 3E 00 57 BC
43.460000000,0x316,3D 49 4D BF D5 B0 71 4C
43.460000000,0x427,64 E1 3A D5 B5 71 93 B0
43.470000000,0x1A4,42 C9 48 EC 3C 25 DF 36
43.470000000,0x316,A1 A2 FB E2 72 C4 DF 97
43.470000000,0x427,CD 4A 5F D1 36 B2 A9 4D
43.480000000,0x1A4,38 74 46 6C 72 45 BA 76
43.480000000,0x316,3B 08 EB 0D 48 31 D8 A5
43.480000000,0x427,D9 3E 49 A0 C4 D4 D4 3A
43.490000000,0x1A4,B8 DB 44 EC F3 92 E4 E3
43.490000000,0x316,6F C1 66 E2 54 B0 F3 D7
43.490000000,0x427,31 DE 98 40 0A 9A 80 37
43.500000000,0x1A4,C6 68 47 EC EC 93 18 06
43.500000000,0x316,8E B5 55 4F 06 0C 2A 03
43.500000000,0x427,AB 88 67 37 9A D3 5F D4
43.510000000,0x1A4,8B B7 38 6C 3B 6C 40 DC
43.510000000,0x316,98 91 7C 55 DD 87 D3 34
43.510000000,0x427,DD 4E E5 7F 77 29 61 F2
43.520000000,0x1A4,3D 20 3E EC A5 6F 79 63
43.520000000,0x316,1C E8 4F B8 3F C9 CD 53
43.520000000,0x427,5E E8 37 75 AF 76 F6 FB
43.530000000,0x1A4,C9 7A 38 6C 52 6A 10 9A
43.530000000,0x316,44 E1 FC C0 28 4D 4E 2A
43.530000000,0x427,66 CA BA EB 7D E3 DE 7D
43.540000000,0x1A4,53 C9 34 6C CA 8B 92 8F
43.540000000,0x316,3D FA C3 98 42 34 0C 49
43.540000000,0x427,F6 53 85 CB 5B B1 9D FC
43.550000000,0x1A4,FB 1A 32 EC 80 E1 7B DB
43.550000000,0x316,90 4F 15 F0 B6 E7 9E 3F
43.550000000,0x427,8A 73 E2 13 EF 71 CA 9D
43.560000000,0x1A4,D1 7E 35 6C 2F D9 68 E2
43.560000000,0x316,30 BE 11 00 08 54 49 DA
43.560000000,0x427,00 B8 FC 07 AB EB 88 9E
43.570000000,0x1A4,25 A3 2E 6C D4 3A 6F DB
43.570000000,0x316,8F C8 DE 02 ED A3 60 F2
43.570000000,0x427,07 06 34 46 BF ED 1E EE
43.580000000,0x1A4,1E 9F 28 6C 5C AC AE 4D
43.580000000,0x316,0A 7E EF 71 19 CD A4 61
43.580000000,0x427,6C 3E 8F BA 78 B7 6F 91
43.590000000,0x1A4,EC C0 29 EC 25 27 D4 28
43.590000000,0x316,85 3D E4 18 FA A7 B4 0D
43.590000000,0x427,74 82 38 5E 82 77 1E 37
43.600000000,0x1A4,4C 52 21 EC 9D 50 D7 30
43.600000000,0x316,79 89 8F F8 BF 95 54 6C
43.600000000,0x427,A8 A6 E9 BD 1C AD 5E E0
43.610000000,0x1A4,E1 31 21 6C C2 41 7B 13
43.610000000,0x316,C9 AE AC 47 01 6E E0 6A
43.610000000,0x427,37 08 54 A7 E4 A5 BB 05
43.620000000,0x1A4,27 FD 26 6C 3A CC 3B C5
43.620000000,0x316,E7 48 F5 08 A2 84 05 E6
43.620000000,0x427,B6 55 BD 1E 0E 28 53 4D
43.630000000,0x1A4,2B 80 1F 6C 0E FD 41 43
43.630000000,0x316,CA 35 F9 74 9A B8 1C EE
43.630000000,0x427,7F A6 A7 EE 49 27 2A E3
43.640000000,0x1A4,4E 70 18 EC 3A 49 F1 CC
43.640000000,0x316,67 00 21 EA 00 FD 64 34
43.640000000,0x427,D7 9E CD 1E 1F 37 5E EB
43.650000000,0x1A4,96 69 1F EC AC DB 87 BE
43.650000000,0x316,D2 1F D2 F3 F9 51 8C AE
43.650000000,0x427,2A 7C F2 CA D3 2B C6 07
43.660000000,0x1A4,F3 B8 12 EC 95 D6 58 EE
43.660000000,0x316,B5 61 9A EE 31 38 FC 79
43.660000000,0x427,02 5C B1 2C 1B 0D AC 03
43.670000000,0x1A4,9F 7C 12 6C E1 56 0A 16
43.670000000,0x316,A7 15 8D B9 A3 09 1C 3C
43.670000000,0x427,9C E8 8A 74 AA AC AA DE
43.680000000,0x1A4,63 BB 15 EC 04 44 6C 94
43.680000000,0x316,11 2F E6 B1 0E B4 B4 8E
43.680000000,0x427,7F 25 EC 45 AE 19 23 45
43.690000000,0x1A4,4D 6C 0E 6C A9 BA EF B3
43.690000000,0x316,43 E2 2F 90 F0 41 CF 7A
43.690000000,0x427,B4 5E 33 10 97 42 3F BB
43.700000000,0x1A4,8C E7 09 EC E5 54 3E 27
43.700000000,0x316,54 68 29 37 FC 2D AE 10
43.700000000,0x427,9A 1C C5 65 BF AB 92 AD
43.710000000,0x1A4,33 ED 0E 6C 39 67 A7 07
43.710000000,0x316,E3 64 83 09 73 24 57 7F
43.710000000,0x427,8B 80 B7 6E 6F 73 98 D4
43.720000000,0x1A4,1C 38 00 6C CA A2 94 69
43.720000000,0x316,CE 4C CE 2C E0 70 10 F9
43.720000000,0x427,FC 99 65 03 84 96 A6 93
43.730000000,0x1A4,C0 89 04 EC 04 CB 45 0B
43.730000000,0x316,50 98 17 A8 62 70 21 10
43.730000000,0x427,94 21 9D F5 3E 1E 00 C5
43.740000000,0x1A4,8A 2A 02 EC C5 02 E4 47
43.740000000,0x316,FC 1E BC B5 4E E1 14 48
43.740000000,0x427,46 EB 07 B8 75 F6 AA 7A
43.750000000,0x1A4,A9 0E FC 6B B3 01 4C CD
43.750000000,0x316,D6 C0 6C 44 11 EC 3F 06
43.750000000,0x427,74 8D D6 AB 97 54 9F 45
43.760000000,0x1A4,00 98 FB EB E8 D6 3A DF
43.760000000,0x316,F7 57 25 30 BE 10 1D 3C
43.760000000,0x427,D4 8D 8E B0 55 6A AF 72
43.770000000,0x1A4,FA 5A FB EB CB B3 7F 00
43.770000000,0x316,1B 34 EF FE 96 57 72 A6
43.770000000,0x427,C4 A6 4B 0B 99 10 9F DF
43.780000000,0x1A4,C3 A8 F6 EB 12 48 DC D5
43.780000000,0x316,30 3C 64 DB A4 BC 72 6F
43.780000000,0x427,C0 FA 16 8F 5F DE BF F3
43.790000000,0x1A4,87 54 F4 EB 7C 25 10 7D
43.790000000,0x316,48 23 BE CA D7 F3 44 3B
43.790000000,0x427,06 8D 2F B7 09 73 34 D9
43.800000000,0x1A4,89 2E F6 EB 93 7E 1B 0C
43.800000000,0x316,6E 2F 59 49 63 62 31 5D
43.800000000,0x427,58 6E A2 16 91 BE 19 99
43.810000000,0x1A4,B2 2F EF 6B 41 4A CD 74
43.810000000,0x316,75 53 1A D2 3B 22 F4 78
43.810000000,0x427,97 4C 6A 8B 0C 01 F5 29
43.820000000,0x1A4,DF 74 EE 6B FE 18 9A A8
43.820000000,0x316,E3 BB DD E6 2F B3 0B 5F
43.820000000,0x427,D0 26 E8 B9 B5 E9 0F 8D
43.830000000,0x1A4,08 B5 EF EB 28 50 4C 25
43.830000000,0x316,A4 21 1A 52 9A BC 35 BC
43.830000000,0x427,39 18 AA A3 F2 14 C7 58
43.840000000,0x1A4,9E 42 E1 6B 57 D2 88 2C
43.840000000,0x316,85 C2 88 94 5E 00 DB 66
43.840000000,0x427,66 98 42 5F FC 0A AD 77
43.850000000,0x1A4,98 7E E7 EB 99 A3 F1 58
43.850000000,0x316,CD A4 6E C4 02 F9 DD 4A
43.850000000,0x427,DE 49 CB 25 54 36 71 D0
43.860000000,0x1A4,9C 4F E3 EB 3F BD 6C C0
43.860000000,0x316,D8 9F B1 E3 64 40 98 7E
43.860000000,0x427,5E 60 FB AC 5D 1D D2 8A
43.870000000,0x1A4,3F 45 DF 6B E9 82 3E 5C
43.870000000,0x316,9C 6B 1D F6 4B A2 84 6E
43.870000000,0x427,D0 4B 21 16 65 A0 26 9A
43.880000000,0x1A4,31 BC D9 6B D1 70 80 E2
43.880000000,0x316,0A 79 3C 23 C2 A5 32 55
43.880000000,0x427,B3 63 BA EC 1C B6 D1 5B
43.890000000,0x1A4,50 23 DD EB E6 28 70 77
43.890000000,0x316,9B 94 65 73 4E B3 F2 C0
43.890000000,0x427,B4 C8 09 8A 0B EC 9E DC
43.900000000,0x1A4,01 9C D2 EB 60 00 0E 2A
43.900000000,0x316,79 0F C6 E3 23 0A F2 0A
43.900000000,0x427,F3 95 EC 57 82 57 A0 81
43.910000000,0x1A4,5B 9F D5 EB 3D 0E 16 DC
43.910000000,0x316,92 26 93 FB D5 1D 04 A0
43.910000000,0x427,79 07 22 25 F9 77 4A 99
43.920000000,0x1A4,C6 5D D6 6B 59 45 4B 8A
43.920000000,0x316,A4 75 F8 A1 58 CF FE D4
43.920000000,0x427,0D D0 AA BE 62 45 D0 28
43.930000000,0x1A4,82 8C C9 EB CA EE 79 CC
43.930000000,0x316,87 84 DD 92 F6 AA B7 23
43.930000000,0x427,F7 DF 2B FA 6D 4C F6 D0
43.940000000,0x1A4,C2 B7 CA EB 8B 25 B0 34
43.940000000,0x316,C4 96 1E D3 86 86 76 B1
43.940000000,0x427,98 34 77 65 8B 22 ED 14
43.950000000,0x1A4,44 2F CD EB F7 03 42 6B
43.950000000,0x316,5F 10 77 E1 3C 2A A4 1C
43.950000000,0x427,63 AA 91 FD B5 AD 5A 80
43.960000000,0x1A4,CA 5E C3 EB 03 19 BF 0A
43.960000000,0x316,C0 76 02 85 F1 A3 93 1A
43.960000000,0x427,DA A5 51 93 5D CC 08 01
43.970000000,0x1A4,D3 24 C5 6B B5 BC 3B EF
43.970000000,0x316,75 32 EA 8C 78 A5 25 AA
43.970000000,0x427,95 E8 39 F1 52 E7 29 2A
43.980000000,0x1A4,A4 B7 C5 EB 1B 68 0E 3A
43.980000000,0x316,16 53 1B AF D1 5E B2 B5
43.980000000,0x427,DD 4B A8 C9 22 FD BB 55
43.990000000,0x1A4,7E E6 BA 6B BF 8E EE 1D
43.990000000,0x316,BF 22 53 53 5D D4 5A BB
43.990000000,0x427,79 D1 22 D6 43 7D 02 CC
44.000000000,0x1A4,EC 09 BA 6B E1 43 67 8C
44.000000000,0x316,9E 84 DA EF FD 21 1C 65
44.000000000,0x427,79 42 EB 85 32 11 2A A8
44.010000000,0x1A4,DB A2 B9 EB EB 85 8E 64
44.010000000,0x316,95 10 15 38 AB 8B B7 93
44.010000000,0x427,F6 F0 E3 59 06 9E F4 BF
44.020000000,0x1A4,00 96 B2 6B E4 B8 13 B0
44.020000000,0x316,E4 98 66 C0 5A 54 EA FC
44.020000000,0x427,81 C6 3E 1B F3 FF CE 39
44.030000000,0x1A4,8D CC B5 EB 6C C7 D6 A4
44.030000000,0x316,B0 AC 22 74 57 08 DC 27
44.030000000,0x427,14 EA 97 D5 CF 3C A6 B1
44.040000000,0x1A4,09 14 B6 EB 72 82 D9 C0
44.040000000,0x316,1C 78 36 30 D0 01 59 B7
44.040000000,0x427,2A 11 27 00 11 AD A7 E4
44.050000000,0x1A4,C6 F9 A8 EB B6 C3 22 F8
44.050000000,0x316,67 A3 27 81 C6 8D C8 CC
44.050000000,0x427,7E D6 98 1B 55 9E C5 7E
44.060000000,0x1A4,35 7C AC 6B 87 BB 74 EA
44.060000000,0x316,F0 22 7C 12 B9 6A E7 B1
44.060000000,0x427,C8 72 3A F3 11 73 7A 4E
44.070000000,0x1A4,53 CA A8 6B 77 25 7C C1
44.070000000,0x316,DE 78 F7 67 6E 13 88 4D
44.070000000,0x427,C9 66 42 D3 34 04 91 35
44.080000000,0x1A4,79 57 A6 EB E5 42 64 A3
44.080000000,0x316,A2 F0 B9 18 6E D1 98 F3
44.080000000,0x427,B4 B3 82 D0 91 CE E5 30
44.090000000,0x1A4,DD 76 A4 6B 7B FE 26 04
44.090000000,0x316,8E 00 F6 07 57 81 B8 4B
44.090000000,0x427,73 CE FE 1E 05 AE 03 35
44.100000000,0x1A4,DB F5 A2 6B 83 4D E1 D3
44.100000000,0x316,E7 61 AC C6 7A 09 34 AE
44.100000000,0x427,1C 16 43 12 04 58 28 11
44.110000000,0x1A4,51 0B 99 6B 31 8D DD 73
44.110000000,0x316,D3 90 75 F3 07 B3 73 1E
44.110000000,0x427,76 C9 02 6C 6C 4D E3 F1
44.120000000,0x1A4,79 0E 9E 6B 4B A3 5D A9
44.120000000,0x316,A7 0F 2B 67 26 9D B4 02
44.120000000,0x427,F4 3B A4 B2 B4 BF F9 98
44.130000000,0x1A4,F4 EB 9A 6B 47 F6 D9 57
44.130000000,0x316,70 68 43 63 BE 7D FA 5F
44.130000000,0x427,FF DF 5C 35 9C F5 C4 4D
44.140000000,0x1A4,A5 BD 93 6B 6D AD 87 9E
44.140000000,0x316,CB F9 F5 96 76 00 68 EB
44.140000000,0x427,9B 02 7B 7A 73 C0 9D A2
44.150000000,0x1A4,A6 BD 93 EB 73 E1 E4 97
44.150000000,0x316,E2 4F B8 0A B6 A3 DA AD
44.150000000,0x427,A2 07 C8 7D ED 8D 1D FA
44.160000000,0x1A4,E9 90 91 6B 83 A9 FF 7F
44.160000000,0x316,9C 64 D3 51 6D B4 FB 59
44.160000000,0x427,2D 42 F2 07 CB F0 7A 41
44.170000000,0x1A4,01 96 8C EB 5A AF 3D 79
44.170000000,0x316,CC F4 75 DC 6D B3 3E CC
44.170000000,0x427,05 C9 3D 62 37 3B BF C0
44.180000000,0x1A4,B5 09 8D EB 7A C9 10 C5
44.180000000,0x316,84 F9 16 19 23 2D 36 6C
44.180000000,0x427,4A 82 47 B0 39 CE 4D 96
44.190000000,0x1A4,99 81 8F EB 2B 58 71 E1
44.190000000,0x316,39 BC DE 59 E1 AD F9 F2
44.190000000,0x427,F4 33 AB F8 BC 35 52 AF
44.200000000,0x1A4,E5 DA 84 6B EB 9D A0 FE
44.200000000,0x316,EA F9 FE 06 72 89 45 61
44.200000000,0x427,4A 61 E6 09 06 FB 77 F6
44.210000000,0x1A4,10 6B 81 6B F8 10 51 C2
44.210000000,0x316,86 73 E7 E7 95 66 3A 16
44.210000000,0x427,9A 32 91 79 12 52 8D 40
44.220000000,0x1A4,D6 36 82 EB 4B 83 90 17
44.220000000,0x316,6B 2C 3D 15 F8 D8 D1 3E
44.220000000,0x427,05 53 6A B9 F0 2B A4 D4
44.230000000,0x1A4,2B 1E 7A EB 9A CC 9C A1
44.230000000,0x316,09 91 1C EC AB C0 10 18
44.230000000,0x427,9D 50 66 74 3A EC 3D 61
44.240000000,0x1A4,F1 E2 79 EB 79 B6 5E 56
44.240000000,0x316,82 FD CA 3D 16 1A 86 9A
44.240000000,0x427,A6 70 E7 FB 9D B3 22 78
44.250000000,0x1A4,A8 A5 7A 6B D6 C5 A7 52
44.250000000,0x316,45 F1 4F 4F C8 E1 78 8D
44.250000000,0x427,68 34 F4 C6 8C F8 3B B4
44.260000000,0x1A4,A4 D4 71 EB EB C6 81 73
44.260000000,0x316,E5 2B 70 37 F0 92 1C 9D
44.260000000,0x427,EA 8B 1D 69 DB E3 4E 18
44.270000000,0x1A4,CC 9F 72 6B 4E 13 0F AF
44.270000000,0x316,B1 C8 DD 20 9C F7 EA 97
44.270000000,0x427,21 00 DB DC 7B B4 DC AC
44.280000000,0x1A4,E5 CB 74 EB 22 75 3A 07
44.280000000,0x316,3F 6E 7F EF C4 84 9C 81
44.280000000,0x427,A6 29 C6 71 0F 83 B0 11
44.290000000,0x1A4,BC D4 6F EB CC 4D 65 2E
44.290000000,0x316,81 F6 92 76 9A 6F 55 46
44.290000000,0x427,31 2E 77 B2 24 1D A7 90
44.300000000,0x1A4,F3 A3 6F 6B F2 7F 22 CD
44.300000000,0x316,3B 85 CB EC 9F 34 21 89
44.300000000,0x427,F0 08 59 A7 79 C0 6D B9
44.310000000,0x1A4,09 94 68 6B 56 FF D1 40
44.310000000,0x316,2D E2 ED 95 F7 86 1F 1E
44.310000000,0x427,0F 52 BE B2 ED D4 48 84
44.320000000,0x1A4,1C AA 60 6B 20 EF 85 2C
44.320000000,0x316,3B A0 FA E6 97 4F A4 73
44.320000000,0x427,80 92 1B 4B A0 95 82 DA
44.330000000,0x1A4,F0 BB 61 6B F7 69 31 0A
44.330000000,0x316,E6 39 50 4A E5 05 E3 99
44.330000000,0x427,28 A7 D7 54 48 48 3E 6D
44.340000000,0x1A4,E7 A1 63 6B 72 9B D2 AF
44.340000000,0x316,11 B9 A0 27 54 DC F3 F7
44.340000000,0x427,CF 2B 5E D6 B0 84 AA 13
44.350000000,0x1A4,E0 BA 61 6B CA EE 6D 7B
44.350000000,0x316,91 B6 7A 7C 8A 42 C1 3F
44.350000000,0x427,5A 10 75 01 64 55 26 63
44.360000000,0x1A4,72 E7 5E EB 9E 91 99 BE
44.360000000,0x316,7F 9E 8A CE F1 1F 64 A7
44.360000000,0x427,8D F2 C8 E7 8C BA 37 2D
44.370000000,0x1A4,05 1D 58 EB 44 B2 70 60
44.370000000,0x316,FA 5E 3B 0B 50 00 62 4D
44.370000000,0x427,E0 F8 C3 2E 07 3A 32 39
44.380000000,0x1A4,B2 DA 5E 6B D7 B4 95 DD
44.380000000,0x316,62 42 DB AE C1 D4 64 95
44.380000000,0x427,BF 34 75 D8 0B 41 4C 7E
44.390000000,0x1A4,FD 36 56 6B BE 6D BD B6
44.390000000,0x316,61 A8 D5 71 F6 83 F4 CE
44.390000000,0x427,C5 51 66 B3 F2 D2 B2 F2
44.400000000,0x1A4,3C 3C 52 EB 51 0B B8 1D
44.400000000,0x316,52 60 FE 19 BC 4C 18 2A
44.400000000,0x427,9C F5 A2 23 CD AF CA 21
44.410000000,0x1A4,11 FF 57 EB 97 6F 92 FA
44.410000000,0x316,C7 1F 59 F2 4F C7 EE 9A
44.410000000,0x427,99 BE 11 90 5E C6 0F 06
44.420000000,0x1A4,EB 24 4F 6B EF 66 03 7F
44.420000000,0x316,66 74 DE 5D 51 B1 59 CB
44.420000000,0x427,F4 7F EC B2 A9 BD 12 6E
44.430000000,0x1A4,CA F3 49 6B 8E 47 5A B5
44.430000000,0x316,13 E2 71 86 0F FA CE E5
44.430000000,0x427,55 AB 9D B1 5A 24 48 5E
44.440000000,0x1A4,8A 59 4C EB 12 CF 21 8B
44.440000000,0x316,AD 51 38 1B 3A FB 2A 6B
44.440000000,0x427,A4 A6 41 79 3C DF 95 08
44.450000000,0x1A4,9E 22 46 6B 65 C6 B0 6F
44.450000000,0x316,12 01 AA 8E E2 66 B9 B3
44.450000000,0x427,52 EB 18 6C 8F E2 22 11
44.460000000,0x1A4,CC 54 47 6B F4 8D 55 16
44.460000000,0x316,9C 42 45 43 D0 41 B6 E0
44.460000000,0x427,C8 83 DB F2 4C EE 29 AA
44.470000000,0x1A4,FD 76 46 6B DF 0E 81 79
44.470000000,0x316,42 5D BD 66 CB 31 D2 81
44.470000000,0x427,0D 92 55 EB 05 73 44 3E
44.480000000,0x1A4,64 00 38 EB DA BD 88 ED
44.480000000,0x316,E0 ED 22 E0 C4 FC 34 23
44.480000000,0x427,A0 91 FA 1E 92 06 2C 06
44.490000000,0x1A4,8D 86 38 6B 74 D6 1C 16
44.490000000,0x316,02 16 07 92 3D 84 D1 2F
44.490000000,0x427,DA E8 25 AA F7 F0 4E 32
44.500000000,0x1A4,8C BF 3B 6B A1 B6 EC A8
44.500000000,0x316,A0 F6 1B FF 38 57 C1 8B
44.500000000,0x427,AF B1 91 5F 5B B3 AF 8E
44.510000000,0x1A4,E1 67 34 6B B3 53 56 7A
44.510000000,0x316,CD 0A 1B 11 0E A2 8A F8
44.510000000,0x427,CC 51 3D CA 19 D5 00 A8
44.520000000,0x1A4,7D 98 35 6B 9E D9 05 95
44.520000000,0x316,41 21 CB 69 83 55 A8 1D
44.520000000,0x427,34 4F 46 8F 03 6F 2D 0A
44.530000000,0x1A4,D2 9F 34 6B 8A 95 D3 33
44.530000000,0x316,7A 2B BB 25 23 49 E3 4C
44.530000000,0x427,D0 5D 1A 22 95 F0 23 BF
44.540000000,0x1A4,2D CB 2B EB 04 8E 05 64
44.540000000,0x316,C2 95 DD 02 6D 1F 32 5F
44.540000000,0x427,0C C4 5B 0F F7 34 9C 82
44.550000000,0x1A4,79 13 28 EB FC 45 1D 03
44.550000000,0x316,61 5A DD 1C C3 C4 49 86
44.550000000,0x427,F8 27 79 AA 59 34 11 44
44.560000000,0x1A4,39 1A 28 EB F2 1C D0 87
44.560000000,0x316,10 7C 44 02 32 F6 A7 4D
44.560000000,0x427,5B E3 60 E1 E3 F4 BB CF
44.570000000,0x1A4,59 7B 26 6B 40 AA CC 51
44.570000000,0x316,E6 11 B5 EB 4B 8F 61 3E
44.570000000,0x427,FE 57 4F DC CE C8 FA 7A
44.580000000,0x1A4,DA 19 25 EB F0 EF AB 36
44.580000000,0x316,39 7B 4C 30 4E 49 FE A9
44.580000000,0x427,8E D7 89 79 5B 42 70 7A
44.590000000,0x1A4,A9 55 26 6B 41 BB D0 36
44.590000000,0x316,25 25 5B 19 86 95 23 2C
44.590000000,0x427,A4 A1 4A 63 78 8A 93 8D
44.600000000,0x1A4,F5 46 26 EB 56 06 85 A0
44.600000000,0x316,27 60 99 8A 94 4A D3 DB
44.600000000,0x427,EF 6B CA CD AC B7 27 12
44.610000000,0x1A4,2A 9F 1F 6B A3 E8 C5 AA
44.610000000,0x316,3C 29 80 20 6E C5 9B DB
44.610000000,0x427,C8 B3 86 82 09 1B 39 25
44.620000000,0x1A4,A8 A6 1E EB 24 4F B1 C2
44.620000000,0x316,55 0E 68 11 6A C9 49 7A
44.620000000,0x427,1F 2C 6D 83 3E EB 67 FD
44.630000000,0x1A4,C7 BC 1B EB A4 43 95 12
44.630000000,0x316,26 B1 EF 90 6B EC 2B 2A
44.630000000,0x427,2F D6 3F 3F 85 33 7F A0
44.640000000,0x1A4,21 B9 17 EB 62 B3 DB 69
44.640000000,0x316,95 3A FB D6 87 DC 28 A0
44.640000000,0x427,AB D8 99 5C 3B 1D 07 F0
44.650000000,0x1A4,26 04 10 6B 23 36 F6 D3
44.650000000,0x316,FF 21 31 43 64 45 09 68
44.650000000,0x427,11 BB 46 0F E4 61 9B C0
44.660000000,0x1A4,BC 19 17 6B FB 13 FC 0A
44.660000000,0x316,4B 25 E4 DE 50 79 0B 52
44.660000000,0x427,BB 7F D7 C7 40 65 06 65
44.670000000,0x1A4,B6 11 0D 6B 45 9B 4E 31
44.670000000,0x316,74 A5 F1 AB B9 97 FB B9
44.670000000,0x427,D4 98 47 EE 9E A3 A9 5F
44.680000000,0x1A4,3B E9 09 6B 3E F3 27 73
44.680000000,0x316,54 6C 3F 9B 13 81 1C D6
44.680000000,0x427,F4 7A EF DD A2 51 87 39
44.690000000,0x1A4,84 CE 0C EB 18 70 52 E8
44.690000000,0x316,B2 75 98 20 8F B7 B7 7A
44.690000000,0x427,34 CF 69 9D EB 15 0B F3
44.700000000,0x1A4,9E 15 04 EB D0 B0 71 82
44.700000000,0x316,71 BC 84 E3 55 78 12 68
44.700000000,0x427,A0 F0 62 A5 43 F3 32 DF
44.710000000,0x1A4,1B DF 03 EB 39 EF A5 A2
44.710000000,0x316,96 D6 43 28 79 7F C8 3D
44.710000000,0x427,9B AD 56 99 53 32 71 85
44.720000000,0x1A4,A1 F7 01 6B D5 23 44 7F
44.720000000,0x316,C3 D3 E9 C5 DE D4 36 13
44.720000000,0x427,1B 26 C8 6E A3 EB 8D 99
44.730000000,0x1A4,0B FB F9 6A 1E 40 D5 6A
44.730000000,0x316,6C 43 FB 10 A9 B2 CA 8F
44.730000000,0x427,A6 3F B8 15 A4 6E 58 B4
44.740000000,0x1A4,74 34 FB EA 60 9E EC C6
44.740000000,0x316,1A AB 43 25 74 F5 DD C5
44.740000000,0x427,60 CC 32 A4 71 11 3A 0A
44.750000000,0x1A4,DF EF F8 6A 75 FE 02 47
44.750000000,0x316,39 2B AD 64 F3 B3 E4 47
44.750000000,0x427,DC EF E9 76 CD 55 71 A6
44.760000000,0x1A4,CE 30 F3 EA 06 FD 96 FC
44.760000000,0x316,7B C5 C7 EA E3 67 6B 57
44.760000000,0x427,CB F8 B1 4D 4F 5C 19 D6
44.770000000,0x1A4,F9 D3 F0 EA 8A AB F4 9A
44.770000000,0x316,11 06 BC 53 3A 00 59 EB
44.770000000,0x427,90 62 E2 4E 94 1C FA DA
44.780000000,0x1A4,5C A1 F0 EA 37 25 4C 78
44.780000000,0x316,AD BA ED 82 69 A4 DF 7C
44.780000000,0x427,EC 0B D7 62 68 20 E6 C1
44.790000000,0x1A4,82 47 F4 EA 04 FA E9 D6
44.790000000,0x316,B4 5E 3E B0 EF 79 ED 96
44.790000000,0x427,12 E0 FB B1 A3 75 68 8F
44.800000000,0x1A4,25 7B EF EA C6 98 A3 AE
44.800000000,0x316,E9 B3 EE 9A 2F 78 6E 99
44.800000000,0x427,D6 DF 37 A9 C3 3D 2B C9
44.810000000,0x1A4,8E E2 E8 EA DE F3 23 23
44.810000000,0x316,F0 E2 25 78 62 90 4A 56
44.810000000,0x427,25 F8 4A 17 0F 2B 01 B1
44.820000000,0x1A4,37 60 EB 6A 3D 74 A8 F9
44.820000000,0x316,EF 2E A8 57 2E 97 61 88
44.820000000,0x427,1E F4 59 84 88 34 CA 9D
44.830000000,0x1A4,B4 31 E1 EA 8C 77 1C 10
44.830000000,0x316,15 65 68 40 31 19 0E A1
44.830000000,0x427,4F 84 A9 44 A8 2A 25 EF
44.840000000,0x1A4,FE B7 E0 6A 2A B7 EF DF
44.840000000,0x316,9D 6D F8 49 8D D0 2C 98
44.840000000,0x427,F9 E8 75 83 53 DE 53 3A
44.850000000,0x1A4,C6 26 E4 6A 85 10 44 ED
44.850000000,0x316,C4 37 E3 E7 48 6F FC 52
44.850000000,0x427,2A 6A 3F E8 AE 49 4A 3D
44.860000000,0x1A4,A4 5A DE EA B6 D8 F6 30
44.860000000,0x316,71 29 38 59 B8 51 EB F8
44.860000000,0x427,79 CC 6C 4E D4 DA 1C 31
44.870000000,0x1A4,1F 62 DB EA E2 75 C2 55
44.870000000,0x316,E3 22 86 84 BF E5 14 AD
44.870000000,0x427,DA A2 5A 69 1A 3A 4D 47
44.880000000,0x1A4,83 9D DF 6A 34 D5 06 99
44.880000000,0x316,55 4F 81 6C 85 73 70 AB
44.880000000,0x427,DC 81 BB A8 4D E3 37 30
44.890000000,0x1A4,D1 3A D0 EA DC 16 F1 9C
44.890000000,0x316,48 1C FB E3 49 D8 71 C9
44.890000000,0x427,9D B3 A7 23 F4 E3 5F CD
44.900000000,0x1A4,0B C2 D0 EA A4 89 36 B0
44.900000000,0x316,69 1F 86 4B 7D 9D A1 30
44.900000000,0x427,C5 01 E6 AF FB 5C 9C AF
44.910000000,0x1A4,66 68 D2 6A 0B 55 6E B6
44.910000000,0x316,D2 5C F3 8A 51 10 8B 8D
44.910000000,0x427,EF 64 36 52 D7 C8 57 34
44.920000000,0x1A4,6F BC D3 EA 4B E1 72 76
44.920000000,0x316,14 81 ED 94 D4 1A 26 85
44.920000000,0x427,3D F7 64 2C 46 86 01 1E
44.930000000,0x1A4,30 E8 CE EA B6 A7 05 B9
44.930000000,0x316,33 15 4B E0 13 32 9D 4A
44.930000000,0x427,5C FC 7A A3 89 2B 3D 3F
44.940000000,0x1A4,D4 F8 CA 6A 02 21 1F 99
44.940000000,0x316,5A D6 39 CA C4 66 29 A2
44.940000000,0x427,14 64 94 D4 0D 04 5E 56
44.950000000,0x1A4,51 30 CE 6A 30 57 24 E3
44.950000000,0x316,00 13 C1 A5 65 78 40 CF
44.950000000,0x427,E2 7C 38 7F E6 E8 FF 5F
44.960000000,0x1A4,8E DB C1 6A 1E E1 41 64
44.960000000,0x316,74 EC FD 7B 52 07 90 B7
44.960000000,0x427,BF 3F 4F 45 13 44 B7 EE
44.970000000,0x1A4,0B DC C4 EA 43 37 86 75
44.970000000,0x316,6E 9C 93 89 18 F4 65 57
44.970000000,0x427,69 88 76 25 43 B4 35 41
44.980000000,0x1A4,65 C0 C1 EA 95 E2 71 12
44.980000000,0x316,E4 2D A6 40 C9 98 DA 1F
44.980000000,0x427,26 71 6D F7 51 5E 66 60
44.990000000,0x1A4,02 46 B8 EA A3 96 F9 8C
44.990000000,0x316,B5 BE DE FB 4B F4 A0 64
44.990000000,0x427,63 1C D6 00 7A 2F 09 11
45.000000000,0x1A4,49 97 BD 6A 71 A7 DE CF
45.000000000,0x316,93 9E 22 EF C4 48 3B 41
45.000000000,0x427,C9 AC 84 ED DF F6 BB 7E
45.010000000,0x1A4,2F 30 BB 6A A8 D7 4B EF
45.010000000,0x316,7A 97 A8 FD 70 04 F7 8C
45.010000000,0x427,2F BC 65 95 22 6D 37 D2
45.020000000,0x1A4,AA 7A B7 6A F5 A7 D8 82
45.020000000,0x316,42 A4 44 91 36 71 A5 6B
45.020000000,0x427,EA 1D FE 32 9A FE 04 44
45.030000000,0x1A4,36 E1 B5 6A 14 AC 48 FB
45.030000000,0x316,BC 39 7E 6D CA FE CB A0
45.030000000,0x427,F7 78 50 FB 06 C7 53 7D
45.040000000,0x1A4,20 BB B3 EA AC 13 AB 1B
45.040000000,0x316,73 43 F3 79 F5 84 EA 6F
45.040000000,0x427,16 E0 0A 63 A5 12 2A 50
45.050000000,0x1A4,D6 EE AB 6A 31 2C C5 23
45.050000000,0x316,3A E1 5C 2E 5F 76 77 1F
45.050000000,0x427,20 72 80 5C 92 83 97 C2
45.060000000,0x1A4,86 FB A9 EA 05 3C 83 FE
45.060000000,0x316,58 DA F3 0D 88 3E 81 0A
45.060000000,0x427,3B 71 E0 D8 63 DE FD 11
45.070000000,0x1A4,E9 CD A8 6A E1 9A 82 1B
45.070000000,0x316,E8 E2 69 8C D7 59 04 89
45.070000000,0x427,9E CC B6 44 46 BC 9E 20
45.080000000,0x1A4,0D BF AB EA B2 49 8C 18
45.080000000,0x316,ED CE FD EC 6D C3 36 BE
45.080000000,0x427,60 29 CD AF 9A 05 5B 6C
45.090000000,0x1A4,D3 D9 A3 6A 1F 56 39 0A
45.090000000,0x316,33 FE 2C E4 89 38 09 A9
45.090000000,0x427,BF 8E 0A 91 D1 49 54 0F
45.100000000,0x1A4,E1 ED A5 6A 6F CF 86 1C
45.100000000,0x316,E8 56 6D 56 E7 F0 11 FA
45.100000000,0x427,FB 0E D6 9F 28 DE 35 B8
45.110000000,0x1A4,CB DC A4 6A 33 8D C0 48
45.110000000,0x316,DC 8B 07 6E E3 38 9D 3D
45.110000000,0x427,93 48 01 3B 5D 99 6E 38
45.120000000,0x1A4,57 B0 99 EA E7 8B 89 9A
45.120000000,0x316,43 F6 13 92 F3 26 71 C0
45.120000000,0x427,B9 CB 48 44 B6 AD 87 ED
45.130000000,0x1A4,9B 3A 98 EA CB 58 82 5A
45.130000000,0x316,59 92 3C D7 E9 3D 82 3C
45.130000000,0x427,4F 00 D6 26 48 51 E0 05
45.140000000,0x1A4,78 F4 9F EA 8E E3 88 95
45.140000000,0x316,C7 6A 14 51 2B 73 29 C3
45.140000000,0x427,35 8D 49 38 F9 DB FD 2B
45.150000000,0x1A4,C4 07 93 EA A0 F8 65 F7
45.150000000,0x316,E6 05 3B D3 14 1D 1E 62
45.150000000,0x427,E9 0F 01 34 0F 97 AD 8A
45.160000000,0x1A4,DB 9D 95 EA 34 FC 76 04
45.160000000,0x316,04 5D 58 F4 BD B2 0F 29
45.160000000,0x427,C8 6C 57 17 64 CD 3C 92
45.170000000,0x1A4,0C 88 96 EA A6 C5 37 9D
45.170000000,0x316,D6 47 8A FA 6F B3 5D F9
45.170000000,0x427,45 F8 0C 45 D7 B0 3E CF
45.180000000,0x1A4,16 58 93 6A 11 61 E3 1F
45.180000000,0x316,74 B9 7E 18 51 80 06 3F
45.180000000,0x427,F9 F8 6A D8 86 F9 09 68
45.190000000,0x1A4,F7 B7 89 6A 6B 51 F5 3D
45.190000000,0x316,B1 39 A2 75 D5 37 0F 9C
45.190000000,0x427,E3 8C 67 2A 43 96 52 E4
45.200000000,0x1A4,3B 52 8D 6A CB 81 E9 EA
45.200000000,0x316,E5 4E 68 38 0B 64 8B 47
45.200000000,0x427,66 B5 7D 1B 4D A4 CF 00
45.210000000,0x1A4,40 14 88 6A 1A 3F D1 AB
45.210000000,0x316,7D 7A F9 4E B3 D3 68 6F
45.210000000,0x427,BC 20 63 94 96 A1 63 DC
45.220000000,0x1A4,66 02 87 EA 55 B3 7E D9
45.220000000,0x316,AE FC FE 62 0D E2 37 72
45.220000000,0x427,73 95 A0 36 4E 32 70 3B
45.230000000,0x1A4,43 A0 81 6A A2 7C E7 D8
45.230000000,0x316,A7 C3 FD 14 6F B9 95 68
45.230000000,0x427,50 7C 61 B6 7A B4 B2 71
45.240000000,0x1A4,71 7C 81 6A 83 AA 7F 26
45.240000000,0x316,9D E0 39 BD 6D BA 5B E3
45.240000000,0x427,CC FC 6C 62 6F 07 C0 D9
45.250000000,0x1A4,B0 1B 7C EA 7F 7E 2D C0
45.250000000,0x316,AA 56 52 61 0A 12 E5 05
45.250000000,0x427,7C 51 90 8A 1B B3 DA C3
45.260000000,0x1A4,81 A8 7F 6A 8E 51 83 34
45.260000000,0x316,D9 0E BE E1 C3 1E 5E AC
45.260000000,0x427,50 3E D4 7D 3C 50 C8 6F
45.270000000,0x1A4,56 6C 7A EA 7A 9D 09 E0
45.270000000,0x316,0A A1 20 86 17 3C A0 57
45.270000000,0x427,0C D6 73 52 97 A1 4D 05
45.280000000,0x1A4,2E 92 78 6A 8B 68 EF 81
45.280000000,0x316,E1 70 9A 9D 49 75 4D 63
45.280000000,0x427,7A 84 95 D6 45 54 33 71
45.290000000,0x1A4,77 1E 77 EA 83 A7 99 34
45.290000000,0x316,26 60 7A 5F BE FB FE 24
45.290000000,0x427,CF B7 15 B4 4C AA CD 13
45.300000000,0x1A4,64 17 70 EA E3 AE 41 D6
45.300000000,0x316,3D 00 ED B2 08 56 EB AE
45.300000000,0x427,09 9B AE 60 52 0F 1B 2B
45.310000000,0x1A4,D7 F3 76 EA 39 F5 6C 67
45.310000000,0x316,0F 88 06 35 3B 27 CA 37
45.310000000,0x427,FC 2E 70 50 6B 9B 6F 5A
45.320000000,0x1A4,97 C8 6C 6A AF 27 2E 46
45.320000000,0x316,34 1B AF 3F 92 E6 05 B7
45.320000000,0x427,38 ED 69 4A 68 FD 00 E6
45.330000000,0x1A4,55 F7 6B 6A EA 3E 23 61
45.330000000,0x316,56 26 B6 99 56 F3 B2 E0
45.330000000,0x427,D0 1C 3F 78 DF 7D ED F5
45.340000000,0x1A4,5E F3 6E 6A 69 F3 BD AF
45.340000000,0x316,C6 8F 6D EF BB 06 35 90
45.340000000,0x427,B1 8F 7B 3E 52 FF 3D A5
45.350000000,0x1A4,B6 A9 64 EA 4B D9 8F 10
45.350000000,0x316,88 61 C6 73 C6 BB 8B B6
45.350000000,0x427,4C 65 D3 CC F2 E1 99 05
45.360000000,0x1A4,E3 F9 64 6A D9 14 58 92
45.360000000,0x316,17 FD 5D 58 5C 8A 09 5C
45.360000000,0x427,A9 4F 87 61 43 1A 3F 05
45.370000000,0x1A4,8B 63 67 6A 97 D2 B0 6F
45.370000000,0x316,FC C2 63 B9 98 FC 00 72
45.370000000,0x427,02 8C C0 E8 CA 4B 94 6C
45.380000000,0x1A4,FC E8 5E 6A 9A FA F6 6F
45.380000000,0x316,0E D0 42 41 CD 9A 25 59
45.380000000,0x427,7C B3 82 3A EA 27 E5 44
45.390000000,0x1A4,44 27 59 6A 40 87 5E E9
45.390000000,0x316,A0 E2 41 FF 14 20 86 42
45.390000000,0x427,D0 FD 80 7A A4 1F 79 28
45.400000000,0x1A4,DF 8B 5D 6A F2 58 19 38
45.400000000,0x316,20 9B 88 DA 1B F9 E2 95
45.400000000,0x427,7C 4E 1F A5 5F 3D 65 84
45.410000000,0x1A4,BD F5 5E EA 4A 75 EB 87
45.410000000,0x316,EC 79 65 CF 44 32 1A 32
45.410000000,0x427,DD 11 8D D8 92 84 4A 09
45.420000000,0x1A4,FC 53 52 EA C5 51 A6 61
45.420000000,0x316,96 94 54 5D 17 52 48 0C
45.420000000,0x427,05 E8 BD C2 35 3B 84 3A
45.430000000,0x1A4,03 70 50 6A AF CD 04 B5
45.430000000,0x316,FA 23 75 EA A7 14 A4 28
45.430000000,0x427,38 01 A6 17 D6 20 8E 9D
45.440000000,0x1A4,FA 04 50 EA 13 E0 85 8D
45.440000000,0x316,81 10 D1 0C F6 A1 19 40
45.440000000,0x427,58 14 4A 14 8C 09 77 86
45.450000000,0x1A4,B7 36 48 EA 4E 34 51 41
45.450000000,0x316,93 6A FE 73 7D C9 26 26
45.450000000,0x427,0C 10 0C 4B C6 20 42 24
45.460000000,0x1A4,37 AC 4E EA FF BB 96 6F
45.460000000,0x316,79 A8 4C 47 4A 6D FA DE
45.460000000,0x427,0C 8B 7C EA E5 02 9F 2F
45.470000000,0x1A4,1D 8E 4D 6A 42 A8 D2 68
45.470000000,0x316,CD E8 C4 4F 4E 2F A8 2A
45.470000000,0x427,B0 02 40 85 1A 6C 18 11
45.480000000,0x1A4,F5 44 48 6A 80 F2 2E DF
45.480000000,0x316,35 12 9F 17 80 3A F6 9E
45.480000000,0x427,BF 79 59 0D B0 81 96 92
45.490000000,0x1A4,2B 4D 45 EA 56 4A 79 C8
45.490000000,0x316,FA 74 C5 C8 B5 1C 30 DF
45.490000000,0x427,EE C8 2E F4 0F 11 E7 DD
45.500000000,0x1A4,3D B8 46 EA CF 65 B8 BD
45.500000000,0x316,5A A9 0A 2D E6 4A CA 49
45.500000000,0x427,6C B3 45 8C 52 32 62 78
45.510000000,0x1A4,BD F7 47 EA B6 07 5B 6C
45.510000000,0x316,D9 9B 19 E5 60 36 FD 2A
45.510000000,0x427,2D 91 7A 3C F6 06 66 04
45.520000000,0x1A4,48 4F 3F EA B9 84 1A F6
45.520000000,0x316,6D C0 04 32 70 3E 46 9A
45.520000000,0x427,19 4E 68 B6 13 62 B9 13
45.530000000,0x1A4,0F F4 3F 6A DF 99 D8 C5
45.530000000,0x316,48 94 FC 19 71 13 E0 44
45.530000000,0x427,D8 E6 39 D1 35 19 7C C8
45.540000000,0x1A4,DD 49 39 6A 44 2A B1 88
45.540000000,0x316,EB 75 C7 1F 6D 6E 70 C7
45.540000000,0x427,40 D5 68 76 D7 27 AE 8D
45.550000000,0x1A4,49 BD 37 EA 24 3C 72 5E
45.550000000,0x316,2E 31 24 B9 5D F6 CD 2D
45.550000000,0x427,12 91 18 27 7E C4 9D 88
45.560000000,0x1A4,A7 63 31 EA 8F 90 D2 2F
45.560000000,0x316,1C B1 E2 3E 8D D3 72 C9
45.560000000,0x427,CF 35 3D 02 40 84 52 53
45.570000000,0x1A4,97 F9 33 EA 2D BA FA 2B
45.570000000,0x316,59 7D 2F C4 3C E8 B7 45
45.570000000,0x427,60 15 64 83 89 CE 34 D0
45.580000000,0x1A4,A9 C5 35 6A 0B D7 3B 80
45.580000000,0x316,F9 8C 27 81 91 1D 14 E5
45.580000000,0x427,F5 B9 8D 0E F8 72 D0 64
45.590000000,0x1A4,59 06 2C 6A 58 98 C0 2A
45.590000000,0x316,99 4D 60 0C 92 C4 14 78
45.590000000,0x427,D3 AD E9 27 02 A8 B6 D8
45.600000000,0x1A4,7E D2 2D 6A 6A D5 EE 3D
45.600000000,0x316,81 9A 97 DC 2A 66 E5 9B
45.600000000,0x427,79 5E 93 D5 28 38 00 5E
45.610000000,0x1A4,B1 C8 28 EA C2 01 7D C8
45.610000000,0x316,75 B3 7E 47 2F 30 60 76
45.610000000,0x427,DC 05 EC 3E 79 38 77 74
45.620000000,0x1A4,84 4D 26 6A FB 44 D0 B5
45.620000000,0x316,6B D8 20 1C 09 54 A3 B6
45.620000000,0x427,5E 01 8B 3F FE 86 7E 29
45.630000000,0x1A4,F0 F5 27 EA 4F 85 23 9B
45.630000000,0x316,FD CD 27 C1 57 70 D2 0A
45.630000000,0x427,60 C3 2B 11 72 78 9C FB
45.640000000,0x1A4,72 EE 26 6A 04 9F CA 22
45.640000000,0x316,ED 93 25 00 4A 1A 86 49
45.640000000,0x427,28 33 F5 75 FE 88 65 87
45.650000000,0x1A4,98 A6 18 EA 57 CA 6D 7D
45.650000000,0x316,2E 4E 72 AD 68 16 17 C1
45.650000000,0x427,29 D4 1F 65 35 7E E1 8C
45.660000000,0x1A4,93 B5 1D EA 73 88 EA B9
45.660000000,0x316,BF E3 65 67 15 EB 87 E3
45.660000000,0x427,60 BA 69 86 09 6C 74 77
45.670000000,0x1A4,BF 81 1C EA 58 F1 B8 A5
45.670000000,0x316,EF 25 7B F1 78 2F 08 85
45.670000000,0x427,1D 84 9B 5A 4D 82 50 C9
45.680000000,0x1A4,39 2C 1B EA 6F 32 D5 93
45.680000000,0x316,4D 2B E6 B7 76 C5 6E D6
45.680000000,0x427,7C F6 D4 BF BA 18 BB 67
45.690000000,0x1A4,17 E8 12 EA 49 B4 5D 40
45.690000000,0x316,33 28 02 86 3C B8 D6 EF
45.690000000,0x427,CF 9A 5D 68 52 AA B9 2A
45.700000000,0x1A4,FC 9A 16 EA CE 17 A1 DB
45.700000000,0x316,C1 16 EE 7F 11 41 51 20
45.700000000,0x427,2A E9 09 CE 77 9A 52 09
45.710000000,0x1A4,DD F0 16 6A 04 76 CB 12
45.710000000,0x316,3A 60 8C 99 94 9D A5 FE
45.710000000,0x427,1B 90 14 5E 24 C6 89 D7
45.720000000,0x1A4,ED B4 0E 6A BD C7 93 1D
45.720000000,0x316,1B AE B9 9A F5 5E 77 E7
45.720000000,0x427,11 E6 93 69 D0 41 F0 61
45.730000000,0x1A4,61 E1 0D 6A 98 35 AD 4C
45.730000000,0x316,D5 C8 A5 5F 48 BA 1C 06
45.730000000,0x427,61 08 86 50 EA 8D BA 7C
45.740000000,0x1A4,97 30 0E 6A 04 68 14 C0
45.740000000,0x316,79 4C 1B 04 B6 9F 2F 37
45.740000000,0x427,54 63 7F 6F 52 1F 6B C6
45.750000000,0x1A4,26 B3 09 EA 2B C6 16 C0
45.750000000,0x316,B6 F1 AC 25 D7 4B 2F 73
45.750000000,0x427,F7 8F 7D DD 28 6A 26 97
45.760000000,0x1A4,F2 CC 07 EA 84 D8 3D C2
45.760000000,0x316,F7 3A CD BF BB E3 CC 23
45.760000000,0x427,B9 89 29 A6 C6 E3 33 CB
45.770000000,0x1A4,D1 0B 06 6A 4D E6 77 65
45.770000000,0x316,7D 03 97 3E 0F C7 6E 24
45.770000000,0x427,EF 59 31 04 05 67 87 E6
45.780000000,0x1A4,51 5B 01 6A BB 80 56 E7
45.780000000,0x316,BB 02 64 70 A2 5C BF 40
45.780000000,0x427,5E 57 9D 7C 1B 8A 34 66
45.790000000,0x1A4,BB A6 FA 69 23 FA 7F B6
45.790000000,0x316,CB A7 17 77 C3 05 1F 5F
45.790000000,0x427,99 E1 E3 E1 F9 B8 66 34
45.800000000,0x1A4,92 C8 FA 69 B7 D1 62 21
45.800000000,0x316,C5 DE 71 6A 9A 8C A9 F5
45.800000000,0x427,30 07 25 0D 68 4E D0 3E
45.810000000,0x1A4,5B 22 FE E9 81 F1 41 25
45.810000000,0x316,D8 56 A4 E5 FA 89 D8 A3
45.810000000,0x427,2E 21 39 EC BC CD ED 19
45.820000000,0x1A4,08 85 F8 69 CE CC C0 5F
45.820000000,0x316,B9 3A 99 0D C9 FA BD 59
45.820000000,0x427,9D 19 10 77 8A EA CD E8
45.830000000,0x1A4,B1 63 F5 69 34 7B 15 E3
45.830000000,0x316,0F 52 47 A7 29 CA 42 DF
45.830000000,0x427,16 25 F2 6E 6E E6 FF 13
45.840000000,0x1A4,64 06 F6 E9 1A 60 40 4B
45.840000000,0x316,7A 7E D2 5A 12 3B 33 D2
45.840000000,0x427,02 3B 37 83 29 19 36 8D
45.850000000,0x1A4,BC C1 F3 69 DE CE 5F 0A
45.850000000,0x316,DA 20 19 EF 15 3E 3A FB
45.850000000,0x427,E5 78 5E DE A2 6E E0 D8
45.860000000,0x1A4,0F CB ED 69 46 6F 58 11
45.860000000,0x316,E0 49 3C 5A 12 10 DA 54
45.860000000,0x427,09 DC 87 31 FC 8E 72 4F
45.870000000,0x1A4,4C 3A EF E9 E2 3D B8 81
45.870000000,0x316,DE 65 7B 2A EB 93 D4 02
45.870000000,0x427,B1 3C FA FD D6 F9 EE 19
45.880000000,0x1A4,97 42 EC 69 8A EA 8C BE
45.880000000,0x316,9C FA 0A B6 9E 5E C4 8F
45.880000000,0x427,E1 11 05 45 86 C0 54 0F
45.890000000,0x1A4,97 A8 E1 69 1A 08 6F 82
45.890000000,0x316,1B 51 FC 37 74 E2 73 A1
45.890000000,0x427,C8 38 66 85 35 51 0B 5F
45.900000000,0x1A4,78 07 E6 69 02 A2 C7 72
45.900000000,0x316,38 03 46 67 DB B4 83 55
45.900000000,0x427,6E 3A 6B CC 90 B8 E8 9C
45.910000000,0x1A4,15 A1 E5 69 2B 20 D0 58
45.910000000,0x316,7F 7E 2C 9F 7F 6E 98 53
45.910000000,0x427,B2 FC F0 48 D8 1E 33 5E
45.920000000,0x1A4,99 DA E0 69 6E 03 1D CD
45.920000000,0x316,02 F3 59 84 D9 44 EB 95
45.920000000,0x427,B1 71 90 1F 84 38 2F E2
45.930000000,0x1A4,46 D7 DA 69 37 90 2C C2
45.930000000,0x316,1E E7 CD 7C 9B D6 F3 6E
45.930000000,0x427,5E E3 7D C3 44 A5 93 83
45.940000000,0x1A4,BF 83 D9 69 C4 F2 93 AA
45.940000000,0x316,92 B8 80 C7 4C 0E 49 8C
45.940000000,0x427,B8 C0 89 BA 2C 5B BA BF
45.950000000,0x1A4,ED 59 DC E9 84 CA 85 81
45.950000000,0x316,0F DD 39 11 E1 2A A7 FF
45.950000000,0x427,10 55 D7 F7 9D A2 40 27
45.960000000,0x1A4,1B A7 D5 E9 AF 63 20 D3
45.960000000,0x316,3C B1 BF 60 65 D8 84 54
45.960000000,0x427,A1 25 1E A9 BB 79 DA B6
45.970000000,0x1A4,BC C2 D2 69 C8 4B 40 BB
45.970000000,0x316,BA 9C F8 B8 4F C6 9C A2
45.970000000,0x427,94 0C 61 44 09 01 DA 24
45.980000000,0x1A4,A3 F4 D7 69 41 8F 19 C3
45.980000000,0x316,B2 19 3D EA 1C F6 42 32
45.980000000,0x427,13 46 DB 17 4B 7A EB 9D
45.990000000,0x1A4,B9 95 D6 69 34 32 98 46
45.990000000,0x316,10 5C F7 64 E9 7C 61 38
45.990000000,0x427,4F 69 B9 0A B2 76 44 0B
46.000000000,0x1A4,6A 87 CB 69 69 F3 19 03
46.000000000,0x316,7D 7C 1C F4 01 7D 08 22
46.000000000,0x427,8C 52 CA 31 6A AE 1A 6B
46.010000000,0x1A4,30 4F CD E9 1C FB 93 31
46.010000000,0x316,B3 1D E7 6A D3 2C AA CC
46.010000000,0x427,C9 A1 6F D3 C6 34 17 E2
46.020000000,0x1A4,46 4D CA 69 59 12 4A 6D
46.020000000,0x316,3F DC 0B 8C 36 B1 74 91
46.020000000,0x427,1E 5F 51 41 DF 93 8C FD
46.030000000,0x1A4,6B A5 C3 E9 E0 ED EA 35
46.030000000,0x316,55 28 25 00 A9 E9 B3 FD
46.030000000,0x427,E5 55 F4 10 6E 05 D4 29
46.040000000,0x1A4,3D FB C4 E9 27 0B 97 09
46.040000000,0x316,CF 4F F8 43 EC 43 2C BA
46.040000000,0x427,CF E7 8F 7B E1 A0 79 C9
46.050000000,0x1A4,B1 36 C3 69 F5 92 16 38
46.050000000,0x316,24 F1 E2 77 11 39 46 EA
46.050000000,0x427,8C BE 2F FB E1 04 65 2A
46.060000000,0x1A4,CB 1E C1 E9 71 49 30 AC
46.060000000,0x316,1E DA 54 7E 2C A3 3E 1D
46.060000000,0x427,0E E2 78 14 E9 EB 5E AB
46.070000000,0x1A4,D7 C1 B8 69 B9 E6 CA CF
46.070000000,0x316,3A 6D 3F E6 E6 9E BD 57
46.070000000,0x427,2C 7F E6 9D C5 16 59 BA
46.080000000,0x1A4,AA C4 BD E9 E4 04 43 5F
46.080000000,0x316,7B 84 C0 D9 C0 8D 0B 78
46.080000000,0x427,9D AF A6 F4 A7 BD DE F4
46.090000000,0x1A4,52 C0 B9 69 A1 1E B9 93
46.090000000,0x316,C3 59 FE 8E 0F D6 44 8C
46.090000000,0x427,3C AA A0 E3 BC 4B BD E6
46.100000000,0x1A4,55 3C B3 E9 59 02 FB BD
46.100000000,0x316,5D 31 A2 54 5E 97 AB A1
46.100000000,0x427,2C 9B 39 AA DF AB 97 53
46.110000000,0x1A4,46 69 B6 E9 B0 4A D5 27
46.110000000,0x316,38 C9 F1 AA B5 C0 94 AE
46.110000000,0x427,8B 10 DA D5 AF BE 70 B7
46.120000000,0x1A4,7E CB B3 E9 5E E2 21 85
46.120000000,0x316,A2 F7 BE AE 91 39 6A 47
46.120000000,0x427,5F 66 62 CE 15 93 06 98
46.130000000,0x1A4,E9 69 B6 E9 20 EE 86 E5
46.130000000,0x316,0B C1 CB 3E A5 2B E8 39
46.130000000,0x427,C4 5F 9F D0 E0 8C B0 05
46.140000000,0x1A4,21 53 AA 69 92 D6 BF 7B
46.140000000,0x316,D2 25 AE 45 34 E0 01 54
46.140000000,0x427,36 E9 9F F0 29 03 43 82
46.150000000,0x1A4,24 16 AA 69 12 3B B6 7F
46.150000000,0x316,DE DF 06 F9 19 34 6A B9
46.150000000,0x427,BF AE C6 FD D4 03 9B 67
46.160000000,0x1A4,C4 1D A9 69 EE DA BC F3
46.160000000,0x316,AD 2E 79 97 D4 3E E3 4C
46.160000000,0x427,73 7E 3A CD FC D1 F5 DC
46.170000000,0x1A4,34 D8 A4 69 DC 5F 43 1B
46.170000000,0x316,9D 2F F6 D2 AD 7D E1 25
46.170000000,0x427,34 67 15 8E 79 80 3F 39
46.180000000,0x1A4,DC 60 A0 E9 BC E9 91 C8
46.180000000,0x316,43 46 0D 38 74 94 78 E1
46.180000000,0x427,A4 00 C8 F4 74 4B AD 3F
46.190000000,0x1A4,9A 7B A7 69 CB 86 B9 E7
46.190000000,0x316,CB EE 3B 27 50 B8 11 ED
46.190000000,0x427,13 AB 3D 19 DD 9B 87 B2
46.200000000,0x1A4,10 3A A6 E9 40 F8 7E 81
46.200000000,0x316,62 1A ED 5C B6 1A A3 69
46.200000000,0x427,40 06 16 BE A5 9D 5C 66
46.210000000,0x1A4,91 B0 9E 69 6F EB 0A 91
46.210000000,0x316,57 62 CA 54 C4 CD 90 4C
46.210000000,0x427,2C E2 C4 14 65 19 14 3E
46.220000000,0x1A4,D2 06 9E 69 12 BD 80 9F
46.220000000,0x316,9D 32 2E 7B CA 58 D0 F2
46.220000000,0x427,84 44 AC ED 38 A8 B2 A9
46.230000000,0x1A4,FC 62 9A 69 A9 2C 64 C6
46.230000000,0x316,6E 7C 5F 50 C3 7E 16 ED
46.230000000,0x427,52 97 A9 E3 94 32 91 0E
46.240000000,0x1A4,40 04 9D 69 63 AE EA 67
46.240000000,0x316,B9 D3 A7 D0 15 8B A2 6E
46.240000000,0x427,0D 8E 6F 27 02 83 0A 6A
46.250000000,0x1A4,B3 F0 91 69 FC B5 75 FA
46.250000000,0x316,96 1B D5 07 41 FD 72 55
46.250000000,0x427,6B 29 06 F0 FE 3A D1 5E
46.260000000,0x1A4,F4 15 94 69 E0 92 D9 4E
46.260000000,0x316,3A AD 55 3C 67 92 8C 7C
46.260000000,0x427,90 14 0D E1 46 B9 6F FF
46.270000000,0x1A4,76 96 92 69 C9 A0 86 ED
46.270000000,0x316,59 76 51 F5 28 D8 76 65
46.270000000,0x427,9D E7 A2 96 90 93 CA 36
46.280000000,0x1A4,84 E6 8A 69 0F 67 1B 6E
46.280000000,0x316,32 8F 75 D9 93 41 30 3C
46.280000000,0x427,B0 F0 55 49 C7 B4 44 3E
46.290000000,0x1A4,7F 7E 8E E9 7F A5 F5 CD
46.290000000,0x316,6D 85 36 2A A9 63 0B 56
46.290000000,0x427,9B CE C0 28 EF 5B 15 99
46.300000000,0x1A4,11 A3 8F 69 7D 14 EC 97
46.300000000,0x316,57 16 79 60 1D 39 6B DA
46.300000000,0x427,6C 84 37 15 D6 D7 C4 19
46.310000000,0x1A4,41 2B 8C 69 E1 48 12 15
46.310000000,0x316,A5 63 D3 CB FB 39 C8 BC
46.310000000,0x427,49 64 2C 02 53 6E 69 26
46.320000000,0x1A4,C4 B7 85 E9 1C F8 B4 6D
46.320000000,0x316,DD 35 1E 7E 54 5A 86 E5
46.320000000,0x427,6E F5 A1 17 84 26 33 EF
46.330000000,0x1A4,AB DD 85 E9 77 AC 28 CB
46.330000000,0x316,F6 8A DF CE A1 B9 87 B2
46.330000000,0x427,AA 58 E1 A5 56 1C E2 26
46.340000000,0x1A4,2D 0C 81 E9 D0 C8 25 0D
46.340000000,0x316,76 CA 88 00 DF 18 A1 78
46.340000000,0x427,D3 6D 75 2D 18 05 5E 08
46.350000000,0x1A4,2A F6 7B 69 05 B3 9A 4A
46.350000000,0x316,38 D5 D3 FB 48 D8 F4 D7
46.350000000,0x427,F7 70 E4 5D F7 E2 C1 AD
46.360000000,0x1A4,74 86 7F E9 53 86 07 EB
46.360000000,0x316,0C 5F A6 D3 31 2D 32 B3
46.360000000,0x427,D1 C4 74 5B C8 CA 82 AA
46.370000000,0x1A4,91 69 7E E9 20 B9 67 16
46.370000000,0x316,13 9C 59 0A DC F5 4B 2A
46.370000000,0x427,15 C4 93 E4 72 EA 4C 4F
46.380000000,0x1A4,4D 2B 7C 69 51 B8 97 19
46.380000000,0x316,6F 1E F8 09 EA 88 0E FF
46.380000000,0x427,E6 8A 36 95 1A 9D 14 15
46.390000000,0x1A4,BB AB 71 E9 38 92 1D 0A
46.390000000,0x316,9A EA 46 9D 64 F7 0D 00
46.390000000,0x427,D2 38 49 D2 79 4F 2C EC
46.400000000,0x1A4,A1 2C 77 69 3A 78 1F CA
46.400000000,0x316,ED D1 80 2B 8E 78 A5 E5
46.400000000,0x427,70 AC 0F 64 04 2D FE D2
46.410000000,0x1A4,72 C7 74 E9 25 3D 88 7D
46.410000000,0x316,28 A4 87 1B 13 C2 6F 44
46.410000000,0x427,55 1B E7 97 C7 0D 9B 4A
46.420000000,0x1A4,52 27 6D E9 59 CA 3B D6
46.420000000,0x316,8E AB AD 86 54 D6 59 12
46.420000000,0x427,63 FD F0 D4 6C 54 DC 9C
46.430000000,0x1A4,C6 60 69 69 BB 56 7C 23
46.430000000,0x316,B2 12 A0 10 69 B0 5B 76
46.430000000,0x427,EE CE 2D 9B 7D 96 36 DA
46.440000000,0x1A4,ED 31 6E 69 D8 F9 4A 28
46.440000000,0x316,F5 0E BA A4 AF DC AC C6
46.440000000,0x427,56 72 2F B3 3B ED CF 83
46.450000000,0x1A4,35 55 6B 69 63 16 15 7F
46.450000000,0x316,38 82 42 9B 31 6D 4A 39
46.450000000,0x427,2A 67 64 B0 4F 5E A0 48
46.460000000,0x1A4,EE 5C 63 69 4E 6F B5 64
46.460000000,0x316,89 EC 26 DA CD 43 B2 56
46.460000000,0x427,9C 00 3E AA 1D B0 AD 29
46.470000000,0x1A4,88 8A 65 E9 06 44 00 79
46.470000000,0x316,02 E8 6D CF 09 98 D7 73
46.470000000,0x427,7C 2A D7 5B 57 E9 A2 F3
46.480000000,0x1A4,8F B0 65 E9 3A 26 70 4E
46.480000000,0x316,4E DC 2C 4B 1C 15 4B A7
46.480000000,0x427,12 F7 A5 B4 18 1E 8C D0
46.490000000,0x1A4,2A 19 66 69 3B 0E 00 6B
46.490000000,0x316,86 50 95 CE D7 0E 35 EE
46.490000000,0x427,5D 28 31 3C BF 75 54 CB
46.500000000,0x1A4,98 A8 5E E9 26 0B DD D8
46.500000000,0x316,B3 FE 2F 4F 24 B6 8F AA
46.500000000,0x427,BB B0 9C 53 4C 6D E6 35
46.510000000,0x1A4,D4 49 5D 69 A2 E3 16 76
46.510000000,0x316,E0 92 12 26 12 2F 07 B4
46.510000000,0x427,04 70 BC 27 27 92 6B 09
46.520000000,0x1A4,44 0A 5F 69 5B 1D 0A 0F
46.520000000,0x316,3F 66 72 96 27 48 09 E0
46.520000000,0x427,B2 C6 22 1E C5 5A CE 25
46.530000000,0x1A4,3F 8E 50 69 91 B8 8B FF
46.530000000,0x316,04 6F EC 72 6E BA 48 20
46.530000000,0x427,4E 48 3A 26 F3 6F 07 B9
46.540000000,0x1A4,EB 1A 55 69 6B 4C 50 48
46.540000000,0x316,A2 C0 36 C5 08 AD 2D 55
46.540000000,0x427,67 CC 0E B0 C9 44 E8 51
46.550000000,0x1A4,07 0F 53 E9 E0 C0 3F 3D
46.550000000,0x316,84 D2 F8 B7 F3 EC 49 7B
46.550000000,0x427,94 1A 72 6F D7 EE ED 68
46.560000000,0x1A4,1F ED 53 69 B5 2C 0C EE
46.560000000,0x316,26 91 F1 A4 1A B3 13 AB
46.560000000,0x427,F2 D6 4C F1 F1 A4 F0 AB
46.570000000,0x1A4,64 C0 4F E9 70 AD B8 BA
46.570000000,0x316,EC 97 71 96 82 A7 73 4D
46.570000000,0x427,97 D1 FB EF 9E 48 88 B5
46.580000000,0x1A4,0E 9C 4B 69 CC 5C 45 E5
46.580000000,0x316,0F 7D 25 79 9F 85 FB A7
46.580000000,0x427,0F 7C A9 08 BE D2 3C 5D
46.590000000,0x1A4,BC 69 4A 69 14 18 0B 64
46.590000000,0x316,B6 65 05 31 62 88 57 58
46.590000000,0x427,FF 00 E9 10 51 82 85 0C
46.600000000,0x1A4,C4 7C 40 69 99 BA 53 D7
46.600000000,0x316,07 A3 62 DA 21 86 BA CD
46.600000000,0x427,3D FF 8E 40 B1 24 BA 63
46.610000000,0x1A4,20 8F 42 69 99 3B 01 D0
46.610000000,0x316,B6 D2 63 7F C7 31 A8 76
46.610000000,0x427,50 47 88 A8 87 FC 6F F7
46.620000000,0x1A4,62 E1 41 69 E0 2F A2 C8
46.620000000,0x316,FC 4F 8A B5 00 AD D1 DC
46.620000000,0x427,9A 1C D6 52 C0 C9 19 73
46.630000000,0x1A4,94 F2 45 69 56 09 D7 D0
46.630000000,0x316,33 41 B0 53 8C C0 CA BE
46.630000000,0x427,43 76 79 F7 2D 27 17 B5
46.640000000,0x1A4,50 06 3F 69 DE 37 8D A8
46.640000000,0x316,81 F8 95 50 4D C1 43 F5
46.640000000,0x427,DE C3 5D EA 98 3A 63 C0
46.650000000,0x1A4,0D A6 3A E9 57 05 3E DE
46.650000000,0x316,A4 B6 29 B3 49 20 18 2F
46.650000000,0x427,A0 80 E7 01 85 32 82 DE
46.660000000,0x1A4,AE 3B 38 E9 9F A4 07 2A
46.660000000,0x316,55 52 4C F4 B2 58 27 40
46.660000000,0x427,DA EF 71 6A 91 06 DD 17
46.670000000,0x1A4,28 19 3D 69 32 24 22 E0
46.670000000,0x316,92 BD 05 FD D7 7A A5 55
46.670000000,0x427,DB 52 EE 25 6D 2E C2 0A
46.680000000,0x1A4,4A 2F 34 E9 09 63 ED 23
46.680000000,0x316,0E 2C 72 3D D3 D6 45 83
46.680000000,0x427,1B 9F 9A 9A 26 C2 CF 7E
46.690000000,0x1A4,2A 0E 32 E9 E9 FB 21 47
46.690000000,0x316,C7 43 45 E8 4D 02 C7 33
46.690000000,0x427,67 53 85 B8 46 18 36 2E
46.700000000,0x1A4,8B 8A 31 69 9C CC D7 09
46.700000000,0x316,D3 13 57 C5 25 94 5C 02
46.700000000,0x427,C9 78 AC A1 BE A3 58 5C
46.710000000,0x1A4,E8 07 2C E9 2A 6C CC 57
46.710000000,0x316,E2 78 DA CC 15 93 68 9D
46.710000000,0x427,7D 7E 7E 5F B6 6A 51 56
46.720000000,0x1A4,78 64 2B 69 BF E2 C6 1A
46.720000000,0x316,6E AC 98 7B 6B 7B 85 C5
46.720000000,0x427,64 E6 06 D3 A7 58 22 F8
46.730000000,0x1A4,54 93 2E E9 74 7A A3 33
46.730000000,0x316,DA 24 08 36 97 9A D6 25
46.730000000,0x427,F7 E4 1F 55 B8 CA 2B AE
46.740000000,0x1A4,A6 4F 2E E9 1D 15 97 DB
46.740000000,0x316,55 3E 8E BC C6 38 7A BE
46.740000000,0x427,A1 71 46 81 33 8F 00 46
46.750000000,0x1A4,9B 09 27 E9 A1 45 04 64
46.750000000,0x316,B7 EE BB E3 E1 2F 5B 87
46.750000000,0x427,1C 9B 5E FE 5C 35 2A 97
46.760000000,0x1A4,2A 6D 22 E9 0F 3B 34 ED
46.760000000,0x316,DA BE BA 9C 47 60 58 32
46.760000000,0x427,16 13 58 6F B9 D5 0B C5
46.770000000,0x1A4,EF 33 27 E9 D1 94 34 BB
46.770000000,0x316,3E 1D DF CC AC C5 17 0A
46.770000000,0x427,44 C4 77 74 48 0B D2 F6
46.780000000,0x1A4,F8 68 27 E9 A0 25 4A 97
46.780000000,0x316,D4 43 10 8C 64 1B 4A 4A
46.780000000,0x427,ED 49 EE 89 18 A3 2D FF
46.790000000,0x1A4,8E 60 1A E9 98 03 D9 74
46.790000000,0x316,5F 3F 65 0B 84 0D D4 48
46.790000000,0x427,D1 A0 25 55 2F 12 96 04
46.800000000,0x1A4,03 31 1F 69 59 B1 DD 96
46.800000000,0x316,47 DF 85 A0 0C DC 0F F7
46.800000000,0x427,F3 E9 B5 CA 7E 8F 13 10
46.810000000,0x1A4,B2 FB 19 69 E1 91 5D D4
46.810000000,0x316,C1 F7 D3 E0 69 93 D0 6A
46.810000000,0x427,D7 1D D6 ED 48 C2 AA 76
46.820000000,0x1A4,7D CC 12 E9 DA ED 65 E2
46.820000000,0x316,BE B9 D7 9B 78 E2 67 92
46.820000000,0x427,0D 3A 1F 3B 38 98 4F EC
46.830000000,0x1A4,53 9B 17 69 4B 98 B5 D5
46.830000000,0x316,B0 CE 44 97 C0 F1 0F 39
46.830000000,0x427,57 72 03 73 88 69 C3 43
46.840000000,0x1A4,63 50 17 69 62 35 3A E4
46.840000000,0x316,6B 0E ED A6 AF 77 27 DA
46.840000000,0x427,E2 ED E8 09 CA A0 15 D1
46.850000000,0x1A4,C1 BC 16 69 CF 5F 1E AB
46.850000000,0x316,D2 79 85 E7 C7 49 5E 94
46.850000000,0x427,DF 71 0F 41 E3 6F 12 65
46.860000000,0x1A4,42 05 0F 69 A5 D2 18 01
46.860000000,0x316,EA C2 DE 87 B5 37 AE 3A
46.860000000,0x427,F6 19 61 0A 36 F2 C7 38
46.870000000,0x1A4,AE D5 0E E9 96 4A 4E D2
46.870000000,0x316,26 0B 02 73 86 CA 2D 3D
46.870000000,0x427,43 7E A0 65 A0 7B 93 00
46.880000000,0x1A4,71 2F 0D 69 D8 3E 3A 0C
46.880000000,0x316,92 43 69 F5 EC A9 7B 13
46.880000000,0x427,14 82 69 CD 09 02 A4 CD
46.890000000,0x1A4,89 EC 0C 69 E2 A4 06 89
46.890000000,0x316,A1 22 7E D0 43 3B 45 E6
46.890000000,0x427,03 6F EA 8B EF 64 9E F0
46.900000000,0x1A4,BD 75 00 69 DF 14 2F 04
46.900000000,0x316,E2 CE 72 80 98 06 59 DE
46.900000000,0x427,D1 69 DD F3 91 82 95 BB
46.910000000,0x1A4,6E DA 04 E9 0D A5 4B C4
46.910000000,0x316,EC 53 D8 A3 C0 F6 B9 C9
46.910000000,0x427,BC 64 63 4E C4 AF D6 C4
46.920000000,0x1A4,88 A7 01 E9 93 F5 CE A9
46.920000000,0x316,3B 29 1B 0D B5 82 23 7F
46.920000000,0x427,93 7A 26 FD 3C 6E 86 94
46.930000000,0x1A4,07 56 02 69 6F 1F BA 88
46.930000000,0x316,67 35 4A A9 99 6A 67 8D
46.930000000,0x427,30 58 9D 49 98 C4 98 C7
46.940000000,0x1A4,C5 C3 F9 68 92 9B F0 DA
46.940000000,0x316,C4 0A 1E 3C 26 08 F6 EC
46.940000000,0x427,41 43 41 FD E4 3D 97 63
46.950000000,0x1A4,F2 9E FD E8 D8 DD C8 B9
46.950000000,0x316,9C 4D 1E 54 B0 62 5F 2D
46.950000000,0x427,FD 43 89 8B FB 55 F6 A7
46.960000000,0x1A4,51 0C FC 68 ED 5A A3 03
46.960000000,0x316,E1 AA 61 AF 7A BE F3 6D
46.960000000,0x427,66 B4 65 14 5F 96 2A 54
46.970000000,0x1A4,64 80 F7 E8 5F 66 DF 3E
46.970000000,0x316,F9 F8 52 F2 BA 66 D8 7A
46.970000000,0x427,BB FF 4B 05 E5 34 76 19
46.980000000,0x1A4,7B A6 F7 68 79 63 5B EE
46.980000000,0x316,96 59 D9 BF 12 E7 23 BB
46.980000000,0x427,71 F3 18 42 21 11 45 2B
46.990000000,0x1A4,F1 1C F7 E8 3B 43 D5 4A
46.990000000,0x316,17 CC FB AB 34 D0 D0 41
46.990000000,0x427,6B 2A 63 6A D7 C0 6F 29
47.000000000,0x1A4,09 A3 F4 E8 9D C9 2B 6D
47.000000000,0x316,D0 75 3F 34 F6 58 AA BA
47.000000000,0x427,3D D4 F5 29 F9 A6 86 5C
47.010000000,0x1A4,99 98 EC 68 6A 1D DD C3
47.010000000,0x316,EB 9B 86 EE 69 63 ED 49
47.010000000,0x427,30 E5 3A 4F 9E 65 75 FF
47.020000000,0x1A4,02 74 ED E8 71 E9 09 B1
47.020000000,0x316,0F 56 76 8C 57 FC 96 A3
47.020000000,0x427,72 19 8F 11 3B 88 83 13
47.030000000,0x1A4,3E AC E9 E8 4C 58 D3 27
47.030000000,0x316,1C 6C 8B DF E5 BF 16 1F
47.030000000,0x427,4C 31 60 DA 73 F8 E5 EF
47.040000000,0x1A4,3F 1E EA 68 7C 2E 1E F4
47.040000000,0x316,EE 3D 53 3D C9 36 E4 10
47.040000000,0x427,AC 94 56 C7 23 F7 34 C5
47.050000000,0x1A4,51 89 E7 E8 15 A4 29 C2
47.050000000,0x316,3B D5 C1 F1 A8 11 22 45
47.050000000,0x427,F8 A7 13 F7 50 02 D1 2D
47.060000000,0x1A4,BF DD E5 68 78 81 D0 C3
47.060000000,0x316,96 D8 87 73 02 5B 68 56
47.060000000,0x427,0E A1 16 1F 01 59 1E 80
47.070000000,0x1A4,EA 8F E0 E8 C2 18 CF D5
47.070000000,0x316,7D C5 8F C7 9C 03 DB 88
47.070000000,0x427,08 B8 1D 77 A9 73 C2 82
47.080000000,0x1A4,51 C8 E1 68 DB AA 32 7B
47.080000000,0x316,01 F1 01 AB 2C 17 47 9D
47.080000000,0x427,B1 B4 3E 47 E6 54 16 C9
47.090000000,0x1A4,F5 0E D9 68 3F CB 33 5B
47.090000000,0x316,F1 E7 FB C9 EB 48 8F 17
47.090000000,0x427,85 F2 6D 5A 6A 74 28 2D
47.100000000,0x1A4,EA 25 DC 68 5B 76 7D CE
47.100000000,0x316,AF F9 75 30 82 12 99 8B
47.100000000,0x427,80 A2 E7 F1 16 15 12 40
47.110000000,0x1A4,92 42 DE E8 68 8F AA 04
47.110000000,0x316,6A 0C 32 E9 EE 07 F4 E9
47.110000000,0x427,21 BB CE 9E B9 8A EB CD
47.120000000,0x1A4,20 0C D4 E8 76 5A 16 CB
47.120000000,0x316,7E 4A 38 C4 64 E5 1F 16
47.120000000,0x427,85 C5 FB FD CF 24 3D 10
47.130000000,0x1A4,25 FA D3 68 33 FF 53 25
47.130000000,0x316,95 F1 93 57 EB 07 0C 29
47.130000000,0x427,7F 79 A7 85 98 1F B2 D0
47.140000000,0x1A4,79 06 D5 E8 FD 41 E9 88
47.140000000,0x316,6F 27 B5 31 7A 73 8B 7A
47.140000000,0x427,C1 9D B9 FD B1 0C BA EC
47.150000000,0x1A4,89 5A D7 E8 A0 96 AE A1
47.150000000,0x316,95 35 F4 59 46 42 A0 07
47.150000000,0x427,40 16 16 57 4B 62 7F DA
47.160000000,0x1A4,90 BC CF 68 2D 1D EC CA
47.160000000,0x316,34 C8 BA C1 50 DE B1 6E
47.160000000,0x427,F9 85 83 1A A0 93 A9 CE
47.170000000,0x1A4,CC F0 CD E8 3D E7 9E C6
47.170000000,0x316,23 BE D2 CF 21 94 07 67
47.170000000,0x427,5B 39 5D 36 D1 C9 E2 2A
47.180000000,0x1A4,BB 41 CD 68 C5 C6 FE 9E
47.180000000,0x316,99 7E 32 A3 2F 9E C1 7B
47.180000000,0x427,2F B2 01 C6 AF 53 1B 96
47.190000000,0x1A4,93 84 CB E8 5B D6 85 B2
47.190000000,0x316,3D 65 20 11 BC 21 E4 F9
47.190000000,0x427,BF B4 36 FE 13 77 A1 BE
47.200000000,0x1A4,C9 5D C4 68 13 86 A2 D5
47.200000000,0x316,52 D6 32 A8 D7 44 0D EF
47.200000000,0x427,2E AF B2 E9 AD 3F E0 C7
47.210000000,0x1A4,03 5F C7 68 5C 8D B5 8E
47.210000000,0x316,B5 B4 55 C5 C2 DD 35 75
47.210000000,0x427,63 7E 24 63 EA 9D 7C 52
47.220000000,0x1A4,BF AC C4 E8 22 51 6E 5E
47.220000000,0x316,0D 13 F9 32 03 78 64 E6
47.220000000,0x427,AF 31 BE 0A 6C 2A 50 09
47.230000000,0x1A4,26 DF C1 68 B1 0B 26 30
47.230000000,0x316,66 E8 F3 00 F1 13 29 92
47.230000000,0x427,A6 E6 FC 5A 30 10 62 04
47.240000000,0x1A4,50 71 BF E8 30 EE 21 AA
47.240000000,0x316,7D 62 15 EF 52 9C 5E 5F
47.240000000,0x427,53 4E 12 A6 CC B8 B6 56
47.250000000,0x1A4,4B 6A B8 68 EF 7A EE BF
47.250000000,0x316,24 A7 67 D6 9C 71 E7 01
47.250000000,0x427,B0 A3 36 F8 0D FE AE 50
47.260000000,0x1A4,04 7B BC E8 83 B5 A6 76
47.260000000,0x316,B0 52 D1 15 A4 0A 53 22
47.260000000,0x427,BE 50 D0 D7 CF F8 91 18
47.270000000,0x1A4,35 E2 B2 E8 DB 6A 40 85
47.270000000,0x316,36 B7 B8 8F 2D C7 20 C4
47.270000000,0x427,24 8B D2 1D 39 58 C7 97
47.280000000,0x1A4,A1 D7 B1 68 33 B2 32 79
47.280000000,0x316,B3 6B 8D 7E 20 C0 B7 8D
47.280000000,0x427,74 BF 02 FF 0C F5 35 8D
47.290000000,0x1A4,D3 D2 B4 E8 1F 2B F7 C2
47.290000000,0x316,67 55 38 57 BB 22 A8 1E
47.290000000,0x427,2B 7F FC 9F 74 82 92 CF
47.300000000,0x1A4,96 9D B0 68 FA E0 40 C9
47.300000000,0x316,E2 6A D1 D5 EC 3A 59 A3
47.300000000,0x427,10 4C 2B 51 96 51 FC 3E
47.310000000,0x1A4,6D 0B AB 68 E5 2C 7E 89
47.310000000,0x316,A4 60 79 D2 79 C8 F6 6C
47.310000000,0x427,28 A0 1F 4B 68 E4 F7 09
47.320000000,0x1A4,97 F0 A8 E8 2F 73 48 1B
47.320000000,0x316,5E C7 0E 0E 73 7D 65 F0
47.320000000,0x427,1C 3E DA 4C 2B E2 31 AA
47.330000000,0x1A4,D1 D0 AD E8 8E 58 97 FF
47.330000000,0x316,B8 27 0D 23 4A F2 26 B2
47.330000000,0x427,D4 BA 1E 42 82 47 D1 D0
47.340000000,0x1A4,0D 3B AC 68 E0 DC D0 FF
47.340000000,0x316,CE 6A 2D 27 10 DD D9 47
47.340000000,0x427,CE 62 06 57 2A 5D 88 D9
47.350000000,0x1A4,6D C9 A2 68 48 26 37 FB
47.350000000,0x316,A3 B2 0B 13 29 17 A2 F9
47.350000000,0x427,AE 25 ED 87 94 07 21 5D
47.360000000,0x1A4,90 84 A2 68 67 BD 8F 7F
47.360000000,0x316,F5 53 F2 4E 38 C0 16 BD
47.360000000,0x427,2D 03 C1 4C B7 B0 28 68
47.370000000,0x1A4,AD C7 A1 68 EC 9E B1 06
47.370000000,0x316,0C 74 33 FB A5 EE FF 48
47.370000000,0x427,02 AD E7 53 4A 7D 4D 2F
47.380000000,0x1A4,9C 8B A0 E8 48 D8 D3 17
47.380000000,0x316,42 DF 97 DE 4C 44 2E 23
47.380000000,0x427,03 E8 70 EE 6E 68 63 86
47.390000000,0x1A4,1A 13 98 E8 BB D7 7B 99
47.390000000,0x316,08 7C 00 DA D1 A2 A1 19
47.390000000,0x427,73 E8 CE 5C 35 17 06 1D
47.400000000,0x1A4,ED 39 9C 68 89 F2 81 F9
47.400000000,0x316,E4 99 A2 43 78 91 9B C4
47.400000000,0x427,B3 F1 72 55 82 E0 7C 51
47.410000000,0x1A4,7F BB 9E E8 17 92 AC 1F
47.410000000,0x316,B7 1D C0 2E EF B1 8F 93
47.410000000,0x427,8C FA 59 36 35 E8 0C 95
47.420000000,0x1A4,11 27 9D E8 B0 C8 2E 14
47.420000000,0x316,BC DA 44 3B 01 6C 90 0C
47.420000000,0x427,33 AE C9 46 22 B6 BD 4F
47.430000000,0x1A4,DA 64 92 E8 C0 EF B8 C2
47.430000000,0x316,EC 74 DA 8C 53 3C 3D C1
47.430000000,0x427,39 0D 93 8A AF 9C B8 E9
47.440000000,0x1A4,26 FA 97 E8 A8 CD 64 14
47.440000000,0x316,5B 84 C3 CF 65 F8 7A B6
47.440000000,0x427,3A 1A 87 8C 85 E0 69 EF
47.450000000,0x1A4,E8 FC 95 E8 09 02 CC DE
47.450000000,0x316,57 71 C3 B0 22 E4 CA 8B
47.450000000,0x427,EC B7 15 4C 91 8C 04 E8
47.460000000,0x1A4,2C E8 97 E8 88 1D 6C A8
47.460000000,0x316,96 FA 2B 4C B5 27 B6 19
47.460000000,0x427,83 12 34 E5 8D 97 55 67
47.470000000,0x1A4,E4 DB 8E E8 99 14 48 EE
47.470000000,0x316,AC C4 6D 0A BA 2A D8 4F
47.470000000,0x427,DF FC 38 EB 2E 44 C2 E0
47.480000000,0x1A4,45 56 88 68 6C B7 CC 17
47.480000000,0x316,B5 F8 6B A8 EA F4 50 55
47.480000000,0x427,87 57 E0 44 97 5B B8 BD
47.490000000,0x1A4,45 60 8B 68 90 54 0B 23
47.490000000,0x316,84 70 99 11 8B 06 25 18
47.490000000,0x427,8C 9A F0 F2 AF 99 D7 F1
47.500000000,0x1A4,AD 1B 8B E8 78 C3 06 01
47.500000000,0x316,0C 20 59 1B 3E F2 32 E4
47.500000000,0x427,B4 2B 1B 7A 8E E8 E2 0A
47.510000000,0x1A4,8A 01 87 68 13 6E 3B CF
47.510000000,0x316,CA E5 72 5C E9 DF EE 67
47.510000000,0x427,04 2E BE 8A 49 34 5D 1B
47.520000000,0x1A4,7E 00 80 68 60 92 A7 28
47.520000000,0x316,A6 32 42 97 51 5F 8D F0
47.520000000,0x427,A8 2D AA 8F B6 53 20 E5
47.530000000,0x1A4,A4 9A 82 E8 28 20 61 3F
47.530000000,0x316,BC 88 FE 14 45 24 85 55
47.530000000,0x427,6E F0 1A 2B AD A0 64 2F
47.540000000,0x1A4,97 29 7B E8 6C BD 0C EB
47.540000000,0x316,5C FB AA 91 AF E8 60 B3
47.540000000,0x427,27 8A DF DD 3B 79 97 1A
47.550000000,0x1A4,16 A8 7E E8 D7 7F EF CF
47.550000000,0x316,73 FC 4F 04 A9 9B 66 78
47.550000000,0x427,ED 3B EA 37 92 45 8F BA
47.560000000,0x1A4,6D 12 7A E8 16 E2 6C 20
47.560000000,0x316,12 CE 5B 2B 8B 80 E4 BC
47.560000000,0x427,36 0F 11 F5 33 1A 7A D2
47.570000000,0x1A4,82 A7 7B E8 8E EB B4 AE
47.570000000,0x316,2C AE 7A 82 DE 01 14 3D
47.570000000,0x427,FD 7E 59 FD 7D D2 6C 68
47.580000000,0x1A4,9B 74 72 68 F5 F6 70 AE
47.580000000,0x316,8D B2 E1 85 71 C4 04 E0
47.580000000,0x427,F8 EE F7 45 4B 01 A2 93
47.590000000,0x1A4,74 E7 76 E8 68 88 D7 BA
47.590000000,0x316,71 20 B9 C6 A7 D6 82 D7
47.590000000,0x427,03 46 03 30 84 7E 1E 7E
47.600000000,0x1A4,A9 23 75 E8 07 C8 E7 3C
47.600000000,0x316,39 FB 32 0F 90 55 02 6E
47.600000000,0x427,B6 96 04 36 3D 79 FE 9C
47.610000000,0x1A4,30 CC 70 E8 F7 E0 70 63
47.610000000,0x316,C5 D4 45 31 E9 DC 34 D3
47.610000000,0x427,58 AA 1C 87 EF CC EE 4A
47.620000000,0x1A4,77 F0 69 68 2C B1 DE 22
47.620000000,0x316,5F A9 8E 67 D4 CF 45 F9
47.620000000,0x427,16 B6 3C 97 10 E2 5A 69
47.630000000,0x1A4,56 AA 6E E8 CC 8B 0D 94
47.630000000,0x316,3E 44 A4 49 EB CA F4 44
47.630000000,0x427,6E 79 C0 3F BE 65 CB 9D
47.640000000,0x1A4,4F FD 6B E8 6C B5 BA E3
47.640000000,0x316,E4 FB E8 1F 31 AF F7 B4
47.640000000,0x427,E0 CF 93 6B 02 A2 47 41
47.650000000,0x1A4,30 74 69 E8 53 0D F2 9A
47.650000000,0x316,8A C6 67 7F 37 33 5F 00
47.650000000,0x427,BB 23 52 FA CD 20 57 1D
47.660000000,0x1A4,6F CB 61 68 58 90 3A 97
47.660000000,0x316,6B 2F F0 30 E1 57 2D BF
47.660000000,0x427,72 6D C0 40 D2 08 F9 B0
47.670000000,0x1A4,AE 20 61 68 61 1B 9D 93
47.670000000,0x316,C2 14 32 2F 45 8C 7F D0
47.670000000,0x427,EE D0 0C A4 CB 41 88 94
47.680000000,0x1A4,F0 D3 66 68 22 BD 98 F7
47.680000000,0x316,CF 36 C8 AB 1B 0E B0 3F
47.680000000,0x427,5A 26 E8 21 B9 90 08 B6
47.690000000,0x1A4,0D F4 62 68 02 5B 19 3B
47.690000000,0x316,EB 6D 86 FF 75 BC FF 3F
47.690000000,0x427,22 77 B0 BE DE A1 EB 0B
47.700000000,0x1A4,F7 5C 5B E8 60 A6 7B 12
47.700000000,0x316,79 17 1F AF 03 4A 0C 65
47.700000000,0x427,5F CD 09 22 AD A6 18 F7
47.710000000,0x1A4,4A BD 5F 68 60 EB CB 46
47.710000000,0x316,FA 39 9B F5 FF 3D D4 1C
47.710000000,0x427,5D 54 17 93 8F A8 B8 00
47.720000000,0x1A4,93 D6 5F E8 16 FE CF 35
47.720000000,0x316,C9 CF 9C B7 CE B4 5B 1C
47.720000000,0x427,DC F5 78 D4 88 BE 3B B2
47.730000000,0x1A4,34 C5 5D 68 37 B0 D1 69
47.730000000,0x316,8E 50 61 1B E7 2B 63 57
47.730000000,0x427,CD 44 D2 34 98 79 73 72
47.740000000,0x1A4,8D 54 56 68 E2 F9 A0 25
47.740000000,0x316,FF A7 6C B9 FD EC E0 A5
47.740000000,0x427,AE EA 1C C9 CD ED 8C 1F
47.750000000,0x1A4,76 C0 51 E8 FA D8 66 5E
47.750000000,0x316,B3 83 3A 53 68 0E 2D FA
47.750000000,0x427,C7 9B 3F 69 05 19 F4 60
47.760000000,0x1A4,47 51 56 E8 DF 65 D4 84
47.760000000,0x316,C1 17 29 AE 17 A2 6A 46
47.760000000,0x427,01 6F 83 71 1E 37 C2 A9
47.770000000,0x1A4,04 B6 50 68 88 E9 95 DB
47.770000000,0x316,6C BD 92 A2 87 B7 5A 25
47.770000000,0x427,56 A1 EF 34 92 55 A3 63
47.780000000,0x1A4,C6 E2 49 68 3F D0 20 30
47.780000000,0x316,16 1D B5 DE 8A 9A 75 AA
47.780000000,0x427,E6 54 AD DB 82 33 5F F2
47.790000000,0x1A4,CF B9 4C E8 AB 13 26 3E
47.790000000,0x316,C4 F5 6A 7D 9C 6F 29 7D
47.790000000,0x427,4A 09 FB F2 A3 24 1E 46
47.800000000,0x1A4,E5 C6 4C 68 B6 E6 86 0C
47.800000000,0x316,2F 5D 8A 40 9A 5E C8 00
47.800000000,0x427,CB 50 EC 6E F1 57 AD 76
47.810000000,0x1A4,0F 58 4A 68 39 36 B8 0F
47.810000000,0x316,83 60 09 C8 DC 5A 91 E3
47.810000000,0x427,E4 B5 6C D5 35 71 41 0F
47.820000000,0x1A4,A5 2E 42 E8 D6 7B 70 75
47.820000000,0x316,44 58 37 86 99 AE 00 4A
47.820000000,0x427,B4 D9 2E 34 06 DE D4 69
47.830000000,0x1A4,35 41 44 68 0A 4F 9D E1
47.830000000,0x316,29 97 86 49 6D C6 04 24
47.830000000,0x427,B6 ED 8F 48 9C 0B 82 47
47.840000000,0x1A4,30 CF 43 68 E9 50 18 6D
47.840000000,0x316,C7 B1 E0 C4 49 46 86 03
47.840000000,0x427,65 DC 25 79 7F 52 23 C9
47.850000000,0x1A4,3E F0 43 E8 69 5D 93 87
47.850000000,0x316,CF 2C B7 10 48 D8 23 96
47.850000000,0x427,7A 76 55 74 DC 3C 0C 59
47.860000000,0x1A4,99 3B 3E 68 B8 91 ED A4
47.860000000,0x316,9C C1 6C 39 D1 25 08 73
47.860000000,0x427,77 C1 6F 33 EB 01 3D B0
47.870000000,0x1A4,41 21 3D E8 F8 BD 8E 46
47.870000000,0x316,73 5F E7 D6 76 DF 11 7A
47.870000000,0x427,CC 78 A8 F6 17 07 FE 63
47.880000000,0x1A4,07 18 3F 68 76 CB 13 29
47.880000000,0x316,9F 3C F8 7A AA FD 76 38
47.880000000,0x427,BB 3D 29 70 D2 66 A1 E7
47.890000000,0x1A4,D2 2F 3C 68 5E AA 63 04
47.890000000,0x316,CF 20 F0 C7 2C 03 03 3C
47.890000000,0x427,46 29 2D A5 58 1C 64 7C
47.900000000,0x1A4,64 F1 33 68 BA 0D 08 38
47.900000000,0x316,16 D0 8A FC C1 E6 D1 F2
47.900000000,0x427,3B 43 3F 8D 89 8C 7B 82
47.910000000,0x1A4,EF CD 32 E8 7F 11 19 EF
47.910000000,0x316,C0 8B 0A 25 B3 73 1D 1C
47.910000000,0x427,97 66 86 44 0C 5C A3 B8
47.920000000,0x1A4,7F FB 36 68 73 A4 A3 85
47.920000000,0x316,20 4E 3B 41 19 CD 9D B0
47.920000000,0x427,7D 39 4D 19 60 7A 95 45
47.930000000,0x1A4,96 30 34 E8 9E F1 85 A8
47.930000000,0x316,57 11 38 84 81 7F A9 CC
47.930000000,0x427,8F 64 6A 4F 32 43 14 BF
47.940000000,0x1A4,78 D9 29 68 3E 5A 32 05
47.940000000,0x316,FB A7 1E 10 64 20 31 91
47.940000000,0x427,9C 0D 08 F5 70 D1 82 E2
47.950000000,0x1A4,37 29 2C 68 CF F8 C0 3D
47.950000000,0x316,80 29 16 E6 69 74 66 48
47.950000000,0x427,7C 8B 89 40 27 2A 49 CF
47.960000000,0x1A4,72 10 2A 68 F5 0B FB C1
47.960000000,0x316,C4 72 2A F5 66 56 1F AB
47.960000000,0x427,F6 5E 6E EE 65 47 53 8E
47.970000000,0x1A4,FB FE 28 E8 09 81 14 9D
47.970000000,0x316,2D C6 0C 93 CA E9 8A CC
47.970000000,0x427,15 7D A7 EC DF CA A8 87
47.980000000,0x1A4,D6 E2 24 E8 61 A1 D5 2E
47.980000000,0x316,74 1B A5 A0 F9 CB 3D 7F
47.980000000,0x427,05 47 3A FA 86 7D 40 87
47.990000000,0x1A4,49 E9 24 68 DA 2C 2B 26
47.990000000,0x316,4D 38 68 F5 D9 8A 02 05
47.990000000,0x427,24 F5 CE 53 11 F7 BB C4
48.000000000,0x1A4,FA 19 24 E8 22 2D 0A C5
48.000000000,0x316,BD 94 CA 8D 7A 2C 73 6B
48.000000000,0x427,BC 3D 65 91 08 31 5F 57
48.010000000,0x1A4,65 B7 1F 68 E8 13 24 7B
48.010000000,0x316,B0 EA 83 31 57 9A F7 2F
48.010000000,0x427,61 71 C4 1B 35 EA 8C BB
48.020000000,0x1A4,AE 2B 0C 68 45 A4 8B B8
48.020000000,0x316,89 22 A0 C3 0F E2 C2 6C
48.020000000,0x427,F1 86 4C 40 34 D2 2E B2
48.030000000,0x1A4,D6 D1 01 E8 49 F6 9D 45
48.030000000,0x316,CD B3 10 96 1B 40 10 33
48.030000000,0x427,A8 1E FC A0 92 6F E6 66
48.040000000,0x1A4,E3 63 FA E7 50 6A 87 D7
48.040000000,0x316,7F 6B ED F5 E2 A4 00 9A
48.040000000,0x427,65 F9 B1 90 18 BF 63 90
48.050000000,0x1A4,DF FA EC 67 8D 59 99 18
48.050000000,0x316,4A 89 42 61 69 74 CB 78
48.050000000,0x427,B8 0B E7 9F 00 AB 3E 32
48.060000000,0x1A4,2D E3 E7 E7 D1 B8 B0 3E
48.060000000,0x316,AF 86 20 53 06 C6 B9 0B
48.060000000,0x427,39 8C 98 DB 39 CB 0D 56
48.070000000,0x1A4,CF 87 DC 67 5E 9C AC 78
48.070000000,0x316,41 02 49 C2 0B 21 BD 3D
48.070000000,0x427,75 00 51 88 60 9D 5B 55
48.080000000,0x1A4,45 1D CF 67 F3 87 42 3A
48.080000000,0x316,AA 6D 4A 6E 66 D6 1E F5
48.080000000,0x427,22 C2 FB 8F B8 D8 34 04
48.090000000,0x1A4,79 19 C2 E7 51 51 86 13
48.090000000,0x316,69 D1 6A 1A E4 41 AE 90
48.090000000,0x427,65 5C 5B E5 1F 27 12 23
48.100000000,0x1A4,6E C4 BE 67 D5 F2 25 69
48.100000000,0x316,A8 52 D6 DD A9 81 3B 0B
48.100000000,0x427,52 37 78 34 47 BE 92 77
48.110000000,0x1A4,BF 6A A8 67 ED 7E F4 88
48.110000000,0x316,D7 F9 F6 FE 9B E5 15 BD
48.110000000,0x427,6D 2C 96 12 A1 FC 44 1A
48.120000000,0x1A4,9C 71 A3 E7 15 DE 61 FD
48.120000000,0x316,8E 5E D6 F9 CD F4 6E 8C
48.120000000,0x427,82 CD F7 70 86 17 EB B7
48.130000000,0x1A4,BC A0 9E 67 13 E7 81 38
48.130000000,0x316,15 2C EF BC F4 AE EB 36
48.130000000,0x427,1A AE ED 37 5B CB F1 5E
48.140000000,0x1A4,3A 91 8B 67 45 A8 5F 09
48.140000000,0x316,D6 22 A7 41 E2 A0 FE 02
48.140000000,0x427,A4 61 0F EB 0E 60 66 96
48.150000000,0x1A4,AA 47 85 67 E9 80 CA 1E
48.150000000,0x316,A9 DB C6 FD 1F 02 C9 47
48.150000000,0x427,7C E8 9C A4 6C 35 B0 96
48.160000000,0x1A4,15 09 7A E7 80 82 28 73
48.160000000,0x316,8E 61 A2 E4 D1 8E 86 35
48.160000000,0x427,C7 7F EE 17 C9 9A 3F 57
48.170000000,0x1A4,CA E5 6E E7 89 FE 98 3C
48.170000000,0x316,25 39 9D 9C AC 4E 68 1E
48.170000000,0x427,02 48 F0 17 F4 BA 2F CE
48.180000000,0x1A4,F8 C0 64 67 E4 7F 85 CA
48.180000000,0x316,0E BA 2B 99 BB B1 71 89
48.180000000,0x427,90 3B 15 BF DC 27 0D A1
48.190000000,0x1A4,37 93 5A E7 C7 0B CB C2
48.190000000,0x316,49 F0 BF 3D EE C2 4E 0B
48.190000000,0x427,F9 F3 DB 79 6C 16 62 B0
48.200000000,0x1A4,33 D0 4E 67 8D E6 83 8A
48.200000000,0x316,1E FC C2 2A 0B 9E 44 A8
48.200000000,0x427,8E 24 E0 C1 27 76 24 B2
48.210000000,0x1A4,4B C3 41 E7 0B 96 A0 01
48.210000000,0x316,DB 4A 1D ED 17 61 90 D7
48.210000000,0x427,DC 1C 53 7D E6 32 2B D1
48.220000000,0x1A4,5A 8D 3C E7 04 46 63 37
48.220000000,0x316,A3 74 B4 CB 60 50 6C 69
48.220000000,0x427,E6 1E 31 E3 77 A5 AB 54
48.230000000,0x1A4,17 BB 2F 67 FC B5 B5 16
48.230000000,0x316,5E 83 F2 80 72 92 37 95
48.230000000,0x427,E6 51 B5 3A EB 6A C0 EC
48.240000000,0x1A4,60 6C 27 E7 E4 60 15 47
48.240000000,0x316,D1 16 06 00 D8 CC 56 6D
48.240000000,0x427,56 E6 45 B2 44 5D 55 59
48.250000000,0x1A4,FB 89 1D E7 ED C6 5D 5B
48.250000000,0x316,43 10 DA C0 09 97 CD 73
48.250000000,0x427,C1 D0 68 8E 1C 0F 29 B2
48.260000000,0x1A4,E4 31 17 67 80 E0 E2 06
48.260000000,0x316,B0 98 28 BD 0C 7E F6 18
48.260000000,0x427,E5 79 0F FB 10 9A 90 A0
48.270000000,0x1A4,45 35 03 E7 C3 F0 77 05
48.270000000,0x316,AD 14 D4 AA DC 4D 77 46
48.270000000,0x427,CE 9A 4A 31 C0 A9 0C 2C
48.280000000,0x1A4,0D 2C FB E6 E3 25 2E 28
48.280000000,0x316,0A D0 F5 3B 6D 29 CB BC
48.280000000,0x427,03 80 92 0B FB 33 81 BB
48.290000000,0x1A4,01 9B F4 66 5D 9F 23 32
48.290000000,0x316,BD 74 C8 D3 00 AC 85 35
48.290000000,0x427,58 D7 98 32 6F EB F3 21
48.300000000,0x1A4,26 1E E5 66 F2 99 FA 75
48.300000000,0x316,84 BA AF 0F 1A A2 62 A9
48.300000000,0x427,3D 45 10 73 59 92 C2 39
48.310000000,0x1A4,2D 99 DF E6 E7 93 6F 22
48.310000000,0x316,B3 C9 0F 08 F6 22 2D 1E
48.310000000,0x427,28 59 CA B9 4D A4 88 E9
48.320000000,0x1A4,DA 1E D4 E6 E5 10 44 34
48.320000000,0x316,F0 46 DC 5D EF A0 8B A0
48.320000000,0x427,92 D7 AF C1 22 95 52 E1
48.330000000,0x1A4,12 F7 C6 E6 3D 2B B2 4C
48.330000000,0x316,9D F0 B1 D5 8E 7C CF AF
48.330000000,0x427,D6 EB 8B 6E 01 EC 67 27
48.340000000,0x1A4,58 56 BB E6 80 54 32 10
48.340000000,0x316,2F 19 68 D5 25 31 B2 E6
48.340000000,0x427,C2 BC B8 28 66 5F 46 79
48.350000000,0x1A4,EA 40 B2 66 46 91 F3 01
48.350000000,0x316,F4 3D DF 2B 73 91 E1 5F
48.350000000,0x427,40 3F FE 08 C5 A1 74 88
48.360000000,0x1A4,17 13 AB 66 BE 6F 37 AF
48.360000000,0x316,B8 CC C8 D7 BB 1E 95 E4
48.360000000,0x427,6B 7E 9C 6B BD 41 C8 1B
48.370000000,0x1A4,01 3E 9F 66 86 DE B0 C3
48.370000000,0x316,64 2B 54 28 B3 8D 37 36
48.370000000,0x427,CB 16 BE 12 2C 7C 5B 27
48.380000000,0x1A4,33 E7 90 66 B4 B4 C2 1B
48.380000000,0x316,CC 27 43 6F 47 98 B0 3A
48.380000000,0x427,F5 B8 1E B3 2A 86 06 D0
48.390000000,0x1A4,C8 5F 8B 66 E1 C1 21 44
48.390000000,0x316,E7 D8 B4 B6 B1 E1 2F 85
48.390000000,0x427,5C 81 B6 B6 1F 4E 14 8E
48.400000000,0x1A4,FC 97 7A E6 53 29 59 AD
48.400000000,0x316,38 D2 E6 87 60 07 31 F3
48.400000000,0x427,40 4A A2 E6 6B FB 9A EE
48.410000000,0x1A4,19 88 70 E6 A1 3A 23 E6
48.410000000,0x316,D4 7E 3E F6 18 8C C9 EA
48.410000000,0x427,14 39 EB 95 B4 21 02 FC
48.420000000,0x1A4,39 1C 6E 66 44 56 EA E2
48.420000000,0x316,56 6C FB 73 1D 2E 4B 28
48.420000000,0x427,38 A2 2A D4 1C A8 49 FF
48.430000000,0x1A4,58 0D 5A E6 44 B6 68 88
48.430000000,0x316,02 9E 17 A9 AF 27 3A 91
48.430000000,0x427,79 BF 30 37 E8 50 20 F4
48.440000000,0x1A4,BD 80 55 66 99 59 C5 6C
48.440000000,0x316,43 0A 11 2C 38 23 67 9C
48.440000000,0x427,51 51 31 D6 16 8B 72 CB
48.450000000,0x1A4,BE 7C 48 66 CE 09 78 47
48.450000000,0x316,D6 B1 D3 50 82 58 9E 42
48.450000000,0x427,89 40 35 9B 23 58 D2 36
48.460000000,0x1A4,70 4D 44 E6 BE 0B C1 BB
48.460000000,0x316,E4 86 5D CC 39 4F 95 C5
48.460000000,0x427,69 6F EB D5 DC 89 20 05
48.470000000,0x1A4,41 BA 36 66 66 91 E3 67
48.470000000,0x316,62 21 A8 4B FC 7A 22 60
48.470000000,0x427,8A 5D C6 C5 4A 1A 13 89
48.480000000,0x1A4,44 9D 29 66 D9 18 60 ED
48.480000000,0x316,C0 65 4D 17 FA F5 ED DF
48.480000000,0x427,B0 CB D6 94 3E 6A 87 1D
48.490000000,0x1A4,76 18 26 E6 22 E8 CB B1
48.490000000,0x316,AB 95 74 20 5B DB 9C E6
48.490000000,0x427,40 53 C5 0D 0F 19 D0 3A
48.500000000,0x1A4,26 44 14 E6 E4 DD 44 B3
48.500000000,0x316,56 44 96 88 1D 89 16 F3
48.500000000,0x427,8B DF 6F DB C4 5F F8 1C
48.510000000,0x1A4,E7 68 08 E6 58 D3 B4 7A
48.510000000,0x316,A9 F7 04 65 D2 0B CA E8
48.510000000,0x427,FB CE 4F A6 78 49 A6 94
48.520000000,0x1A4,4C 0E 03 E6 54 28 D4 BC
48.520000000,0x316,46 89 13 D1 16 A8 9D 22
48.520000000,0x427,CA 60 86 0D 6B A9 98 84
48.530000000,0x1A4,3A E3 FE 65 1F 91 FD 89
48.530000000,0x316,68 5E 34 E0 DF 45 57 3B
48.530000000,0x427,8C 85 87 CC 35 86 5D 20
48.540000000,0x1A4,BB 49 E8 65 57 C5 72 E8
48.540000000,0x316,DF 7C FE 0C AC 8C 27 82
48.540000000,0x427,73 C1 B9 DB C9 E3 5D 9B
48.550000000,0x1A4,83 FD E5 E5 73 6A 69 E2
48.550000000,0x316,49 FF FC 12 56 99 D2 3D
48.550000000,0x427,CF 17 FC 89 A6 0B 62 8D
48.560000000,0x1A4,78 B4 DC 65 82 0A D0 56
48.560000000,0x316,44 5F 6B 86 DA F4 9D 89
48.560000000,0x427,9C 02 F2 17 1E F6 78 42
48.570000000,0x1A4,72 15 D2 65 67 EC 02 55
48.570000000,0x316,8E 32 85 8C 6C B0 DC 22
48.570000000,0x427,31 06 FF D3 63 BA A5 2D
48.580000000,0x1A4,EB CC C4 65 A3 1A 7F 6D
48.580000000,0x316,85 F4 91 7D 34 A8 A9 D9
48.580000000,0x427,41 B5 80 D6 AE 90 8E 34
48.590000000,0x1A4,84 31 BC 65 4E E4 88 CD
48.590000000,0x316,A4 48 3F CA 5F 33 73 38
48.590000000,0x427,CC F3 E2 B2 75 3D E1 A2
48.600000000,0x1A4,6B CF B1 65 0A B4 98 84
48.600000000,0x316,5E AD D7 25 6E 84 F5 9F
48.600000000,0x427,04 B2 3D 71 4E 94 49 12
48.610000000,0x1A4,CD 36 A0 65 D1 33 8E B8
48.610000000,0x316,6A 49 44 A2 EA 40 F6 8B
48.610000000,0x427,49 29 85 14 EF 99 DC BC
48.620000000,0x1A4,3A 82 98 E5 BA 43 64 52
48.620000000,0x316,83 7D FD 75 CC 7E 25 2A
48.620000000,0x427,9B 3A 6C AE DB 55 BC 46
48.630000000,0x1A4,D4 FC 94 E5 62 CB E3 D8
48.630000000,0x316,4C 4B 72 56 70 77 AB 07
48.630000000,0x427,80 A4 79 08 02 76 F6 C3
48.640000000,0x1A4,D2 9A 8B 65 65 32 B1 C7
48.640000000,0x316,CF 8F FE 06 E3 56 7A C6
48.640000000,0x427,38 B7 35 AA 62 BE DD B0
48.650000000,0x1A4,8E 71 7A 65 22 15 E6 DC
48.650000000,0x316,CA C7 41 CF 9D 6D 1C B9
48.650000000,0x427,18 D9 C4 07 41 06 69 15
48.660000000,0x1A4,46 23 77 65 6E 74 38 2A
48.660000000,0x316,EF 5A EF C1 CB B0 00 BE
48.660000000,0x427,0D 43 D7 CE 39 00 15 A3
48.670000000,0x1A4,45 A5 69 E5 DD 8E C0 14
48.670000000,0x316,0A 69 27 15 36 E9 1D B0
48.670000000,0x427,5A 7F BF 30 C9 63 14 7B
48.680000000,0x1A4,32 9E 5D E5 6B F1 2C CE
48.680000000,0x316,44 9B 27 19 63 EE 60 70
48.680000000,0x427,E7 43 9D C8 A1 78 F0 E4
48.690000000,0x1A4,34 F5 55 E5 E1 AF C5 A5
48.690000000,0x316,63 36 1D 5F ED C6 A7 0E
48.690000000,0x427,86 5B 97 C9 16 20 7F A1
48.700000000,0x1A4,10 D8 4B E5 12 08 F9 F7
48.700000000,0x316,A7 CF D8 9A 7F 88 9D 06
48.700000000,0x427,07 28 1F B8 B6 AB 57 26
48.710000000,0x1A4,13 F9 47 E5 22 48 74 5A
48.710000000,0x316,D5 8B 16 50 C9 18 09 61
48.710000000,0x427,E8 E4 13 AC 27 F7 7A 1D
48.720000000,0x1A4,7B C6 30 E5 E1 E0 0C EA
48.720000000,0x316,F3 75 07 81 AD 80 46 A5
48.720000000,0x427,E7 61 34 4A 37 C3 A5 C0
48.730000000,0x1A4,23 8D 29 65 37 0E C4 42
48.730000000,0x316,FF 35 C6 28 C9 35 C5 15
48.730000000,0x427,EE EC B7 8B B3 6C 11 D0
48.740000000,0x1A4,FB A1 27 65 F9 6C B0 99
48.740000000,0x316,FC 74 0B AB C1 F7 8D 93
48.740000000,0x427,B5 50 3E 8A 39 25 0E 7A
48.750000000,0x1A4,AB E0 1C 65 18 4C BB 7D
48.750000000,0x316,FE 59 B0 85 20 61 06 E9
48.750000000,0x427,85 CD 9A C4 D6 4F 9C 13
48.760000000,0x1A4,15 3B 0C 65 B4 4F FC 2C
48.760000000,0x316,C5 0F 09 D3 0B F4 62 C3
48.760000000,0x427,D6 68 FA 49 D7 C2 5C 80
48.770000000,0x1A4,88 C7 04 E5 DB AC CE C9
48.770000000,0x316,DB A5 DE 0A 57 C0 69 50
48.770000000,0x427,19 53 23 61 FF 26 08 78
48.780000000,0x1A4,1C 8D FE 64 2F 2B D4 81
48.780000000,0x316,B6 D6 47 6F 7D CF A1 77
48.780000000,0x427,BD 68 B8 06 E2 2D 4D 0B
48.790000000,0x1A4,48 EF F5 E4 CC A3 81 0C
48.790000000,0x316,36 36 B7 00 BD 43 7B A9
48.790000000,0x427,D9 97 E3 42 AF 50 C3 E2
48.800000000,0x1A4,B3 7B E0 64 62 C6 BD 60
48.800000000,0x316,DA FF 68 58 34 AB FC A2
48.800000000,0x427,23 D5 6B 57 0C 4B B4 16
48.810000000,0x1A4,8A 15 D9 64 BE 75 51 B9
48.810000000,0x316,CD 69 11 84 10 99 6B 46
48.810000000,0x427,78 63 B0 87 FF AF 63 26
48.820000000,0x1A4,9D 18 D2 64 BF 55 B2 60
48.820000000,0x316,E2 DD 20 90 0C 26 79 1F
48.820000000,0x427,5E 81 5D 3C 33 8F B8 69
48.830000000,0x1A4,45 C2 CE 64 69 13 36 CC
48.830000000,0x316,B9 01 F8 44 01 A1 FD 82
48.830000000,0x427,90 08 54 3A 5D 63 9C FD
48.840000000,0x1A4,D0 06 BF 64 93 E5 9B 5E
48.840000000,0x316,12 86 4C A9 89 20 8B 0C
48.840000000,0x427,1F FB BF 5D 0A 71 64 4F
48.850000000,0x1A4,21 F3 B2 E4 6D 90 94 2B
48.850000000,0x316,D7 ED FE C8 C7 D0 AA 93
48.850000000,0x427,70 55 15 60 9C 0B C7 BA
48.860000000,0x1A4,EA 32 A8 64 A2 7A 73 8D
48.860000000,0x316,FB 95 DB B6 9F 8B 14 0A
48.860000000,0x427,A6 1B 01 A0 C6 CB 42 78
48.870000000,0x1A4,8B D0 A3 64 15 95 1F 68
48.870000000,0x316,4D 04 3A 35 90 30 8A 3D
48.870000000,0x427,8C C8 01 69 FE 63 23 9A
48.880000000,0x1A4,A2 7E 94 E4 CA C9 3C 9D
48.880000000,0x316,7F 48 EA 8E 37 1C C4 75
48.880000000,0x427,E6 37 3B 9E B7 54 E6 5A
48.890000000,0x1A4,EC 95 89 E4 F2 7D AD FF
48.890000000,0x316,16 BE 59 04 38 CF B9 C5
48.890000000,0x427,61 8E D8 9F FF 3B 53 C7
48.900000000,0x1A4,58 F3 80 E4 DE B7 FE F3
48.900000000,0x316,E9 E4 47 F0 FF 0F 2D DB
48.900000000,0x427,92 5C B5 EC 18 42 9C 86
48.910000000,0x1A4,5E DA 7C 64 C5 3E 32 20
48.910000000,0x316,1B 06 84 10 7C CE 8A 0F
48.910000000,0x427,BC 3D 8F 44 E6 75 4F CD
48.920000000,0x1A4,53 50 6F 64 D6 7D 9A ED
48.920000000,0x316,A2 4A 56 1F 65 1C 81 DD
48.920000000,0x427,5B EA 44 64 C3 7D B8 40
48.930000000,0x1A4,A4 E3 63 E4 7B BE 50 87
48.930000000,0x316,8E CB CF 1F 46 79 E4 E3
48.930000000,0x427,8C 7A 48 8E 07 D6 4C EA
48.940000000,0x1A4,7C 86 5F E4 4E BE 0E BD
48.940000000,0x316,DF D3 45 01 E4 BA F8 42
48.940000000,0x427,0B E8 25 A0 DE 90 B8 BB
48.950000000,0x1A4,FF A5 57 64 B4 98 4F F6
48.950000000,0x316,10 CC 60 DB EF 98 CE A4
48.950000000,0x427,43 0A 6D 2D 18 7F 27 8C
48.960000000,0x1A4,4B 4E 45 E4 4F 96 40 79
48.960000000,0x316,A7 3C 9A 7F AF 6E 65 E1
48.960000000,0x427,DC 72 4F EE 04 78 BF 3F
48.970000000,0x1A4,7A 83 3A E4 66 8F A0 31
48.970000000,0x316,AD 5E CA 60 68 BC DA B7
48.970000000,0x427,DD DB 8B C3 07 0F 0C 30
48.980000000,0x1A4,8C 10 30 E4 E8 74 D2 A5
48.980000000,0x316,9C 2D 6D 10 79 4F 53 66
48.980000000,0x427,17 81 8E 44 F6 99 02 3E
48.990000000,0x1A4,4D F7 2C 64 E2 B6 49 AC
48.990000000,0x316,57 9C C6 10 00 68 39 24
48.990000000,0x427,F7 4B 57 B2 EE D0 6B 66
49.000000000,0x1A4,B8 AD 1B E4 D9 0D 8B AD
49.000000000,0x316,FF 05 8F 4B 80 74 DA B9
49.000000000,0x427,EA 35 BE 2B 60 AB 8F 85
49.010000000,0x1A4,EE 9B 10 E4 24 EA 2A A5
49.010000000,0x316,37 09 64 AB 2F 22 BF AA
49.010000000,0x427,E4 70 05 BB DD 18 B8 4E
49.020000000,0x1A4,BC 2C 0B 64 DC A4 2E 4C
49.020000000,0x316,C0 8A 99 28 AA 35 4D 05
49.020000000,0x427,76 A6 22 3E 75 61 23 E1
49.030000000,0x1A4,6E FE 07 64 3B A3 A8 C1
49.030000000,0x316,FC BA 8C B7 D1 20 69 21
49.030000000,0x427,1C 0F 46 5E 70 57 E5 B8
49.040000000,0x1A4,F3 93 F0 E3 EF 83 54 D8
49.040000000,0x316,48 0C 40 87 99 BE 4E 6E
49.040000000,0x427,AA 77 C0 36 E2 D4 A5 1A
49.050000000,0x1A4,ED F6 E8 63 1F 43 F5 F5
49.050000000,0x316,AB 54 3E C7 A3 3C 79 40
49.050000000,0x427,EC FA 08 15 4E 5B 43 76
49.060000000,0x1A4,F5 09 E2 E3 A8 7B 70 0A
49.060000000,0x316,F1 02 71 D2 C9 1A E3 63
49.060000000,0x427,E2 F4 A7 4A 9D 32 09 F2
49.070000000,0x1A4,5B 02 DA E3 E5 A7 B2 A1
49.070000000,0x316,51 3B CF 63 27 A8 1B 28
49.070000000,0x427,2F 0D CC 5A EC 57 36 F2
49.080000000,0x1A4,39 33 CB E3 B0 81 A8 5F
49.080000000,0x316,14 E0 F5 C1 7D 8A 65 4A
49.080000000,0x427,D2 18 C4 DD B0 87 9B DF
49.090000000,0x1A4,56 6E C5 63 65 4D C4 2F
49.090000000,0x316,E0 4D 3D 67 BC 8E E5 C9
49.090000000,0x427,D7 EC A4 3A 22 97 9B B8
49.100000000,0x1A4,EA 02 BE E3 96 E7 79 5E
49.100000000,0x316,00 B3 05 57 44 CC 20 8B
49.100000000,0x427,7A 1B E5 AE A3 4D DC 2F
49.110000000,0x1A4,7B A5 B0 63 6A 6B 11 31
49.110000000,0x316,A0 56 8F F5 10 50 8F DD
49.110000000,0x427,78 AB 53 E9 8B E2 AF BA
49.120000000,0x1A4,D0 A2 A4 63 A0 96 2D AB
49.120000000,0x316,98 CB A8 15 C5 E9 46 78
49.120000000,0x427,4C D7 94 60 DC 5B C7 4E
49.130000000,0x1A4,B7 DA 9B 63 53 A8 C6 CA
49.130000000,0x316,AE 29 A0 47 C6 15 F3 DC
49.130000000,0x427,CC CF 64 4A BA AA 52 83
49.140000000,0x1A4,1D B1 91 E3 90 B4 C0 F5
49.140000000,0x316,CD 9D 91 D0 7F 57 C5 87
49.140000000,0x427,84 DB 55 81 48 F6 90 EA
49.150000000,0x1A4,48 6B 8D E3 E0 08 C2 05
49.150000000,0x316,CB 35 A4 C5 41 61 D2 39
49.150000000,0x427,20 67 14 BB 74 24 E5 1B
49.160000000,0x1A4,2F 9D 85 63 E0 3B CF 3D
49.160000000,0x316,68 EF 5B 8E E7 35 89 B2
49.160000000,0x427,00 8F 3F 80 EB 98 CC 84
49.170000000,0x1A4,DE 33 77 63 60 1E 96 D4
49.170000000,0x316,53 02 78 FB 38 CA 82 46
49.170000000,0x427,94 8A E0 54 A8 04 BA B9
49.180000000,0x1A4,F9 31 6C E3 C8 75 5E 22
49.180000000,0x316,28 FB 36 77 81 33 2F 9C
49.180000000,0x427,D8 C9 ED D4 FD 14 7B B2
49.190000000,0x1A4,77 6F 60 63 B8 25 76 AC
49.190000000,0x316,79 A1 31 B0 71 96 05 57
49.190000000,0x427,29 49 9C 09 83 87 29 4A
49.200000000,0x1A4,8B EC 5B E3 DF D4 9A A3
49.200000000,0x316,ED DA B9 0E D8 81 3D FE
49.200000000,0x427,81 F0 5B DA 45 A2 97 4A
49.210000000,0x1A4,3B 1E 4B 63 57 47 63 34
49.210000000,0x316,02 D2 9E EA E6 85 54 37
49.210000000,0x427,1A E8 7C 35 6B 59 40 F8
49.220000000,0x1A4,21 15 42 E3 91 92 ED D2
49.220000000,0x316,68 70 E5 5A 3C 8A BF 31
49.220000000,0x427,93 40 1A D4 45 DD B5 86
49.230000000,0x1A4,45 BF 39 63 21 99 4D 96
49.230000000,0x316,59 AD A8 50 F8 C2 2B E2
49.230000000,0x427,49 08 79 B5 51 37 47 1F
49.240000000,0x1A4,A2 5E 34 63 04 C4 7B BA
49.240000000,0x316,ED 0C CD 38 FC 37 84 CE
49.240000000,0x427,0D D8 33 24 86 9B 52 CE
49.250000000,0x1A4,20 2F 28 63 47 04 0E 17
49.250000000,0x316,46 0F 36 18 8E 1E 18 B6
49.250000000,0x427,0D 1C 90 99 DC 18 6A 74
49.260000000,0x1A4,8F CA 1D E3 B8 44 69 77
49.260000000,0x316,FA F3 A3 B8 C7 B3 EB E0
49.260000000,0x427,4D 48 91 C9 A0 F7 AF 1F
49.270000000,0x1A4,EF 59 14 E3 6F 60 5F 0C
49.270000000,0x316,90 BB 40 9B 82 48 C0 F9
49.270000000,0x427,F9 AF D8 32 15 7D B8 3D
49.280000000,0x1A4,40 AB 0B E3 00 37 67 17
49.280000000,0x316,9B EE 80 A1 6D B8 C4 AD
49.280000000,0x427,95 7B AF 32 D7 CA 19 7E
49.290000000,0x1A4,C2 0A 07 63 DF 27 7C 22
49.290000000,0x316,41 B8 AD 67 C5 08 DF A4
49.290000000,0x427,1B 73 B1 52 D7 88 DB FF
49.300000000,0x1A4,17 A1 F0 62 C1 BD 09 0A
49.300000000,0x316,6C D6 E3 E1 5F 03 1A 68
49.300000000,0x427,42 0F D5 DA 93 DD E5 08
49.310000000,0x1A4,AB 2C EE E2 9B D3 AB 13
49.310000000,0x316,A4 37 CA F4 0E 32 78 15
49.310000000,0x427,F7 97 0A EB FC C7 02 C0
49.320000000,0x1A4,D1 D9 E3 E2 8F 11 E8 C2
49.320000000,0x316,E5 3C 40 81 78 87 25 7F
49.320000000,0x427,F4 64 26 C2 0A 09 32 F6
49.330000000,0x1A4,79 2D DB 62 5C D4 CD FD
49.330000000,0x316,8F D4 AB 63 7E 17 66 18
49.330000000,0x427,D4 D4 32 76 6E 0D F3 F5
49.340000000,0x1A4,52 CB D4 E2 D9 B0 BE DB
49.340000000,0x316,58 18 3E 68 63 DD 66 C7
49.340000000,0x427,AA E7 73 8D F7 AA 64 B8
49.350000000,0x1A4,FC 24 C0 E2 D7 EE 43 86
49.350000000,0x316,3A 92 4E E4 D2 51 25 02
49.350000000,0x427,7D 65 BB 02 45 C7 58 E9
49.360000000,0x1A4,FB F0 B8 62 96 98 6D 35
49.360000000,0x316,02 62 02 D2 3B 3E CD 06
49.360000000,0x427,9E A2 4C FF 1C 32 89 CF
49.370000000,0x1A4,59 A4 B6 62 5C 03 0A 96
49.370000000,0x316,24 B1 53 1B 31 97 A7 55
49.370000000,0x427,4D 7E 54 C7 4F ED 3E 6A
49.380000000,0x1A4,9F FD AC 62 01 CA BB 8C
49.380000000,0x316,94 83 BE 20 A1 BD 6C D6
49.380000000,0x427,60 E1 E1 98 DE 53 1C 86
49.390000000,0x1A4,12 A9 A0 E2 79 D8 5B 03
49.390000000,0x316,E8 11 90 3E 1D C4 3A B0
49.390000000,0x427,BA 26 96 60 6F 52 77 55
49.400000000,0x1A4,5E E2 96 62 02 84 07 A3
49.400000000,0x316,04 3B ED B3 25 70 52 7F
49.400000000,0x427,B9 1B 8E 43 E0 DB B0 BA
49.410000000,0x1A4,8A 3B 8D 62 4B CF B2 D2
49.410000000,0x316,B3 DB 9F FA 99 2E 98 98
49.410000000,0x427,9D B8 A4 1E FE B6 DA F5
49.420000000,0x1A4,F3 06 83 E2 8D 8C 6E E8
49.420000000,0x316,28 EC 5E 6A 29 06 AB EA
49.420000000,0x427,E5 76 C9 00 7F 2F DD E1
49.430000000,0x1A4,E9 A9 7D E2 C6 64 1C AE
49.430000000,0x316,A4 28 B5 36 CD 79 4A 64
49.430000000,0x427,18 03 2F 5E A3 17 18 9C
49.440000000,0x1A4,C7 EB 6D E2 A5 DC 85 58
49.440000000,0x316,75 FE 48 22 44 4A C9 E2
49.440000000,0x427,8C 7C D5 0E 45 3F 85 13
49.450000000,0x1A4,FF A0 64 62 24 85 8B 9A
49.450000000,0x316,7D 55 27 12 95 BF FA CE
49.450000000,0x427,D9 4E 88 1F 95 79 EF DE
49.460000000,0x1A4,45 68 5D E2 D7 68 A8 A3
49.460000000,0x316,45 1A 99 C5 77 0C 35 93
49.460000000,0x427,6A 18 6E 49 F5 FE DD 1B
49.470000000,0x1A4,F0 EE 52 E2 31 78 D0 4A
49.470000000,0x316,01 EB D0 39 AA B8 39 3B
49.470000000,0x427,9C EE A1 65 3C C6 A6 87
49.480000000,0x1A4,D0 67 4B 62 19 97 CB 57
49.480000000,0x316,7E 71 8B D6 5D 96 C0 06
49.480000000,0x427,F2 9A 28 96 BE BF A8 23
49.490000000,0x1A4,4C 5F 3B E2 7F FE 36 FF
49.490000000,0x316,31 70 43 68 78 3F D8 31
49.490000000,0x427,89 7C AC 2B 17 54 A0 D0
49.500000000,0x1A4,41 84 33 E2 95 97 5D 28
49.500000000,0x316,F0 B4 0C F1 25 9E 30 37
49.500000000,0x427,F5 0F 48 9B CF 59 1A 9A
49.510000000,0x1A4,3B 8E 2F E2 BD 9D DB 25
49.510000000,0x316,7D FF D0 12 B6 F8 79 3D
49.510000000,0x427,41 DE 87 73 57 B0 67 46
49.520000000,0x1A4,5A 18 27 62 BC 28 73 56
49.520000000,0x316,0A AD 13 6B 3A 89 A5 13
49.520000000,0x427,64 0A 9C 17 DB 55 51 41
49.530000000,0x1A4,32 11 1C E2 E5 F0 56 09
49.530000000,0x316,83 DA 06 B2 03 E2 FA BE
49.530000000,0x427,04 86 76 DB BE F0 10 BB
49.540000000,0x1A4,99 33 08 62 1C 1E 4B 21
49.540000000,0x316,A2 C3 09 85 E8 2D 3E 89
49.540000000,0x427,7C 66 41 68 90 99 CF F0
49.550000000,0x1A4,67 EA 04 E2 47 71 F8 0A
49.550000000,0x316,7F 8E 5F D4 2B F6 E8 5D
49.550000000,0x427,F7 00 67 A1 72 EA 70 05
49.560000000,0x1A4,64 37 FC E1 1D 9F C2 CA
49.560000000,0x316,0B DD 65 56 C3 8A D6 3C
49.560000000,0x427,86 52 0C 7E B3 FA 82 EF
49.570000000,0x1A4,13 43 F7 61 21 49 BD 6D
49.570000000,0x316,68 7D 74 6F 8F A4 5E F7
49.570000000,0x427,03 68 6D CA 49 DE 66 BE
49.580000000,0x1A4,E2 24 EE 61 C6 6A F3 84
49.580000000,0x316,60 6D 95 B1 BD 7E 92 18
49.580000000,0x427,D2 C5 D3 1D 5A 54 10 BF
49.590000000,0x1A4,0C 26 D8 61 DB 26 30 6D
49.590000000,0x316,1B 2F C2 C7 B0 A5 B6 D8
49.590000000,0x427,EB 9A 99 04 11 29 58 F0
49.600000000,0x1A4,83 E6 D2 61 1F 05 A0 F1
49.600000000,0x316,14 6C 64 31 91 CC F4 DF
49.600000000,0x427,C8 90 81 FD 52 DF 2D 0E
49.610000000,0x1A4,AA 88 CF E1 C6 40 8B E2
49.610000000,0x316,DF BF 03 34 EF 9A 7F 5C
49.610000000,0x427,7A B0 FD 63 0A 35 D8 65
49.620000000,0x1A4,F8 2F C1 E1 C7 5C 80 9B
49.620000000,0x316,13 0E A0 16 6D BD 73 D1
49.620000000,0x427,1F 45 09 DF C9 AD 42 C3
49.630000000,0x1A4,AC 22 BB 61 26 84 E3 62
49.630000000,0x316,FB 01 6C 27 06 23 56 AF
49.630000000,0x427,00 16 A4 74 2D 1E 9B 12
49.640000000,0x1A4,75 4E AC 61 29 1B B8 F0
49.640000000,0x316,0D E4 C2 BE 53 90 7D 36
49.640000000,0x427,40 0B 96 19 2F D4 E9 F3
49.650000000,0x1A4,3A 1A A6 61 14 15 81 C4
49.650000000,0x316,C4 6F F6 37 73 E8 07 41
49.650000000,0x427,67 24 C2 E5 74 32 2D 57
49.660000000,0x1A4,4D 67 9D 61 D1 48 53 0D
49.660000000,0x316,67 F9 40 D1 76 F1 06 6E
49.660000000,0x427,FF CA 52 82 8D E5 DF 8C
49.670000000,0x1A4,D1 8E 93 61 60 74 AD 6F
49.670000000,0x316,EA 4F 71 92 8E 97 D8 1B
49.670000000,0x427,C7 43 42 7C C4 53 5A A0
49.680000000,0x1A4,FB 48 89 E1 22 AA 3A 7C
49.680000000,0x316,8D 4C AA 6C F1 5F 57 C3
49.680000000,0x427,2D 00 B6 8F 58 13 E7 A4
49.690000000,0x1A4,7D DB 84 E1 72 28 81 24
49.690000000,0x316,B5 90 05 9F 7F D4 FA 35
49.690000000,0x427,49 2C E2 FB DA 1D 45 86
49.700000000,0x1A4,70 13 76 E1 57 49 87 43
49.700000000,0x316,41 B5 57 4A DB EF E9 BF
49.700000000,0x427,5B A0 8F F6 C4 D7 53 0A
49.710000000,0x1A4,F0 F0 6E 61 FA 45 FA 3D
49.710000000,0x316,82 59 D3 4D B6 E1 77 E5
49.710000000,0x427,A0 B9 F5 8D 67 FE 44 01
49.720000000,0x1A4,C2 38 67 E1 56 8C 1E 87
49.720000000,0x316,4B 96 32 FC FD C5 8A 72
49.720000000,0x427,C6 05 BE C7 BE 84 AE 31
49.730000000,0x1A4,E2 3D 5D 61 AB 94 66 4C
49.730000000,0x316,C8 ED C7 3C 2E 42 15 7A
49.730000000,0x427,06 AB E2 DC AC 82 C7 AA
49.740000000,0x1A4,51 4C 50 E1 34 B0 DF 8C
49.740000000,0x316,41 A0 95 BC 7F 27 CB E4
49.740000000,0x427,FB D9 52 87 AD 5A F1 22
49.750000000,0x1A4,52 1E 47 61 EB 8E CE 0B
49.750000000,0x316,4D 0F 43 36 9B DF D6 3B
49.750000000,0x427,F5 9A 27 A5 9A 4B D2 5F
49.760000000,0x1A4,83 6E 38 E1 F8 B6 4E B9
49.760000000,0x316,7C 73 C7 1F 07 A5 AB 0D
49.760000000,0x427,D8 C8 3B 1A 02 33 C2 AA
49.770000000,0x1A4,92 34 35 61 87 B9 97 73
49.770000000,0x316,74 70 EC B0 37 D5 A7 B1
49.770000000,0x427,C7 32 9F 04 AB FA 0D 9B
49.780000000,0x1A4,1F 6D 2F E1 23 63 28 0C
49.780000000,0x316,99 EE E4 81 56 29 45 5E
49.780000000,0x427,81 BB 41 FE 21 91 80 90
49.790000000,0x1A4,F0 2A 22 E1 95 D0 21 B5
49.790000000,0x316,69 59 99 10 85 2F A4 CD
49.790000000,0x427,D4 D0 12 4A 4A DB 27 49
49.800000000,0x1A4,E7 65 1F E1 5E 01 89 2E
49.800000000,0x316,B5 A4 59 EF C8 B7 09 04
49.800000000,0x427,D4 7B F3 B6 CB 24 D0 FE
49.810000000,0x1A4,A3 E1 0E 61 8D C5 EC FD
49.810000000,0x316,EC AB 57 41 35 E0 38 95
49.810000000,0x427,79 D7 AC CE 6B D4 64 2A
49.820000000,0x1A4,61 82 01 61 B8 8C 97 C1
49.820000000,0x316,BF B8 0C 99 41 02 C7 B4
49.820000000,0x427,9D 31 A2 92 7E C1 AF 9F
49.830000000,0x1A4,EA A3 FD E0 7F 13 3F A0
49.830000000,0x316,F7 7A B5 6B DB C3 41 C4
49.830000000,0x427,5F 2D DE 9F 8E 77 9D 92
49.840000000,0x1A4,EC AD F5 E0 84 E2 38 60
49.840000000,0x316,51 CB 9C DE B0 12 D0 C7
49.840000000,0x427,53 28 22 A8 97 A2 E1 4B
49.850000000,0x1A4,9A 5F ED E0 47 A7 7D 8D
49.850000000,0x316,FA AE 49 A4 45 00 CB 9A
49.850000000,0x427,BD 3D 6E C2 07 F6 AD 99
49.860000000,0x1A4,15 1A DB E0 1D 6E D1 BA
49.860000000,0x316,C6 58 08 AD 3D B6 A3 AD
49.860000000,0x427,46 6D D6 C2 0E 44 32 FB
49.870000000,0x1A4,2B FE D4 E0 D9 AB C9 74
49.870000000,0x316,ED 9B F3 16 C7 6C 9F E3
49.870000000,0x427,80 B6 AF 85 8D 00 A9 4B
49.880000000,0x1A4,DB 95 CA 60 DB 19 07 89
49.880000000,0x316,D9 78 95 C8 39 01 BE 5D
49.880000000,0x427,BB AA 4B 94 22 4D 54 62
49.890000000,0x1A4,4F D1 C3 E0 98 05 B2 F3
49.890000000,0x316,91 55 9A 91 B8 16 8A 3F
49.890000000,0x427,7F 53 9D 25 2F 11 92 54
49.900000000,0x1A4,38 1D BA E0 77 89 5A 1A
49.900000000,0x316,40 4A 5E 4B C5 2B 72 05
49.900000000,0x427,89 6B B5 C5 C1 BA 1C 80
49.910000000,0x1A4,3A 9C B0 E0 93 81 41 4F
49.910000000,0x316,B6 8A C9 91 6C 9A 68 9E
49.910000000,0x427,F4 13 D4 CA D8 03 90 F9
49.920000000,0x1A4,D3 83 A1 E0 33 8A C7 31
49.920000000,0x316,CF B6 0A F4 6D E7 D4 2C
49.920000000,0x427,93 68 FA E3 C4 76 BC 30
49.930000000,0x1A4,13 25 9D 60 3E 2F 59 2F
49.930000000,0x316,06 EB D4 D6 54 08 C4 C7
49.930000000,0x427,15 A0 9C CE 66 F2 C1 D1
49.940000000,0x1A4,72 5B 90 60 70 DF 5F 4B
49.940000000,0x316,D1 B0 D0 C7 10 BA 2B 24
49.940000000,0x427,E2 8C B9 C6 96 98 17 F8
49.950000000,0x1A4,E9 42 8C 60 F6 72 7A 67
49.950000000,0x316,00 BE 5C 90 8A 3F 52 8F
49.950000000,0x427,F9 B7 EB F5 3C E7 01 F0
49.960000000,0x1A4,6A 92 85 60 2E D5 66 68
49.960000000,0x316,89 AB 49 9F 0D 12 1E B3
49.960000000,0x427,19 C0 E0 05 C2 1F 72 FD
49.970000000,0x1A4,34 18 7B E0 99 0E 15 79
49.970000000,0x316,20 22 AE 27 BA EB E2 65
49.970000000,0x427,FD BB E6 A3 E1 AD 22 1E
49.980000000,0x1A4,BA D8 69 60 EB D8 87 C3
49.980000000,0x316,7A A0 EE 6A 13 71 EB F8
49.980000000,0x427,98 63 40 E4 2C 2E D0 07
49.990000000,0x1A4,22 EA 65 E0 BB 36 26 71
49.990000000,0x316,3F AB 85 2C B4 96 D0 BF
49.990000000,0x427,E5 AB 45 37 D6 81 3B 4F
50.000000000,0x1A4,53 ED 58 E0 48 83 6A F1
50.000000000,0x316,63 20 A4 FE AF 5C 72 B9
50.000000000,0x427,B5 70 65 3A E8 4F 1E 85
50.010000000,0x1A4,4D BA 52 E0 FC F5 6B 38
50.010000000,0x316,45 31 66 53 95 B9 8E AB
50.010000000,0x427,6E 70 9C A9 9E E4 36 9A
50.020000000,0x1A4,9A 83 49 E0 99 09 9F 5C
50.020000000,0x316,2F D3 72 A6 A2 47 74 3E
50.020000000,0x427,EF 87 05 E6 9E 7B 37 F3
50.030000000,0x1A4,CE 62 44 E0 57 3F 76 23
50.030000000,0x316,25 23 42 A8 06 1A A6 E5
50.030000000,0x427,EC BD A7 8F 69 8D CB C1
50.040000000,0x1A4,06 D5 32 60 39 36 02 D6
50.040000000,0x316,23 1B 9B D1 6E AA 1E FB
50.040000000,0x427,43 31 E2 48 2D B3 F8 D3
50.050000000,0x1A4,8E 57 29 60 6D 3A B2 E5
50.050000000,0x316,37 23 3D 58 F5 E7 C3 F5
50.050000000,0x427,BF 18 50 68 DB F5 24 E3
50.060000000,0x1A4,7F 91 20 E0 97 7C 28 1E
50.060000000,0x316,83 02 4A FB A1 03 78 24
50.060000000,0x427,01 C2 F9 E6 11 E5 F4 B1
50.070000000,0x1A4,CE ED 1E E0 78 6B 29 9C
50.070000000,0x316,4D 56 24 6F 6F 0A 62 57
50.070000000,0x427,0C 24 AA 07 A6 CA 9B 8C
50.080000000,0x1A4,B5 4C 11 E0 04 36 56 D9
50.080000000,0x316,43 35 B9 C8 19 AD B1 25
50.080000000,0x427,03 C0 FE 67 8D CD 2B 97
50.090000000,0x1A4,E3 DD 0A E0 B1 37 D5 5B
50.090000000,0x316,2C 61 64 8B C6 A7 32 AD
50.090000000,0x427,BB 61 88 25 0F 2A 24 6F
50.100000000,0x1A4,47 F6 01 E0 37 1A 1B 44
50.100000000,0x316,FC 71 EF 17 A3 10 9A C8
50.100000000,0x427,27 09 F5 8C F5 2F E7 61
50.110000000,0x1A4,D5 71 F2 DF 9E 03 D8 60
50.110000000,0x316,BD 66 3F 58 B2 3B 2C 68
50.110000000,0x427,BA CD 5E A1 04 4B A3 12
50.120000000,0x1A4,B7 F7 EF DF 01 6A 47 D4
50.120000000,0x316,AB 33 75 37 CA A7 D2 03
50.120000000,0x427,4E BC D1 8F 27 B4 5F 7B
50.130000000,0x1A4,90 B9 E1 DF 01 4F 0B 6D
50.130000000,0x316,05 18 27 19 01 F4 08 AC
50.130000000,0x427,8D 21 A3 D4 9F 23 88 AF
50.140000000,0x1A4,91 8D DD DF FE BE 4D 25
50.140000000,0x316,25 C1 38 C4 93 9F B6 30
50.140000000,0x427,78 C9 A6 CE 6C 14 4C 87
50.150000000,0x1A4,66 4B D6 5F B4 48 4E 92
50.150000000,0x316,E0 F6 3B 56 FF 59 00 FB
50.150000000,0x427,2E DC 7F EC 59 A4 1B C0
50.160000000,0x1A4,6D 81 CC 5F 06 85 7E 40
50.160000000,0x316,D5 05 E3 D7 AF 97 29 31
50.160000000,0x427,83 CC F7 C6 31 32 5D 44
50.170000000,0x1A4,E6 44 BF 5F 02 A7 9D 8A
50.170000000,0x316,99 B8 21 26 95 03 98 3D
50.170000000,0x427,2F B0 6D 96 47 3D D9 CB
50.180000000,0x1A4,3E D2 B4 DF 7D D5 8C 4F
50.180000000,0x316,6F 1A 8A D9 53 DF 4F 82
50.180000000,0x427,6F 55 9B 45 C9 3D 44 A0
50.190000000,0x1A4,FE 76 AC DF B9 46 62 0A
50.190000000,0x316,5A 7C C9 DA CB 4D 8A 07
50.190000000,0x427,F5 AE 20 D5 DD 9B 8F F5
50.200000000,0x1A4,9F FD A3 5F D4 8E 79 7A
50.200000000,0x316,B4 E2 98 C0 23 AD 46 39
50.200000000,0x427,20 1B 40 00 80 DB AA 01
50.210000000,0x1A4,29 75 9F DF 96 49 2A DA
50.210000000,0x316,E4 DB 8E 83 FD E2 2A 6F
50.210000000,0x427,A6 51 B3 99 F0 24 03 64
50.220000000,0x1A4,BD 5E 97 DF 63 AE 9E E2
50.220000000,0x316,22 44 A8 63 EB E0 06 10
50.220000000,0x427,31 FE 99 FF BD 5E 1E 0E
50.230000000,0x1A4,73 8D 8D 5F 49 09 6E D5
50.230000000,0x316,D4 60 CA FA 91 9C 64 C3
50.230000000,0x427,26 B7 1E 63 EB 8B FF 80
50.240000000,0x1A4,1B 1E 7A 5F 28 EB 36 13
50.240000000,0x316,8C 72 CA 14 FD B1 16 AB
50.240000000,0x427,A4 43 7E 31 AD DD 76 D0
50.250000000,0x1A4,6C D0 74 DF 64 23 B8 55
50.250000000,0x316,05 DD D4 D2 05 AA 30 F8
50.250000000,0x427,AB 69 C5 D2 5C 38 BD DA
50.260000000,0x1A4,E7 34 6E 5F 8C 3B 44 0C
50.260000000,0x316,76 08 02 F2 1F F4 F3 10
50.260000000,0x427,C0 8B 0C 60 5C B6 1E 87
50.270000000,0x1A4,71 1D 65 5F A2 76 B0 9C
50.270000000,0x316,D7 04 F6 A5 8C BC 7C 47
50.270000000,0x427,6B B9 81 14 67 50 04 4B
50.280000000,0x1A4,2A A3 5E DF A9 CA 45 9B
50.280000000,0x316,10 CC BA 12 8B 31 9B DB
50.280000000,0x427,79 E5 DB BC 34 CC 46 52
50.290000000,0x1A4,B2 25 50 5F A1 C7 00 74
50.290000000,0x316,6B FE 64 68 B6 35 0E C6
50.290000000,0x427,88 45 5C 2D 64 EA E6 DC
50.300000000,0x1A4,39 5A 49 DF C1 30 95 85
50.300000000,0x316,6F 78 26 32 F5 F2 30 DF
50.300000000,0x427,00 42 1C 95 A3 6E 0D F3
50.310000000,0x1A4,42 00 3D 5F 04 E9 5E A4
50.310000000,0x316,0C 24 40 69 F5 9B 81 A0
50.310000000,0x427,93 1F C6 24 19 68 E0 0C
50.320000000,0x1A4,75 BB 37 DF 0B E9 4C 5E
50.320000000,0x316,C1 64 73 38 9F 63 33 A3
50.320000000,0x427,DA FC A0 47 ED AE 26 45
50.330000000,0x1A4,9B 2D 2E 5F 58 CE 4D E5
50.330000000,0x316,95 EF C9 7E AB 68 CE 70
50.330000000,0x427,B9 74 54 71 03 4C 4D 99
50.340000000,0x1A4,52 72 20 5F 50 67 07 64
50.340000000,0x316,45 4C 8D 29 E3 03 E5 0E
50.340000000,0x427,35 5F DD B6 E1 EB 63 F1
50.350000000,0x1A4,D1 4E 1B 5F E3 E6 AB E2
50.350000000,0x316,D2 60 C5 23 A9 86 DC B9
50.350000000,0x427,10 60 39 67 59 C3 51 C3
50.360000000,0x1A4,EB A2 16 DF 83 A3 61 69
50.360000000,0x316,80 70 E0 AB ED 90 49 21
50.360000000,0x427,7B E7 A7 98 76 16 1F 23
50.370000000,0x1A4,E1 75 0C 5F 52 7E FB 04
50.370000000,0x316,BF EB 32 8E CC 70 75 CC
50.370000000,0x427,3C DE 91 17 F1 E0 F0 BE
50.380000000,0x1A4,5F C6 F8 DE 16 E1 F9 7D
50.380000000,0x316,01 D3 98 B9 D1 89 19 A0
50.380000000,0x427,85 21 75 D3 50 32 61 79
50.390000000,0x1A4,C3 83 F6 DE 9A D5 6C 62
50.390000000,0x316,41 A1 4F EC 2D BF 35 0C
50.390000000,0x427,CB 33 63 FB D3 72 35 29
50.400000000,0x1A4,7E 74 EF DE FA 08 04 B3
50.400000000,0x316,1F 59 B7 EE 42 72 0F 9A
50.400000000,0x427,23 6B 19 11 29 99 E4 C4
50.410000000,0x1A4,EA F5 E1 DE 10 BE 77 43
50.410000000,0x316,37 F7 D1 05 ED 11 B4 65
50.410000000,0x427,42 58 C3 EF CA A5 23 86
50.420000000,0x1A4,C3 B5 DC DE 34 D1 95 88
50.420000000,0x316,E5 CC 46 43 D2 45 31 11
50.420000000,0x427,EF 61 65 F8 5E 1E FD 31
50.430000000,0x1A4,25 EA D4 5E AF F2 E1 33
50.430000000,0x316,40 97 30 74 B7 C3 6B 3B
50.430000000,0x427,F7 F2 D4 16 46 12 EF EF
50.440000000,0x1A4,88 60 CE 5E 36 02 46 F4
50.440000000,0x316,9C 5A 6F EE C0 6B 6F 50
50.440000000,0x427,2D F4 9D 5B ED EC 04 B7
50.450000000,0x1A4,87 86 C4 DE FB F0 D6 2B
50.450000000,0x316,96 CF DE 33 25 F4 40 58
50.450000000,0x427,91 23 73 EA 0B 07 05 F6
50.460000000,0x1A4,35 67 B4 5E 4E A2 D4 1B
50.460000000,0x316,5B F2 99 77 C2 80 70 8B
50.460000000,0x427,DC CD 5A ED 8E 3A 43 14
50.470000000,0x1A4,12 6B A9 5E D6 64 B9 02
50.470000000,0x316,71 71 75 34 0E D0 7B D9
50.470000000,0x427,14 1F 01 FF BB 54 2C E6
50.480000000,0x1A4,65 F5 A2 DE 7E C9 0D 2A
50.480000000,0x316,1A 8D 93 AD 0E 2A 06 1A
50.480000000,0x427,59 C6 1E 14 63 6F 59 9A
50.490000000,0x1A4,D6 74 9B 5E 06 70 1E 00
50.490000000,0x316,6A 82 3C 61 85 AA D4 1C
50.490000000,0x427,3A EF 07 38 5D 21 16 C0
50.500000000,0x1A4,07 9C 91 5E 1D CC EB 3C
50.500000000,0x316,2C 2B 3E D3 72 43 67 83
50.500000000,0x427,C1 68 C3 FA 79 0F 6D AB
50.510000000,0x1A4,17 74 88 5E CE 19 E2 21
50.510000000,0x316,DE 00 BD 77 AC 58 E9 7E
50.510000000,0x427,24 0C CE 8B B2 AD CC 92
50.520000000,0x1A4,2C 85 87 DE 1F A4 4F 58
50.520000000,0x316,51 4C 40 60 E6 2B 0B 1F
50.520000000,0x427,3A 37 BD 30 D8 79 DF 37
50.530000000,0x1A4,94 A9 76 5E B6 AF 07 13
50.530000000,0x316,7D D3 32 E4 3E EE F9 AA
50.530000000,0x427,2D 7E 91 8B 63 60 F6 4B
50.540000000,0x1A4,B6 FD 6D 5E 12 BD BC 43
50.540000000,0x316,BD AF B1 97 01 56 97 0C
50.540000000,0x427,B4 42 DA B9 D3 AE 13 F6
50.550000000,0x1A4,82 80 67 5E E1 AB 53 DD
50.550000000,0x316,0C AA 2C 94 01 9D B1 52
50.550000000,0x427,D8 AD 3B 0C DB D1 0E 24
50.560000000,0x1A4,43 27 5F DE 72 4A 45 65
50.560000000,0x316,71 AA 44 4B E9 F6 A0 82
50.560000000,0x427,56 21 02 0B 40 AD 1B F9
50.570000000,0x1A4,28 25 55 DE 65 37 32 18
50.570000000,0x316,2F 7C 60 6E 78 13 80 46
50.570000000,0x427,73 12 E6 48 55 A8 B3 FE
50.580000000,0x1A4,C6 DC 4A 5E 89 C1 8B 3C
50.580000000,0x316,C1 24 A5 73 1A B1 73 34
50.580000000,0x427,14 BF 9A AE CB 40 08 40
50.590000000,0x1A4,D6 FA 45 DE 33 78 03 1A
50.590000000,0x316,A1 E4 FA 65 4F 01 6C 78
50.590000000,0x427,D7 23 C0 88 D5 68 B8 1B
50.600000000,0x1A4,0D B2 3C DE 5A 40 4B 24
50.600000000,0x316,7D E2 B0 E7 B0 9B 94 76
50.600000000,0x427,71 B3 AC BD F3 D5 7A CA
50.610000000,0x1A4,4F 9B 31 5E 81 9F D2 AA
50.610000000,0x316,3F 94 6D 83 02 F9 99 2B
50.610000000,0x427,AE 9D 48 EA 4D 2F C8 2F
50.620000000,0x1A4,1E E7 26 5E D0 63 96 03
50.620000000,0x316,22 43 7E D5 7D 8D 56 29
50.620000000,0x427,19 99 99 A3 3B E9 9E 17
50.630000000,0x1A4,7C 80 18 DE 70 E1 D7 7D
50.630000000,0x316,BC A1 EE E4 70 20 15 D2
50.630000000,0x427,02 40 C8 96 4F 49 47 89
50.640000000,0x1A4,14 6D 13 DE 3C 3E B1 2E
50.640000000,0x316,19 D2 32 1A 22 04 D6 A0
50.640000000,0x427,9E B4 81 31 A8 57 D7 42
50.650000000,0x1A4,CB 00 09 DE 8B DA 3A EE
50.650000000,0x316,B2 FC 42 F9 96 73 7C 6B
50.650000000,0x427,63 43 EF 2B 3A A8 90 92
50.660000000,0x1A4,58 DA 06 DE 2E 41 13 57
50.660000000,0x316,FE 55 0B BC 7B 53 6A D4
50.660000000,0x427,51 38 C6 7D BB 14 CE C8
50.670000000,0x1A4,EB CA F9 DD 96 C3 D0 AF
50.670000000,0x316,4C 32 43 9B 0C 3F 1C 70
50.670000000,0x427,66 8B DE 3B 88 52 04 C2
50.680000000,0x1A4,ED AD F7 5D 0E 6B D8 DD
50.680000000,0x316,74 9B 8A D3 46 06 4C 3B
50.680000000,0x427,B1 84 EE DF 79 40 92 D2
50.690000000,0x1A4,8D 7D EB DD 8D 2C 37 3E
50.690000000,0x316,1F AE 6B E0 FB AF 6F 1D
50.690000000,0x427,78 83 1B D9 B5 B8 EA 83
50.700000000,0x1A4,4D 11 DE 5D 07 96 23 8B
50.700000000,0x316,3F DD 78 AE 33 4A F4 FE
50.700000000,0x427,18 64 85 51 5D 8D 8E 68
50.710000000,0x1A4,9A D4 D6 5D B5 0D A6 56
50.710000000,0x316,CB BB 99 3A E5 77 8A 92
50.710000000,0x427,74 C6 11 C0 33 D2 1B 73
50.720000000,0x1A4,AB 50 CB DD 7D 0B 21 BD
50.720000000,0x316,BF FF DD 05 A1 D9 29 7E
50.720000000,0x427,C7 95 1D C9 80 F7 EB B3
50.730000000,0x1A4,CB 3F C7 DD 43 CC 6A 8B
50.730000000,0x316,50 5F 1C B8 31 81 FB A2
50.730000000,0x427,4E 93 BE 6D 75 AE 1C 67
50.740000000,0x1A4,11 53 BD DD C7 C7 56 ED
50.740000000,0x316,4A 6F 95 FE 33 74 76 1E
50.740000000,0x427,57 68 1D 74 FC 42 73 7A
50.750000000,0x1A4,A9 82 B2 DD 69 86 A3 0F
50.750000000,0x316,A1 AE 14 67 EF 34 64 DC
50.750000000,0x427,DD 81 2D F0 88 4A 18 7F
50.760000000,0x1A4,B0 36 AF 5D 9A E1 7A E6
50.760000000,0x316,54 A1 B3 67 6E D3 AD 84
50.760000000,0x427,82 99 A6 C7 A4 3E BF CE
50.770000000,0x1A4,38 EB A3 5D 2C 95 2F DC
50.770000000,0x316,4A FD DA CA 71 4E F5 03
50.770000000,0x427,C4 4B 76 5D 2B A2 B8 C3
50.780000000,0x1A4,5E 8D 9B 5D 5B 31 49 60
50.780000000,0x316,77 1D 66 8A CA E6 C4 24
50.780000000,0x427,3E 20 98 15 67 5C AE A8
50.790000000,0x1A4,0C D9 8E DD D4 BD C2 2B
50.790000000,0x316,72 E7 31 2E 71 0C 52 39
50.790000000,0x427,B1 9B 11 A1 9F F9 6B 59
50.800000000,0x1A4,78 A3 80 5D 5B 99 83 AC
50.800000000,0x316,91 74 C2 28 90 7D 10 16
50.800000000,0x427,4E 98 FD FD 68 07 B3 64
50.810000000,0x1A4,16 5F 7A DD 04 77 9A DF
50.810000000,0x316,3D 9B D8 A8 96 D4 B4 5D
50.810000000,0x427,33 0A CC 03 C3 40 FC C6
50.820000000,0x1A4,4B E7 75 5D BE C9 00 8A
50.820000000,0x316,31 CE 26 FD 22 18 81 72
50.820000000,0x427,5D 15 E3 EF 50 C9 DA 1A
50.830000000,0x1A4,1A AF 6E DD F2 0C D1 43
50.830000000,0x316,A9 CC A9 67 54 48 C6 91
50.830000000,0x427,54 B7 7C 26 1F 71 84 BB
50.840000000,0x1A4,6C 18 67 5D F3 AC D8 85
50.840000000,0x316,1C B5 BB A6 BE A1 24 C5
50.840000000,0x427,50 A1 E3 EF 2C 56 99 2C
50.850000000,0x1A4,6D F5 5F 5D 24 D3 50 FB
50.850000000,0x316,E1 09 14 92 95 BB 84 23
50.850000000,0x427,73 FF CF 53 F9 BB 5F 91
50.860000000,0x1A4,ED C4 56 5D 02 EA 0A F8
50.860000000,0x316,0D FA EB 74 9C 41 45 C1
50.860000000,0x427,F9 99 1B 98 22 C0 73 F4
50.870000000,0x1A4,76 66 48 5D 06 0D BA 8E
50.870000000,0x316,90 B4 33 97 17 3B C5 88
50.870000000,0x427,B4 34 C7 C5 00 82 8E AE
50.880000000,0x1A4,CD 8F 45 5D 15 53 37 3C
50.880000000,0x316,C4 ED 11 6E 33 91 99 9F
50.880000000,0x427,AC E2 E4 9B B9 2E B7 8A
50.890000000,0x1A4,88 10 37 5D E7 94 89 C8
50.890000000,0x316,19 3E F6 8B 4A 56 3A DE
50.890000000,0x427,3F 79 23 04 F2 80 FD F3
50.900000000,0x1A4,73 C5 28 5D D4 D1 7A 20
50.900000000,0x316,D7 AE 65 E4 E6 73 28 EB
50.900000000,0x427,A5 7B AC 09 03 C7 D2 D9
50.910000000,0x1A4,A6 A8 24 5D 48 F7 62 CC
50.910000000,0x316,BB 64 AE 08 1F F3 8E F3
50.910000000,0x427,9F 31 EC 9A 16 5D 19 B1
50.920000000,0x1A4,02 7A 19 DD 9A 1C D4 3A
50.920000000,0x316,EC 61 8D A9 89 D6 7D D7
50.920000000,0x427,B1 03 D3 8A BF F9 E2 6E
50.930000000,0x1A4,20 36 12 DD 3B C4 1C B8
50.930000000,0x316,80 22 25 99 4C FF 7C B7
50.930000000,0x427,14 03 00 B1 40 8C 32 40
50.940000000,0x1A4,EB 6C 0A DD 2E AF 14 F8
50.940000000,0x316,E0 D5 B7 4A 9A 9E FB A5
50.940000000,0x427,B4 E7 46 21 5C B9 52 4C
50.950000000,0x1A4,F2 F0 02 DD 5E 72 08 9B
50.950000000,0x316,77 E1 74 56 8D 56 9C D8
50.950000000,0x427,36 CB 44 BC 63 43 17 9C
50.960000000,0x1A4,84 E8 FF DC AA DA B4 8D
50.960000000,0x316,63 F6 27 A1 FD 81 E6 10
50.960000000,0x427,59 89 B3 A5 3E F3 81 15
50.970000000,0x1A4,E2 C6 F7 5C 77 88 C6 58
50.970000000,0x316,2D 56 AD 73 E6 D9 45 A0
50.970000000,0x427,15 7F B2 8B B3 CE ED 81
50.980000000,0x1A4,16 FB EF 5C DB CF 61 F6
50.980000000,0x316,C3 28 6D CF E6 F6 4C C0
50.980000000,0x427,89 0A B5 E9 83 27 2A 09
50.990000000,0x1A4,DE E4 DD DC 8E 20 A3 A7
50.990000000,0x316,74 F4 FF 70 60 67 77 17
50.990000000,0x427,B0 47 60 5B F9 48 74 EC
51.000000000,0x1A4,52 B7 D5 5C D7 5E 3B 3C
51.000000000,0x316,87 91 2B E5 DF 8B 41 8B
51.000000000,0x427,A7 C0 D2 66 64 8C 94 72
51.010000000,0x1A4,DF 8E CF 5C 7A 16 44 7A
51.010000000,0x316,9F 51 2C 32 F8 9A 0D 8A
51.010000000,0x427,53 37 E4 C4 64 2C DC F8
51.020000000,0x1A4,5B 3E C7 DC 46 92 CF 2F
51.020000000,0x316,27 37 B6 06 36 5B 14 EF
51.020000000,0x427,DD D6 96 9D 43 B1 B6 73
51.030000000,0x1A4,6B D9 BF 5C 34 0F 65 61
51.030000000,0x316,06 54 BE C7 36 46 F7 13
51.030000000,0x427,38 7C A9 F6 F7 B0 30 9D
51.040000000,0x1A4,F3 4B B0 5C 93 2B 2B B8
51.040000000,0x316,BF BE B8 A0 4F BB E7 A9
51.040000000,0x427,1D F3 2D F9 AC B3 1E 76
51.050000000,0x1A4,F4 A6 A9 5C 43 44 45 9C
51.050000000,0x316,3F 15 3E 88 51 97 12 7E
51.050000000,0x427,12 EA 6C 62 88 FD BE 8A
51.060000000,0x1A4,3F F7 A0 5C D6 E8 65 DB
51.060000000,0x316,EA F3 A6 9F 72 84 18 93
51.060000000,0x427,69 4C 52 EA 64 24 BC 6F
51.070000000,0x1A4,1A 78 9C DC 44 35 4A 7F
51.070000000,0x316,62 38 F2 B7 60 6D 73 D8
51.070000000,0x427,92 FE 66 27 CD 94 48 D6
51.080000000,0x1A4,32 CC 96 DC 0A 18 26 21
51.080000000,0x316,E6 23 F3 51 0C 3C 20 84
51.080000000,0x427,F4 71 A9 93 14 1F 37 32
51.090000000,0x1A4,09 B3 88 5C 51 5C 83 FE
51.090000000,0x316,B9 90 F0 BF DD 28 C6 09
51.090000000,0x427,2D 0B 60 CA E6 AD AF A4
51.100000000,0x1A4,F5 5E 82 DC B7 15 79 51
51.100000000,0x316,2A E5 7A AE 10 36 3E 86
51.100000000,0x427,C6 E6 2A 00 DB 3B 0A 66
51.110000000,0x1A4,46 A8 77 DC 7E 3D AD 2F
51.110000000,0x316,3F C0 AD AE 18 1E 0D A0
51.110000000,0x427,C4 11 DB CA 97 98 CB 3C
51.120000000,0x1A4,62 DF 69 5C 01 7C 47 0D
51.120000000,0x316,1E 65 0C B2 DB A0 F2 44
51.120000000,0x427,00 A1 0D E2 1D 61 A7 07
51.130000000,0x1A4,1D BB 67 DC D4 27 0C E5
51.130000000,0x316,BA 52 27 DE A3 5F 40 5C
51.130000000,0x427,3F D9 6C C1 C9 C8 95 FE
51.140000000,0x1A4,24 29 59 5C 1A 3B 85 61
51.140000000,0x316,D5 CC 49 BA 40 1E 9A 9E
51.140000000,0x427,F0 E2 F5 54 8F 4B 84 AF
51.150000000,0x1A4,83 0F 56 5C 01 AA B6 91
51.150000000,0x316,63 10 CF 09 93 A3 D7 07
51.150000000,0x427,01 77 4A AC 19 90 F4 1F
51.160000000,0x1A4,7E C8 4C 5C B1 AC 93 47
51.160000000,0x316,38 1D 57 E6 E0 71 B1 8A
51.160000000,0x427,3F 41 08 2D F1 D9 43 C7
51.170000000,0x1A4,4A D7 40 DC 7C B2 B6 57
51.170000000,0x316,EB 3B 3C DA 1F 27 E1 5F
51.170000000,0x427,97 C7 B0 44 E4 04 4F 40
51.180000000,0x1A4,0A FE 3B 5C F7 C0 29 EF
51.180000000,0x316,80 A8 09 86 79 02 A7 64
51.180000000,0x427,69 81 EF 75 28 D6 F5 97
51.190000000,0x1A4,40 93 31 5C B1 15 34 32
51.190000000,0x316,16 40 EE 23 8F 83 5F 5A
51.190000000,0x427,3E 6F 93 D3 78 B0 B2 D0
51.200000000,0x1A4,D2 E2 2B DC FD 52 4E 4B
51.200000000,0x316,9B 4E 89 2F 63 B5 67 A3
51.200000000,0x427,74 CD 22 3F 89 7B 4A A2
51.210000000,0x1A4,73 AB 26 DC 46 B4 12 22
51.210000000,0x316,6B 88 FB AE 06 3B 5F 88
51.210000000,0x427,37 BB 46 BD F9 38 78 93
51.220000000,0x1A4,32 28 1C DC CF BA ED 44
51.220000000,0x316,D9 F8 1E CA A9 D4 31 64
51.220000000,0x427,C5 16 8F D4 C3 9C CA DD
51.230000000,0x1A4,98 E9 09 5C 28 52 C5 DD
51.230000000,0x316,12 81 CB F0 24 32 CF 31
51.230000000,0x427,CC 96 D2 8B 65 AB E1 F5
51.240000000,0x1A4,5E E0 01 DC A8 44 7C EC
51.240000000,0x316,18 8D 95 92 A8 C5 3D EF
51.240000000,0x427,D2 EE 64 1A 35 6F 16 57
51.250000000,0x1A4,86 98 FF 5B 9A 87 17 2A
51.250000000,0x316,D2 18 BF 42 F1 1E 61 14
51.250000000,0x427,95 60 39 AF 39 2E 37 AE
51.260000000,0x1A4,AC C9 F6 DB DF FC EF 53
51.260000000,0x316,98 22 C5 2F 63 53 75 88
51.260000000,0x427,FC 8B F1 C2 E9 D2 7F 56
51.270000000,0x1A4,70 92 E8 DB 05 15 48 FD
51.270000000,0x316,48 1C A2 EE 20 BC B9 7B
51.270000000,0x427,CC C2 8A 2D 15 E1 F8 E9
51.280000000,0x1A4,4A 1E E5 DB 68 D4 E5 57
51.280000000,0x316,1F 85 9A 63 48 08 ED 2A
51.280000000,0x427,18 01 F8 F7 F4 46 50 93
51.290000000,0x1A4,2A D5 DE 5B D4 B2 55 67
51.290000000,0x316,7D 4C 31 F2 9D D8 D0 96
51.290000000,0x427,8F 31 BE 38 01 28 4B DE
51.300000000,0x1A4,55 27 D1 DB 04 B7 E6 38
51.300000000,0x316,7E 26 E4 57 C3 19 9D 87
51.300000000,0x427,E2 CB A1 9B 7A 59 1C C8
51.310000000,0x1A4,DC 5D CA DB 7B B8 BB 5E
51.310000000,0x316,39 23 2B 1A FF CF 3A 39
51.310000000,0x427,C7 76 46 DC 12 4F CE FD
51.320000000,0x1A4,35 47 C0 DB DB AE 25 81
51.320000000,0x316,97 9E 30 1B 9E CD 57 8F
51.320000000,0x427,20 E2 EA B5 E5 F2 26 64
51.330000000,0x1A4,64 F3 BD 5B 73 58 A5 5D
51.330000000,0x316,1D 9B 91 06 6F EA 9D F3
51.330000000,0x427,94 83 54 A5 A5 87 58 7D
51.340000000,0x1A4,6A EC B0 DB 42 18 4A 43
51.340000000,0x316,62 63 CD F4 A7 2F E3 62
51.340000000,0x427,AB 7B 17 F3 A8 9C A1 D9
51.350000000,0x1A4,4E F9 AD DB 2A 54 0A 53
51.350000000,0x316,5D 7C 00 04 20 59 21 9C
51.350000000,0x427,D3 72 08 52 58 6C 88 C1
51.360000000,0x1A4,71 63 A6 5B 4E 8A E3 C5
51.360000000,0x316,1A 3C 1B AE D7 CD 8C 49
51.360000000,0x427,D1 27 2A D3 13 3B FF 42
51.370000000,0x1A4,7A 9C 95 5B E4 39 F2 01
51.370000000,0x316,9C 70 B4 31 C8 9A 7E 4E
51.370000000,0x427,FF FA CC A0 6E BE 88 9F
51.380000000,0x1A4,1C DD 8E 5B 73 3A B4 E0
51.380000000,0x316,D1 C3 E8 AC E7 79 D4 E4
51.380000000,0x427,DD C2 26 83 95 32 07 D3
51.390000000,0x1A4,63 F3 83 DB 48 10 13 13
51.390000000,0x316,95 37 23 ED 40 FA 17 D5
51.390000000,0x427,A2 78 FA 1C C9 10 F4 E9
51.400000000,0x1A4,54 0F 79 5B E0 21 58 99
51.400000000,0x316,91 BF F7 7B 1D 4F 31 2A
51.400000000,0x427,FF F8 00 0C FD 59 FB 32
51.410000000,0x1A4,BB D0 73 DB 60 18 41 D5
51.410000000,0x316,33 4F 66 B4 27 CD 67 55
51.410000000,0x427,2B 71 FC 94 34 AD 6B 3C
51.420000000,0x1A4,94 F3 6D 5B 25 A3 1F CB
51.420000000,0x316,74 16 A6 09 32 C3 04 16
51.420000000,0x427,84 0D AC D6 71 C3 3D 5D
51.430000000,0x1A4,A8 BD 66 5B A6 F7 FF 64
51.430000000,0x316,23 98 BD 4E 2C C0 94 16
51.430000000,0x427,38 52 43 53 4D A5 2C 4B
51.440000000,0x1A4,92 28 5C 5B 72 9A 86 1B
51.440000000,0x316,7D 0E A7 53 F8 8C DD D3
51.440000000,0x427,79 7B E8 53 A1 BF C9 33
51.450000000,0x1A4,6C EA 52 5B A3 D3 72 37
51.450000000,0x316,9A 51 9B BA 08 21 6B 2C
51.450000000,0x427,90 64 B9 5D 07 A8 8F 9E
51.460000000,0x1A4,77 60 4F DB 39 59 E7 36
51.460000000,0x316,50 39 4A D1 F4 48 63 6B
51.460000000,0x427,BD AC D1 79 CA D4 53 BA
51.470000000,0x1A4,71 4A 43 DB FD 02 5C F3
51.470000000,0x316,82 41 47 86 E6 C1 ED 18
51.470000000,0x427,6E 52 F7 3C DE 66 7E CC
51.480000000,0x1A4,B4 B9 3E 5B 56 03 84 72
51.480000000,0x316,CD CA FF D9 2E E6 3B 51
51.480000000,0x427,21 09 B9 0B A3 4B 1C 04
51.490000000,0x1A4,7F 77 35 DB DE D5 EA 9E
51.490000000,0x316,43 7B 08 44 04 27 E6 F3
51.490000000,0x427,4E 1C BB D8 A3 DA 51 26
51.500000000,0x1A4,19 D8 2E DB 1A 11 40 DD
51.500000000,0x316,0D 19 B0 A4 1C F1 68 CD
51.500000000,0x427,09 49 EE 1B 1C 11 92 48
51.510000000,0x1A4,78 8C 24 DB 46 F3 0E C5
51.510000000,0x316,65 48 DE CA D4 9C 4E 16
51.510000000,0x427,FD 5A 02 09 43 CE BD C6
51.520000000,0x1A4,60 89 1E 5B A1 27 65 2D
51.520000000,0x316,11 E6 E5 74 63 DB 07 62
51.520000000,0x427,B3 BE 9F 9D FC 71 7A 87
51.530000000,0x1A4,CE 7F 0E DB 9A 49 62 FF
51.530000000,0x316,38 4A 3C 1F 8B 39 32 B2
51.530000000,0x427,96 EE 7B 97 4F 94 12 86
51.540000000,0x1A4,45 2B 07 5B 3A 85 BD 8F
51.540000000,0x316,C9 7C 65 0F BC FB E5 9A
51.540000000,0x427,91 3C 85 BB 83 CD BC D5
51.550000000,0x1A4,A6 CA FA 5A C3 DF FC C1
51.550000000,0x316,32 1D 5F 7A 7E D4 B8 01
51.550000000,0x427,1D F4 8C 45 1F 9E 69 5C
51.560000000,0x1A4,3C FE F0 5A 68 9C 29 3C
51.560000000,0x316,04 67 3E D8 31 44 A6 83
51.560000000,0x427,B4 41 DB 86 D9 4B CC 8E
51.570000000,0x1A4,97 87 E8 DA 83 30 59 C4
51.570000000,0x316,12 41 2B 59 0A 29 F6 66
51.570000000,0x427,F0 92 AC 29 42 2E E3 E3
51.580000000,0x1A4,1B 96 E0 5A C8 8F 67 EF
51.580000000,0x316,05 6B B5 54 B8 32 B2 8E
51.580000000,0x427,F1 09 21 CF 9C 58 B3 E9
51.590000000,0x1A4,15 4C DC DA 31 B4 9E C6
51.590000000,0x316,A8 5A 9B 6D 2C 6C 84 6A
51.590000000,0x427,F7 47 F1 0E A3 AA 9E F4
51.600000000,0x1A4,66 7E D7 5A 0B 5C 31 DD
51.600000000,0x316,FB 72 DE C5 BD A7 64 95
51.600000000,0x427,DB 03 A6 81 CB 09 5F 6A
51.610000000,0x1A4,50 E2 CB DA 34 26 19 C1
51.610000000,0x316,BB C2 24 73 A9 53 F6 89
51.610000000,0x427,EC 1D 34 71 DD CE 8F 47
51.620000000,0x1A4,76 56 C4 5A D4 DF D2 DC
51.620000000,0x316,5D 2B E7 2A 03 53 62 23
51.620000000,0x427,5C 5D 22 7E EB 13 C3 B4
51.630000000,0x1A4,50 FE BF 5A F5 03 9D 82
51.630000000,0x316,D5 54 58 56 CA F9 AF FB
51.630000000,0x427,00 31 A5 BD 33 DA A6 E4
51.640000000,0x1A4,56 36 B0 DA 4D C4 94 47
51.640000000,0x316,D8 E0 95 8A F1 0C D6 A1
51.640000000,0x427,3A D8 EB 56 F8 88 9E BB
51.650000000,0x1A4,2A 38 AC DA 93 DF 05 6C
51.650000000,0x316,CF CA EB F6 3E 15 1C 5D
51.650000000,0x427,46 23 EE CB E0 30 E6 DD
51.660000000,0x1A4,4D 5C A4 5A EF A9 A0 C9
51.660000000,0x316,B2 F1 71 B6 05 8C 71 D7
51.660000000,0x427,08 06 18 9D 9E 81 BC 49
51.670000000,0x1A4,6A AB 9A 5A 53 1D 85 80
51.670000000,0x316,2C 62 FF 20 05 72 F6 4D
51.670000000,0x427,D3 D2 3F F5 49 2C 48 9D
51.680000000,0x1A4,F9 A8 95 DA 15 5B 60 1E
51.680000000,0x316,4B E3 B6 F7 BA 09 3E 15
51.680000000,0x427,4D 9E FA CF 9C 42 74 B1
51.690000000,0x1A4,38 70 88 5A 52 43 42 FC
51.690000000,0x316,58 45 11 55 F3 55 80 06
51.690000000,0x427,18 1B D9 22 2D 34 BD EE
51.700000000,0x1A4,58 FF 83 DA 43 18 9A 01
51.700000000,0x316,41 DD EA E1 06 43 16 0A
51.700000000,0x427,16 DA F9 0A A5 E3 EB 27
51.710000000,0x1A4,E6 10 7F DA 54 26 8D 4E
51.710000000,0x316,53 65 5C 5F E8 51 A0 A3
51.710000000,0x427,4F 52 C5 3A 44 CF 19 96
51.720000000,0x1A4,C2 13 68 DA 2D 54 DF E0
51.720000000,0x316,CF 38 6A 3B A5 9F 9F 12
51.720000000,0x427,B9 B8 5D F5 6A 1A 86 3C
51.730000000,0x1A4,0C 99 61 5A 3E BE 84 A4
51.730000000,0x316,17 6F 9B E0 94 C5 68 D3
51.730000000,0x427,10 CC 11 E2 A4 4A BF FD
51.740000000,0x1A4,7F 44 5B DA AD B6 A0 1D
51.740000000,0x316,D4 B7 9F CC F2 56 73 53
51.740000000,0x427,06 0A 55 DE 0F 9D 3F 51
51.750000000,0x1A4,B1 E1 51 5A 1B 07 56 35
51.750000000,0x316,26 04 6D 01 48 21 F0 52
51.750000000,0x427,3E A3 05 57 1B F6 03 7B
51.760000000,0x1A4,64 6A 4E 5A A2 D3 93 85
51.760000000,0x316,41 53 3F 34 14 AC 27 A2
51.760000000,0x427,EA 9F 0C A2 C8 8C F9 6C
51.770000000,0x1A4,0E 44 40 DA C2 BB F7 BC
51.770000000,0x316,AA 51 A1 2E 69 38 97 AE
51.770000000,0x427,C8 CE B1 19 BA 4A AE 48
51.780000000,0x1A4,5E 9B 3A 5A E8 02 CC 48
51.780000000,0x316,BE 23 E3 D9 13 34 12 85
51.780000000,0x427,E5 C2 58 86 53 B8 ED 9D
51.790000000,0x1A4,34 B7 30 5A 29 78 C5 62
51.790000000,0x316,8D 81 20 96 D2 D8 B5 9E
51.790000000,0x427,A6 E6 BE FE E6 1B 7C B7
51.800000000,0x1A4,86 E3 29 5A 79 ED E1 24
51.800000000,0x316,61 C4 E4 7F 79 69 8D F6
51.800000000,0x427,17 04 B0 D9 D9 79 BB B0
51.810000000,0x1A4,60 FC 26 DA C9 7F C8 EF
51.810000000,0x316,B0 98 DA 38 F7 77 4E 6C
51.810000000,0x427,18 F3 F1 72 68 43 1C E6
51.820000000,0x1A4,F7 85 1F DA D6 9B F0 C9
51.820000000,0x316,08 8F E9 70 25 07 28 B8
51.820000000,0x427,B6 A5 0F F3 62 4D EC 4A
51.830000000,0x1A4,8D 30 15 DA B0 AE CC 69
51.830000000,0x316,D4 0B 53 26 89 D8 34 BF
51.830000000,0x427,6E 29 A1 01 4D 6A 36 21
51.840000000,0x1A4,45 73 0D 5A 36 0C 91 D8
51.840000000,0x316,95 9E EB 83 17 32 1B FC
51.840000000,0x427,72 9E 1E BD A0 A7 24 B4
51.850000000,0x1A4,29 F9 06 5A 82 62 53 EB
51.850000000,0x316,7A ED 6B 5E 17 AF B4 49
51.850000000,0x427,54 E8 8A 35 E0 BE 1F F3
51.860000000,0x1A4,FA CF FC D9 7A DC D0 11
51.860000000,0x316,4F A4 9C 86 27 98 EB 37
51.860000000,0x427,15 B2 2D CE 7E F1 45 D0
51.870000000,0x1A4,F7 76 F1 59 21 08 23 B5
51.870000000,0x316,20 F3 19 8B 74 56 C7 CE
51.870000000,0x427,77 B5 FC D0 29 B8 19 1B
51.880000000,0x1A4,E3 0E EF D9 76 DA 3B 22
51.880000000,0x316,D2 9B BF 30 69 4A 1A D6
51.880000000,0x427,72 3C 1B 10 92 E5 54 20
51.890000000,0x1A4,7B 11 E7 59 FB C6 48 9B
51.890000000,0x316,D7 94 A9 24 08 20 F0 E0
51.890000000,0x427,27 B9 56 D7 8B 69 28 A5
51.900000000,0x1A4,8C 46 D8 59 6C 4D 7D A0
51.900000000,0x316,8F EC 0B 4E 52 E9 C2 9F
51.900000000,0x427,D0 E6 B4 17 92 9B 19 0F
51.910000000,0x1A4,35 51 D5 59 19 FF 00 BD
51.910000000,0x316,90 D0 13 02 08 F5 AE E2
51.910000000,0x427,53 79 00 17 B7 E3 03 85
51.920000000,0x1A4,39 D6 CF 59 A5 8E 55 6A
51.920000000,0x316,E4 03 2C 43 4E 5A 52 7D
51.920000000,0x427,90 A4 FF 28 37 87 36 34
51.930000000,0x1A4,72 00 C1 D9 FE C2 80 8D
51.930000000,0x316,1F 5D 93 76 B1 62 52 58
51.930000000,0x427,86 A2 33 06 8E C7 52 88
51.940000000,0x1A4,DE 50 B9 59 79 DA 55 C4
51.940000000,0x316,28 C2 BE 78 BE 34 6E 67
51.940000000,0x427,23 4C C8 84 3A 57 C7 B4
51.950000000,0x1A4,66 A7 B3 59 C8 BF 47 AA
51.950000000,0x316,66 37 BE 74 13 04 4C 2D
51.950000000,0x427,4E C8 73 C9 11 13 40 2E
51.960000000,0x1A4,51 AD AC D9 01 59 9F 59
51.960000000,0x316,CF 7E E6 7A 4D D6 D9 76
51.960000000,0x427,BB 26 23 52 9B AF A5 42
51.970000000,0x1A4,0D 07 A0 D9 A0 ED 29 F9
51.970000000,0x316,73 D9 F9 5C 50 F0 E1 8F
51.970000000,0x427,C7 35 B3 A0 2C 59 00 44
51.980000000,0x1A4,AC 80 9C 59 8D 0C BB 22
51.980000000,0x316,56 38 00 61 E7 04 9E 27
51.980000000,0x427,4F 61 DC DC 67 65 3B 92
51.990000000,0x1A4,3E F0 8F D9 90 9E 5E 08
51.990000000,0x316,9B A8 4F 53 6F 53 77 24
51.990000000,0x427,1A 53 5D 9E 4C 94 19 17
52.000000000,0x1A4,39 30 84 D9 7C 27 11 D1
52.000000000,0x316,9B 59 88 C6 71 5C D9 DA
52.000000000,0x427,A9 FA 76 AB 17 3F ED BD
52.010000000,0x1A4,F6 60 7D 59 D9 CD E5 61
52.010000000,0x316,C0 8E 4F E6 8B 93 5D A8
52.010000000,0x427,46 D2 C5 8D 4A 01 B8 3D
52.020000000,0x1A4,F8 32 74 D9 7A 0D 2D 1A
52.020000000,0x316,E9 96 7A 64 DE BA 97 0D
52.020000000,0x427,93 C7 A3 8C 03 C6 78 DE
52.030000000,0x1A4,48 C7 68 59 21 CB E1 B7
52.030000000,0x316,0F 77 85 70 36 89 D9 F5
52.030000000,0x427,D6 40 F5 1E D6 43 3A A5
52.040000000,0x1A4,2B 79 61 59 7D C7 F0 2C
52.040000000,0x316,DA DD 35 10 0C E1 08 75
52.040000000,0x427,2E E0 FE AF 11 BB 0E 37
52.050000000,0x1A4,76 2D 5D 59 88 C8 61 71
52.050000000,0x316,E4 B3 86 C9 86 0C 9A B7
52.050000000,0x427,6E 18 72 BA 75 00 9F 37
52.060000000,0x1A4,57 E6 50 D9 0A 14 82 90
52.060000000,0x316,BE 09 C8 A7 6E 49 22 95
52.060000000,0x427,4B 6C 74 F7 80 6C A7 2F
52.070000000,0x1A4,8E B3 49 D9 37 0F 7E D6
52.070000000,0x316,FA 0B 14 ED 71 03 7E 07
52.070000000,0x427,45 1C 69 53 BD BD 89 2E
52.080000000,0x1A4,A3 D5 43 59 DD A3 BA 27
52.080000000,0x316,36 35 9F 93 EB 83 87 F4
52.080000000,0x427,CD B1 1E 91 79 44 DE E8
52.090000000,0x1A4,CE 22 3C D9 AF 28 CF 36
52.090000000,0x316,0F D2 B1 BD EE EA 74 69
52.090000000,0x427,FA D4 AD E1 CB 46 D3 2B
52.100000000,0x1A4,B0 4A 31 D9 EE AF CE 19
52.100000000,0x316,F7 1D 99 BB CC 6D 56 6D
52.100000000,0x427,2E AC A5 CC AF 4D B3 53
52.110000000,0x1A4,8D 58 29 D9 DB 0E 97 DA
52.110000000,0x316,83 24 CE 95 23 FB 4A 13
52.110000000,0x427,5F 78 EE A3 9F 6B 9E 4D
52.120000000,0x1A4,72 53 24 59 D8 58 9A 8D
52.120000000,0x316,D8 FB F7 8C A9 DB D4 24
52.120000000,0x427,EE 4B 88 3C B6 8F 8E E5
52.130000000,0x1A4,5E ED 1B 59 18 EB 39 53
52.130000000,0x316,24 F5 3F A7 23 F0 1A 5D
52.130000000,0x427,08 17 D5 B3 0D A2 D2 F6
52.140000000,0x1A4,9D F0 10 59 D9 F3 12 CA
52.140000000,0x316,65 EE DD 93 85 16 0F DB
52.140000000,0x427,EC 5E FF E4 AF 28 48 8A
52.150000000,0x1A4,F4 07 0C 59 B6 DE F8 51
52.150000000,0x316,DC 5A 52 8E F7 EC 8F F0
52.150000000,0x427,FD 1C DD 4E 90 94 4B 44
52.160000000,0x1A4,CD E1 01 59 D0 A6 45 1F
52.160000000,0x316,60 DE 35 7D 59 94 8B B9
52.160000000,0x427,5A EE 04 A5 6E F7 88 76
52.170000000,0x1A4,76 90 FB D8 8D 80 60 BE
52.170000000,0x316,9C EF EB E1 35 EB 3B 7E
52.170000000,0x427,8E 9A 07 38 59 1B 5C 29
52.180000000,0x1A4,CF EF F0 D8 53 02 A1 64
52.180000000,0x316,25 23 33 4A 45 42 44 3F
52.180000000,0x427,08 40 20 F1 9E E7 01 05
52.190000000,0x1A4,CF EB EF D8 8E DB 26 55
52.190000000,0x316,AA 61 D3 42 47 07 8D DD
52.190000000,0x427,22 58 FF 40 A0 2D DE 93
52.200000000,0x1A4,A3 31 E6 D8 92 E1 FC F3
52.200000000,0x316,11 E0 61 C6 EA 9E 84 7F
52.200000000,0x427,DE 71 78 9C 28 69 2A B7
52.210000000,0x1A4,2D 8D DB D8 CF 8F D1 1D
52.210000000,0x316,32 A8 32 2E B0 77 AD E4
52.210000000,0x427,6A 3C 63 72 0E 04 86 9A
52.220000000,0x1A4,06 9E D2 D8 63 D9 12 D9
52.220000000,0x316,E4 36 51 DC FF 5E 0F 95
52.220000000,0x427,5F EF 54 70 82 2A B0 00
52.230000000,0x1A4,75 C7 C9 58 5D E3 2F 92
52.230000000,0x316,97 ED A0 2C 70 20 AD 70
52.230000000,0x427,75 D1 E3 11 CE B3 7E 29
52.240000000,0x1A4,5C 27 C1 58 6D 9B C3 54
52.240000000,0x316,0F ED 19 3F 22 32 AE AA
52.240000000,0x427,89 B1 AC E6 47 A0 8C 98
52.250000000,0x1A4,74 56 B8 58 9A B0 7E C2
52.250000000,0x316,FE 79 E9 86 FA 3D 21 E9
52.250000000,0x427,AF 53 69 7F 40 F5 00 B8
52.260000000,0x1A4,78 A8 B5 58 AD 3F D8 36
52.260000000,0x316,55 1A 86 7D 00 28 3A B5
52.260000000,0x427,52 CD 37 E5 35 B2 47 D1
52.270000000,0x1A4,2E 32 AE 58 B4 03 66 23
52.270000000,0x316,81 42 5F 94 46 33 84 F3
52.270000000,0x427,34 8D ED 8E CF 3A 20 F2
52.280000000,0x1A4,E7 2D A4 D8 EC 92 D9 84
52.280000000,0x316,DC 07 37 3E CD 7A 73 21
52.280000000,0x427,A1 90 34 26 E4 24 30 07
52.290000000,0x1A4,EB 40 9C D8 5C 42 DB AC
52.290000000,0x316,3A 28 B4 C0 C8 93 DA F8
52.290000000,0x427,2A FE 3A 19 56 C4 7C 22
52.300000000,0x1A4,E6 5B 91 D8 C2 3D 43 5D
52.300000000,0x316,06 6C AA 65 A4 0D AD BA
52.300000000,0x427,D0 D3 63 CA C0 4C E2 B9
52.310000000,0x1A4,07 23 8C D8 7B FD E5 0D
52.310000000,0x316,19 62 48 8C 52 A2 3D 30
52.310000000,0x427,B0 2E 5B 2C 7E E5 A3 09
52.320000000,0x1A4,24 A2 84 D8 2A 19 62 0B
52.320000000,0x316,6F 75 EB 43 1F AF D0 C2
52.320000000,0x427,2A B5 E0 8D 14 87 2B 7D
52.330000000,0x1A4,02 D3 78 D8 95 BD 92 CF
52.330000000,0x316,F9 F0 91 F0 25 A6 9E AF
52.330000000,0x427,28 EB 83 E2 93 B1 31 77
52.340000000,0x1A4,C0 8A 74 D8 04 CD E2 80
52.340000000,0x316,C0 AB 83 81 3A 66 16 DD
52.340000000,0x427,A5 D3 A4 91 56 03 39 70
52.350000000,0x1A4,52 92 6C 58 94 3B 00 AF
52.350000000,0x316,4A F2 E8 35 DF 64 7D B1
52.350000000,0x427,07 67 6F BD 25 E8 D7 B8
52.360000000,0x1A4,F7 CA 67 D8 C2 60 E6 E0
52.360000000,0x316,7E 08 48 5F E0 4F D7 AA
52.360000000,0x427,F5 6D AB 83 88 39 7C 5B
52.370000000,0x1A4,12 A1 5D 58 3A A7 9E 3C
52.370000000,0x316,B4 6C 2E A3 90 13 F5 88
52.370000000,0x427,0F D8 F3 64 03 18 9F EC
52.380000000,0x1A4,DC E5 55 58 05 15 77 CC
52.380000000,0x316,17 A1 7D D6 48 11 2C EC
52.380000000,0x427,05 C5 27 C0 AB 76 53 CA
52.390000000,0x1A4,4A 27 4F D8 AF C8 48 D0
52.390000000,0x316,F1 EA C0 C4 80 21 5A 0A
52.390000000,0x427,1D F5 B5 33 F6 32 70 04
52.400000000,0x1A4,26 8A 43 58 E7 8A 5D FA
52.400000000,0x316,34 A8 56 4D A0 53 7D 3C
52.400000000,0x427,08 E3 2B EC EB 35 4A 63
52.410000000,0x1A4,12 62 39 D8 60 99 FE 14
52.410000000,0x316,41 64 8E D0 AB 3B 9A 92
52.410000000,0x427,E5 71 ED DA AE E1 53 CB
52.420000000,0x1A4,57 FC 37 D8 E4 A1 1B 52
52.420000000,0x316,A6 EF 06 1C AF A2 D0 75
52.420000000,0x427,B8 24 00 11 F3 9D CD 58
52.430000000,0x1A4,AC 9F 2E D8 29 F0 2F DF
52.430000000,0x316,CC AD BA 29 7A 84 3F F4
52.430000000,0x427,F0 ED C5 35 5C D3 3B DF
52.440000000,0x1A4,E7 70 23 D8 30 58 0D 92
52.440000000,0x316,2F B3 06 E6 8D 9F B4 ED
52.440000000,0x427,8E 8A 1A DE 64 27 F4 17
52.450000000,0x1A4,46 E1 18 58 B9 ED 68 C7
52.450000000,0x316,9D FA 32 26 F9 DB 95 A4
52.450000000,0x427,31 9F C2 93 41 F9 DF 2A
52.460000000,0x1A4,D5 FE 12 D8 87 D0 46 ED
52.460000000,0x316,E7 FF D1 BA 1B 9C 1B F1
52.460000000,0x427,5E BC 3D 96 87 B3 D0 BF
52.470000000,0x1A4,59 C0 0E 58 DA 73 FC A9
52.470000000,0x316,BE D3 26 06 0E 72 AC 17
52.470000000,0x427,55 B0 83 4D 20 25 E7 32
52.480000000,0x1A4,CA 28 04 58 E6 8A F5 46
52.480000000,0x316,C0 77 5C A7 8C DF 2B DE
52.480000000,0x427,22 DB 23 BC 36 DD E9 82
52.490000000,0x1A4,9F B3 FE 57 87 25 83 0E
52.490000000,0x316,54 49 B1 9C 22 75 C0 D2
52.490000000,0x427,BA DA 42 32 9D 2F 62 E9
52.500000000,0x1A4,AE F1 F1 57 02 BA 98 93
52.500000000,0x316,5B BD 63 6A DE 67 FF FD
52.500000000,0x427,6C 40 58 78 55 68 28 15
52.510000000,0x1A4,34 E5 ED 57 D6 63 D0 AF
52.510000000,0x316,79 A1 EE 97 20 2B F7 7F
52.510000000,0x427,A2 35 CA 17 76 94 D3 9B
52.520000000,0x1A4,C5 7B E0 D7 5C CA 7B 1D
52.520000000,0x316,3C C8 2A 25 C8 7F D7 65
52.520000000,0x427,76 05 65 0C B2 56 1F A2
52.530000000,0x1A4,1B 76 DB 57 FD 52 54 BB
52.530000000,0x316,DC 89 DB 26 56 50 95 1D
52.530000000,0x427,9A 0C 0E 35 23 AA 4B 28
52.540000000,0x1A4,63 70 D2 57 4C 13 E2 DD
52.540000000,0x316,25 34 D1 AF 09 72 8A EC
52.540000000,0x427,83 8B 4D B3 F4 07 CA F5
52.550000000,0x1A4,68 27 C9 57 79 11 FD 68
52.550000000,0x316,4D 01 70 77 F3 50 AE C0
52.550000000,0x427,B8 BD 01 A9 71 1F BF 23
52.560000000,0x1A4,22 67 C2 57 63 83 7B 1D
52.560000000,0x316,6A 27 18 9B F4 F4 78 C5
52.560000000,0x427,B8 3C FB BE E6 69 66 AC
52.570000000,0x1A4,99 35 B8 57 07 D8 AD 1D
52.570000000,0x316,18 89 DA 1C C5 E5 F0 61
52.570000000,0x427,B7 1A 17 67 F3 DF C0 1A
52.580000000,0x1A4,0E 13 B7 57 72 10 CD E9
52.580000000,0x316,10 D0 42 2E 55 C1 B6 0A
52.580000000,0x427,29 06 F7 1E 62 00 15 9E
52.590000000,0x1A4,03 69 AF D7 6F BC 2B 08
52.590000000,0x316,00 3C 4D 72 79 07 D0 22
52.590000000,0x427,61 7C 16 B9 87 D8 CA 57
52.600000000,0x1A4,4F 54 A6 D7 7A B3 19 BE
52.600000000,0x316,A2 93 EF EC 5F B7 76 87
52.600000000,0x427,B8 36 8C C2 E0 F9 08 70
52.610000000,0x1A4,B9 EC 99 D7 F9 16 A9 3F
52.610000000,0x316,22 F0 AC 32 F2 73 EC EC
52.610000000,0x427,92 39 7B 9F 7E 85 2C BF
52.620000000,0x1A4,A6 5E 94 D7 27 8D CE 36
52.620000000,0x316,5D 57 7A 09 B4 2B 2A 4B
52.620000000,0x427,CC FA 66 92 35 0C 44 31
52.630000000,0x1A4,9B 69 8B 57 3C 44 5A 61
52.630000000,0x316,22 28 5A 56 C6 D3 59 35
52.630000000,0x427,9B 06 41 89 CB C6 6E 03
52.640000000,0x1A4,3A DC 83 D7 80 4E C8 2D
52.640000000,0x316,18 60 91 74 AC 75 8F A6
52.640000000,0x427,9D B7 7A E0 26 DD 46 AA
52.650000000,0x1A4,3F AF 7E D7 2D D2 2C 4D
52.650000000,0x316,F9 73 D2 C6 48 C7 5F 85
52.650000000,0x427,B0 77 87 1A 8E 44 4E 26
52.660000000,0x1A4,08 1A 75 D7 9E D3 F5 C8
52.660000000,0x316,B1 19 34 48 4A 53 17 2D
52.660000000,0x427,E8 A8 B7 19 F5 D2 10 17
52.670000000,0x1A4,77 BE 69 57 02 49 D0 05
52.670000000,0x316,EB C1 32 CA AC 6C F2 8E
52.670000000,0x427,72 D2 DB AE 6F 8B 10 65
52.680000000,0x1A4,0A D5 66 D7 CD 5D 5A 86
52.680000000,0x316,B2 18 FF 23 C1 89 03 EC
52.680000000,0x427,AD D4 4F 56 F4 B9 1E DC
52.690000000,0x1A4,0D ED 5C 57 15 E3 90 93
52.690000000,0x316,E6 6C 38 AA 96 A1 9E 53
52.690000000,0x427,0B 4B 63 FB F8 63 77 22
52.700000000,0x1A4,23 CB 56 57 28 A4 A8 98
52.700000000,0x316,5E 05 66 49 7C CF 25 60
52.700000000,0x427,D8 85 F9 20 4D A4 61 04
52.710000000,0x1A4,C3 AC 49 D7 F2 BC BF D2
52.710000000,0x316,EE 11 66 97 22 4D 93 31
52.710000000,0x427,8C 34 5C B3 D5 AC CC D8
52.720000000,0x1A4,42 D5 41 57 D5 F2 9B FE
52.720000000,0x316,E2 A2 B9 F7 B0 FB 97 59
52.720000000,0x427,56 16 B9 B8 35 29 68 61
52.730000000,0x1A4,49 0B 3B D7 A1 60 7D CA
52.730000000,0x316,19 87 E6 10 D5 9B 7A CF
52.730000000,0x427,2F 0E FB BD E7 65 69 BC
52.740000000,0x1A4,47 54 30 D7 E5 01 51 00
52.740000000,0x316,DF 36 2C CE 92 67 42 EE
52.740000000,0x427,4D 37 F1 36 1B 5E 36 B7
52.750000000,0x1A4,89 45 2D D7 55 78 A1 91
52.750000000,0x316,4C BE A0 98 9D 91 61 58
52.750000000,0x427,F1 EE D1 20 B1 E3 7A C7
52.760000000,0x1A4,E6 B8 26 D7 95 8F 5D 95
52.760000000,0x316,CC 6D 1E 7F CF 7A D0 D2
52.760000000,0x427,04 EA 5F 04 86 B9 BF C6
52.770000000,0x1A4,83 01 18 57 F5 C7 96 3A
52.770000000,0x316,7A E1 08 F8 FA EE 27 74
52.770000000,0x427,58 DE 5F 1E F6 2E 52 24
52.780000000,0x1A4,73 AC 14 57 ED 69 D5 30
52.780000000,0x316,41 3A 82 6C D2 39 67 EF
52.780000000,0x427,2A 7A E8 5B 5D CF B8 8C
52.790000000,0x1A4,1F 9C 0E 57 95 CD 25 8A
52.790000000,0x316,80 6F DF 5D 2B 99 2A 63
52.790000000,0x427,3A F5 93 4E 45 ED 37 C3
52.800000000,0x1A4,EB 93 04 D7 1E 8B 5D 21
52.800000000,0x316,44 75 46 36 6F E0 A9 D8
52.800000000,0x427,00 3C EC 06 CF 3C 65 42
52.810000000,0x1A4,55 F9 FE D6 A1 DB 2F 13
52.810000000,0x316,0C AC 5A E3 54 02 1E BE
52.810000000,0x427,00 28 4D C7 5D CB FA 27
52.820000000,0x1A4,F3 B4 F0 56 CE 78 0E 24
52.820000000,0x316,9F 31 77 FD A7 AE 5A 7B
52.820000000,0x427,85 9E 20 EE 99 D8 C6 0D
52.830000000,0x1A4,26 53 EE 56 FB 52 84 1F
52.830000000,0x316,8B 67 A0 5C 4A 90 3F 9D
52.830000000,0x427,F7 CE 75 29 D6 17 B4 7A
52.840000000,0x1A4,73 27 E6 56 78 2E BA 8E
52.840000000,0x316,52 F4 AE 7E AC 78 26 47
52.840000000,0x427,94 68 70 0F BD 08 96 2A
52.850000000,0x1A4,2F 71 DC D6 50 9F 92 9E
52.850000000,0x316,31 AE BF 0F F5 F4 6F 71
52.850000000,0x427,66 F6 05 B8 26 56 B7 B8
52.860000000,0x1A4,F5 4F D0 D6 31 0B DB 15
52.860000000,0x316,C8 8E 64 6E 96 5E 1B 6D
52.860000000,0x427,0A B1 A9 DC D5 7F 3F 97
52.870000000,0x1A4,A1 B8 CA 56 72 30 8F 69
52.870000000,0x316,AA 65 6B 3A 31 DE 46 21
52.870000000,0x427,DD 2C 61 20 A7 AC 29 DC
52.880000000,0x1A4,26 C0 C1 56 81 B5 F2 87
52.880000000,0x316,F2 93 6C A6 94 82 F5 F1
52.880000000,0x427,E9 CC AF E6 D3 F3 66 1B
52.890000000,0x1A4,60 E4 BE 56 CA 80 C6 51
52.890000000,0x316,1C F3 D4 42 B7 33 F2 F3
52.890000000,0x427,54 B8 32 DD 50 E8 99 28
52.900000000,0x1A4,7F 94 B0 D6 F1 16 EB E0
52.900000000,0x316,94 07 38 AF 07 5E B9 A1
52.900000000,0x427,55 CC 5C A4 FC 98 F0 01
52.910000000,0x1A4,A7 4D AA 56 B0 E8 81 B3
52.910000000,0x316,AE 4C D8 B5 47 F3 CF DD
52.910000000,0x427,8B A1 13 49 52 40 4A 08
52.920000000,0x1A4,FA 2B A4 56 AF 8A 03 0F
52.920000000,0x316,AF FD EB 1F 37 F2 50 04
52.920000000,0x427,EB 2A BB 9D FA CE F9 5C
52.930000000,0x1A4,0E 69 99 D6 8B 63 B4 E7
52.930000000,0x316,36 78 D1 67 70 05 E3 F4
52.930000000,0x427,7A 38 13 7F 2D 5F 7E 90
52.940000000,0x1A4,C6 70 91 D6 47 AE B6 C4
52.940000000,0x316,C1 77 CC A3 75 C6 93 73
52.940000000,0x427,0A 59 5A 5E 78 1F 56 6C
52.950000000,0x1A4,6E 6F 8E D6 7F 51 6E C9
52.950000000,0x316,5B 15 EA 4E 6F CB 76 9F
52.950000000,0x427,DF 21 9C 10 33 84 F2 5E
52.960000000,0x1A4,07 25 8C 56 5A 4B 12 97
52.960000000,0x316,E9 5B 54 AD D3 EE 43 C7
52.960000000,0x427,EC 84 7F FF 25 A2 18 59
52.970000000,0x1A4,AD 69 81 56 30 9E F8 48
52.970000000,0x316,A3 F2 D7 6C DA F6 EF D7
52.970000000,0x427,31 D0 27 2C 36 FE 1D F2
52.980000000,0x1A4,8A 3F 78 56 4E F7 53 40
52.980000000,0x316,88 32 C5 7A 46 B4 71 D7
52.980000000,0x427,A1 AB 3E 1B AD 33 09 23
52.990000000,0x1A4,72 92 76 D6 35 EA 61 CF
52.990000000,0x316,7B 0F 48 40 48 FA 34 76
52.990000000,0x427,7C BD 26 6F DA 0B B3 00
53.000000000,0x1A4,FD AC 6D 56 23 AF 4B 0B
53.000000000,0x316,C7 A3 10 8E 08 BD 34 0F
53.000000000,0x427,0D 77 E7 C4 FB A4 56 1E
53.010000000,0x1A4,50 2B 39 D6 BD 0C 9A C8
53.010000000,0x316,AC 7F A1 83 6E 20 65 1F
53.010000000,0x427,35 3C EA 09 9F 55 0C 35
53.020000000,0x1A4,DE 3B 0A 56 20 5B 5C CE
53.020000000,0x316,93 F5 55 E9 D3 42 97 BC
53.020000000,0x427,BB 3D E3 CA C9 5D 9E 69
53.030000000,0x1A4,97 AD D8 D5 DC 82 D7 3A
53.030000000,0x316,CA 51 B2 19 9F 03 07 73
53.030000000,0x427,92 29 0D 66 8A 13 B3 46
53.040000000,0x1A4,E3 14 A9 D5 BD 2F 76 F1
53.040000000,0x316,6E F9 08 17 BD 11 2E 7D
53.040000000,0x427,12 99 70 29 AD 80 7E 6C
53.050000000,0x1A4,AC EB 7A D5 B4 5E E9 0A
53.050000000,0x316,40 01 5C 8B 48 6C 5C 03
53.050000000,0x427,64 68 50 84 1E 10 F1 18
53.060000000,0x1A4,57 43 4D D5 F5 24 0D BA
53.060000000,0x316,71 DD 91 AB D3 28 C2 5D
53.060000000,0x427,9C 7A A0 72 29 B5 7E 1B
53.070000000,0x1A4,EE FC 1B 55 D9 4A BE 97
53.070000000,0x316,EB AB CD 07 32 99 51 DE
53.070000000,0x427,38 54 44 B8 48 CA B1 1B
53.080000000,0x1A4,72 3F ED D4 8A 6E BC 57
53.080000000,0x316,88 40 4D B4 AA BF 90 0F
53.080000000,0x427,5C 02 A5 76 0C 88 9D 15
53.090000000,0x1A4,B7 5A BB 54 3C 15 24 82
53.090000000,0x316,41 0B DE 0A 84 25 99 68
53.090000000,0x427,52 64 F5 73 F0 CF 06 1A
53.100000000,0x1A4,20 D2 8A 54 11 48 CB 0D
53.100000000,0x316,9F 1A 42 76 A8 58 6E B6
53.100000000,0x427,79 21 AC 3A A7 14 07 55
53.110000000,0x1A4,3A B7 5F 54 BF A8 01 F8
53.110000000,0x316,D3 83 3C 0C D6 94 20 D0
53.110000000,0x427,CA 56 C7 DE 9E 5D A8 49
53.120000000,0x1A4,34 6F 2A 54 EF E7 4F F8
53.120000000,0x316,11 92 DB 87 F1 F8 31 F4
53.120000000,0x427,D3 4C 8A 46 19 E2 F5 7D
53.130000000,0x1A4,CD 4D FC 53 D1 12 12 33
53.130000000,0x316,11 15 10 CD 27 D8 8E 66
53.130000000,0x427,CB 87 CB 2C 59 98 3C 1D
53.140000000,0x1A4,43 96 CD D3 1E 56 51 32
53.140000000,0x316,A8 A5 58 06 4D 44 76 04
53.140000000,0x427,63 70 AC 90 24 75 62 6F
53.150000000,0x1A4,07 96 9D 53 D4 B5 53 59
53.150000000,0x316,4C F2 1C 88 9D EF 01 DC
53.150000000,0x427,52 06 33 87 A4 54 26 AD
53.160000000,0x1A4,3A 23 6F 53 CB C8 62 72
53.160000000,0x316,07 55 08 6D FB 87 12 B4
53.160000000,0x427,25 B9 F2 6D ED F5 9D 98
53.170000000,0x1A4,4A 75 3E 53 CA 44 05 7F
53.170000000,0x316,BC 5F 99 07 37 2B 5E 34
53.170000000,0x427,A2 D9 D8 1E 7E 98 AE 8F
53.180000000,0x1A4,B7 43 0E 53 09 79 71 55
53.180000000,0x316,5D 5B EF 32 27 30 F0 FF
53.180000000,0x427,B3 FB C9 AB 08 3B BC CD
53.190000000,0x1A4,96 68 DE D2 C4 C9 E9 C6
53.190000000,0x316,22 29 4B 33 2E E8 61 9B
53.190000000,0x427,21 79 0F 67 62 EB 15 28
53.200000000,0x1A4,A8 F5 AC D2 89 61 53 CF
53.200000000,0x316,74 7B 61 EB 1D 4B 51 F0
53.200000000,0x427,AE 83 81 70 4A 2D 06 EC
53.210000000,0x1A4,DC A2 7C 52 77 D7 9C D6
53.210000000,0x316,67 5A FE 6F C2 37 BF E3
53.210000000,0x427,04 8C C4 64 71 B4 D2 6F
53.220000000,0x1A4,04 C8 4C D2 EA 32 1F 26
53.220000000,0x316,EB FA 34 14 BA 86 6D 5A
53.220000000,0x427,CD 34 CC 95 8A 30 67 10
53.230000000,0x1A4,8D 3A 1D D2 FD 8A 94 3D
53.230000000,0x316,96 4C A8 D4 B8 84 62 23
53.230000000,0x427,ED F0 10 B3 C4 55 8F DA
53.240000000,0x1A4,9E D2 E9 51 AA E9 DB 04
53.240000000,0x316,D1 B2 36 08 EF 9E BD 0E
53.240000000,0x427,17 AB D5 FA E5 DC 18 44
53.250000000,0x1A4,46 FB B9 51 AA 98 30 6A
53.250000000,0x316,98 BB F1 6C 55 8E A4 19
53.250000000,0x427,DA 90 83 4F 81 8B 0F F7
53.260000000,0x1A4,0A 9F 90 51 8F 6E 78 A0
53.260000000,0x316,80 4B DD 96 B6 08 62 06
53.260000000,0x427,8E F9 4D C1 DE 13 5C 11
53.270000000,0x1A4,7B E5 63 D1 42 9A D1 1D
53.270000000,0x316,9A A6 F2 0C 44 18 6A 72
53.270000000,0x427,54 DF A8 96 B0 CC 53 7C
53.280000000,0x1A4,44 23 32 D1 97 D0 A4 77
53.280000000,0x316,D0 A8 D3 1F E7 46 F7 E9
53.280000000,0x427,97 D2 97 40 7B D1 8F 09
53.290000000,0x1A4,53 A4 07 51 15 F3 BF BF
53.290000000,0x316,C9 D7 B4 A7 33 ED 3F 43
53.290000000,0x427,D0 8F E7 95 34 59 67 3C
53.300000000,0x1A4,6C 96 D3 D0 E4 84 AD C4
53.300000000,0x316,45 9C 04 F1 57 24 52 8D
53.300000000,0x427,E6 D2 64 11 B3 65 0F D2
53.310000000,0x1A4,19 DE A3 D0 8F 93 1B 90
53.310000000,0x316,65 93 DD C1 F2 DD 2E B3
53.310000000,0x427,70 AA A0 DB B7 34 1F B5
53.320000000,0x1A4,64 1A 76 D0 C8 C3 49 B2
53.320000000,0x316,90 A3 01 45 FC BA FC 92
53.320000000,0x427,C8 5E C6 00 22 EB A6 50
53.330000000,0x1A4,E5 80 41 50 91 05 EF AA
53.330000000,0x316,52 2D 5B FF C8 B8 2D B5
53.330000000,0x427,9E E1 D6 10 4C 04 11 51
53.340000000,0x1A4,2A 38 12 D0 0E 18 10 2C
53.340000000,0x316,B9 F8 D3 0A 84 DE 69 41
53.340000000,0x427,2C 8E 4D 9C C3 8A DD 9B
53.350000000,0x1A4,91 53 E0 CF BF AB B3 09
53.350000000,0x316,FC 12 CE CE D7 05 F3 96
53.350000000,0x427,B6 67 31 4C 74 88 86 A5
53.360000000,0x1A4,4A 76 B3 CF BE 28 12 99
53.360000000,0x316,19 B2 5B D2 43 38 35 7F
53.360000000,0x427,F0 0C E4 ED 70 93 9E E9
53.370000000,0x1A4,D2 BB 8E 4F 2C 0B 88 C8
53.370000000,0x316,6E F7 29 9B E6 DB 78 87
53.370000000,0x427,4E D7 5C FD DC BD 29 7E
53.380000000,0x1A4,8C BE 5D CF C3 23 43 39
53.380000000,0x316,8A 17 E5 A5 B1 9D AB 10
53.380000000,0x427,3D A1 DB 32 B7 67 97 76
53.390000000,0x1A4,76 06 2F CF C4 70 63 70
53.390000000,0x316,67 5D 66 AF D3 88 CA 1E
53.390000000,0x427,8E 5E 4C D0 97 AB 21 6A
53.400000000,0x1A4,7C 40 F9 4E CE 5A 5D 9A
53.400000000,0x316,82 89 79 8E B2 E3 F9 BF
53.400000000,0x427,36 E2 E8 4A CC 4D 20 1A
53.410000000,0x1A4,6C E7 CF 4E 0D A7 77 E8
53.410000000,0x316,F3 03 CB 61 6E 81 98 F4
53.410000000,0x427,EB DC 7D 19 AA 27 00 26
53.420000000,0x1A4,72 5C 9E 4E E1 09 26 7C
53.420000000,0x316,4F 39 62 49 3E 14 DA F3
53.420000000,0x427,49 17 92 0C A2 5C 2A 7C
53.430000000,0x1A4,A6 31 6A 4E BC 3A 2E 92
53.430000000,0x316,D5 FC 23 44 6B C6 8C 3F
53.430000000,0x427,B9 79 B9 3B F2 F0 B6 D4
53.440000000,0x1A4,21 12 38 4E EB 37 1F C3
53.440000000,0x316,9C 88 83 52 0A 44 D8 6F
53.440000000,0x427,D5 17 DA 2E 0C DD FF 35
53.450000000,0x1A4,BA EE 11 CE BF B6 5A B0
53.450000000,0x316,83 FD 8F F7 B3 79 F0 83
53.450000000,0x427,0C 86 73 AB 47 24 4A 97
53.460000000,0x1A4,42 DF E1 CD C1 D7 02 4A
53.460000000,0x316,2E 92 36 95 A1 C2 86 91
53.460000000,0x427,9F D7 76 E9 D0 11 2B 1D
53.470000000,0x1A4,34 44 B4 CD FD C0 4C 9C
53.470000000,0x316,D4 82 31 72 40 6E 98 CE
53.470000000,0x427,01 CA C0 03 9E 9F 26 11
53.480000000,0x1A4,3A 01 84 CD 7C 5F 92 D2
53.480000000,0x316,44 F0 3B E9 F8 F4 9C 43
53.480000000,0x427,32 CB 46 2A F8 23 28 E2
53.490000000,0x1A4,95 0E 50 4D 1A 7E 1E D9
53.490000000,0x316,C5 86 F0 FC F0 51 AC F4
53.490000000,0x427,CD E1 0A A9 CA A2 BA 23
53.500000000,0x1A4,71 0D 24 4D 39 22 DF 36
53.500000000,0x316,3D E8 9E 77 D3 13 0D 0D
53.500000000,0x427,2B 7A FC 83 8E 2C F3 75
53.510000000,0x1A4,F0 4F F7 CC 1B 8E 71 E7
53.510000000,0x316,AE 81 61 8A 62 D3 20 D8
53.510000000,0x427,60 45 E9 2B E1 93 0E 1B
53.520000000,0x1A4,1C 33 CA 4C F5 61 26 69
53.520000000,0x316,19 66 0F 0E 0E 93 4D D7
53.520000000,0x427,51 2E 8A 28 42 4D 27 A9
53.530000000,0x1A4,8F E6 9C CC 0F 84 C5 A8
53.530000000,0x316,15 9D 05 07 1D B9 7D A1
53.530000000,0x427,6E C2 A1 CD BC 9A 12 A9
53.540000000,0x1A4,0C 8A 6D CC B6 08 6E 42
53.540000000,0x316,FA 08 57 18 84 A7 80 D9
53.540000000,0x427,16 BB 4E EE 66 4D E5 E6
53.550000000,0x1A4,75 4C 3F CC 76 1E B6 8B
53.550000000,0x316,22 40 97 F1 3C 39 26 F9
53.550000000,0x427,71 71 97 CC 2B 99 6C 15
53.560000000,0x1A4,59 C5 0E 4C 7E 7D 8F 5E
53.560000000,0x316,40 4F 31 AF 5C 47 AA B3
53.560000000,0x427,32 AA 3C C0 48 5E 7E 9D
53.570000000,0x1A4,FE EA D9 CB D8 08 51 83
53.570000000,0x316,FA FA 70 98 07 14 24 81
53.570000000,0x427,9C 25 8C E2 35 9C 38 FE
53.580000000,0x1A4,E2 A9 B0 CB 6F BF AF 95
53.580000000,0x316,E9 27 D6 72 C8 F4 9C E6
53.580000000,0x427,A0 F6 87 25 79 13 BF E5
53.590000000,0x1A4,D9 31 81 4B C8 4E 60 15
53.590000000,0x316,7E E0 DB F9 F1 EB C7 71
53.590000000,0x427,1A A9 67 F6 63 DE BC 05
53.600000000,0x1A4,F4 FA 57 CB FC 76 16 D6
53.600000000,0x316,12 B8 99 89 CF 2C EF 80
53.600000000,0x427,6A F5 3E A0 55 0F 70 96
53.610000000,0x1A4,DC DB 26 CB A0 25 2E 4A
53.610000000,0x316,9D 85 84 ED 45 2B 57 A9
53.610000000,0x427,C9 8A 1A 82 6F 31 D1 07
53.620000000,0x1A4,BB BC F0 CA D5 5C 02 D2
53.620000000,0x316,88 63 F5 D9 EC 74 13 12
53.620000000,0x427,CC 39 73 F8 E1 2A EF 8B
53.630000000,0x1A4,31 5F C6 CA ED F8 24 66
53.630000000,0x316,A3 E7 E7 E4 8C B3 91 42
53.630000000,0x427,87 6B DA 4D 9A 92 FC 88
53.640000000,0x1A4,37 BD 9B 4A 72 B4 24 29
53.640000000,0x316,6F 52 01 C2 EB 3C C8 1E
53.640000000,0x427,50 D4 87 73 82 B0 61 F2
53.650000000,0x1A4,2B 4D 6B CA 61 36 29 E2
53.650000000,0x316,33 26 26 5B BF 45 9E 85
53.650000000,0x427,20 7E 5D 83 94 3B C9 BC
53.660000000,0x1A4,61 93 3E CA 8E EB AE 3B
53.660000000,0x316,60 CC 32 92 76 73 9C FB
53.660000000,0x427,4D 03 BB 70 EC 03 F7 F8
53.670000000,0x1A4,3F CA 08 CA 5B 4F B1 5F
53.670000000,0x316,FF FF 0A 70 EB C6 B8 EE
53.670000000,0x427,D0 E4 F3 02 1E 71 02 8A
53.680000000,0x1A4,BD E0 DD 49 20 85 CC 0F
53.680000000,0x316,31 BB D6 CF 1A D0 93 06
53.680000000,0x427,F9 A2 6E 42 23 AA 43 8A
53.690000000,0x1A4,45 8C B4 49 B9 A9 35 6B
53.690000000,0x316,AD 39 6C 79 67 81 F8 51
53.690000000,0x427,3D 91 28 79 56 40 A5 AA
53.700000000,0x1A4,FD 87 84 49 05 EF 2C D4
53.700000000,0x316,69 26 B4 D7 30 56 09 2E
53.700000000,0x427,7F 18 95 D7 AE B0 5C 30
53.710000000,0x1A4,C7 0E 50 49 B1 E3 3C 90
53.710000000,0x316,79 F3 CA 15 2B AE AF 4C
53.710000000,0x427,8B 82 7E 98 97 0C 3A 67
53.720000000,0x1A4,75 C9 24 49 84 73 BD C3
53.720000000,0x316,86 2E E0 A5 A9 FB 00 AB
53.720000000,0x427,A4 27 83 15 07 5E 24 EF
53.730000000,0x1A4,72 9C FF 48 C9 3A CA 82
53.730000000,0x316,DF EA 17 E4 20 50 EB 7F
53.730000000,0x427,86 93 A1 AC 7A 3A 30 D1
53.740000000,0x1A4,B2 6A CE C8 82 FD 39 45
53.740000000,0x316,9A 56 9D CA 26 57 54 2A
53.740000000,0x427,99 28 93 99 BD 24 A0 AB
53.750000000,0x1A4,7A D3 98 48 AE C5 47 8F
53.750000000,0x316,C3 32 60 E7 F1 25 33 81
53.750000000,0x427,4C 0A 83 26 1C B3 9E 76
53.760000000,0x1A4,90 99 68 C8 1F 55 8D C0
53.760000000,0x316,60 F6 60 64 F9 DD 1E 94
53.760000000,0x427,3B 27 7A F1 7B 9E C1 FF
53.770000000,0x1A4,EF 37 3F C8 EF 91 22 EE
53.770000000,0x316,A9 18 12 D9 FC 90 25 7A
53.770000000,0x427,A9 23 22 AA 7D D3 A8 A2
53.780000000,0x1A4,9B 76 16 48 AE EC 62 44
53.780000000,0x316,0F E0 0A 0B 1B 54 BE 96
53.780000000,0x427,D4 C4 C9 5A D0 D8 B5 3A
53.790000000,0x1A4,E6 33 E0 C7 71 9C 2F 1E
53.790000000,0x316,0E FB 36 42 39 D4 9B E7
53.790000000,0x427,4A 4C 5C CA 4E CE A3 16
53.800000000,0x1A4,D1 14 B5 C7 B5 C2 BA 94
53.800000000,0x316,66 FD 6B 6C 5E 57 CC 1C
53.800000000,0x427,4D B9 C7 5A 12 AE 59 6D
53.810000000,0x1A4,07 F9 84 47 8B 14 8E 7E
53.810000000,0x316,23 55 4B E6 21 E9 45 8D
53.810000000,0x427,B5 87 6F A4 8F 3C 84 3F
53.820000000,0x1A4,94 CA 59 47 B6 3E CD 7C
53.820000000,0x316,17 EC BB 48 67 E0 97 AC
53.820000000,0x427,B9 A3 CD E4 52 8A F8 CE
53.830000000,0x1A4,56 D1 28 C7 BC 42 9F 8D
53.830000000,0x316,46 62 E5 8E 0E A1 60 39
53.830000000,0x427,05 9A 53 55 73 B3 0D B9
53.840000000,0x1A4,82 6C FC 46 E1 88 A2 5A
53.840000000,0x316,32 EF 64 1B 04 8E 6E C7
53.840000000,0x427,A4 AE 56 EE 73 41 D2 75
53.850000000,0x1A4,BD A0 CE C6 A5 D3 40 CC
53.850000000,0x316,7F FC E6 DB 5A 21 08 CE
53.850000000,0x427,28 0D 9C A8 70 FC 86 AB
53.860000000,0x1A4,77 2B A4 C6 D9 B1 ED 65
53.860000000,0x316,C6 8B 85 2E 92 35 F8 4A
53.860000000,0x427,3A F3 D6 A3 34 1A 90 0B
53.870000000,0x1A4,F0 1E 70 C6 DC AF D0 9A
53.870000000,0x316,17 38 1D ED A6 1B F0 6B
53.870000000,0x427,B4 FE B6 B3 75 5D C0 A3
53.880000000,0x1A4,F8 4E 45 46 5D 3C C8 D5
53.880000000,0x316,65 7A 1D 9C 65 27 56 60
53.880000000,0x427,71 2C 3C 62 8C FB FA 8B
53.890000000,0x1A4,54 D9 17 46 43 2E 69 B8
53.890000000,0x316,06 FD CB 43 89 A1 80 EF
53.890000000,0x427,C0 2E 9F 9C 34 25 E7 6D
53.900000000,0x1A4,B5 19 EF 45 72 4A 01 44
53.900000000,0x316,82 B9 FB 73 DC CF FE 82
53.900000000,0x427,31 08 F9 4F C1 1D D5 26
53.910000000,0x1A4,53 1B BC 45 25 79 A6 71
53.910000000,0x316,85 37 F9 02 A4 AE 27 27
53.910000000,0x427,C3 C2 92 8F 91 57 88 56
53.920000000,0x1A4,D9 69 8A 45 61 A6 CC 62
53.920000000,0x316,CC 5F 70 24 9E 20 E9 28
53.920000000,0x427,5F A5 31 FB A3 74 F4 EE
53.930000000,0x1A4,8E B9 5E 45 84 B5 7A 94
53.930000000,0x316,FD 95 92 C2 1E 9B 3F 3E
53.930000000,0x427,1E 44 55 D3 48 66 5C A1
53.940000000,0x1A4,7E F7 30 45 F5 A2 74 46
53.940000000,0x316,31 1F E9 8A A8 4F F5 8B
53.940000000,0x427,1E C8 03 20 AC 7F 16 00
53.950000000,0x1A4,0D FE 05 C5 E4 A5 B8 F7
53.950000000,0x316,A7 2A E9 92 6B A8 CC F5
53.950000000,0x427,56 75 12 CA 9B 9B 56 C7
53.960000000,0x1A4,46 29 D5 44 7B 37 13 44
53.960000000,0x316,09 FE DC 88 91 F4 6E 66
53.960000000,0x427,AA 40 5F 88 25 22 5A B2
53.970000000,0x1A4,77 8A AE C4 FF 10 5B 3A
53.970000000,0x316,E9 5C 34 9D 34 BD 84 0A
53.970000000,0x427,42 96 5D E1 BD AE 97 6F
53.980000000,0x1A4,C9 89 78 44 67 C6 29 FC
53.980000000,0x316,3E 20 2F 42 28 13 2B 65
53.980000000,0x427,0F 0F C2 7A E5 21 BE 26
53.990000000,0x1A4,95 A5 4F C4 B6 4F CE FC
53.990000000,0x316,AF BE BD C0 47 30 F7 86
53.990000000,0x427,A8 F1 F6 71 BB E6 18 9A
54.000000000,0x1A4,43 5E 1C C4 F7 44 72 11
54.000000000,0x316,51 31 C7 6C A9 62 A5 05
54.000000000,0x427,41 98 8C 9F F5 D6 40 D5
54.010000000,0x1A4,ED A2 F3 43 2D 9F D4 16
54.010000000,0x316,C9 39 C6 4C 9E 08 E8 12
54.010000000,0x427,04 50 E6 36 A0 82 AB FF
54.020000000,0x1A4,46 F9 C6 C3 C0 0A EA 1C
54.020000000,0x316,9D BA 24 96 96 2B 64 E5
54.020000000,0x427,00 58 B6 C1 E1 44 85 FE
54.030000000,0x1A4,3F 95 92 C3 A4 9D 8F 3F
54.030000000,0x316,9F 50 95 5B BD 2A 43 A9
54.030000000,0x427,84 DC 67 C1 27 EE B4 FC
54.040000000,0x1A4,BC 49 6D C3 B3 65 DD A3
54.040000000,0x316,DC E2 9A D0 42 6E CA 29
54.040000000,0x427,47 DF A2 FF 2A 92 1C D2
54.050000000,0x1A4,92 A1 3D C3 01 C5 5E 34
54.050000000,0x316,A9 DB F8 B6 D0 05 4A 68
54.050000000,0x427,18 4C A3 1B E0 E0 8E 3B
54.060000000,0x1A4,EF B2 0D 43 86 D5 A0 79
54.060000000,0x316,CA 34 3F B8 7C 9A 5A 68
54.060000000,0x427,93 2E FA E4 8E D0 1B 00
54.070000000,0x1A4,97 8D DB 42 1C BB C3 2F
54.070000000,0x316,B7 A4 23 FB 9F E9 A5 3F
54.070000000,0x427,A1 E0 35 0B 1B 07 19 EB
54.080000000,0x1A4,B7 BB B7 42 5C 50 3B 52
54.080000000,0x316,D3 44 69 8E 40 C0 D3 82
54.080000000,0x427,A3 4E 2A 18 E1 43 8E 66
54.090000000,0x1A4,7F 7D 83 42 AE 46 9E C7
54.090000000,0x316,90 BB 7E D4 FE F0 48 B3
54.090000000,0x427,E6 42 9D 05 46 66 F6 E8
54.100000000,0x1A4,01 04 53 42 7B AE 3D 5C
54.100000000,0x316,7A BC 0B E8 EF 21 C6 F4
54.100000000,0x427,64 50 46 47 A6 39 1F C0
54.110000000,0x1A4,7C A6 2D 42 61 1D DF 7E
54.110000000,0x316,01 6D 07 25 74 68 1E 43
54.110000000,0x427,9C C6 E3 1F 5F 80 C4 9D
54.120000000,0x1A4,05 AE FC 41 43 8D CD 6D
54.120000000,0x316,05 D3 60 51 90 20 79 A6
54.120000000,0x427,25 B2 14 08 AC AC 7F DF
54.130000000,0x1A4,BB BD C8 41 B2 8B 6F B2
54.130000000,0x316,6D E0 05 4A F9 A7 0A 46
54.130000000,0x427,8D B7 3B 07 F0 92 A6 C9
54.140000000,0x1A4,49 49 A5 C1 99 97 98 6A
54.140000000,0x316,1C B7 ED 66 1A 4E 5A D8
54.140000000,0x427,BA 89 2C 10 CE F2 54 78
54.150000000,0x1A4,A3 5C 77 C1 AB A1 86 BD
54.150000000,0x316,2E 20 F7 7B 3D FC 85 E5
54.150000000,0x427,7B 9B 5B E9 27 7A 6D EE
54.160000000,0x1A4,D6 96 45 C1 99 B3 B9 10
54.160000000,0x316,64 FF BB C5 9C A1 0A 84
54.160000000,0x427,D2 79 74 20 35 F4 3F B3
54.170000000,0x1A4,3E A1 19 41 AD 3E 34 98
54.170000000,0x316,26 1B CA 89 4E 80 BF 92
54.170000000,0x427,95 24 C5 C0 54 5D EF 8B
54.180000000,0x1A4,4E 97 EF C0 07 6E B5 0A
54.180000000,0x316,71 D1 F4 8B 78 B7 81 8A
54.180000000,0x427,45 57 D8 F4 90 66 55 E8
54.190000000,0x1A4,47 94 BF C0 33 E1 BA 00
54.190000000,0x316,46 C1 C5 DD 0D 94 94 66
54.190000000,0x427,1D 9D 33 76 DF FA 54 D5
54.200000000,0x1A4,2A 5C 90 C0 14 E1 3C 25
54.200000000,0x316,87 50 CE 18 86 EE 80 45
54.200000000,0x427,D8 F0 61 14 42 AE 5E 71
54.210000000,0x1A4,CB BD 67 40 61 35 E8 69
54.210000000,0x316,19 40 58 84 19 D3 08 D9
54.210000000,0x427,41 6F CA FE 63 2A C6 1A
54.220000000,0x1A4,08 FA 32 C0 E6 35 FA 39
54.220000000,0x316,4C D9 F8 D6 35 19 92 53
54.220000000,0x427,23 46 5F 9F 6A 05 49 2F
54.230000000,0x1A4,D8 3B 0B C0 41 3D FF 64
54.230000000,0x316,70 35 68 A0 AE 62 64 60
54.230000000,0x427,35 B6 7A F2 07 C6 D8 43
54.240000000,0x1A4,3C 16 D9 BF B4 52 14 6C
54.240000000,0x316,9C DB D0 9D F9 5F C5 A9
54.240000000,0x427,09 D4 D4 89 DF 5C 0E 9E
54.250000000,0x1A4,C8 2A AD BF 0D 7D 46 EA
54.250000000,0x316,63 E0 BC 3F 39 D9 E9 B2
54.250000000,0x427,6D 5D AA F9 02 DA EE 94
54.260000000,0x1A4,8C F4 84 3F 82 77 4C B2
54.260000000,0x316,B6 F8 58 9E 8A 72 AF 8C
54.260000000,0x427,9C 8E BA 70 43 0D C6 4F
54.270000000,0x1A4,56 C8 50 BF 44 9C B8 81
54.270000000,0x316,3D DC 93 61 FE 6B 35 91
54.270000000,0x427,8A 30 F6 4F 79 EE 4D B0
54.280000000,0x1A4,6A 66 2C BF 23 2A E2 DD
54.280000000,0x316,4D A1 1D 17 6C AD CB 53
54.280000000,0x427,CB EA 1C 57 DE 3F 9E 96
54.290000000,0x1A4,68 3D FF 3E CF F0 98 FA
54.290000000,0x316,2B 2F 45 50 57 5F B7 CD
54.290000000,0x427,A9 A3 EF A8 AA F5 9E 0C
54.300000000,0x1A4,87 4B CB 3E B3 1E C6 1F
54.300000000,0x316,F5 40 1B 9D 9D 22 80 22
54.300000000,0x427,E8 FF ED B8 94 26 5F 99
54.310000000,0x1A4,FC 38 A5 BE 84 95 3A 2E
54.310000000,0x316,C1 A0 FF 0E 25 06 46 D8
54.310000000,0x427,32 E5 FC AF 72 A1 F2 C7
54.320000000,0x1A4,8D 43 76 3E B1 9C A3 FE
54.320000000,0x316,CE 35 7F 5C 4A D7 13 3F
54.320000000,0x427,BE FE 6D B2 5D 73 C2 ED
54.330000000,0x1A4,9D 52 41 3E A1 95 9F E3
54.330000000,0x316,91 3A DC B1 1E 98 63 0B
54.330000000,0x427,63 3E EC 59 AA 07 07 1D
54.340000000,0x1A4,D9 A9 1C 3E 61 93 77 79
54.340000000,0x316,4C 8B 1F 14 62 CA 27 6C
54.340000000,0x427,99 C1 C9 AE 5C 29 6B BA
54.350000000,0x1A4,18 86 EE 3D 6C 35 21 3A
54.350000000,0x316,48 4B 20 D5 7D E2 93 98
54.350000000,0x427,CB 67 AE 89 A3 5C B1 C0
54.360000000,0x1A4,1C 6B BB BD 1D 2B 24 8E
54.360000000,0x316,64 93 B8 CE C6 3B 17 65
54.360000000,0x427,4E 3A 07 35 84 F6 D6 6B
54.370000000,0x1A4,8E BB 93 3D 2A 29 A1 3F
54.370000000,0x316,B1 81 29 69 FD 3C D2 F9
54.370000000,0x427,5F 65 98 B5 67 53 CA A5
54.380000000,0x1A4,A2 01 62 3D 09 25 9A 19
54.380000000,0x316,96 44 C1 83 A6 F6 4A 94
54.380000000,0x427,1D 28 89 42 55 1F E1 53
54.390000000,0x1A4,2D D8 3C 3D C1 6D 78 99
54.390000000,0x316,43 A7 49 0E 68 06 05 61
54.390000000,0x427,DB 42 4A 7C 17 35 F7 01
54.400000000,0x1A4,22 35 0D 3D 4F 89 57 06
54.400000000,0x316,C7 13 18 98 5C CF F3 A7
54.400000000,0x427,A4 63 BD A6 F5 CB 88 92
54.410000000,0x1A4,4C 09 DF 3C 44 21 97 CE
54.410000000,0x316,43 79 C9 22 C6 7A 78 4C
54.410000000,0x427,50 34 C5 87 4A 76 A5 F8
54.420000000,0x1A4,69 BA B2 BC 40 45 0E 40
54.420000000,0x316,07 32 CE 2D AB 75 05 0C
54.420000000,0x427,A8 D8 16 4B 02 71 A6 EB
54.430000000,0x1A4,24 86 87 3C 21 DF A6 FF
54.430000000,0x316,7B ED 02 60 52 51 B2 AE
54.430000000,0x427,5A B1 7C DD 45 02 23 46
54.440000000,0x1A4,8E A6 5F BC 00 F3 2C E7
54.440000000,0x316,29 58 95 BD C8 79 8F DC
54.440000000,0x427,C2 52 87 8E 5B 28 07 9D
54.450000000,0x1A4,B1 21 2E 3C 64 4C 6C 6E
54.450000000,0x316,CC 62 5C 7F 3B ED 13 69
54.450000000,0x427,32 F4 CC 0C CE 0B AE 53
54.460000000,0x1A4,6E 90 FF BB AF D9 90 6F
54.460000000,0x316,1F 01 1B 43 CD A4 6D 29
54.460000000,0x427,34 C6 AC 03 CF 0F F8 D1
54.470000000,0x1A4,05 67 D6 BB F3 C3 6F EE
54.470000000,0x316,0B CB 8C 4F 87 4C 93 50
54.470000000,0x427,48 70 70 6C 85 54 7C DD
54.480000000,0x1A4,AC 64 A3 3B 73 8F 72 7D
54.480000000,0x316,0F AB 9A C1 56 BE 6E 71
54.480000000,0x427,99 C8 04 57 CE C6 9A 89
54.490000000,0x1A4,DC 7E 78 BB AE 9D 78 07
54.490000000,0x316,13 D4 3A 92 93 EA 5B 73
54.490000000,0x427,F9 05 53 C8 69 3D F7 F3
54.500000000,0x1A4,27 42 4B 3B 42 00 9C C4
54.500000000,0x316,4E 8B A5 51 B6 5E FA F6
54.500000000,0x427,D7 EF 81 38 2D C1 39 31
54.510000000,0x1A4,5E 9F 18 BB E0 DC A4 81
54.510000000,0x316,81 D2 25 CE 88 E9 CD 9B
54.510000000,0x427,22 6C 65 07 E1 B9 D6 6C
54.520000000,0x1A4,8C C4 F7 3A EE 91 15 3E
54.520000000,0x316,53 CC 66 DB F9 42 40 C8
54.520000000,0x427,0D 7F 99 5E 3F 17 12 42
54.530000000,0x1A4,85 AC C6 BA 8D 27 89 67
54.530000000,0x316,B6 0A 3A E0 05 48 9A 61
54.530000000,0x427,C6 FA 84 C8 B1 82 7C 21
54.540000000,0x1A4,15 A2 9A BA A5 3D 2F A2
54.540000000,0x316,54 F2 2F 2F A2 8D 3A C5
54.540000000,0x427,4F 26 32 6B 3A 58 25 56
54.550000000,0x1A4,1C 6B 6A BA 84 62 08 4A
54.550000000,0x316,A3 8D DF 0D 50 04 C0 1B
54.550000000,0x427,DE 64 80 65 BC A5 F3 A1
54.560000000,0x1A4,14 29 41 3A 2A D6 88 9A
54.560000000,0x316,52 A0 B5 9B F6 87 D6 58
54.560000000,0x427,2F 54 99 3A 5D E3 E3 EC
54.570000000,0x1A4,ED 38 17 3A CB 0D 58 02
54.570000000,0x316,B7 EC DD B1 36 02 92 EE
54.570000000,0x427,88 55 DE AC 4E 48 ED 6C
54.580000000,0x1A4,05 12 E7 39 C2 FE 06 DB
54.580000000,0x316,AE 10 CE 2F 1F 66 50 1E
54.580000000,0x427,C2 C3 C6 2C 26 AF F3 26
54.590000000,0x1A4,0D F2 BA 39 7A E5 58 2E
54.590000000,0x316,4E 73 99 F6 1C D4 14 C3
54.590000000,0x427,FF 4D 56 CC E5 71 B1 73
54.600000000,0x1A4,98 55 8D 39 4A 97 DE F6
54.600000000,0x316,E2 6D A0 E1 37 1F 76 7A
54.600000000,0x427,D3 AE A6 B1 B9 D4 19 A8
54.610000000,0x1A4,2D AF 64 39 31 8C 84 4F
54.610000000,0x316,BD 68 B7 66 6C E1 63 22
54.610000000,0x427,0E FB 88 C3 3B B8 E5 50
54.620000000,0x1A4,C5 77 37 B9 09 B0 3C 11
54.620000000,0x316,07 72 E0 63 53 8D 1A 07
54.620000000,0x427,3C 38 89 1A FF 9B 3D 14
54.630000000,0x1A4,4C D8 0F 39 72 11 EB 47
54.630000000,0x316,21 43 8A B5 3E 42 C6 FB
54.630000000,0x427,93 02 94 19 A1 FB A0 17
54.640000000,0x1A4,73 C4 DC 38 1A E0 24 E9
54.640000000,0x316,AE 01 F0 F8 C3 B3 0E DA
54.640000000,0x427,A1 3B DC 80 02 8D B6 D0
54.650000000,0x1A4,0E 27 A8 B8 34 B6 4E 40
54.650000000,0x316,51 7C 8D 88 90 74 00 CC
54.650000000,0x427,B9 AA 5E 84 DA E3 B0 A3
54.660000000,0x1A4,E8 04 84 38 EA B9 4D FE
54.660000000,0x316,7C 1A 5A 0F 80 08 91 01
54.660000000,0x427,5F AA AF C2 17 33 89 E7
54.670000000,0x1A4,75 D9 53 B8 E5 07 6F 89
54.670000000,0x316,5B F5 D7 03 45 AF BC 1B
54.670000000,0x427,89 6C 7E 79 42 3F BC 96
54.680000000,0x1A4,95 4B 2A B8 DC F1 62 FB
54.680000000,0x316,C1 8F 65 65 49 F2 2F 7B
54.680000000,0x427,CE EF 01 B6 58 CB 99 7E
54.690000000,0x1A4,80 EB FB B7 09 71 0F 8F
54.690000000,0x316,3F EB BA 20 FF 70 25 32
54.690000000,0x427,A4 04 E7 DF 14 01 42 14
54.700000000,0x1A4,B2 76 D2 37 5C 4B ED 93
54.700000000,0x316,52 49 74 98 2E 1D EA E1
54.700000000,0x427,C0 BE 17 F1 B6 CD BD 5B
54.710000000,0x1A4,FF C5 A7 37 C9 01 44 EE
54.710000000,0x316,63 A7 1C C9 0B 2F B3 E5
54.710000000,0x427,32 99 7C 03 96 0E 55 EE
54.720000000,0x1A4,8E 3C 7A B7 1C 3F F0 45
54.720000000,0x316,F0 9D 34 72 71 76 89 22
54.720000000,0x427,FE F0 84 FE 81 16 E1 B7
54.730000000,0x1A4,7B A5 4E 37 C3 22 E3 CA
54.730000000,0x316,43 FA 5B 43 48 49 4D DA
54.730000000,0x427,F9 1B 03 2A 56 E6 7A A3
54.740000000,0x1A4,AD 82 26 B7 72 06 CC 6C
54.740000000,0x316,05 E4 7D 13 2E CC B3 25
54.740000000,0x427,D2 90 FE BA C8 72 64 1C
54.750000000,0x1A4,0D C7 F5 B6 B7 CA 24 2A
54.750000000,0x316,2C 4A B0 0D 7F 32 32 34
54.750000000,0x427,67 F0 5C 87 24 83 50 40
54.760000000,0x1A4,F7 21 C3 36 08 35 44 BC
54.760000000,0x316,96 26 7D C2 0F 75 6E E2
54.760000000,0x427,20 83 8D 7A E8 29 97 57
54.770000000,0x1A4,BC A1 9C 36 73 F7 19 6E
54.770000000,0x316,2D 0E 81 58 8C 84 49 B2
54.770000000,0x427,15 CF B7 96 CA 43 C0 BA
54.780000000,0x1A4,0E 57 68 36 A5 48 CC DD
54.780000000,0x316,90 B4 A7 C0 6D 27 44 88
54.780000000,0x427,2E DE 4F 0C BD 7B 11 76
54.790000000,0x1A4,68 FF 41 B6 99 D3 B0 59
54.790000000,0x316,17 98 44 F9 74 0C AA D1
54.790000000,0x427,1B EE B3 A2 F5 B6 36 2B
54.800000000,0x1A4,48 BD 15 36 38 2C C0 FB
54.800000000,0x316,A4 27 C5 43 7D 57 AF F2
54.800000000,0x427,41 2E 99 83 4D 8E C1 2C
54.810000000,0x1A4,E8 9F EC 35 2B 26 BF 20
54.810000000,0x316,61 87 97 1F 28 C0 F7 AB
54.810000000,0x427,02 CD B7 8E 69 EA D8 B1
54.820000000,0x1A4,CA 3C BD B5 88 19 89 3B
54.820000000,0x316,40 EE E2 80 58 40 05 53
54.820000000,0x427,16 34 EF E0 BE E1 D2 40
54.830000000,0x1A4,A9 F1 95 35 53 AE 02 CC
54.830000000,0x316,3E B1 9E C0 98 E3 DD FA
54.830000000,0x427,9B BF 34 F3 AA E5 B2 44
54.840000000,0x1A4,42 F6 61 35 AD 28 0C 08
54.840000000,0x316,A0 94 02 AD 1B 85 CF F1
54.840000000,0x427,22 7E E2 6D F9 98 24 41
54.850000000,0x1A4,38 73 3D 35 37 4B 1F A7
54.850000000,0x316,18 B6 0F 5E 8A 52 03 49
54.850000000,0x427,50 0A F7 A6 E4 FE 9B 77
54.860000000,0x1A4,4E 81 0A 35 6D 67 61 BD
54.860000000,0x316,37 CB 48 25 7F D2 AF DE
54.860000000,0x427,8F 18 62 32 E9 56 73 D8
54.870000000,0x1A4,0F 40 E3 B4 03 DC A2 13
54.870000000,0x316,4F F3 84 1C B8 59 D3 23
54.870000000,0x427,37 6A C8 F1 E8 6E 8C 31
54.880000000,0x1A4,DC 47 B7 34 C3 88 45 EF
54.880000000,0x316,87 44 82 B6 2A F8 16 FC
54.880000000,0x427,4A 0B 8C 72 1B 4C 14 49
54.890000000,0x1A4,99 65 8E B4 E0 52 8A 89
54.890000000,0x316,06 00 62 9D 0E FA ED C3
54.890000000,0x427,FE E2 89 BC A4 FE 20 BB
54.900000000,0x1A4,7A 89 5E B4 40 C9 C2 7D
54.900000000,0x316,9E D4 A2 AE A6 68 A9 F0
54.900000000,0x427,68 18 EC 9E 7C B6 C2 BB
54.910000000,0x1A4,E9 16 33 B4 FE D9 B8 FB
54.910000000,0x316,69 D4 B9 15 1B 5C 64 73
54.910000000,0x427,2B 38 3A 70 27 1A B3 E6
54.920000000,0x1A4,B1 9C 07 B4 9C C3 EC 65
54.920000000,0x316,B3 CF 9F C3 06 C3 CE 34
54.920000000,0x427,01 72 2E 3E 53 8B 1C AA
54.930000000,0x1A4,A2 D6 D8 33 2F F9 22 A5
54.930000000,0x316,DA 5E 3A A4 A8 5E B3 AD
54.930000000,0x427,6E D9 04 BE 13 6A 96 2A
54.940000000,0x1A4,A8 CB A9 33 94 D6 72 2B
54.940000000,0x316,0C 4A DC 07 ED 8A 0E 31
54.940000000,0x427,90 AD 1B DE B9 89 25 D5
54.950000000,0x1A4,7D 4D 82 B3 E0 15 F5 89
54.950000000,0x316,64 5E 27 61 7D 99 61 AF
54.950000000,0x427,39 81 72 2B 58 6F D4 D1
54.960000000,0x1A4,0B 72 51 33 41 3D D2 E5
54.960000000,0x316,F2 16 88 79 12 82 87 5A
54.960000000,0x427,20 E9 D6 B6 76 C6 3A 03
54.970000000,0x1A4,CD AB 29 B3 F3 9F FB 8A
54.970000000,0x316,32 29 8F 0F 40 30 1B CD
54.970000000,0x427,BE 8C C7 D8 44 B5 38 11
54.980000000,0x1A4,D4 58 FB B2 A2 B9 B6 C8
54.980000000,0x316,CC 0F 14 63 A3 5A 5A F6
54.980000000,0x427,AF 53 37 3F CB B6 A2 D3
54.990000000,0x1A4,B7 04 D5 32 47 16 43 41
54.990000000,0x316,3C 27 36 54 72 64 FA B6
54.990000000,0x427,0C C0 A5 A2 F3 B3 C1 31
55.000000000,0x1A4,EF CD A7 32 DE 11 F9 62
55.000000000,0x316,67 9C DF 9B 6A 68 8C FE
55.000000000,0x427,D4 A7 F6 CA 0D A0 96 FA
55.010000000,0x1A4,05 6C 7B 32 5D 2E 33 53
55.010000000,0x316,0B 9D 1C B8 13 01 9A 8B
55.010000000,0x427,D4 50 C7 80 35 12 6A D4
55.020000000,0x1A4,E1 56 4B 32 9A BB 4A 44
55.020000000,0x316,49 EA C6 9F F3 B2 CF E4
55.020000000,0x427,6C 66 BC 3A 61 FE BD 54
55.030000000,0x1A4,2D 7C 27 B2 82 B7 C1 3A
55.030000000,0x316,8E 8B 8F E1 8A BB 3A 4E
55.030000000,0x427,E0 53 06 03 FC D2 27 09
55.040000000,0x1A4,43 4D F3 B1 74 AE BB EB
55.040000000,0x316,72 2B FC DC 69 81 33 B3
55.040000000,0x427,45 D5 AF C9 F3 04 66 A2
55.050000000,0x1A4,DA B6 CC B1 3E 0F 95 1A
55.050000000,0x316,48 86 C3 83 24 15 B2 11
55.050000000,0x427,44 6C 14 B7 E1 DB 61 DF
55.060000000,0x1A4,6D 79 9E 31 6A 55 C7 70
55.060000000,0x316,34 3F 63 79 6C EF 51 81
55.060000000,0x427,40 FE 5E 49 F0 DC A1 83
55.070000000,0x1A4,8B 46 76 B1 E5 58 24 11
55.070000000,0x316,E5 05 B2 D7 41 CB CB 6C
55.070000000,0x427,1B 3A 68 58 0F 75 28 FD
55.080000000,0x1A4,03 93 40 31 23 FC 62 47
55.080000000,0x316,46 DE 0C 41 55 EB 1F 41
55.080000000,0x427,E3 BB B2 EA C5 D1 86 AB
55.090000000,0x1A4,F4 66 1C B1 EE DC 05 5C
55.090000000,0x316,F1 AC FB 42 57 10 0B 43
55.090000000,0x427,9E 79 70 6D 5D 56 B1 0D
55.100000000,0x1A4,CD 06 EB B0 11 EA 1F 88
55.100000000,0x316,5B FE D3 35 F1 6C C7 D1
55.100000000,0x427,4A 04 FB 88 32 AE 06 E1
55.110000000,0x1A4,29 E6 C3 30 65 36 3D B0
55.110000000,0x316,58 95 E2 10 27 E7 A0 79
55.110000000,0x427,FC F6 4E 9A 83 3E 9A 9E
55.120000000,0x1A4,0B 53 92 30 EC 3F 49 73
55.120000000,0x316,2F 25 5F B4 01 75 C6 C8
55.120000000,0x427,62 BE 6E 8D 53 63 6E 1B
55.130000000,0x1A4,6C 5E 6C 30 D4 26 4C A4
55.130000000,0x316,8E 73 AD AF 98 19 A2 A6
55.130000000,0x427,D8 64 72 C1 1C 96 0C E9
55.140000000,0x1A4,D0 7D 42 B0 42 E7 DC B9
55.140000000,0x316,EB 89 65 AB D3 31 0C 52
55.140000000,0x427,BF 2A AD 3D CE 34 C6 A4
55.150000000,0x1A4,3E 7E 13 B0 C9 BD 92 1F
55.150000000,0x316,A7 44 A7 25 1B A4 60 89
55.150000000,0x427,13 BF DC 74 55 2B D9 F5
55.160000000,0x1A4,A1 4D E9 AF 9B B2 32 83
55.160000000,0x316,35 EA 3B A9 74 9D 65 41
55.160000000,0x427,F8 35 C7 DF 99 2A F3 89
55.170000000,0x1A4,2E 51 BF AF CD AB D0 62
55.170000000,0x316,D9 B9 CC CD CF DF 41 9F
55.170000000,0x427,6C CC 61 91 04 AD 4B 94
55.180000000,0x1A4,AB 22 93 2F F8 D6 F8 FC
55.180000000,0x316,56 73 19 96 B3 F0 16 87
55.180000000,0x427,3D C7 B5 83 BE E2 C2 C6
55.190000000,0x1A4,0A 50 66 2F 8D 33 82 E2
55.190000000,0x316,BB 65 00 E3 93 67 AB C3
55.190000000,0x427,F3 27 CB B0 03 43 4E 99
55.200000000,0x1A4,97 82 38 2F 22 EF 5A 4E
55.200000000,0x316,8F DB 42 FE 4D 8F 3B FC
55.200000000,0x427,57 35 83 50 DF 99 32 7B
55.210000000,0x1A4,09 9C 0A AF 4C E4 FC B3
55.210000000,0x316,9F 1F 02 22 9D 15 67 D6
55.210000000,0x427,3C 1C B6 7A F6 9C CA 1A
55.220000000,0x1A4,F6 A5 E4 2E 98 92 F9 D6
55.220000000,0x316,0E CE 0C 73 7F 92 57 AE
55.220000000,0x427,7F 2F 35 23 FF 95 F8 40
55.230000000,0x1A4,69 BA B0 2E A2 79 88 3B
55.230000000,0x316,4A 6C 53 09 3F D4 6A CF
55.230000000,0x427,B5 34 EC 16 33 10 A2 DC
55.240000000,0x1A4,7E 26 89 AE 1D FB 8A FC
55.240000000,0x316,EE C5 24 99 61 BC 5A 8A
55.240000000,0x427,65 33 69 BF 71 63 A8 F6
55.250000000,0x1A4,88 66 67 2E 51 88 E1 B5
55.250000000,0x316,43 92 AC 40 86 BC CE 2C
55.250000000,0x427,08 84 8E 44 88 EF D7 21
55.260000000,0x1A4,73 26 31 AE 9E FB 27 34
55.260000000,0x316,F7 75 E6 D4 B2 F9 86 8E
55.260000000,0x427,CF 09 11 A6 EB 4F F4 39
55.270000000,0x1A4,9D 0F 0F AE AE 6D 14 73
55.270000000,0x316,04 F0 A8 29 16 A1 7E 85
55.270000000,0x427,0C 7D 47 3C AA 13 FF 3C
55.280000000,0x1A4,BB 4F D9 AD BE 5E D7 CA
55.280000000,0x316,D2 88 6B 1A 0D 85 A4 26
55.280000000,0x427,18 1B CD F9 09 D9 DB 1C
55.290000000,0x1A4,D1 9E B6 AD 98 EE 64 A5
55.290000000,0x316,BF 05 D7 A8 01 82 B9 8C
55.290000000,0x427,E1 FA FD 7F 70 8E B3 07
55.300000000,0x1A4,72 5F 83 2D 24 E2 81 EB
55.300000000,0x316,ED 1A 21 D1 14 C7 38 28
55.300000000,0x427,21 6B 96 F1 A6 25 AE E1
55.310000000,0x1A4,F9 77 5B AD 83 79 C8 35
55.310000000,0x316,64 75 C0 FB 9C 91 22 2C
55.310000000,0x427,5D 6D 5F 84 30 64 EF DD
55.320000000,0x1A4,9C 53 32 AD 52 57 95 EC
55.320000000,0x316,80 E9 A3 0C 55 5C 31 B6
55.320000000,0x427,73 A9 FC 93 72 8E 9A 8E
55.330000000,0x1A4,CD 53 03 AD A2 9A 4B 36
55.330000000,0x316,CD D7 F3 2A B6 F7 4C 25
55.330000000,0x427,EB 26 02 1F F7 D6 76 0B
55.340000000,0x1A4,28 6C DB AC F5 F0 F1 1D
55.340000000,0x316,19 AC D0 03 2D A6 63 2F
55.340000000,0x427,E8 8D E2 3A D7 95 FC 2C
55.350000000,0x1A4,65 1F AB AC 85 73 8A 00
55.350000000,0x316,5F C2 2A 04 A1 C8 22 10
55.350000000,0x427,89 F4 10 B1 67 34 A3 85
55.360000000,0x1A4,B9 F3 84 2C EE 5A 18 76
55.360000000,0x316,34 B1 18 6F 78 84 20 61
55.360000000,0x427,69 5D 57 1D 08 69 99 0B
55.370000000,0x1A4,43 6E 50 AC 2A 01 A1 07
55.370000000,0x316,E7 40 07 82 7E CD 5D D7
55.370000000,0x427,5E 0F A2 A1 26 3E CC 98
55.380000000,0x1A4,07 A8 2D AC FF 7A 2A DE
55.380000000,0x316,4D 31 E0 8E 2C A7 67 EB
55.380000000,0x427,9F 5F 52 CD 05 87 3E AD
55.390000000,0x1A4,A5 C0 00 2C 85 74 01 B7
55.390000000,0x316,68 38 E0 62 B5 E8 27 1F
55.390000000,0x427,56 45 DE 02 8B C1 38 8C
55.400000000,0x1A4,9B 8E D7 2B 43 4C 5D D1
55.400000000,0x316,A8 08 A4 4B D3 4B 79 30
55.400000000,0x427,A6 63 67 5F 63 34 3B 62
55.410000000,0x1A4,65 FD AE AB 6B F2 CA 17
55.410000000,0x316,32 6E EC 49 8E 58 CC 0F
55.410000000,0x427,02 27 D2 EA AC 38 79 B9
55.420000000,0x1A4,AA 26 78 2B C3 5B D2 E5
55.420000000,0x316,1B 8A 93 8D 7C B1 13 4A
55.420000000,0x427,91 DB B5 ED 61 43 BF 51
55.430000000,0x1A4,03 40 56 AB 44 BA 74 3E
55.430000000,0x316,14 9F 22 A4 45 03 83 F1
55.430000000,0x427,34 FE C5 15 06 2A F2 96
55.440000000,0x1A4,56 4C 25 AB 9F 5B 4F C1
55.440000000,0x316,60 17 20 0C 82 5B 42 C9
55.440000000,0x427,91 E0 8A 7B 8B C3 BF 46
55.450000000,0x1A4,6F D7 FF 2A E5 33 75 C8
55.450000000,0x316,C7 75 46 C0 D5 0A 35 C4
55.450000000,0x427,78 E0 30 DB DB 85 E2 8C
55.460000000,0x1A4,DD 4B D2 AA 66 87 64 23
55.460000000,0x316,F4 B1 EA 31 1F C9 9A 50
55.460000000,0x427,94 40 30 4F E5 77 9E 68
55.470000000,0x1A4,B0 69 A1 AA 9B 51 81 FB
55.470000000,0x316,C7 25 B5 96 BF 14 FF 50
55.470000000,0x427,D7 B8 01 D5 FA C3 20 AD
55.480000000,0x1A4,6B 5A 7C AA C9 1F 00 19
55.480000000,0x316,47 30 ED 08 77 33 EF 00
55.480000000,0x427,82 8C D4 32 D1 DB BB BB
55.490000000,0x1A4,66 88 49 AA C3 21 9D FE
55.490000000,0x316,6D AB 53 04 EF D6 00 75
55.490000000,0x427,82 4A D6 D5 4C A6 68 C0
55.500000000,0x1A4,4D BE 26 2A 0B EE 7E EA
55.500000000,0x316,1E 6B B0 2E AF EB E5 00
55.500000000,0x427,BF 23 BC 5E 95 24 3F D1
55.510000000,0x1A4,C1 DF F9 A9 CB 1D 69 47
55.510000000,0x316,89 7D 86 F1 3B 21 55 54
55.510000000,0x427,C7 D5 D6 F3 52 75 00 BE
55.520000000,0x1A4,45 8D CC A9 82 8E 12 61
55.520000000,0x316,16 49 02 70 50 FF 86 D5
55.520000000,0x427,27 96 14 13 4A 1E D7 54
55.530000000,0x1A4,55 E9 A0 29 09 09 27 E7
55.530000000,0x316,38 60 64 B0 29 B7 CB 0B
55.530000000,0x427,0C E8 97 6F F1 4F CF 6E
55.540000000,0x1A4,D0 18 72 A9 4E 5F 9A E5
55.540000000,0x316,27 03 1F AB C6 B7 D2 63
55.540000000,0x427,97 8D 0D 6C 76 B9 C7 44
55.550000000,0x1A4,D7 1D 4F 29 97 3E E6 12
55.550000000,0x316,FE B6 56 03 E2 3B AD E7
55.550000000,0x427,11 C5 B5 A5 18 D2 9A 64
55.560000000,0x1A4,91 24 20 A9 E1 C9 F7 5E
55.560000000,0x316,2F 37 91 4C 89 B9 14 DE
55.560000000,0x427,9A 99 27 16 6C 52 7E B5
55.570000000,0x1A4,1D A8 F5 28 61 90 3E B4
55.570000000,0x316,0F A7 39 D7 28 9A 4D E4
55.570000000,0x427,61 F3 3C FE 3E FB 4D F1
55.580000000,0x1A4,C0 31 CC 28 7E B7 9D FC
55.580000000,0x316,3A C5 3D 48 A6 EA 67 00
55.580000000,0x427,F1 8B C9 CE FD F6 6F 72
55.590000000,0x1A4,9A D3 99 A8 87 24 ED 52
55.590000000,0x316,3B 0F BF 19 48 48 19 66
55.590000000,0x427,A0 DE 36 9D 51 D6 64 D1
55.600000000,0x1A4,23 11 72 A8 F6 26 93 EA
55.600000000,0x316,58 51 6B 97 CA 4E D4 44
55.600000000,0x427,95 B4 BD C5 A1 78 5D 9E
55.610000000,0x1A4,EC CF 4C 28 D1 BC BD 0A
55.610000000,0x316,D9 BE D5 85 CE 24 7C 9D
55.610000000,0x427,17 F3 D9 03 32 57 06 5E
55.620000000,0x1A4,86 B1 1B A8 F2 6D CB 8F
55.620000000,0x316,1C 0B 9D C2 73 68 D4 31
55.620000000,0x427,95 B2 0D 6E D5 D4 70 6B
55.630000000,0x1A4,00 1D F1 A7 EE 11 CA 33
55.630000000,0x316,4D C3 50 4B E3 64 D0 8D
55.630000000,0x427,3A 38 0D 24 4E 68 BF 60
55.640000000,0x1A4,98 9C CF A7 B2 F1 C1 B9
55.640000000,0x316,17 96 45 91 FD BC 89 90
55.640000000,0x427,8C 41 30 9F 6E E2 BE 67
55.650000000,0x1A4,B1 40 98 27 3D 1E 6F 63
55.650000000,0x316,2D FA 5F 9B 89 73 88 75
55.650000000,0x427,2F F8 EF C8 E0 FF F2 03
55.660000000,0x1A4,62 06 70 A7 0C A8 EC 3B
55.660000000,0x316,69 38 39 8A 19 84 F6 6E
55.660000000,0x427,F1 0E DB 8E 9C 0E 30 8E
55.670000000,0x1A4,CD 46 41 A7 1F 11 D0 E5
55.670000000,0x316,20 A6 A1 A2 99 2B D5 90
55.670000000,0x427,6A C7 49 1E 89 58 F4 78
55.680000000,0x1A4,F0 A0 1D A7 0B BF B8 FE
55.680000000,0x316,1D F4 9F AE 02 C0 10 A9
55.680000000,0x427,99 01 0E A4 2F 4C 3C 7C
55.690000000,0x1A4,27 3C F6 A6 35 0A 47 9D
55.690000000,0x316,B3 0C 99 12 19 A2 34 5D
55.690000000,0x427,EC AF D7 07 C3 93 F9 5E
55.700000000,0x1A4,6A A0 C7 A6 6C 7E 63 97
55.700000000,0x316,DB D7 C2 6D 79 76 3C 2E
55.700000000,0x427,9C F7 EE 5C C2 D2 1A 74
55.710000000,0x1A4,6D 5E 99 A6 D0 4A D9 13
55.710000000,0x316,C0 E6 C0 91 D6 30 58 74
55.710000000,0x427,30 2C 94 E5 F3 A5 86 60
55.720000000,0x1A4,75 D0 73 26 FC 6F 76 B1
55.720000000,0x316,3B 5D 3E 98 D1 7C 9B 3C
55.720000000,0x427,46 94 62 20 16 F1 B3 05
55.730000000,0x1A4,55 03 42 A6 45 06 44 16
55.730000000,0x316,25 B2 F8 21 BC 2F 7E 6E
55.730000000,0x427,21 FB 94 E1 F4 44 98 B3
55.740000000,0x1A4,9E 89 1D A6 E3 06 FE FC
55.740000000,0x316,22 18 C7 5B 29 87 5D 74
55.740000000,0x427,58 C4 69 D9 1F E0 A0 F6
55.750000000,0x1A4,8D 21 ED A5 9C 42 A0 85
55.750000000,0x316,E1 BB CA 93 47 11 1F 8F
55.750000000,0x427,7B D7 BE D4 83 12 68 DF
55.760000000,0x1A4,B1 49 C0 25 16 E2 50 61
55.760000000,0x316,E5 E3 C2 03 FB 6D 7F 4D
55.760000000,0x427,6C A6 4F FA 0D 04 23 14
55.770000000,0x1A4,D1 CE 9C A5 6E E6 D2 DA
55.770000000,0x316,0E 04 7F 01 E1 54 D4 C2
55.770000000,0x427,EC 4C 90 F1 18 6C FB FA
55.780000000,0x1A4,D0 EA 6E A5 39 FA 56 92
55.780000000,0x316,7A E2 58 5E 8F FC 3C EF
55.780000000,0x427,E4 9F A2 23 0C AD D4 F0
55.790000000,0x1A4,AF 9E 45 25 8C EF B1 C8
55.790000000,0x316,84 25 03 76 70 0E 78 5C
55.790000000,0x427,59 D3 EA 55 66 EA AF 82
55.800000000,0x1A4,AC 8A 19 25 16 3C B5 F8
55.800000000,0x316,3E 08 14 F5 3D BC 26 1E
55.800000000,0x427,31 F5 E7 75 AD 9C 95 7C
55.810000000,0x1A4,94 96 E8 24 C6 09 71 4A
55.810000000,0x316,9A C3 C0 B4 DF 27 18 17
55.810000000,0x427,76 4F C4 AB B6 DC 79 BF
55.820000000,0x1A4,3A FC C1 24 4B C5 FF 7C
55.820000000,0x316,DB F1 FA 4B 41 B0 95 62
55.820000000,0x427,B8 BE 24 9A C6 2D 54 2F
55.830000000,0x1A4,6C 0C 98 A4 FA D6 1A 13
55.830000000,0x316,30 F1 B8 18 82 1A B4 8A
55.830000000,0x427,A4 0A 48 AC F8 91 17 CC
55.840000000,0x1A4,B6 83 6C A4 23 7A 1D A5
55.840000000,0x316,18 3E 2A 8D C0 01 08 25
55.840000000,0x427,CC C3 C3 47 B7 E4 86 17
55.850000000,0x1A4,C2 0A 42 A4 FF 19 78 B6
55.850000000,0x316,4C C5 9B 97 8E BF 1E 67
55.850000000,0x427,55 92 A1 F0 07 F2 44 23
55.860000000,0x1A4,5F D1 14 24 4A 58 2A 44
55.860000000,0x316,14 96 51 2D 41 F0 A7 29
55.860000000,0x427,7E E4 12 24 0E 99 68 9A
55.870000000,0x1A4,57 18 EA A3 73 45 3F 7A
55.870000000,0x316,D5 8C 92 55 14 4B 21 83
55.870000000,0x427,47 3D 6F 96 72 08 0F 13
55.880000000,0x1A4,83 F4 C3 23 28 44 AB 0D
55.880000000,0x316,C8 5C A8 CF 35 AA 06 B5
55.880000000,0x427,EE 40 B3 E1 50 69 E6 FE
55.890000000,0x1A4,55 6E 95 A3 74 ED 45 E2
55.890000000,0x316,68 61 AB 43 E9 DA 93 B8
55.890000000,0x427,1C C5 3D BB AA 19 CF 5D
55.900000000,0x1A4,D9 DB 6A 23 C7 37 8F EA
55.900000000,0x316,E2 90 C3 21 95 BB F0 1A
55.900000000,0x427,BD 47 C4 D2 5F 97 B5 8D
55.910000000,0x1A4,12 87 43 23 03 04 57 AE
55.910000000,0x316,FF 8B 2C 4B 57 FE 72 5F
55.910000000,0x427,DB 7A 71 7C B2 41 5C D5
55.920000000,0x1A4,18 1B 13 A3 54 76 9D 0B
55.920000000,0x316,45 64 A7 51 F8 DE 63 6F
55.920000000,0x427,42 76 8D C7 CE F3 7B 81
55.930000000,0x1A4,B1 FF EC 22 62 25 BD 00
55.930000000,0x316,20 CC 4C D8 6F 5B F6 93
55.930000000,0x427,06 B3 3B 24 1F 11 57 20
55.940000000,0x1A4,00 5A C5 A2 F1 F4 A0 DE
55.940000000,0x316,7C C7 FE 5D F7 C8 37 7F
55.940000000,0x427,1A F2 9B D4 3E FD 03 00
55.950000000,0x1A4,93 A7 96 A2 0F EA 13 93
55.950000000,0x316,FD B2 9F 04 FC 1E 27 F0
55.950000000,0x427,97 38 FC BB 5D 73 BE 0C
55.960000000,0x1A4,E4 F8 68 22 A2 80 D2 A1
55.960000000,0x316,22 6C 38 66 0B E8 34 38
55.960000000,0x427,FD 21 E3 EC 95 A6 41 B4
55.970000000,0x1A4,06 8D 42 A2 11 87 98 57
55.970000000,0x316,58 55 F6 68 C1 8A 6D 46
55.970000000,0x427,4D 16 5D F3 36 FF 86 0D
55.980000000,0x1A4,10 7F 10 22 43 07 F3 2B
55.980000000,0x316,E4 ED 15 36 CA AC C8 D3
55.980000000,0x427,FA B5 D1 22 C1 3E 48 47
55.990000000,0x1A4,86 83 ED A1 E7 F7 50 DD
55.990000000,0x316,DE 18 52 78 29 D0 EB FD
55.990000000,0x427,72 DA 78 2D 5D 13 CB 80
56.000000000,0x1A4,37 6B C7 21 2A 21 67 EB
56.000000000,0x316,49 81 5B 8F 4E 3C 6C 9C
56.000000000,0x427,E3 40 FE 53 C4 3A 2E E3
56.010000000,0x1A4,95 49 93 A1 53 BD AE E2
56.010000000,0x316,F3 B5 9C C9 55 FC AD 47
56.010000000,0x427,36 68 4B 01 14 02 F4 0E
56.020000000,0x1A4,3D 0B 6E 21 D9 13 48 7C
56.020000000,0x316,4F E7 29 85 01 2C E6 A6
56.020000000,0x427,99 7B 00 F2 E9 F6 93 E9
56.030000000,0x1A4,6B 94 43 A1 FA 1D 47 84
56.030000000,0x316,F6 E5 C9 2E 03 E8 31 29
56.030000000,0x427,0B 4C 58 B0 D8 79 06 43
56.040000000,0x1A4,A3 57 12 A1 11 2A DF 73
56.040000000,0x316,62 EB 88 3D 77 1A 10 17
56.040000000,0x427,FC 42 E1 22 4E 31 62 FE
56.050000000,0x1A4,F6 7E E8 20 AD 92 8E 12
56.050000000,0x316,FB 5B B5 63 C0 88 0C F1
56.050000000,0x427,25 07 18 EF 42 90 D0 8A
56.060000000,0x1A4,8E 1B C0 A0 B6 3B 65 EE
56.060000000,0x316,31 B8 7A CB 1D E8 BD C5
56.060000000,0x427,AF 35 86 5F 3B 67 99 01
56.070000000,0x1A4,AD A3 91 20 94 8C DF 10
56.070000000,0x316,DA 36 15 0F D2 08 4B C9
56.070000000,0x427,1A 77 F7 59 89 8E 66 F1
56.080000000,0x1A4,CF 43 6D A0 8A 0F 38 A4
56.080000000,0x316,81 1B B1 B2 82 6A C8 C0
56.080000000,0x427,C9 FD E3 F2 FD BE 1A 0F
56.090000000,0x1A4,B8 5E 42 20 83 3A BD 1D
56.090000000,0x316,A6 51 09 93 1E 62 2E 5F
56.090000000,0x427,A6 8C 87 F9 4A 38 43 00
56.100000000,0x1A4,94 61 14 A0 AF 6C 91 2D
56.100000000,0x316,6A EE 05 D8 73 07 BD 76
56.100000000,0x427,8D E7 CA E2 58 BE A8 CE
56.110000000,0x1A4,7F 02 ED 1F 9F 69 26 FB
56.110000000,0x316,E7 D4 F7 D0 46 0A 2D A8
56.110000000,0x427,F3 79 0F 16 11 C0 A2 50
56.120000000,0x1A4,07 18 C1 1F CB 53 6A 6D
56.120000000,0x316,52 F3 B3 14 FB 39 5E BF
56.120000000,0x427,3F 04 4F E1 44 A7 2A 0B
56.130000000,0x1A4,11 25 96 9F 8B B2 DB 5C
56.130000000,0x316,07 B9 37 3A 2E DF 6E F2
56.130000000,0x427,80 02 23 D1 A0 C9 B8 DC
56.140000000,0x1A4,4F FC 6F 9F 70 6F CA 70
56.140000000,0x316,C5 24 A1 0D 04 F7 20 D2
56.140000000,0x427,C7 87 CB 91 81 A9 DB 22
56.150000000,0x1A4,E0 9C 41 1F 66 C3 39 0B
56.150000000,0x316,2A 6B 67 08 E8 3C 5E 76
56.150000000,0x427,FD 33 25 12 15 02 46 CF
56.160000000,0x1A4,72 CC 10 1F 0E 58 F9 97
56.160000000,0x316,86 69 5C 50 14 4B 34 AE
56.160000000,0x427,0D C3 C3 03 C4 B1 2D 01
56.170000000,0x1A4,BC B6 EC 9E 81 B3 DE 7B
56.170000000,0x316,1F 1D A5 41 9D F4 F2 E7
56.170000000,0x427,F5 85 5E B3 10 61 79 D4
56.180000000,0x1A4,92 E1 C3 9E FE 54 55 A7
56.180000000,0x316,97 F8 2C 16 CF E2 93 E0
56.180000000,0x427,F3 F0 11 81 D0 D3 F1 92
56.190000000,0x1A4,4C 5D 93 9E 31 2A F0 4F
56.190000000,0x316,0C 72 D0 8F 5B C5 1C B6
56.190000000,0x427,48 44 C5 53 1A FA F9 B2
56.200000000,0x1A4,17 61 6C 1E 16 E4 1C 3A
56.200000000,0x316,99 E1 8B CF 20 10 57 A5
56.200000000,0x427,22 B2 0E 24 1B 9A 25 CC
56.210000000,0x1A4,91 D3 46 9E E4 6E 9B 85
56.210000000,0x316,50 29 E4 77 DD C2 C7 69
56.210000000,0x427,83 46 D5 97 5A 4C 2A 8E
56.220000000,0x1A4,E3 A7 1D 9E D4 5A 9D 36
56.220000000,0x316,E6 0A 7E DD 7D B6 82 DB
56.220000000,0x427,78 06 81 69 C7 9B 38 58
56.230000000,0x1A4,DD 50 EA 1D C0 94 5D 98
56.230000000,0x316,88 B4 D0 41 06 6A 6E 47
56.230000000,0x427,0F 74 E0 F4 35 3D E3 78
56.240000000,0x1A4,56 FE C7 9D EA CD 95 1D
56.240000000,0x316,F5 DD D5 69 CE E0 19 D6
56.240000000,0x427,70 63 92 BB EF 1D 8D 16
56.250000000,0x1A4,00 0E 9F 9D 41 05 D9 9F
56.250000000,0x316,56 1D 04 CB F0 33 90 B8
56.250000000,0x427,63 70 C1 83 C9 60 FA EC
56.260000000,0x1A4,12 01 69 1D 89 29 37 FA
56.260000000,0x316,10 E8 60 79 62 5E C2 33
56.260000000,0x427,81 A2 05 CE 3E 2B 94 4F
56.270000000,0x1A4,A3 8D 41 9D 78 E1 D5 89
56.270000000,0x316,7C 0E 28 15 38 6A 95 36
56.270000000,0x427,68 95 D5 E6 E9 4B 40 C5
56.280000000,0x1A4,9E B9 18 9D 01 91 00 C6
56.280000000,0x316,14 EB 1A 12 D6 F2 17 09
56.280000000,0x427,56 4A 00 42 86 F7 10 55
56.290000000,0x1A4,A5 97 EF 1C D6 C9 5A 27
56.290000000,0x316,DB 3C 0F 5A 4F A3 51 C6
56.290000000,0x427,FD 2C BD 8F 54 1B FB A9
56.300000000,0x1A4,2E AD C3 9C 04 78 3D 67
56.300000000,0x316,D8 82 C6 38 DD 19 42 AF
56.300000000,0x427,62 9D E4 2E B0 AE 97 11
56.310000000,0x1A4,89 AD 98 1C D0 72 74 E4
56.310000000,0x316,08 1D F9 4B E1 2B 9D 36
56.310000000,0x427,21 AC 87 F8 D1 B9 B3 E1
56.320000000,0x1A4,F2 B2 76 9C BD 35 69 CA
56.320000000,0x316,F5 96 76 BA 40 3A 25 5C
56.320000000,0x427,AD F6 16 70 A2 6A 8B 41
56.330000000,0x1A4,AB 09 46 9C 32 A1 91 C3
56.330000000,0x316,8C 76 9D E1 94 40 E8 D2
56.330000000,0x427,C0 DD F0 3D 87 86 5F 56
56.340000000,0x1A4,70 42 19 9C 30 04 1C EB
56.340000000,0x316,F2 18 C1 26 8B 7A B1 6B
56.340000000,0x427,80 20 AA 87 45 52 7B 0F
56.350000000,0x1A4,73 78 F7 1B CD ED AE DC
56.350000000,0x316,68 E2 E3 45 97 A2 A0 FA
56.350000000,0x427,DE 07 B1 8B 54 CC 77 6F
56.360000000,0x1A4,39 84 C6 1B 86 12 CE BE
56.360000000,0x316,ED 6F E4 6D 69 53 A3 72
56.360000000,0x427,9F 00 9A 31 62 E9 99 96
56.370000000,0x1A4,73 B1 9E 9B 7F 4F 12 38
56.370000000,0x316,36 B6 5E FD DF 51 BE B7
56.370000000,0x427,76 BB 17 FF 46 D8 59 40
56.380000000,0x1A4,38 4C 70 9B 85 FE B0 4C
56.380000000,0x316,7B AB 52 EE 52 B6 BC 8A
56.380000000,0x427,05 80 DD 80 4D B8 FA 31
56.390000000,0x1A4,EF D6 42 9B 59 55 BB 4D
56.390000000,0x316,0D 6B B9 F7 5A CB 47 2D
56.390000000,0x427,FF 2B 63 51 BF 08 DA CC
56.400000000,0x1A4,EA 79 1C 1B 80 B7 F3 61
56.400000000,0x316,1A A8 CF EB C8 D9 3C FB
56.400000000,0x427,F5 33 3C CC 4B 8D 62 E8
56.410000000,0x1A4,1F 71 F0 9A F3 79 13 F8
56.410000000,0x316,38 20 8D D9 17 2D 44 4C
56.410000000,0x427,E0 8C E8 67 37 BC 3D EA
56.420000000,0x1A4,CF 65 CD 1A E1 07 4A 8A
56.420000000,0x316,00 8F 24 0C CD 79 B2 54
56.420000000,0x427,5A 88 80 55 BE 30 96 0D
56.430000000,0x1A4,6F 57 9D 1A 40 53 F9 D0
56.430000000,0x316,1B D7 BF 71 4E A8 50 ED
56.430000000,0x427,41 D3 D5 46 99 6D 66 B4
56.440000000,0x1A4,10 BA 74 1A A1 AE BA 64
56.440000000,0x316,96 E9 2F 5C 0D B9 F0 72
56.440000000,0x427,8E 1A B0 9E 00 7E E7 55
56.450000000,0x1A4,E8 74 49 1A 2D EB 7E 14
56.450000000,0x316,78 A8 3D 5D 0A EA FE F5
56.450000000,0x427,40 1C A6 65 D6 17 D2 28
56.460000000,0x1A4,78 C2 1B 1A 73 BA 87 90
56.460000000,0x316,B7 29 CA 2E EC F7 AB BA
56.460000000,0x427,FB 63 1C D3 7E DF 7D 02
56.470000000,0x1A4,0C C0 F4 99 47 29 B5 08
56.470000000,0x316,9A A1 74 8A 9A D0 D9 EF
56.470000000,0x427,1A 93 53 55 CC 01 FE E6
56.480000000,0x1A4,64 47 CA 99 9A DE 15 53
56.480000000,0x316,27 89 6D 1B 7E 9E E1 0A
56.480000000,0x427,73 72 4E 7E 45 7A 02 A1
56.490000000,0x1A4,60 87 A0 99 7F A4 39 4F
56.490000000,0x316,63 E7 09 BB A0 EE 0D 07
56.490000000,0x427,60 60 84 AA 16 09 78 FD
56.500000000,0x1A4,E9 64 77 99 F2 1A 0A 1A
56.500000000,0x316,1D 2C B5 E3 32 4F CB 3B
56.500000000,0x427,8E E5 87 19 FF 7C 77 F3
56.510000000,0x1A4,95 6B 4D 19 F4 10 2D FF
56.510000000,0x316,9D 45 A1 19 16 7D 73 76
56.510000000,0x427,8E 97 66 C7 4F 33 EC 81
56.520000000,0x1A4,B0 D6 27 99 09 6E 4D 63
56.520000000,0x316,73 D8 41 18 19 E8 DC 99
56.520000000,0x427,3E DC 7C FC 5A 22 CA AF
56.530000000,0x1A4,EB 83 F3 18 1D 5C 6F 24
56.530000000,0x316,27 CD 1A 54 C3 66 31 CE
56.530000000,0x427,C6 A8 80 4B A3 CD 43 B4
56.540000000,0x1A4,EA 0E CB 98 7C A8 F7 71
56.540000000,0x316,3E 0E 96 AE 13 C5 99 63
56.540000000,0x427,5F DB D1 0D 49 09 CE AF
56.550000000,0x1A4,8F F6 A3 98 9D 8B 59 2D
56.550000000,0x316,7C 81 0E 2B AB B9 43 A2
56.550000000,0x427,62 4C 17 06 A4 AB F7 67
56.560000000,0x1A4,65 FF 7A 98 A9 B5 F8 9E
56.560000000,0x316,0E 84 F6 5E D8 4E 5C EB
56.560000000,0x427,AC D4 DA 3B 6D 2A AC 50
56.570000000,0x1A4,B7 70 4C 98 3E B0 7F EB
56.570000000,0x316,10 88 A2 EE 2A E0 9E 44
56.570000000,0x427,FA 95 D9 B2 91 65 C4 F0
56.580000000,0x1A4,D7 D4 21 18 24 15 BE AE
56.580000000,0x316,3A 29 58 2D C0 BF 8A FF
56.580000000,0x427,B2 99 2A 00 B5 9A 99 E4
56.590000000,0x1A4,5F 5E FB 17 D1 6D B7 AA
56.590000000,0x316,06 A4 9E 22 A8 56 A7 2E
56.590000000,0x427,85 8E 0F 70 3C 99 AF E6
56.600000000,0x1A4,49 B9 D1 17 09 68 F1 C8
56.600000000,0x316,1D 21 3C CB 4A CF 6C E6
56.600000000,0x427,EE 2F DE 90 04 EC 7A 5B
56.610000000,0x1A4,64 57 A6 97 4D 40 44 F6
56.610000000,0x316,4F C5 3C 0F 6D 16 B5 02
56.610000000,0x427,E0 B3 6C 28 02 7A 24 DC
56.620000000,0x1A4,58 20 7D 17 8F A4 71 C2
56.620000000,0x316,28 1E FD CF FA 58 1B B3
56.620000000,0x427,2F CE 41 EB C2 84 FF 0C
56.630000000,0x1A4,ED 67 55 17 06 3F CB 51
56.630000000,0x316,E0 16 6A 1C F9 B5 56 56
56.630000000,0x427,01 F2 EF 36 F5 02 E2 DC
56.640000000,0x1A4,EF 76 27 97 04 57 35 EE
56.640000000,0x316,1A 2B DF 2E 30 C0 10 E8
56.640000000,0x427,F9 E2 E5 E0 43 99 D6 58
56.650000000,0x1A4,27 E9 FB 96 B8 4B 46 CC
56.650000000,0x316,BA DE 98 A7 C9 F3 B6 AF
56.650000000,0x427,CD 7D B7 AF A8 4F 94 96
56.660000000,0x1A4,1C 17 D7 16 ED F7 AD 70
56.660000000,0x316,D7 3E 3B A2 6B 26 FE E3
56.660000000,0x427,48 57 1D 9E 76 1A FC 56
56.670000000,0x1A4,82 89 A8 16 94 CF 24 70
56.670000000,0x316,8D 33 53 48 49 2C 38 0B
56.670000000,0x427,3F 59 B3 F4 40 68 B2 D5
56.680000000,0x1A4,61 34 78 16 67 97 92 19
56.680000000,0x316,1E 0E D6 C3 A2 A9 64 71
56.680000000,0x427,0D 6F 45 B4 CD 99 F6 30
56.690000000,0x1A4,32 C7 52 96 01 00 0F 21
56.690000000,0x316,17 C1 B4 76 19 54 4F 98
56.690000000,0x427,0C 98 FD 8C 63 2D AD 0C
56.700000000,0x1A4,44 A7 2D 96 37 EF 96 5A
56.700000000,0x316,86 F3 52 B5 0D F7 3F BE
56.700000000,0x427,C1 D8 02 97 83 F1 8F AC
56.710000000,0x1A4,05 7F 04 16 9A 80 D7 A4
56.710000000,0x316,7A 4E 2E 07 B6 34 D8 E9
56.710000000,0x427,88 93 08 3B C4 F6 9A AA
56.720000000,0x1A4,F5 47 D1 95 0D A7 48 D4
56.720000000,0x316,B8 D5 D5 10 B3 32 53 0C
56.720000000,0x427,94 30 7D 02 BC 85 89 FB
56.730000000,0x1A4,75 0C AE 15 36 40 B0 49
56.730000000,0x316,D0 AE 17 F5 6B 28 73 AD
56.730000000,0x427,38 0F 3E 9F 9E F7 5A 37
56.740000000,0x1A4,B7 16 87 95 74 09 D7 4D
56.740000000,0x316,CC 3D DA C5 09 8E AB B8
56.740000000,0x427,E1 DA 1F 03 97 12 09 34
56.750000000,0x1A4,C1 C3 55 95 55 FD B2 E5
56.750000000,0x316,94 EA 37 94 85 29 57 1E
56.750000000,0x427,08 E2 C4 00 BA EC 05 47
56.760000000,0x1A4,39 47 2C 15 2D 3D 45 20
56.760000000,0x316,C5 4C 0C F0 9F F9 0B 08
56.760000000,0x427,BB 68 D7 E0 5D 52 EA 36
56.770000000,0x1A4,B6 29 04 15 AC E8 AC 0B
56.770000000,0x316,B0 D2 A8 81 21 28 90 9C
56.770000000,0x427,FE F2 DF B2 38 E9 E8 F8
56.780000000,0x1A4,F2 23 DC 94 70 13 C2 48
56.780000000,0x316,87 23 7D 10 A9 28 6F 12
56.780000000,0x427,BD 63 F2 8A 05 B7 C5 4C
56.790000000,0x1A4,5A F6 A9 94 19 CF 09 9D
56.790000000,0x316,34 68 EC E8 30 F7 02 18
56.790000000,0x427,71 DD 95 F4 55 73 AC 38
56.800000000,0x1A4,B6 77 80 94 19 B1 68 A7
56.800000000,0x316,74 3A 39 56 DF 74 68 E1
56.800000000,0x427,32 20 89 9D 46 76 D9 9D
56.810000000,0x1A4,86 02 5C 94 3B 76 9C 2C
56.810000000,0x316,17 5C B8 F5 11 2D A2 8B
56.810000000,0x427,AF D6 F2 5B 9D 8B 9A 58
56.820000000,0x1A4,33 14 35 94 6B CD 02 C0
56.820000000,0x316,86 99 5E 3E 96 0D C8 E8
56.820000000,0x427,49 58 B1 5F 4B 50 9F AF
56.830000000,0x1A4,A9 4C 04 94 B6 E2 28 57
56.830000000,0x316,22 8B 81 25 14 4C B3 0B
56.830000000,0x427,AD 2B 81 5C 15 E1 4E 63
56.840000000,0x1A4,43 E2 DE 13 11 93 83 08
56.840000000,0x316,57 EA 2F 0F 0D A9 55 68
56.840000000,0x427,C2 96 B8 F6 3C 01 A5 7C
56.850000000,0x1A4,37 D6 B3 93 A9 35 C9 F0
56.850000000,0x316,9E 2F DE 93 D1 20 57 03
56.850000000,0x427,B7 65 E5 A4 A9 B4 EB 04
56.860000000,0x1A4,10 23 8D 13 A0 B3 39 92
56.860000000,0x316,D8 6A B0 6D E0 31 62 F1
56.860000000,0x427,B3 5F FC E9 68 4B A9 E8
56.870000000,0x1A4,6F E7 59 93 A4 D4 28 8C
56.870000000,0x316,77 D9 0C 0F 2D 33 DD 12
56.870000000,0x427,8B D8 F6 8B E1 15 09 63
56.880000000,0x1A4,27 C1 35 93 8C 87 71 70
56.880000000,0x316,8E 7B 3D 7A 69 C2 44 43
56.880000000,0x427,DB 67 49 0B 17 45 3E C7
56.890000000,0x1A4,CD 21 09 93 27 77 3B E5
56.890000000,0x316,D1 D9 DB 3D E9 73 01 FF
56.890000000,0x427,31 90 9E 7A DE 82 3E 80
56.900000000,0x1A4,24 C6 E5 12 B3 6C C3 B1
56.900000000,0x316,BB C5 22 AE 50 14 14 20
56.900000000,0x427,F6 CB 76 B7 64 89 C7 E3
56.910000000,0x1A4,CD B8 B7 92 00 00 C2 37
56.910000000,0x316,C0 BF 86 A9 66 DA 9F 31
56.910000000,0x427,9D 9B FD 91 11 C0 28 D9
56.920000000,0x1A4,5E 55 8A 12 62 9C 87 4E
56.920000000,0x316,60 E6 BF 94 50 68 EA B2
56.920000000,0x427,63 F9 92 F6 0D 92 8E FC
56.930000000,0x1A4,CF F1 65 12 9E B1 A4 DC
56.930000000,0x316,7B 74 9B 39 D7 38 40 05
56.930000000,0x427,58 21 B6 00 C2 6E 83 64
56.940000000,0x1A4,84 87 3B 12 64 B3 5E 75
56.940000000,0x316,B2 8F 81 60 1A 47 3E C2
56.940000000,0x427,99 DE 1A D9 57 F7 B4 D8
56.950000000,0x1A4,EC A7 0C 12 08 72 8C 55
56.950000000,0x316,F7 D1 FD 53 A5 8F 0F 02
56.950000000,0x427,28 A2 CC 37 F9 54 22 29
56.960000000,0x1A4,93 A0 E4 91 3E 85 12 59
56.960000000,0x316,FE CA 14 D4 9D 72 D4 02
56.960000000,0x427,F1 2A A8 12 D7 56 44 7E
56.970000000,0x1A4,4A 7C BF 11 21 17 41 FC
56.970000000,0x316,48 CB 25 61 C2 8E 27 50
56.970000000,0x427,C1 7C 4E 41 49 32 48 21
56.980000000,0x1A4,16 A3 92 91 1B 42 23 64
56.980000000,0x316,0C 5A 03 2F 0C B7 2E 49
56.980000000,0x427,48 9A 13 1B 75 D4 99 75
56.990000000,0x1A4,52 7D 60 91 EA AE 38 41
56.990000000,0x316,38 91 0B 2F C7 5A 05 95
56.990000000,0x427,5B 6A A7 0F 3A 54 B3 A0
57.000000000,0x1A4,45 2B 38 11 1D 81 57 A9
57.000000000,0x316,23 3A 70 F2 7B 4C 9B 92
57.000000000,0x427,8A 2F D4 B3 B6 FD 72 C7
57.010000000,0x1A4,5F 76 12 11 40 94 05 38
57.010000000,0x316,C2 0B 0E CA 14 95 A8 38
57.010000000,0x427,97 6D C6 4E 70 61 BE 54
57.020000000,0x1A4,5E 91 EB 90 8C 3B 62 18
57.020000000,0x316,5E BE DA 11 1E 55 E6 03
57.020000000,0x427,58 06 BB BC 4B A5 96 C9
57.030000000,0x1A4,72 C3 BD 10 29 E0 41 92
57.030000000,0x316,88 8C 32 0A D6 8B A5 A4
57.030000000,0x427,32 B3 20 E5 B0 DA 70 E4
57.040000000,0x1A4,01 20 90 10 2E 22 C4 D6
57.040000000,0x316,67 98 40 AD 70 88 E0 0B
57.040000000,0x427,8C EC 2D 5B 35 7B 89 3E
57.050000000,0x1A4,74 38 68 10 DD FA 1F A3
57.050000000,0x316,32 85 A9 C3 40 F4 85 F5
57.050000000,0x427,6E E2 7F 8A 7D FB 47 8E
57.060000000,0x1A4,D1 BD 44 90 9F 33 FC 69
57.060000000,0x316,8D FB AB 82 AC C0 D6 40
57.060000000,0x427,33 A8 33 3E C5 DD 91 03
57.070000000,0x1A4,46 87 16 10 22 02 EB E2
57.070000000,0x316,6C 5E 21 E7 0A A9 DC 1D
57.070000000,0x427,2C 7B A0 16 A5 88 4F 62
57.080000000,0x1A4,41 42 E8 0F B9 B0 AE 71
57.080000000,0x316,C1 40 4E 38 F9 7B 69 CB
57.080000000,0x427,B7 35 D6 22 C6 A0 C3 9D
57.090000000,0x1A4,74 D8 C1 8F D0 AB A9 01
57.090000000,0x316,44 46 16 48 EC 77 79 E5
57.090000000,0x427,F0 93 A7 AD 90 8F A2 55
57.100000000,0x1A4,82 06 9B 8F 50 B3 AB F9
57.100000000,0x316,CC 6F 6C EC F3 0A 7F E9
57.100000000,0x427,CE B5 DF 74 82 76 86 55
57.110000000,0x1A4,8E AE 75 8F 84 81 5F E0
57.110000000,0x316,80 54 FB FE 85 C5 04 90
57.110000000,0x427,BD B4 75 8E 79 73 3A CA
57.120000000,0x1A4,D3 C3 45 8F E4 09 04 8B
57.120000000,0x316,ED 68 7E 73 6E 52 C2 52
57.120000000,0x427,14 1B 72 DB EB BE CA 90
57.130000000,0x1A4,DA 14 1F 8F C3 27 A2 2F
57.130000000,0x316,27 44 75 16 6B 20 C6 2B
57.130000000,0x427,2C 50 EA 97 11 89 A8 BC
57.140000000,0x1A4,E4 F3 F5 8E 6A 95 64 C5
57.140000000,0x316,E9 58 6A 6C 6A 94 CA 4F
57.140000000,0x427,26 6F E0 2A 57 89 2E 65
57.150000000,0x1A4,94 96 CA 0E F0 38 1F 3B
57.150000000,0x316,28 46 08 F4 CE 9C D9 D7
57.150000000,0x427,77 4B 82 3D 39 D8 48 6B
57.160000000,0x1A4,BA 0B 99 8E 51 F2 D9 CD
57.160000000,0x316,1A C3 DE E1 40 CD DE 2D
57.160000000,0x427,3D 71 1E CC 42 2E 2B 02
57.170000000,0x1A4,13 9A 76 8E 6D 10 B8 B1
57.170000000,0x316,EE 11 37 24 31 83 23 75
57.170000000,0x427,17 34 BB 5E 31 99 8D 5A
57.180000000,0x1A4,F9 05 4A 8E 9C FE C0 2F
57.180000000,0x316,F3 9D E6 13 DC 5E 7E 41
57.180000000,0x427,FB F1 41 76 EE C4 B9 FB
57.190000000,0x1A4,26 3D 27 0E 9D 54 D2 E3
57.190000000,0x316,12 63 50 06 90 2A E5 B1
57.190000000,0x427,7B D2 88 98 B5 EE 46 20
57.200000000,0x1A4,CB EA F7 0D 88 D6 46 E8
57.200000000,0x316,D1 1F E6 71 06 21 52 1D
57.200000000,0x427,7B E7 40 17 A5 5E 18 CD
57.210000000,0x1A4,4F EA C8 0D D0 B9 83 D7
57.210000000,0x316,1E 8F 7F 29 ED 2E C4 39
57.210000000,0x427,A5 AA B4 B6 C4 C4 7E C0
57.220000000,0x1A4,12 B1 A4 8D 3F 07 91 01
57.220000000,0x316,70 98 51 2E EE 42 65 30
57.220000000,0x427,76 72 73 6E 5B FD 4E B3
57.230000000,0x1A4,7B 79 7A 8D 51 55 12 2B
57.230000000,0x316,3F 67 56 19 B2 14 A4 A5
57.230000000,0x427,24 45 96 CB AE 85 A5 9B
57.240000000,0x1A4,00 1D 4E 8D 41 5B 06 A9
57.240000000,0x316,FB 33 C1 2B 4E 54 49 11
57.240000000,0x427,92 22 42 5A 45 E2 2A E8
57.250000000,0x1A4,AC 0A 27 8D 79 3C 41 86
57.250000000,0x316,CD 15 22 C9 F3 C4 DE 1F
57.250000000,0x427,A7 6F B2 85 4C 58 A6 92
57.260000000,0x1A4,9B A3 FC 8C D4 28 24 7D
57.260000000,0x316,F4 B9 08 B9 0A 3A 18 01
57.260000000,0x427,D8 9C B7 AF F0 EE B4 5D
57.270000000,0x1A4,BA 73 D7 8C D2 BF 2E 18
57.270000000,0x316,45 3F 09 6F 4B 14 3E 1B
57.270000000,0x427,62 63 D6 C5 76 43 B0 1C
57.280000000,0x1A4,3E 51 AD 8C 03 76 C0 6F
57.280000000,0x316,79 AB 20 36 A7 87 18 89
57.280000000,0x427,3F EE 15 5F 07 A5 12 55
57.290000000,0x1A4,15 67 7C 8C DE 31 F4 8C
57.290000000,0x316,D3 A8 E0 14 9F E8 F6 BA
57.290000000,0x427,CA A3 AA 96 38 2A 77 E1
57.300000000,0x1A4,46 51 55 0C 48 59 A8 91
57.300000000,0x316,DA 66 E7 BF E9 51 B8 76
57.300000000,0x427,E7 5C B5 B0 10 36 0A F9
57.310000000,0x1A4,6A 18 2F 0C F8 ED DF 2A
57.310000000,0x316,04 E2 37 B4 6F CE D3 B0
57.310000000,0x427,F9 40 1D 18 B2 62 B8 61
57.320000000,0x1A4,A6 DD 06 8C C9 A5 4A 84
57.320000000,0x316,C4 89 61 0B 69 DD 75 B5
57.320000000,0x427,EA 56 E3 0C C4 07 1B C0
57.330000000,0x1A4,A1 ED D6 8B 17 A0 EB C5
57.330000000,0x316,7F 92 F4 56 29 83 CB EA
57.330000000,0x427,CD 54 80 3C AD 5F 8F 7A
57.340000000,0x1A4,62 51 AC 8B 30 91 FD C3
57.340000000,0x316,D5 79 EC CE 7D 88 09 B3
57.340000000,0x427,80 7A 97 9A 41 23 AB DB
57.350000000,0x1A4,45 51 80 0B 7F F8 31 11
57.350000000,0x316,62 3B 28 8C 3B 9B A5 FA
57.350000000,0x427,82 AF 1C 60 4E E9 D0 9B
57.360000000,0x1A4,13 8D 5E 8B 1C 1C 92 27
57.360000000,0x316,28 63 2E 82 FE FB 9A E8
57.360000000,0x427,4E 61 F6 94 59 88 C6 7A
57.370000000,0x1A4,0A EF 2A 8B 0E FB 20 2C
57.370000000,0x316,37 AA BF CD 78 0D 52 82
57.370000000,0x427,7C 35 AF 46 18 37 EA 54
57.380000000,0x1A4,32 41 01 8B A4 33 CF E1
57.380000000,0x316,80 27 9D 4F 3A 6C C1 DD
57.380000000,0x427,45 F6 AC 0D 9E 84 48 A8
57.390000000,0x1A4,96 C8 D9 0A 35 6E D4 FE
57.390000000,0x316,02 D8 8F 83 E9 A8 5A 23
57.390000000,0x427,50 00 0A 2B C6 0E EE B8
57.400000000,0x1A4,46 AB B5 8A E1 BB 0D 7A
57.400000000,0x316,68 7D 9A 29 10 E6 4F 00
57.400000000,0x427,38 43 D1 0D DF 4E 79 2D
57.410000000,0x1A4,CB 6E 8B 8A 13 6A B8 36
57.410000000,0x316,F2 62 73 9D 3A 56 67 4B
57.410000000,0x427,DC 31 62 89 C8 45 A1 20
57.420000000,0x1A4,46 D4 59 8A 84 0C 37 ED
57.420000000,0x316,1A E8 B3 D6 39 CD B8 FA
57.420000000,0x427,EC 0C 88 3A B5 12 A1 22
57.430000000,0x1A4,EE A3 30 8A EA 3A 0D F2
57.430000000,0x316,17 00 CE 27 2B 15 25 0F
57.430000000,0x427,48 95 80 40 75 C4 B3 16
57.440000000,0x1A4,96 47 0D 0A 8C CE 5B 47
57.440000000,0x316,BC 08 BE 7C 3A 71 C6 FC
57.440000000,0x427,9F E3 5C 47 37 2E A3 A7
57.450000000,0x1A4,24 C9 E7 09 CB 23 2C BB
57.450000000,0x316,93 B8 B5 21 EB 9E AF EC
57.450000000,0x427,D7 85 D2 BF E1 9F 39 DC
57.460000000,0x1A4,3C E3 B7 89 4D 07 6E BF
57.460000000,0x316,5F B5 15 1C 6F EE E7 10
57.460000000,0x427,62 D0 E4 6B 8B 01 54 F9
57.470000000,0x1A4,C9 AD 8F 89 8A 04 E1 F4
57.470000000,0x316,FE 81 22 5C 11 40 C8 93
57.470000000,0x427,36 BC 39 9A 2A F6 E5 B5
57.480000000,0x1A4,B2 9B 67 09 4E 57 7B B3
57.480000000,0x316,DA FB 9C 02 B5 00 52 AC
57.480000000,0x427,4F 77 64 20 6E 19 58 BC
57.490000000,0x1A4,2F EA 3E 89 63 F6 1A BC
57.490000000,0x316,AB F7 56 03 97 20 A9 20
57.490000000,0x427,80 E0 3E 09 FC B2 50 A2
57.500000000,0x1A4,88 28 16 09 D2 7A 8A FA
57.500000000,0x316,8A 2D FB 0C EC 5A E9 46
57.500000000,0x427,90 16 E6 EF 7A 88 E2 B6
57.510000000,0x1A4,DE 18 E5 88 74 68 36 26
57.510000000,0x316,28 88 11 38 B5 44 35 DA
57.510000000,0x427,EE 5B 96 21 70 FC 6D 21
57.520000000,0x1A4,3E 59 B9 88 53 30 5C 70
57.520000000,0x316,ED B2 7E 7F DB E8 F2 5B
57.520000000,0x427,79 7B B9 D9 B2 92 2C EE
57.530000000,0x1A4,8C A9 97 08 71 2E 09 B2
57.530000000,0x316,44 1E 35 E0 E5 A2 6D 1A
57.530000000,0x427,1E 13 63 3E 18 63 78 5F
57.540000000,0x1A4,A7 2B 6D 88 35 94 A7 31
57.540000000,0x316,71 14 9B 0A 8C D3 04 E6
57.540000000,0x427,A7 62 DF C6 3D C0 61 C2
57.550000000,0x1A4,00 CE 39 08 6F C4 DA 80
57.550000000,0x316,40 0B F2 17 ED 5F FD 6A
57.550000000,0x427,39 0B E1 55 95 E8 E6 E2
57.560000000,0x1A4,83 79 12 08 BC 81 3B 68
57.560000000,0x316,0C 20 E3 40 EE EC 57 65
57.560000000,0x427,01 4F 71 32 4E 20 BD 00
57.570000000,0x1A4,8B 79 EB 87 29 18 FF FB
57.570000000,0x316,0D 3C 2B D3 2E 76 B4 0E
57.570000000,0x427,7F D9 2C 58 C1 72 1A B7
57.580000000,0x1A4,18 24 C5 87 B7 73 49 98
57.580000000,0x316,64 4E 16 3B E2 C8 55 EF
57.580000000,0x427,3E 65 03 D4 DD E5 A1 70
57.590000000,0x1A4,E2 94 98 07 7D 45 A8 75
57.590000000,0x316,07 92 19 5B 04 B4 DB 65
57.590000000,0x427,7B 20 31 E7 44 DE A5 95
57.600000000,0x1A4,B4 6D 68 07 A8 64 71 9C
57.600000000,0x316,52 77 8A 89 1D 1E 68 39
57.600000000,0x427,11 02 CC 21 6A 6E 95 C4
57.610000000,0x1A4,2E 86 47 07 3C AA 0C AF
57.610000000,0x316,23 F0 DD 05 D1 D3 D9 A6
57.610000000,0x427,82 38 72 29 C3 70 9C FD
57.620000000,0x1A4,85 9D 1C 87 C8 E1 F3 16
57.620000000,0x316,16 02 6C 6A 6E 3F C1 AE
57.620000000,0x427,CC 75 2A E2 22 CC 1D D0
57.630000000,0x1A4,B4 C8 F7 86 40 92 70 FA
57.630000000,0x316,45 22 07 BE FD 77 F3 12
57.630000000,0x427,61 B7 3C 78 1C FC 6C 4C
57.640000000,0x1A4,BD 7A C4 06 C9 08 7D DD
57.640000000,0x316,C6 A6 AD 9B 04 E4 76 0A
57.640000000,0x427,2D 52 50 DC E6 53 E4 F1
57.650000000,0x1A4,51 2D 9C 06 CE 97 00 95
57.650000000,0x316,5D 53 C3 BF 01 6F AE F4
57.650000000,0x427,E5 23 E8 87 4A F9 D9 37
57.660000000,0x1A4,99 84 74 06 B6 59 B1 F1
57.660000000,0x316,BF 20 00 C9 D1 CA 77 07
57.660000000,0x427,6B EB 7F 43 C5 17 79 3F
57.670000000,0x1A4,BC EF 4E 86 5E E4 21 F7
57.670000000,0x316,27 75 EB BD D7 E2 8C 8A
57.670000000,0x427,04 B8 38 D2 9B C1 A1 46
57.680000000,0x1A4,28 1A 27 06 D3 22 BE 9E
57.680000000,0x316,D2 F1 18 63 F7 61 52 64
57.680000000,0x427,08 18 86 29 22 2C 9D 26
57.690000000,0x1A4,0A F7 F6 85 96 E4 C6 14
57.690000000,0x316,4B 61 2C CD 79 D2 5E DE
57.690000000,0x427,64 62 F9 33 EC D4 5A F0
57.700000000,0x1A4,2D 07 CF 05 E4 FB 77 6B
57.700000000,0x316,1F 10 A2 7C 90 FC 94 03
57.700000000,0x427,77 40 47 80 F6 F5 4D 0E
57.710000000,0x1A4,98 AA A4 05 FE 9F E6 67
57.710000000,0x316,F9 59 A3 8E CD 20 82 E2
57.710000000,0x427,47 E4 5A 5E 26 D5 05 F8
57.720000000,0x1A4,11 69 7B 85 60 57 ED 6A
57.720000000,0x316,11 42 68 D7 6D 13 3F F8
57.720000000,0x427,40 19 4C E8 A3 70 AC 64
57.730000000,0x1A4,A3 A0 53 05 BA 67 3C F4
57.730000000,0x316,6D F9 CD C0 B5 EB 83 E0
57.730000000,0x427,D3 A4 13 E4 F2 68 63 0A
57.740000000,0x1A4,34 15 27 05 F4 C3 DE 3B
57.740000000,0x316,CA 21 4F B3 84 43 DD 64
57.740000000,0x427,3A 68 0B EE B0 26 29 27
57.750000000,0x1A4,73 68 F8 04 09 03 01 92
57.750000000,0x316,03 EF 1B 83 CC DC DE CD
57.750000000,0x427,E8 98 CA 64 6A 5C AF 5C
57.760000000,0x1A4,3D 70 D6 04 76 4B 79 0F
57.760000000,0x316,77 4C 9E 4D D9 68 CA 94
57.760000000,0x427,B7 E1 74 49 CF A0 5F C7
57.770000000,0x1A4,FB 5C A8 84 4B 46 81 C8
57.770000000,0x316,29 5C 36 41 5B C5 ED 4C
57.770000000,0x427,25 64 F1 A7 CD F1 42 09
57.780000000,0x1A4,53 C1 7B 04 5D B5 1E F7
57.780000000,0x316,06 D0 75 6E 98 68 3A 64
57.780000000,0x427,F1 64 CD FA E9 CE 43 32
57.790000000,0x1A4,7C D7 52 84 F3 20 61 4E
57.790000000,0x316,59 F1 CA 9A 93 7F 2C C5
57.790000000,0x427,8C C3 45 30 1D A5 9F B7
57.800000000,0x1A4,7F 3B 2F 04 4E 25 4B 91
57.800000000,0x316,FD 84 B5 6A 89 9D 02 58
57.800000000,0x427,A5 6C 2F 02 FE 96 63 4D
57.810000000,0x1A4,E6 6B 00 84 F0 B7 C1 9A
57.810000000,0x316,3F 68 7E 60 F1 85 D2 2A
57.810000000,0x427,99 22 20 74 56 F2 94 30
57.820000000,0x1A4,FA 52 DD 03 72 D6 B4 D8
57.820000000,0x316,5D DE 3F 2B 21 AA A5 62
57.820000000,0x427,12 05 7B 22 45 21 10 6F
57.830000000,0x1A4,9E F5 AE 83 59 8D 82 D5
57.830000000,0x316,DC 96 12 1E A0 4A A5 16
57.830000000,0x427,70 0C A7 4B BC EF F9 F7
57.840000000,0x1A4,51 7D 80 03 7A 49 77 41
57.840000000,0x316,8E C0 68 37 78 2F 2C C9
57.840000000,0x427,43 14 33 69 53 E3 5B AA
57.850000000,0x1A4,BE 9F 5F 03 98 35 6D EB
57.850000000,0x316,1C DF 28 D4 18 E1 24 BD
57.850000000,0x427,FB 19 F1 57 0A C8 DA F0
57.860000000,0x1A4,01 54 30 83 B4 B7 07 8E
57.860000000,0x316,F2 75 07 B2 09 50 10 52
57.860000000,0x427,A1 F3 3C 44 E1 E5 6A AC
57.870000000,0x1A4,75 F6 0B 03 A2 20 F6 19
57.870000000,0x316,B6 98 DE AD 70 88 C2 83
57.870000000,0x427,2A 74 A3 D9 B7 92 63 83
57.880000000,0x1A4,59 1D D8 82 C2 87 E3 E2
57.880000000,0x316,8D 3E 78 F4 15 F6 0E 0A
57.880000000,0x427,A1 2D A7 88 BD D3 25 BC
57.890000000,0x1A4,79 BE B4 02 2F 12 FB F2
57.890000000,0x316,53 09 80 FC 03 27 18 98
57.890000000,0x427,B9 83 4B F3 1C 2E EF AF
57.900000000,0x1A4,DB 89 89 82 E6 2B 1C 19
57.900000000,0x316,E8 6E 6A BD 2A 29 6E 9F
57.900000000,0x427,92 7A 28 EE AD 1B 56 68
57.910000000,0x1A4,9D CC 63 02 FE 4E B4 A3
57.910000000,0x316,6E 54 77 3D 66 52 6F B9
57.910000000,0x427,7E 89 A6 4F A4 FA 4D E8
57.920000000,0x1A4,58 D0 36 82 DA 3C 12 B6
57.920000000,0x316,3B AA AA 15 C8 AB 73 A8
57.920000000,0x427,F3 0D CD 99 B2 15 26 92
57.930000000,0x1A4,9C 50 0D 82 30 21 59 61
57.930000000,0x316,D9 DB 7F 43 94 72 79 38
57.930000000,0x427,D9 99 75 33 0A DE 48 8F
57.940000000,0x1A4,F5 EB E5 01 68 58 14 CE
57.940000000,0x316,83 C1 4A 3D 82 20 2A E3
57.940000000,0x427,31 60 4C 22 C8 C2 5C B8
57.950000000,0x1A4,AA B4 BF 81 CF 37 60 F6
57.950000000,0x316,DB 54 44 FD 4B AF 1F 48
57.950000000,0x427,3C F9 7D F2 7F B5 FF 75
57.960000000,0x1A4,9A 29 97 81 C0 38 3F F5
57.960000000,0x316,30 E2 C8 2F 79 1B 93 E3
57.960000000,0x427,CD 24 9A 5D 26 89 AD AA
57.970000000,0x1A4,23 15 67 01 D9 0B 5B 5D
57.970000000,0x316,77 D2 18 88 1C AE 60 3C
57.970000000,0x427,71 E3 93 39 50 91 DA 3E
57.980000000,0x1A4,8B FD 3F 01 F0 13 01 F3
57.980000000,0x316,3F 62 CA 33 46 82 09 F3
57.980000000,0x427,5E 57 B3 D0 E4 5B E4 08
57.990000000,0x1A4,06 2C 15 81 B8 AA 84 B0
57.990000000,0x316,57 AE AA 3D 05 35 DA 13
57.990000000,0x427,FC BC 24 14 39 03 D7 B4
58.000000000,0x1A4,2E C4 EE 80 90 F9 A7 5D
58.000000000,0x316,C8 C6 2C D9 63 44 20 AB
58.000000000,0x427,DD AC 6C 87 C0 C5 DF 7F
58.010000000,0x1A4,3B D8 C1 00 87 50 2A 07
58.010000000,0x316,40 6C B5 5F 54 50 EA FA
58.010000000,0x427,83 2D 01 B8 D1 1A 5F 44
58.020000000,0x1A4,75 E1 92 00 C6 BB 12 DD
58.020000000,0x316,52 0D 87 77 AF BB 42 C7
58.020000000,0x427,45 C1 4E BA 53 89 F1 63
58.030000000,0x1A4,7D FE 6F 80 76 A1 98 B0
58.030000000,0x316,7A A8 4F 90 73 F1 D5 AC
58.030000000,0x427,4E 8B C0 44 9E 55 D7 7F
58.040000000,0x1A4,52 F5 40 00 DB FB CA CB
58.040000000,0x316,6D A2 1A 74 7B 9E C0 66
58.040000000,0x427,20 43 3A 96 ED 99 4C B6
58.050000000,0x1A4,B0 1D 19 80 A0 18 76 B8
58.050000000,0x316,28 26 28 CC 7B 85 88 FD
58.050000000,0x427,BE 1B AC 44 5C 53 C4 B8
58.060000000,0x1A4,96 9A 07 80 55 80 57 F1
58.060000000,0x316,28 E7 C7 E6 B9 34 8B EA
58.060000000,0x427,3D 0F BF A2 96 8F E3 55
58.070000000,0x1A4,69 E6 05 80 89 CD 09 33
58.070000000,0x316,43 3E 49 5C 8A DF 90 F7
58.070000000,0x427,76 FF 6B 3D F6 1B C4 6F
58.080000000,0x1A4,C6 6D 07 00 71 1F 77 90
58.080000000,0x316,40 52 E1 78 EB 93 BA FD
58.080000000,0x427,33 7F 74 DB A2 B8 56 45
58.090000000,0x1A4,AD 72 05 00 4B 19 FC 62
58.090000000,0x316,25 AF 62 EE 39 F4 66 BA
58.090000000,0x427,16 CD 3A 98 2D 47 E4 C6
58.100000000,0x1A4,4F D4 06 80 EF EB DE 61
58.100000000,0x316,B2 A9 57 F6 E8 8E 90 CE
58.100000000,0x427,49 EB 46 10 F3 FC 4F 6E
58.110000000,0x1A4,EA 3B 00 00 3F FF EB E7
58.110000000,0x316,53 7D C5 47 8D 8B 60 20
58.110000000,0x427,B7 7F 3E 14 14 53 55 2D
58.120000000,0x1A4,1D BA 07 00 FF D9 19 49
58.120000000,0x316,06 54 B4 5E D3 0C AA 05
58.120000000,0x427,64 A3 15 89 6B 2D 9F B2
58.130000000,0x1A4,F4 A4 03 80 6D 00 07 02
58.130000000,0x316,8D 95 9B 92 DF 99 00 55
58.130000000,0x427,05 01 E0 EC 52 BF B9 D6
58.140000000,0x1A4,09 2C 05 80 60 92 4A 9E
58.140000000,0x316,0C C6 C4 EA F1 07 9D F0
58.140000000,0x427,B2 EB 6C 4E 42 46 0F 82
58.150000000,0x1A4,F8 E9 00 00 5E 80 94 D0
58.150000000,0x316,35 07 79 57 DD 10 74 2F
58.150000000,0x427,0C BE AA C2 E4 7A 2B 66
58.160000000,0x1A4,6B D2 07 80 6B 21 81 24
58.160000000,0x316,D4 73 B6 52 B9 DB 59 C9
58.160000000,0x427,7D A7 A0 F0 07 FE 07 5F
58.170000000,0x1A4,66 29 02 80 D1 03 9C 61
58.170000000,0x316,35 B3 A6 65 A3 93 55 4D
58.170000000,0x427,66 14 20 D8 C4 E6 59 72
58.180000000,0x1A4,64 74 05 00 18 31 E3 1C
58.180000000,0x316,DB 9A 7B DA 6D 00 32 EC
58.180000000,0x427,FC C7 51 3D 28 C4 77 03
58.190000000,0x1A4,D3 EF 04 00 D3 E7 BF DE
58.190000000,0x316,1F 29 18 FB BF FC B3 46
58.190000000,0x427,30 5A FF 22 0B 40 56 3D
58.200000000,0x1A4,80 7E 01 00 94 34 E4 C6
58.200000000,0x316,BA D1 A7 B7 BB 05 A8 96
58.200000000,0x427,CA A2 BF FC 33 BA 60 1E
58.210000000,0x1A4,F9 97 04 00 3F DB 7C 2E
58.210000000,0x316,D5 A4 82 62 D2 C4 5E 1F
58.210000000,0x427,B3 4A E1 EE F9 8F 4A D0
58.220000000,0x1A4,94 BD 01 00 0F C2 79 0D
58.220000000,0x316,68 05 69 FF 08 3F EE AA
58.220000000,0x427,84 DC 22 F4 87 17 C8 43
58.230000000,0x1A4,DA FD 01 80 0D D8 61 8B
58.230000000,0x316,74 A5 61 95 A3 9B 06 32
58.230000000,0x427,B2 A1 70 3F FB 5B EA CA
58.240000000,0x1A4,55 DF 02 80 B4 3A 4C 28
58.240000000,0x316,55 AA E2 F0 E4 54 5B 6A
58.240000000,0x427,C1 41 0B D1 4A B7 C8 1D
58.250000000,0x1A4,CD 2A 06 00 97 30 D9 C6
58.250000000,0x316,8B 89 15 51 70 79 D9 E2
58.250000000,0x427,4E 1A 17 4F 1E 58 A7 36
58.260000000,0x1A4,A4 B0 00 80 B1 80 41 CF
58.260000000,0x316,BF 4D 4B 0E 4E 0A EB 73
58.260000000,0x427,32 D0 0A 91 8B 61 A3 69
58.270000000,0x1A4,46 9F 02 00 16 A1 64 A8
58.270000000,0x316,2D AF 33 C5 85 C9 38 75
58.270000000,0x427,BB 7E DB 39 C1 1D B0 1A
58.280000000,0x1A4,A0 68 07 80 AD 52 4F E8
58.280000000,0x316,26 5D 40 AE 05 B7 56 E7
58.280000000,0x427,77 5D A0 04 B1 45 AD 07
58.290000000,0x1A4,88 92 06 80 E0 20 47 A5
58.290000000,0x316,1D A2 AE AF BD 56 1A BB
58.290000000,0x427,02 35 3A 1F FD 0A E5 7E
58.300000000,0x1A4,FB 73 05 80 BA 7D E4 87
58.300000000,0x316,21 6C 6B D2 DE 5E 34 5B
58.300000000,0x427,21 E7 74 EB D1 4F C1 2A
58.310000000,0x1A4,94 ED 07 00 21 63 92 EE
58.310000000,0x316,33 86 C8 1E DB 9C 53 14
58.310000000,0x427,E6 DC 4C 5E 2A 09 DA BA
58.320000000,0x1A4,F6 22 02 80 7C 9D 56 72
58.320000000,0x316,11 17 A6 17 7D D2 88 EA
58.320000000,0x427,D9 6A BA EE 1A 55 96 8E
58.330000000,0x1A4,56 DF 05 00 E0 71 7E 51
58.330000000,0x316,96 09 0B 28 F1 93 88 35
58.330000000,0x427,45 0F DD 5C 57 24 CE D0
58.340000000,0x1A4,DC 98 06 80 C1 DA 6E A8
58.340000000,0x316,9F 25 84 47 4A 41 37 BD
58.340000000,0x427,31 5F 71 E5 B3 A2 1C 2D
58.350000000,0x1A4,5D 85 05 00 5D 4F A1 E3
58.350000000,0x316,10 5D E5 E7 FA 86 67 81
58.350000000,0x427,82 A5 29 CC CF 76 ED 75
58.360000000,0x1A4,4B BC 07 00 54 FF 5D 44
58.360000000,0x316,D1 A8 19 D8 92 96 26 AE
58.360000000,0x427,54 4E 86 A6 A8 46 EA E3
58.370000000,0x1A4,1F 1C 00 80 BC 8D 80 7F
58.370000000,0x316,E2 AA 71 0C 38 1F C8 1C
58.370000000,0x427,D9 D0 49 7F 4C B1 A9 31
58.380000000,0x1A4,B4 93 07 80 F4 F1 01 F7
58.380000000,0x316,4C BB E1 29 FD 3D A4 DE
58.380000000,0x427,58 31 EA A5 84 D1 0A EF
58.390000000,0x1A4,A3 B7 04 80 9F 91 3C AD
58.390000000,0x316,70 0C 7B 06 40 35 06 B1
58.390000000,0x427,09 F4 6E 87 7A 31 32 69
58.400000000,0x1A4,CB 1D 00 80 78 6C 68 57
58.400000000,0x316,DF 73 14 E0 53 DE F1 BD
58.400000000,0x427,5B D6 02 D2 24 52 C8 25
58.410000000,0x1A4,ED FA 01 00 66 F8 A9 E7
58.410000000,0x316,8F 7C D8 71 4B 00 7A 76
58.410000000,0x427,4E 9A F5 73 D0 7A CE 21
58.420000000,0x1A4,F0 3D 02 80 55 D2 12 6E
58.420000000,0x316,70 63 7A 66 1C 7E 95 AE
58.420000000,0x427,CA 03 EC 52 28 F5 1F 68
58.430000000,0x1A4,70 72 04 00 21 28 EA 31
58.430000000,0x316,32 DA D0 77 6B 2B DF 00
58.430000000,0x427,38 A2 89 1C 69 16 56 47
58.440000000,0x1A4,7F 0C 01 80 68 A7 DB 0F
58.440000000,0x316,89 F4 4C A5 09 77 D1 D3
58.440000000,0x427,DB AF F0 0B 0E D3 CC EC
58.450000000,0x1A4,0D 8F 00 80 40 CA 19 A1
58.450000000,0x316,47 A1 44 B3 34 8E 6B 5B
58.450000000,0x427,DA EA B6 D0 55 48 0A 27
58.460000000,0x1A4,DB C4 04 80 3E D3 77 70
58.460000000,0x316,22 AB B3 EE 17 7B 79 89
58.460000000,0x427,BF 05 19 10 DC 4E 4B 06
58.470000000,0x1A4,94 54 05 80 EE 07 A1 EF
58.470000000,0x316,9C AB 13 5E 78 E5 52 53
58.470000000,0x427,B2 EB 29 A6 F9 9E E6 84
58.480000000,0x1A4,94 62 05 80 D5 E5 EC FB
58.480000000,0x316,2B 6D AE 0B 66 51 4F 09
58.480000000,0x427,D1 30 7B 06 CC E6 B7 EB
58.490000000,0x1A4,B6 5C 00 00 E3 42 DD 7B
58.490000000,0x316,F2 C2 38 DB 8C F9 B2 AE
58.490000000,0x427,D8 4B 9D 2D 99 BD BF BA
58.500000000,0x1A4,0A 27 06 00 32 8A D2 10
58.500000000,0x316,DB FE 26 4F 40 EB B1 2F
58.500000000,0x427,9D AA DD 51 58 AF 8E 76
58.510000000,0x1A4,9B 0F 06 80 A9 24 C0 D8
58.510000000,0x316,E7 4F 03 F2 19 D7 E2 31
58.510000000,0x427,70 C1 B2 1E 51 7F E8 6C
58.520000000,0x1A4,C2 B8 06 00 E8 DA AD 9A
58.520000000,0x316,03 75 16 4D 80 9C 09 3A
58.520000000,0x427,5A 89 B8 F7 51 A9 DB 92
58.530000000,0x1A4,C7 8D 02 80 31 D3 B0 CA
58.530000000,0x316,B1 50 98 1F 3A DF EC C4
58.530000000,0x427,92 0C 21 EB 07 BA B5 37
58.540000000,0x1A4,A5 26 00 80 12 11 E3 65
58.540000000,0x316,18 38 72 87 7F 13 5E CE
58.540000000,0x427,8E E3 A6 A0 70 5B B2 B1
58.550000000,0x1A4,84 72 03 00 E9 7F 8F 7E
58.550000000,0x316,7E 0A 53 FE ED 41 1B 2A
58.550000000,0x427,A4 12 8F E8 DC 27 FB 08
58.560000000,0x1A4,B1 3D 06 00 94 B1 22 1F
58.560000000,0x316,56 B4 B7 32 D1 13 CA 60
58.560000000,0x427,FC DB 57 9F E7 7D 8A 58
58.570000000,0x1A4,B2 5B 07 00 97 4C 8D B5
58.570000000,0x316,38 FE 77 27 2D 09 A2 84
58.570000000,0x427,1F 75 8B C6 EC 33 09 64
58.580000000,0x1A4,09 02 07 00 FB 58 0F E8
58.580000000,0x316,75 5A 89 B8 92 A4 DB 06
58.580000000,0x427,85 BF D6 99 DA 8C 16 A5
58.590000000,0x1A4,23 9D 05 00 B4 67 5B 93
58.590000000,0x316,1F CE EB B9 47 33 94 A1
58.590000000,0x427,73 39 1F DB 95 58 11 7C
58.600000000,0x1A4,26 52 02 80 21 75 02 3F
58.600000000,0x316,E4 60 0E 58 65 D8 B8 20
58.600000000,0x427,4A 54 19 B8 01 97 9F 5F
58.610000000,0x1A4,E6 61 03 80 A4 E7 88 9D
58.610000000,0x316,A8 FB 2C 5A 6C 75 C6 D3
58.610000000,0x427,29 1E AC E4 12 4E 1C DC
58.620000000,0x1A4,4D 2C 06 80 C9 95 D1 AE
58.620000000,0x316,8C D7 94 36 29 EA D7 E8
58.620000000,0x427,CF CB 10 3C 57 D4 FA 25
58.630000000,0x1A4,3A 02 02 00 48 46 99 26
58.630000000,0x316,0B E3 D2 A3 84 31 77 B1
58.630000000,0x427,34 F0 56 C5 B5 F8 8E D0
58.640000000,0x1A4,EE 63 04 00 31 26 12 3A
58.640000000,0x316,96 03 06 B3 AA CE AE 9D
58.640000000,0x427,AE A9 AA 30 71 60 C4 E4
58.650000000,0x1A4,5B B7 07 80 1F C0 77 9A
58.650000000,0x316,99 E3 A0 9B 05 57 9F 2C
58.650000000,0x427,A8 55 5D 00 A4 6B 8E 49
58.660000000,0x1A4,88 45 04 00 25 4D 55 DA
58.660000000,0x316,6F 2F 43 79 09 D2 F1 B0
58.660000000,0x427,6A BD 88 B1 87 D4 0B D4
58.670000000,0x1A4,AB 86 07 80 13 4C 1E C8
58.670000000,0x316,A3 84 E3 D4 84 E4 D8 38
58.670000000,0x427,47 E4 27 C8 BF 49 A2 5A
58.680000000,0x1A4,2F 7D 02 00 E0 6C 13 21
58.680000000,0x316,D7 E4 04 3A 36 98 58 6C
58.680000000,0x427,3F 2C 44 6D 2F AF 4C 16
58.690000000,0x1A4,7C D5 04 80 F1 20 9A 59
58.690000000,0x316,6F 86 D4 F8 83 ED E5 08
58.690000000,0x427,CE EE 33 78 A3 15 A8 65
58.700000000,0x1A4,10 97 05 00 55 3C 4B E8
58.700000000,0x316,7B 4F 88 0C A3 37 1D 8D
58.700000000,0x427,43 35 E3 F9 A1 8A 88 75
58.710000000,0x1A4,1E EE 01 00 08 6E EE 82
58.710000000,0x316,57 E8 FB 2F 51 66 9B 63
58.710000000,0x427,2F 27 6D 9B FC 0F 72 7F
58.720000000,0x1A4,09 9D 04 80 D7 ED A8 F5
58.720000000,0x316,0D 4D EC 1E BD B2 B5 C3
58.720000000,0x427,2A 5A 73 81 21 B0 92 CE
58.730000000,0x1A4,CC 91 04 00 F3 78 6B D4
58.730000000,0x316,74 9B 81 DA C7 DC 2C 33
58.730000000,0x427,64 EE 91 61 F0 02 E0 09
58.740000000,0x1A4,CF 74 02 00 6B F4 9F 03
58.740000000,0x316,13 E1 CB 7D F5 1C EB 1F
58.740000000,0x427,DB B5 ED 27 01 28 7C 65
58.750000000,0x1A4,FD F6 02 00 3D 36 AE 5A
58.750000000,0x316,38 04 12 A5 F3 01 67 D8
58.750000000,0x427,85 1D C0 F3 82 31 D9 D2
58.760000000,0x1A4,D9 00 01 80 36 2C BA 8D
58.760000000,0x316,15 1F E6 38 6D 44 98 E4
58.760000000,0x427,1F 83 76 F6 03 2A EB 8E
58.770000000,0x1A4,E3 64 02 80 1B 9F 6A 8F
58.770000000,0x316,FF 9D D2 A1 3F A6 3F F6
58.770000000,0x427,37 8D D1 2E D6 1D C2 B4
58.780000000,0x1A4,16 AF 02 00 F3 41 B2 F6
58.780000000,0x316,4C 66 E9 DB C3 ED 34 7E
58.780000000,0x427,81 6F 8D AA D7 94 33 CB
58.790000000,0x1A4,E8 27 01 80 44 2B 59 A1
58.790000000,0x316,1A 3D 4B 6F CD 89 4C EC
58.790000000,0x427,05 8A 1B B5 4B 5E 15 C3
58.800000000,0x1A4,0A 80 03 00 00 E6 BC 88
58.800000000,0x316,8E 1C 0A DC 83 06 1E 42
58.800000000,0x427,0A 87 83 C7 A1 AD 0C 67
58.810000000,0x1A4,78 6D 05 00 6C 21 47 33
58.810000000,0x316,E4 19 06 53 E5 4B 4F 71
58.810000000,0x427,46 DE F5 C0 C2 65 3D 43
58.820000000,0x1A4,31 CC 02 00 9D 75 28 25
58.820000000,0x316,92 C6 B6 35 35 2E CC FA
58.820000000,0x427,53 0B 49 F8 7D 01 D4 F6
58.830000000,0x1A4,AD 0E 01 00 31 55 6E FB
58.830000000,0x316,B4 A7 DB B0 99 42 83 FB
58.830000000,0x427,AC B0 1B 27 D7 26 42 24
58.840000000,0x1A4,16 E3 00 80 BB 94 50 29
58.840000000,0x316,5F B3 6D EB F5 46 4A B6
58.840000000,0x427,95 C4 23 82 51 BA 52 04
58.850000000,0x1A4,70 59 06 80 8B 5F 2B 1B
58.850000000,0x316,40 22 1F C1 19 6A 80 9B
58.850000000,0x427,89 EE C2 4A 58 2C F6 40
58.860000000,0x1A4,59 74 04 80 9A 7D 6A 27
58.860000000,0x316,1E 69 9A 58 1A 20 6A 8F
58.860000000,0x427,0A 2B 8A FD 5D 40 9C AB
58.870000000,0x1A4,A2 1A 02 80 F5 C7 95 BD
58.870000000,0x316,DE 31 EA 90 25 17 7F 27
58.870000000,0x427,37 92 A4 B7 9D D9 D0 D0
58.880000000,0x1A4,93 B4 05 80 D1 E1 A5 FD
58.880000000,0x316,29 A9 71 AF 4A 30 9F A1
58.880000000,0x427,57 30 38 DC 87 4D 23 2F
58.890000000,0x1A4,DF 3B 03 00 58 F8 F7 BB
58.890000000,0x316,5C B5 56 F5 F5 A2 8E 5A
58.890000000,0x427,D7 DF AF 67 20 08 A2 0E
58.900000000,0x1A4,71 D6 04 00 89 BD DB 2E
58.900000000,0x316,88 85 30 D2 F6 01 70 E3
58.900000000,0x427,D6 D1 30 9E 66 E0 2E FE
58.910000000,0x1A4,F5 0D 01 80 24 9E 68 56
58.910000000,0x316,8A 42 08 36 33 90 20 5F
58.910000000,0x427,E0 7E F5 A7 AD 82 9F 0C
58.920000000,0x1A4,CA B2 04 80 6B 91 BD 63
58.920000000,0x316,EA A5 03 3E 32 19 47 D5
58.920000000,0x427,2F 9D A7 E5 13 A7 AB A2
58.930000000,0x1A4,D7 C1 04 80 6C E9 D8 B8
58.930000000,0x316,44 E1 91 7A E8 6D 4F DD
58.930000000,0x427,86 18 7A CC 43 DD A0 3E
58.940000000,0x1A4,C1 39 01 00 1B C2 E6 DA
58.940000000,0x316,AF 39 D3 A5 F2 9F 5F 1D
58.940000000,0x427,1C 25 15 88 B6 20 30 0E
58.950000000,0x1A4,15 B2 04 00 90 FA 95 65
58.950000000,0x316,D3 45 05 AF BF EB 00 CB
58.950000000,0x427,45 0D E5 7D C2 7F 99 46
58.960000000,0x1A4,67 39 03 00 47 63 E2 D3
58.960000000,0x316,D1 1F 7F 3C 1E B9 9D 01
58.960000000,0x427,98 1B 4E 7C 83 BD 43 AB
58.970000000,0x1A4,7C 92 04 00 CF 4A A7 3A
58.970000000,0x316,7B 66 55 DB BB 72 13 8F
58.970000000,0x427,FD A4 24 F3 6F 4D 0D 4E
58.980000000,0x1A4,75 F2 04 80 00 02 3D 1F
58.980000000,0x316,E8 30 38 A7 26 90 CA 8F
58.980000000,0x427,F2 F7 EE 52 CD E8 03 26
58.990000000,0x1A4,BA 25 00 00 F3 55 73 E3
58.990000000,0x316,4F 31 F5 A8 CD 5C 5D 12
58.990000000,0x427,05 A3 41 38 06 38 57 C6
59.000000000,0x1A4,D3 65 07 00 2A 00 AD 2C
59.000000000,0x316,3C 1D BB 66 91 BF 3D A9
59.000000000,0x427,04 4E AD 0E 6B 57 3B 82
59.010000000,0x1A4,5C F2 07 80 95 48 6D 49
59.010000000,0x316,6C F3 F9 A9 25 4B 38 66
59.010000000,0x427,87 61 AF 3A E9 31 27 92
59.020000000,0x1A4,64 13 03 80 67 27 58 B8
59.020000000,0x316,CD 09 39 79 B4 62 27 A8
59.020000000,0x427,8C 37 89 5D EE 84 D8 62
59.030000000,0x1A4,82 A5 01 00 F3 39 57 50
59.030000000,0x316,92 E3 01 BB FB 90 DF 46
59.030000000,0x427,5A DD 6E CA 19 91 E4 79
59.040000000,0x1A4,24 47 07 00 9D 5E 8D 5C
59.040000000,0x316,88 00 84 51 1C 86 5D 40
59.040000000,0x427,72 D0 94 91 DE DF 9D 12
59.050000000,0x1A4,9C C1 05 80 63 9B 9D 2C
59.050000000,0x316,F8 0A D1 EF 5C 3F 4F A0
59.050000000,0x427,05 54 E1 A8 A0 19 3A 11
59.060000000,0x1A4,F7 15 00 00 47 6B 23 16
59.060000000,0x316,F0 35 99 6D C0 DE 33 FA
59.060000000,0x427,F8 D0 6A B8 0D E6 85 44
59.070000000,0x1A4,ED F5 07 00 92 97 D6 13
59.070000000,0x316,24 37 F4 90 70 91 34 C4
59.070000000,0x427,B0 7E 16 EB 64 D4 58 AC
59.080000000,0x1A4,3C CA 03 00 31 7E 77 54
59.080000000,0x316,E0 C9 A2 6D C7 D5 88 45
59.080000000,0x427,20 04 54 04 35 B2 CF 91
59.090000000,0x1A4,5F B6 07 80 51 8B A7 AB
59.090000000,0x316,23 02 61 17 57 F0 83 93
59.090000000,0x427,BC AC 8C B8 1D EA 3F 60
59.100000000,0x1A4,57 2B 01 80 BC 9E 19 FC
59.100000000,0x316,14 2C 26 36 A7 7D 47 97
59.100000000,0x427,B0 B6 2F 52 85 83 6B 73
59.110000000,0x1A4,C1 2B 00 80 BC 87 24 7F
59.110000000,0x316,5E AE 95 5B DD E1 0A CE
59.110000000,0x427,9F 2A 53 2F F3 24 69 0F
59.120000000,0x1A4,B3 2E 07 00 36 77 AD CD
59.120000000,0x316,4C 99 22 00 F4 07 AB CF
59.120000000,0x427,A3 30 18 23 F3 24 A6 04
59.130000000,0x1A4,57 4D 05 00 E7 B5 31 2B
59.130000000,0x316,23 BC 41 6F CD FB F4 F9
59.130000000,0x427,5F 11 86 28 02 76 AA AA
59.140000000,0x1A4,60 12 01 00 72 F6 34 12
59.140000000,0x316,7F 80 6C 9F 54 AA EB DD
59.140000000,0x427,FA 5E EB A6 1B 67 02 7F
59.150000000,0x1A4,8C 9D 01 00 A0 F6 CD 22
59.150000000,0x316,D4 64 9D BA 87 BD 60 A9
59.150000000,0x427,70 7C FD 16 02 D9 50 26
59.160000000,0x1A4,27 13 07 00 13 3D C3 12
59.160000000,0x316,AD 51 D8 F0 51 34 A8 33
59.160000000,0x427,20 A6 52 92 F5 E7 5F 3E
59.170000000,0x1A4,32 5F 04 80 0E 6E 69 B7
59.170000000,0x316,9D 3F 14 6E AE 7B EB E7
59.170000000,0x427,65 AA 56 F2 81 41 CC 9E
59.180000000,0x1A4,85 FB 05 00 0F 45 77 76
59.180000000,0x316,64 DC 2F 88 B5 13 08 91
59.180000000,0x427,2E 3E B3 A5 5A 00 33 74
59.190000000,0x1A4,F2 87 06 00 8A 4B 4D 09
59.190000000,0x316,09 3E FF 90 B4 BD 73 F4
59.190000000,0x427,46 BC F1 85 28 30 7D 79
59.200000000,0x1A4,FE D5 02 00 F5 55 FE 12
59.200000000,0x316,3F B7 3B 2A E2 16 26 6D
59.200000000,0x427,CE A6 94 7D 4F 84 A8 E4
59.210000000,0x1A4,46 15 07 00 2B 10 38 3B
59.210000000,0x316,9F 84 74 14 CD 82 42 CC
59.210000000,0x427,E8 E0 18 9A 04 DB 2E FC
59.220000000,0x1A4,F9 E9 06 80 72 B0 74 2F
59.220000000,0x316,E7 06 C1 21 05 E1 16 70
59.220000000,0x427,8C B8 EB A6 A4 F1 AF 63
59.230000000,0x1A4,4D 87 01 80 44 7D BF C3
59.230000000,0x316,7F DF 3F 07 81 9C DB 75
59.230000000,0x427,28 73 8A F5 F3 7E D0 56
59.240000000,0x1A4,14 33 01 80 38 91 A7 93
59.240000000,0x316,6E DF BD F6 61 77 C9 87
59.240000000,0x427,96 5E E6 88 B5 A1 23 9F
59.250000000,0x1A4,A8 B6 03 00 1B 5F 14 A6
59.250000000,0x316,E4 3C 71 8B 7C 7D 9C 6B
59.250000000,0x427,11 FE 37 5A DE 32 BB 3C
59.260000000,0x1A4,9D 7F 05 80 AE CE 2C A3
59.260000000,0x316,9B B0 9B EF 99 CE 3F 35
59.260000000,0x427,81 04 D2 F0 6F EF 86 A1
59.270000000,0x1A4,59 15 00 80 C0 B0 58 92
59.270000000,0x316,DC 8E 6D E6 16 B2 74 EA
59.270000000,0x427,91 B6 C2 B2 1C 68 66 B1
59.280000000,0x1A4,27 61 03 00 8C CF F8 33
59.280000000,0x316,F3 85 83 1D CA 2A 45 9A
59.280000000,0x427,66 5B 79 17 6D 67 45 A1
59.290000000,0x1A4,29 52 04 80 19 E8 D9 61
59.290000000,0x316,93 43 2D 54 93 55 0B 4F
59.290000000,0x427,9F 6A 39 30 81 91 E7 07
59.300000000,0x1A4,7F 15 05 80 B9 D1 32 83
59.300000000,0x316,3A A1 0F AC 19 EC 9E B9
59.300000000,0x427,86 8D 1F C9 23 1F 06 94
59.310000000,0x1A4,97 1E 06 80 FE 1D BA 55
59.310000000,0x316,BE 2B 83 2E 1B 59 B1 3B
59.310000000,0x427,E7 A1 EB 1F 5F 23 0D 25
59.320000000,0x1A4,D8 BA 01 00 25 0C 96 28
59.320000000,0x316,3B 39 FD 1E 74 39 0A 96
59.320000000,0x427,F9 91 BA 11 61 E4 1A 5A
59.330000000,0x1A4,8B 1E 00 80 E8 56 05 06
59.330000000,0x316,10 E8 4B C6 44 F9 5E 59
59.330000000,0x427,90 7F 7D 7C 91 DF BB CE
59.340000000,0x1A4,24 84 05 00 3E A1 B4 45
59.340000000,0x316,20 86 41 FE 25 D0 64 48
59.340000000,0x427,AB 69 23 90 6E 89 DC A3
59.350000000,0x1A4,1D A1 02 00 4C B6 AE CC
59.350000000,0x316,A4 F6 F1 EB A9 47 BA 48
59.350000000,0x427,95 36 DD 7A CD 63 C3 01
59.360000000,0x1A4,B2 E5 01 80 21 FA C8 0C
59.360000000,0x316,21 07 4E 00 81 6B E9 23
59.360000000,0x427,3D CD BD 6B 05 F6 D9 F7
59.370000000,0x1A4,92 E4 06 80 47 37 DA 76
59.370000000,0x316,C8 DF 48 65 34 2E 61 4E
59.370000000,0x427,21 DE 26 4F 0C 19 75 8B
59.380000000,0x1A4,79 6D 06 80 E0 33 34 C3
59.380000000,0x316,C6 18 6D 6F 1C D8 14 7F
59.380000000,0x427,B7 47 A2 66 5A F1 38 4C
59.390000000,0x1A4,F6 88 00 80 C6 BA A4 72
59.390000000,0x316,86 79 D4 97 EE 4D 3C 73
59.390000000,0x427,EB 23 61 EC 88 03 3C 4F
59.400000000,0x1A4,79 23 03 80 58 24 E5 F0
59.400000000,0x316,42 77 CA 16 89 54 77 6B
59.400000000,0x427,CD 83 F3 D0 1B CF 88 33
59.410000000,0x1A4,66 69 02 00 9A 89 F9 E3
59.410000000,0x316,F7 9B F9 58 80 A6 37 6D
59.410000000,0x427,09 E1 CC B0 61 77 98 FD
59.420000000,0x1A4,C4 75 05 00 4B 44 C6 41
59.420000000,0x316,8F 65 9F DB AE E5 A3 54
59.420000000,0x427,8E 68 74 08 08 D7 E6 05
59.430000000,0x1A4,2B E3 05 00 90 14 88 3E
59.430000000,0x316,18 6D 5E 5A 70 74 92 50
59.430000000,0x427,00 BC F3 B2 69 A3 78 38
59.440000000,0x1A4,CF F1 02 00 44 73 FD 32
59.440000000,0x316,73 73 A2 09 E0 BE BF 96
59.440000000,0x427,4A A0 36 BD 20 D2 D8 62
59.450000000,0x1A4,8F F9 04 80 02 FB BB 45
59.450000000,0x316,FE DF A6 90 E8 45 37 6D
59.450000000,0x427,DE 3C D0 9D 34 98 BC 2F
59.460000000,0x1A4,52 B3 07 80 8E 1E E3 76
59.460000000,0x316,06 3E FE 70 C2 77 3E 14
59.460000000,0x427,19 0F 23 1C E4 B7 FA E1
59.470000000,0x1A4,F6 AF 06 80 A8 31 C0 90
59.470000000,0x316,83 3D 6B A6 79 02 AC 5B
59.470000000,0x427,06 94 29 23 C3 48 BE 91
59.480000000,0x1A4,FF 7A 01 80 ED F6 51 61
59.480000000,0x316,C0 7F 05 39 AD 5C 33 52
59.480000000,0x427,65 1E B5 34 44 01 AF 0C
59.490000000,0x1A4,80 44 01 80 04 59 F7 5E
59.490000000,0x316,1D D7 F3 97 6B 9B 48 77
59.490000000,0x427,26 6C 11 B8 DC 78 09 02
59.500000000,0x1A4,3D 15 03 00 47 B2 35 5E
59.500000000,0x316,D1 2B 8A 59 F5 F3 30 1C
59.500000000,0x427,AB D9 58 29 13 9B 6D 87
59.510000000,0x1A4,AE FF 05 00 2A B5 71 76
59.510000000,0x316,11 CE DC 69 4B DD A6 AC
59.510000000,0x427,34 AB D4 34 8B 75 33 6D
59.520000000,0x1A4,C6 C5 01 00 42 EF 19 3C
59.520000000,0x316,C6 66 C9 FC 24 9B 0F 14
59.520000000,0x427,17 88 73 DA 7D 31 63 50
59.530000000,0x1A4,54 72 04 80 E2 2F 3C 4A
59.530000000,0x316,6D CC 89 EA C1 F5 46 86
59.530000000,0x427,37 73 EA 9E FB 98 95 D9
59.540000000,0x1A4,F0 5C 01 80 11 BF 2A D7
59.540000000,0x316,DD 10 E6 91 D4 80 71 C3
59.540000000,0x427,A8 B8 DC 55 BC F2 99 9C
59.550000000,0x1A4,BF 82 02 00 72 27 43 59
59.550000000,0x316,E6 B9 2F EC D0 07 1D 48
59.550000000,0x427,B9 76 F8 69 75 3D 4F A8
59.560000000,0x1A4,A3 8D 03 00 13 D3 7D 3F
59.560000000,0x316,6D ED 6C 4C 6A 8B ED F8
59.560000000,0x427,40 97 95 54 B1 BE F3 C0
59.570000000,0x1A4,97 6C 00 00 EE A6 E9 DF
59.570000000,0x316,0D 3B B0 E6 DC 2E 2D F1
59.570000000,0x427,53 63 60 EC 79 FD CA 4A
59.580000000,0x1A4,4C E2 05 80 31 1B AE 38
59.580000000,0x316,73 36 B1 4E 91 6D 83 B5
59.580000000,0x427,92 D3 E4 41 F2 C2 1A C9
59.590000000,0x1A4,EB BA 07 00 5C 51 AD CA
59.590000000,0x316,CB 55 8D E5 2E 95 2B 4E
59.590000000,0x427,54 29 AB 9C 3D 52 0E 1F
59.600000000,0x1A4,D1 EC 00 00 13 3F C3 91
59.600000000,0x316,55 9B 91 ED B4 B4 7D 9A
59.600000000,0x427,17 7D CE 96 7A 54 9D 3E
59.610000000,0x1A4,28 65 03 80 AB 8F 82 9B
59.610000000,0x316,31 BB 11 3E 08 D4 72 D5
59.610000000,0x427,99 EA A7 B4 8C 22 DB F1
59.620000000,0x1A4,00 DB 03 80 E9 A8 2B 42
59.620000000,0x316,EE 09 9A 46 1D BC 0C 94
59.620000000,0x427,A9 8D 6D 73 D1 95 FB 48
59.630000000,0x1A4,9B 54 06 00 81 F3 2D 93
59.630000000,0x316,A3 CF 83 E1 07 13 07 45
59.630000000,0x427,59 E2 87 E0 68 60 F0 68
59.640000000,0x1A4,FE 06 00 00 D7 A8 65 04
59.640000000,0x316,DD 6F 9C 86 4E 71 52 C2
59.640000000,0x427,F7 C0 0F AD 9D A8 36 D6
59.650000000,0x1A4,EE 3A 02 80 D0 85 19 B3
59.650000000,0x316,A1 1B B5 8F D7 C3 DC 2B
59.650000000,0x427,D6 14 67 25 CC B7 7A 39
59.660000000,0x1A4,4B F7 00 00 3F E2 E3 97
59.660000000,0x316,1D 21 04 54 15 0C 21 80
59.660000000,0x427,42 86 8D 6B E4 82 D8 20
59.670000000,0x1A4,A7 08 06 80 E3 40 13 B9
59.670000000,0x316,7A 82 1E 7A 2F 50 3A B9
59.670000000,0x427,6A E8 67 EF 95 56 F1 37
59.680000000,0x1A4,66 02 03 80 84 CC 5B 93
59.680000000,0x316,46 19 44 AB 19 6D 4C D1
59.680000000,0x427,9D 64 7E 88 53 D8 7D A4
59.690000000,0x1A4,01 EA 01 80 D7 D3 E0 E1
59.690000000,0x316,41 05 BB 85 02 B1 27 95
59.690000000,0x427,9D A4 AE DB D0 BB 0A EF
59.700000000,0x1A4,D0 13 05 00 B9 CD 89 19
59.700000000,0x316,17 14 CA 3F 04 97 5E 28
59.700000000,0x427,C4 45 86 1A 87 79 A3 F7
59.710000000,0x1A4,A8 B8 02 00 1C AF 69 FF
59.710000000,0x316,B9 5A EB E4 8F AA 9F C2
59.710000000,0x427,FF 82 2D 92 3D 1C 0F 72
59.720000000,0x1A4,0A F6 03 00 B8 0F AB 0F
59.720000000,0x316,D8 32 F7 B0 CA D1 5F 2C
59.720000000,0x427,D0 0B 7A 1D 79 91 44 DC
59.730000000,0x1A4,4F 85 06 00 4A B4 FD C2
59.730000000,0x316,55 19 19 0B 2C 2B 9B 7A
59.730000000,0x427,3A B4 AA 53 14 D6 25 4D
59.740000000,0x1A4,7D 72 04 80 DF 23 04 DA
59.740000000,0x316,70 24 C1 84 87 FD 05 59
59.740000000,0x427,87 DC 55 31 5C 1E 7D 49
59.750000000,0x1A4,3E 29 03 80 2B 87 B2 B5
59.750000000,0x316,4D 68 CC C8 79 2A AD 69
59.750000000,0x427,3E F9 DB 5E 9B 89 30 56
59.760000000,0x1A4,0C 78 05 00 B7 ED E3 CC
59.760000000,0x316,8B 37 EA 95 D5 F6 C4 21
59.760000000,0x427,2A D4 F0 DB EC 5C 1A C7
59.770000000,0x1A4,D1 50 03 00 FB FD 8B 09
59.770000000,0x316,83 37 93 3E 55 E3 99 02
59.770000000,0x427,BC 32 FC 0A 4F E1 40 4D
59.780000000,0x1A4,A3 07 04 00 8D 44 12 91
59.780000000,0x316,E9 6C CE 6E A8 57 27 D9
59.780000000,0x427,E4 48 EC 4D 2D 14 AA 61
59.790000000,0x1A4,95 6A 04 80 24 17 68 10
59.790000000,0x316,C7 57 FC 25 8E 8E 39 B9
59.790000000,0x427,CD 75 66 9C ED C2 33 39
59.800000000,0x1A4,9D F6 02 80 C9 C4 FA 0D
59.800000000,0x316,48 8A AD D2 DB C1 02 07
59.800000000,0x427,E0 17 35 24 08 72 B1 E5
59.810000000,0x1A4,3D 7A 07 80 39 83 E8 DF
59.810000000,0x316,48 D7 13 5B A7 80 4C 1B
59.810000000,0x427,3E 84 E8 22 9C 76 5E C7
59.820000000,0x1A4,4C 73 03 00 CE F9 3B 34
59.820000000,0x316,1F DD DC BB 5E 52 20 DD
59.820000000,0x427,9A F5 22 76 B9 5B 54 55
59.830000000,0x1A4,DD CC 04 80 9D 41 BB 64
59.830000000,0x316,1B 05 44 DD 4E 7B 32 5B
59.830000000,0x427,CB 24 5D 87 DD 8F FC B4
59.840000000,0x1A4,BA BB 03 80 EF 4F 40 64
59.840000000,0x316,E1 74 B8 30 86 2B AD 54
59.840000000,0x427,6E E8 14 95 B8 A7 5E 56
59.850000000,0x1A4,37 E6 04 80 97 50 73 AD
59.850000000,0x316,72 E7 EE D6 52 9C AA 78
59.850000000,0x427,8C 5F BE F6 F0 D5 97 00
59.860000000,0x1A4,D0 33 05 80 D0 A0 9E F0
59.860000000,0x316,6B 7A 24 6E 8A C7 89 F8
59.860000000,0x427,DA CA 60 CE 83 90 31 14
59.870000000,0x1A4,88 ED 05 80 5F A6 DB 92
59.870000000,0x316,C4 23 07 9C A4 1E E9 37
59.870000000,0x427,0D 02 C3 F1 98 D9 9B 11
59.880000000,0x1A4,C8 E3 06 00 14 60 B0 B4
59.880000000,0x316,D1 7A 49 5C A6 F2 73 8D
59.880000000,0x427,7B 50 60 4C 84 4D 6C 30
59.890000000,0x1A4,CF 64 06 00 6B 85 1D B2
59.890000000,0x316,E6 0D C7 53 75 38 84 65
59.890000000,0x427,2F 84 4C 63 4C 48 A6 38
59.900000000,0x1A4,47 1A 03 00 82 FB 8D 12
59.900000000,0x316,85 E1 0A 39 70 97 3E EF
59.900000000,0x427,08 1E C3 8A 4B A5 FC 8C
59.910000000,0x1A4,9B FA 00 00 2E 86 4D 0C
59.910000000,0x316,40 8A 90 E2 FB 73 67 34
59.910000000,0x427,F1 82 EF 4B 9E 58 E7 E3
59.920000000,0x1A4,38 42 06 00 E6 31 C4 30
59.920000000,0x316,55 20 2D D4 68 15 4B 68
59.920000000,0x427,21 98 56 28 3B 34 CB EE
59.930000000,0x1A4,94 2C 06 80 8A 1C A9 BD
59.930000000,0x316,D3 52 BF 22 FD 80 92 08
59.930000000,0x427,4B 44 A4 DB F8 3F A8 3F
59.940000000,0x1A4,6A 26 05 00 23 F4 5D 4F
59.940000000,0x316,03 FC 1F 75 74 FF F1 4A
59.940000000,0x427,CA 66 E0 2E 14 1C DF 43
59.950000000,0x1A4,07 76 05 00 22 BD 39 35
59.950000000,0x316,56 24 F1 A7 60 90 97 1B
59.950000000,0x427,F5 9B CA 04 9A 3B 1F 4D
59.960000000,0x1A4,00 BE 03 00 50 17 CD A9
59.960000000,0x316,90 27 65 73 FD 2D D6 B6
59.960000000,0x427,74 8B 56 94 B2 58 6A 6A
59.970000000,0x1A4,DB A1 02 80 2B C4 CF BD
59.970000000,0x316,65 0B 72 B1 D4 81 BF AC
59.970000000,0x427,08 17 0E CD 57 D5 74 A8
59.980000000,0x1A4,EE 50 00 00 D7 DB 0B C8
59.980000000,0x316,AD 63 51 D2 B2 48 4F 8A
59.980000000,0x427,F2 33 C9 D4 69 58 2C 07
59.990000000,0x1A4,E6 07 05 00 23 F1 5A 8D
59.990000000,0x316,8C C2 9D CA 54 AF CF E6
59.990000000,0x427,C5 5A 13 FD 0A 1B 15 F3
