timestamp,value
0.000000000,0.000000000
0.010000000,0.000000000
0.020000000,0.000000000
0.030000000,0.000000000
0.040000000,0.000000000
0.050000000,0.000000000
0.060000000,0.000000000
0.070000000,0.000000000
0.080000000,0.000000000
0.090000000,0.000000000
0.100000000,0.000000000
0.110000000,0.000000000
0.120000000,0.000000000
0.130000000,0.000000000
0.140000000,0.000000000
0.150000000,0.000000000
0.160000000,0.000000000
0.170000000,0.000000000
0.180000000,0.000000000
0.190000000,0.000000000
0.200000000,0.000000000
0.210000000,0.000000000
0.220000000,0.000000000
0.230000000,0.000000000
0.240000000,0.000000000
0.250000000,0.000000000
0.260000000,0.000000000
0.270000000,0.000000000
0.280000000,0.000000000
0.290000000,0.000000000
0.300000000,0.000000000
0.310000000,0.000000000
0.320000000,0.000000000
0.330000000,0.000000000
0.340000000,0.000000000
0.350000000,0.000000000
0.360000000,0.000000000
0.370000000,0.000000000
0.380000000,0.000000000
0.390000000,0.000000000
0.400000000,0.000000000
0.410000000,0.000000000
0.420000000,0.000000000
0.430000000,0.000000000
0.440000000,0.000000000
0.450000000,0.000000000
0.460000000,0.000000000
0.470000000,0.000000000
0.480000000,0.000000000
0.490000000,0.000000000
0.500000000,0.000000000
0.510000000,0.000000000
0.520000000,0.000000000
0.530000000,0.000000000
0.540000000,0.000000000
0.550000000,0.000000000
0.560000000,0.000000000
0.570000000,0.000000000
0.580000000,0.000000000
0.590000000,0.000000000
0.600000000,0.000000000
0.610000000,0.000000000
0.620000000,0.000000000
0.630000000,0.000000000
0.640000000,0.000000000
0.650000000,0.000000000
0.660000000,0.000000000
0.670000000,0.000000000
0.680000000,0.000000000
0.690000000,0.000000000
0.700000000,0.000000000
0.710000000,0.000000000
0.720000000,0.000000000
0.730000000,0.000000000
0.740000000,0.000000000
0.750000000,0.000000000
0.760000000,0.000000000
0.770000000,0.000000000
0.780000000,0.000000000
0.790000000,0.000000000
0.800000000,0.000000000
0.810000000,0.000000000
0.820000000,0.000000000
0.830000000,0.000000000
0.840000000,0.000000000
0.850000000,0.000000000
0.860000000,0.000000000
0.870000000,0.000000000
0.880000000,0.000000000
0.890000000,0.000000000
0.900000000,0.000000000
0.910000000,0.000000000
0.920000000,0.000000000
0.930000000,0.000000000
0.940000000,0.000000000
0.950000000,0.000000000
0.960000000,0.000000000
0.970000000,0.000000000
0.980000000,0.000000000
0.990000000,0.000000000
1.000000000,0.000000000
1.010000000,0.000000000
1.020000000,0.000000000
1.030000000,0.000000000
1.040000000,0.000000000
1.050000000,0.000000000
1.060000000,0.000000000
1.070000000,0.000000000
1.080000000,0.000000000
1.090000000,0.000000000
1.100000000,0.000000000
1.110000000,0.000000000
1.120000000,0.000000000
1.130000000,0.000000000
1.140000000,0.000000000
1.150000000,0.000000000
1.160000000,0.000000000
1.170000000,0.000000000
1.180000000,0.000000000
1.190000000,0.000000000
1.200000000,0.000000000
1.210000000,0.000000000
1.220000000,0.000000000
1.230000000,0.000000000
1.240000000,0.000000000
1.250000000,0.000000000
1.260000000,0.000000000
1.270000000,0.000000000
1.280000000,0.000000000
1.290000000,0.000000000
1.300000000,0.000000000
1.310000000,0.000000000
1.320000000,0.000000000
1.330000000,0.000000000
1.340000000,0.000000000
1.350000000,0.000000000
1.360000000,0.000000000
1.370000000,0.000000000
1.380000000,0.000000000
1.390000000,0.000000000
1.400000000,0.000000000
1.410000000,0.000000000
1.420000000,0.000000000
1.430000000,0.000000000
1.440000000,0.000000000
1.450000000,0.000000000
1.460000000,0.000000000
1.470000000,0.000000000
1.480000000,0.000000000
1.490000000,0.000000000
1.500000000,0.000000000
1.510000000,0.000000000
1.520000000,0.000000000
1.530000000,0.000000000
1.540000000,0.000000000
1.550000000,0.000000000
1.560000000,0.000000000
1.570000000,0.000000000
1.580000000,0.000000000
1.590000000,0.000000000
1.600000000,0.000000000
1.610000000,0.000000000
1.620000000,0.000000000
1.630000000,0.000000000
1.640000000,0.000000000
1.650000000,0.000000000
1.660000000,0.000000000
1.670000000,0.000000000
1.680000000,0.000000000
1.690000000,0.000000000
1.700000000,0.000000000
1.710000000,0.000000000
1.720000000,0.000000000
1.730000000,0.000000000
1.740000000,0.000000000
1.750000000,0.000000000
1.760000000,0.000000000
1.770000000,0.000000000
1.780000000,0.000000000
1.790000000,0.000000000
1.800000000,0.000000000
1.810000000,0.000000000
1.820000000,0.000000000
1.830000000,0.000000000
1.840000000,0.000000000
1.850000000,0.000000000
1.860000000,0.000000000
1.870000000,0.000000000
1.880000000,0.000000000
1.890000000,0.000000000
1.900000000,0.000000000
1.910000000,0.000000000
1.920000000,0.000000000
1.930000000,0.000000000
1.940000000,0.000000000
1.950000000,0.000000000
1.960000000,0.000000000
1.970000000,0.000000000
1.980000000,0.000000000
1.990000000,0.000000000
2.000000000,0.000000000
2.010000000,0.000000000
2.020000000,0.000000000
2.030000000,0.000000000
2.040000000,0.000000000
2.050000000,0.000000000
2.060000000,0.000000000
2.070000000,0.000000000
2.080000000,0.000000000
2.090000000,0.000000000
2.100000000,0.000000000
2.110000000,0.000000000
2.120000000,0.000000000
2.130000000,0.000000000
2.140000000,0.000000000
2.150000000,0.000000000
2.160000000,0.000000000
2.170000000,0.000000000
2.180000000,0.000000000
2.190000000,0.000000000
2.200000000,0.000000000
2.210000000,0.000000000
2.220000000,0.000000000
2.230000000,0.000000000
2.240000000,0.000000000
2.250000000,0.000000000
2.260000000,0.000000000
2.270000000,0.000000000
2.280000000,0.000000000
2.290000000,0.000000000
2.300000000,0.000000000
2.310000000,0.000000000
2.320000000,0.000000000
2.330000000,0.000000000
2.340000000,0.000000000
2.350000000,0.000000000
2.360000000,0.000000000
2.370000000,0.000000000
2.380000000,0.000000000
2.390000000,0.000000000
2.400000000,0.000000000
2.410000000,0.000000000
2.420000000,0.000000000
2.430000000,0.000000000
2.440000000,0.000000000
2.450000000,0.000000000
2.460000000,0.000000000
2.470000000,0.000000000
2.480000000,0.000000000
2.490000000,0.000000000
2.500000000,0.000000000
2.510000000,0.000000000
2.520000000,0.000000000
2.530000000,0.000000000
2.540000000,0.000000000
2.550000000,0.000000000
2.560000000,0.000000000
2.570000000,0.000000000
2.580000000,0.000000000
2.590000000,0.000000000
2.600000000,0.000000000
2.610000000,0.000000000
2.620000000,0.000000000
2.630000000,0.000000000
2.640000000,0.000000000
2.650000000,0.000000000
2.660000000,0.000000000
2.670000000,0.000000000
2.680000000,0.000000000
2.690000000,0.000000000
2.700000000,0.000000000
2.710000000,0.000000000
2.720000000,0.000000000
2.730000000,0.000000000
2.740000000,0.000000000
2.750000000,0.000000000
2.760000000,0.000000000
2.770000000,0.000000000
2.780000000,0.000000000
2.790000000,0.000000000
2.800000000,0.000000000
2.810000000,0.000000000
2.820000000,0.000000000
2.830000000,0.000000000
2.840000000,0.000000000
2.850000000,0.000000000
2.860000000,0.000000000
2.870000000,0.000000000
2.880000000,0.000000000
2.890000000,0.000000000
2.900000000,0.000000000
2.910000000,0.000000000
2.920000000,0.000000000
2.930000000,0.000000000
2.940000000,0.000000000
2.950000000,0.000000000
2.960000000,0.000000000
2.970000000,0.000000000
2.980000000,0.000000000
2.990000000,0.000000000
3.000000000,0.000000000
3.010000000,0.065880000
3.020000000,0.131759982
3.030000000,0.197639910
3.040000000,0.263519747
3.050000000,0.329399457
3.060000000,0.395279005
3.070000000,0.461158354
3.080000000,0.527037468
3.090000000,0.592916311
3.100000000,0.658794846
3.110000000,0.724673038
3.120000000,0.790550850
3.130000000,0.856428246
3.140000000,0.922305189
3.150000000,0.988181645
3.160000000,1.054057576
3.170000000,1.119932947
3.180000000,1.185807721
3.190000000,1.251681862
3.200000000,1.317555334
3.210000000,1.383428101
3.220000000,1.449300126
3.230000000,1.515171374
3.240000000,1.581041809
3.250000000,1.646911394
3.260000000,1.712780092
3.270000000,1.778647869
3.280000000,1.844514687
3.290000000,1.910380511
3.300000000,1.976245305
3.310000000,2.042109032
3.320000000,2.107971656
3.330000000,2.173833141
3.340000000,2.239693451
3.350000000,2.305552550
3.360000000,2.371410402
3.370000000,2.437266970
3.380000000,2.503122219
3.390000000,2.568976113
3.400000000,2.634828614
3.410000000,2.700679688
3.420000000,2.766529297
3.430000000,2.832377407
3.440000000,2.898223981
3.450000000,2.964068982
3.460000000,3.029912375
3.470000000,3.095754123
3.480000000,3.161594191
3.490000000,3.227432542
3.500000000,3.293269141
3.510000000,3.359103951
3.520000000,3.424936936
3.530000000,3.490768060
3.540000000,3.556597288
3.550000000,3.622424582
3.560000000,3.688249907
3.570000000,3.754073227
3.580000000,3.819894506
3.590000000,3.885713708
3.600000000,3.951530796
3.610000000,4.017345735
3.620000000,4.083158489
3.630000000,4.148969022
3.640000000,4.214777297
3.650000000,4.280583279
3.660000000,4.346386931
3.670000000,4.412188218
3.680000000,4.477987104
3.690000000,4.543783553
3.700000000,4.609577528
3.710000000,4.675368994
3.720000000,4.741157914
3.730000000,4.806944253
3.740000000,4.872727975
3.750000000,4.938509044
3.760000000,5.004287424
3.770000000,5.070063079
3.780000000,5.135835972
3.790000000,5.201606069
3.800000000,5.267373333
3.810000000,5.333137727
3.820000000,5.398899218
3.830000000,5.464657767
3.840000000,5.530413340
3.850000000,5.596165901
3.860000000,5.661915413
3.870000000,5.727661841
3.880000000,5.793405149
3.890000000,5.859145301
3.900000000,5.924882261
3.910000000,5.990615993
3.920000000,6.056346462
3.930000000,6.122073631
3.940000000,6.187797466
3.950000000,6.253517929
3.960000000,6.319234985
3.970000000,6.384948599
3.980000000,6.450658734
3.990000000,6.516365355
4.000000000,6.582068425
4.010000000,6.647767910
4.020000000,6.713463774
4.030000000,6.779155979
4.040000000,6.844844492
4.050000000,6.910529276
4.060000000,6.976210295
4.070000000,7.041887514
4.080000000,7.107560896
4.090000000,7.173230407
4.100000000,7.238896010
4.110000000,7.304557670
4.120000000,7.370215351
4.130000000,7.435869018
4.140000000,7.501518634
4.150000000,7.567164164
4.160000000,7.632805572
4.170000000,7.698442823
4.180000000,7.764075881
4.190000000,7.829704711
4.200000000,7.895329277
4.210000000,7.960949542
4.220000000,8.026565473
4.230000000,8.092177032
4.240000000,8.157784185
4.250000000,8.223386896
4.260000000,8.288985129
4.270000000,8.354578848
4.280000000,8.420168019
4.290000000,8.485752606
4.300000000,8.551332572
4.310000000,8.616907884
4.320000000,8.682478504
4.330000000,8.748044398
4.340000000,8.813605530
4.350000000,8.879161865
4.360000000,8.944713367
4.370000000,9.010260001
4.380000000,9.075801731
4.390000000,9.141338522
4.400000000,9.206870338
4.410000000,9.272397145
4.420000000,9.337918906
4.430000000,9.403435586
4.440000000,9.468947150
4.450000000,9.534453563
4.460000000,9.599954789
4.470000000,9.665450792
4.480000000,9.730941538
4.490000000,9.796426992
4.500000000,9.861907117
4.510000000,9.927381878
4.520000000,9.992851241
4.530000000,10.058315170
4.540000000,10.123773630
4.550000000,10.189226585
4.560000000,10.254674000
4.570000000,10.320115840
4.580000000,10.385552070
4.590000000,10.450982655
4.600000000,10.516407559
4.610000000,10.581826747
4.620000000,10.647240184
4.630000000,10.712647835
4.640000000,10.778049665
4.650000000,10.843445639
4.660000000,10.908835721
4.670000000,10.974219876
4.680000000,11.039598070
4.690000000,11.104970267
4.700000000,11.170336432
4.710000000,11.235696530
4.720000000,11.301050527
4.730000000,11.366398386
4.740000000,11.431740074
4.750000000,11.497075554
4.760000000,11.562404793
4.770000000,11.627727754
4.780000000,11.693044404
4.790000000,11.758354707
4.800000000,11.823658628
4.810000000,11.888956133
4.820000000,11.954247186
4.830000000,12.019531752
4.840000000,12.084809798
4.850000000,12.150081287
4.860000000,12.215346185
4.870000000,12.280604457
4.880000000,12.345856068
4.890000000,12.411100984
4.900000000,12.476339170
4.910000000,12.541570591
4.920000000,12.606795212
4.930000000,12.672012998
4.940000000,12.737223915
4.950000000,12.802427928
4.960000000,12.867625002
4.970000000,12.932815103
4.980000000,12.997998196
4.990000000,13.063174246
5.000000000,13.128343219
5.010000000,13.193505080
5.020000000,13.258659794
5.030000000,13.323807327
5.040000000,13.388947645
5.050000000,13.454080712
5.060000000,13.519206494
5.070000000,13.584324956
5.080000000,13.649436065
5.090000000,13.714539786
5.100000000,13.779636083
5.110000000,13.844724923
5.120000000,13.909806272
5.130000000,13.974880094
5.140000000,14.039946355
5.150000000,14.105005021
5.160000000,14.170056058
5.170000000,14.235099431
5.180000000,14.300135106
5.190000000,14.365163048
5.200000000,14.430183223
5.210000000,14.495195598
5.220000000,14.560200136
5.230000000,14.625196805
5.240000000,14.690185571
5.250000000,14.755166397
5.260000000,14.820139252
5.270000000,14.885104100
5.280000000,14.950060907
5.290000000,15.015009639
5.300000000,15.079950261
5.310000000,15.144882741
5.320000000,15.209807043
5.330000000,15.274723134
5.340000000,15.339630979
5.350000000,15.404530545
5.360000000,15.469421796
5.370000000,15.534304701
5.380000000,15.599179223
5.390000000,15.664045330
5.400000000,15.728902987
5.410000000,15.793752160
5.420000000,15.858592816
5.430000000,15.923424920
5.440000000,15.988248439
5.450000000,16.053063339
5.460000000,16.117869585
5.470000000,16.182667145
5.480000000,16.247455983
5.490000000,16.312236067
5.500000000,16.377007363
5.510000000,16.441769837
5.520000000,16.506523454
5.530000000,16.571268182
5.540000000,16.636003986
5.550000000,16.700730834
5.560000000,16.765448690
5.570000000,16.830157523
5.580000000,16.894857297
5.590000000,16.959547979
5.600000000,17.024229536
5.610000000,17.088901935
5.620000000,17.153565141
5.630000000,17.218219121
5.640000000,17.282863841
5.650000000,17.347499269
5.660000000,17.412125370
5.670000000,17.476742111
5.680000000,17.541349459
5.690000000,17.605947380
5.700000000,17.670535841
5.710000000,17.735114808
5.720000000,17.799684249
5.730000000,17.864244129
5.740000000,17.928794416
5.750000000,17.993335075
5.760000000,18.057866075
5.770000000,18.122387381
5.780000000,18.186898961
5.790000000,18.251400780
5.800000000,18.315892807
5.810000000,18.380375007
5.820000000,18.444847348
5.830000000,18.509309796
5.840000000,18.573762319
5.850000000,18.638204883
5.860000000,18.702637455
5.870000000,18.767060002
5.880000000,18.831472492
5.890000000,18.895874890
5.900000000,18.960267165
5.910000000,19.024649283
5.920000000,19.089021211
5.930000000,19.153382916
5.940000000,19.217734366
5.950000000,19.282075527
5.960000000,19.346406367
5.970000000,19.410726852
5.980000000,19.475036951
5.990000000,19.539336630
6.000000000,19.603625856
6.010000000,19.667904597
6.020000000,19.732172820
6.030000000,19.796430493
6.040000000,19.860677582
6.050000000,19.924914054
6.060000000,19.989139879
6.070000000,20.053355022
6.080000000,20.117559450
6.090000000,20.181753133
6.100000000,20.245936036
6.110000000,20.310108128
6.120000000,20.374269376
6.130000000,20.438419748
6.140000000,20.502559210
6.150000000,20.566687731
6.160000000,20.630805279
6.170000000,20.694911820
6.180000000,20.759007323
6.190000000,20.823091754
6.200000000,20.887165083
6.210000000,20.951227276
6.220000000,21.015278301
6.230000000,21.079318126
6.240000000,21.143346720
6.250000000,21.207364048
6.260000000,21.271370080
6.270000000,21.335364784
6.280000000,21.399348126
6.290000000,21.463320076
6.300000000,21.527280601
6.310000000,21.591229668
6.320000000,21.655167246
6.330000000,21.719093304
6.340000000,21.783007808
6.350000000,21.846910727
6.360000000,21.910802029
6.370000000,21.974681682
6.380000000,22.038549654
6.390000000,22.102405914
6.400000000,22.166250429
6.410000000,22.230083168
6.420000000,22.293904099
6.430000000,22.357713190
6.440000000,22.421510409
6.450000000,22.485295725
6.460000000,22.549069107
6.470000000,22.612830521
6.480000000,22.676579937
6.490000000,22.740317324
6.500000000,22.804042649
6.510000000,22.867755880
6.520000000,22.931456988
6.530000000,22.995145939
6.540000000,23.058822702
6.550000000,23.122487247
6.560000000,23.186139541
6.570000000,23.249779553
6.580000000,23.313407252
6.590000000,23.377022607
6.600000000,23.440625585
6.610000000,23.504216156
6.620000000,23.567794289
6.630000000,23.631359952
6.640000000,23.694913113
6.650000000,23.758453743
6.660000000,23.821981809
6.670000000,23.885497281
6.680000000,23.949000127
6.690000000,24.012490316
6.700000000,24.075967817
6.710000000,24.139432599
6.720000000,24.202884632
6.730000000,24.266323883
6.740000000,24.329750323
6.750000000,24.393163920
6.760000000,24.456564643
6.770000000,24.519952462
6.780000000,24.583327345
6.790000000,24.646689261
6.800000000,24.710038181
6.810000000,24.773374073
6.820000000,24.836696906
6.830000000,24.900006649
6.840000000,24.963303273
6.850000000,25.026586746
6.860000000,25.089857037
6.870000000,25.153114117
6.880000000,25.216357954
6.890000000,25.279588518
6.900000000,25.342805778
6.910000000,25.406009703
6.920000000,25.469200264
6.930000000,25.532377430
6.940000000,25.595541171
6.950000000,25.658691455
6.960000000,25.721828254
6.970000000,25.784951535
6.980000000,25.848061269
6.990000000,25.911157427
7.000000000,25.974239976
7.010000000,26.037308888
7.020000000,26.100364132
7.030000000,26.163405678
7.040000000,26.226433495
7.050000000,26.289447555
7.060000000,26.352447825
7.070000000,26.415434277
7.080000000,26.478406881
7.090000000,26.541365606
7.100000000,26.604310422
7.110000000,26.667241300
7.120000000,26.730158209
7.130000000,26.793061120
7.140000000,26.855950003
7.150000000,26.918824828
7.160000000,26.981685565
7.170000000,27.044532184
7.180000000,27.107364656
7.190000000,27.170182951
7.200000000,27.232987039
7.210000000,27.295776891
7.220000000,27.358552476
7.230000000,27.421313766
7.240000000,27.484060731
7.250000000,27.546793341
7.260000000,27.609511567
7.270000000,27.672215379
7.280000000,27.734904748
7.290000000,27.797579644
7.300000000,27.860240038
7.310000000,27.922885900
7.320000000,27.985517202
7.330000000,28.048133914
7.340000000,28.110736006
7.350000000,28.173323450
7.360000000,28.235896216
7.370000000,28.298454275
7.380000000,28.360997598
7.390000000,28.423526156
7.400000000,28.486039919
7.410000000,28.548538859
7.420000000,28.611022946
7.430000000,28.673492152
7.440000000,28.735946447
7.450000000,28.798385803
7.460000000,28.860810190
7.470000000,28.923219580
7.480000000,28.985613944
7.490000000,29.047993253
7.500000000,29.110357479
7.510000000,29.172706591
7.520000000,29.235040563
7.530000000,29.297359365
7.540000000,29.359662968
7.550000000,29.421951344
7.560000000,29.484224463
7.570000000,29.546482299
7.580000000,29.608724821
7.590000000,29.670952002
7.600000000,29.733163813
7.610000000,29.795360226
7.620000000,29.857541211
7.630000000,29.919706741
7.640000000,29.981856788
7.650000000,30.043991322
7.660000000,30.106110316
7.670000000,30.168213742
7.680000000,30.230301570
7.690000000,30.292373774
7.700000000,30.354430324
7.710000000,30.416471193
7.720000000,30.478496353
7.730000000,30.540505775
7.740000000,30.602499431
7.750000000,30.664477294
7.760000000,30.726439335
7.770000000,30.788385526
7.780000000,30.850315840
7.790000000,30.912230248
7.800000000,30.974128723
7.810000000,31.036011237
7.820000000,31.097877762
7.830000000,31.159728271
7.840000000,31.221562734
7.850000000,31.283381126
7.860000000,31.345183418
7.870000000,31.406969583
7.880000000,31.468739592
7.890000000,31.530493419
7.900000000,31.592231035
7.910000000,31.653952414
7.920000000,31.715657528
7.930000000,31.777346349
7.940000000,31.839018850
7.950000000,31.900675004
7.960000000,31.962314783
7.970000000,32.023938160
7.980000000,32.085545107
7.990000000,32.147135598
8.000000000,32.208709605
8.010000000,32.270267101
8.020000000,32.331808058
8.030000000,32.393332451
8.040000000,32.454840251
8.050000000,32.516331432
8.060000000,32.577805966
8.070000000,32.639263826
8.080000000,32.700704987
8.090000000,32.762129420
8.100000000,32.823537098
8.110000000,32.884927996
8.120000000,32.946302085
8.130000000,33.007659340
8.140000000,33.068999734
8.150000000,33.130323239
8.160000000,33.191629829
8.170000000,33.252919478
8.180000000,33.314192159
8.190000000,33.375447845
8.200000000,33.436686509
8.210000000,33.497908126
8.220000000,33.559112668
8.230000000,33.620300109
8.240000000,33.681470424
8.250000000,33.742623584
8.260000000,33.803759565
8.270000000,33.864878339
8.280000000,33.925979881
8.290000000,33.987064164
8.300000000,34.048131162
8.310000000,34.109180848
8.320000000,34.170213197
8.330000000,34.231228183
8.340000000,34.292225779
8.350000000,34.353205959
8.360000000,34.414168697
8.370000000,34.475113968
8.380000000,34.536041745
8.390000000,34.596952003
8.400000000,34.657844715
8.410000000,34.718719856
8.420000000,34.779577400
8.430000000,34.840417320
8.440000000,34.901239593
8.450000000,34.962044190
8.460000000,35.022831088
8.470000000,35.083600260
8.480000000,35.144351681
8.490000000,35.205085325
8.500000000,35.265801167
8.510000000,35.326499180
8.520000000,35.387179340
8.530000000,35.447841622
8.540000000,35.508485999
8.550000000,35.569112447
8.560000000,35.629720939
8.570000000,35.690311452
8.580000000,35.750883959
8.590000000,35.811438435
8.600000000,35.871974855
8.610000000,35.932493195
8.620000000,35.992993428
8.630000000,36.053475529
8.640000000,36.113939475
8.650000000,36.174385239
8.660000000,36.234812797
8.670000000,36.295222123
8.680000000,36.355613193
8.690000000,36.415985982
8.700000000,36.476340465
8.710000000,36.536676618
8.720000000,36.596994415
8.730000000,36.657293832
8.740000000,36.717574843
8.750000000,36.777837425
8.760000000,36.838081553
8.770000000,36.898307202
8.780000000,36.958514348
8.790000000,37.018702965
8.800000000,37.078873030
8.810000000,37.139024519
8.820000000,37.199157405
8.830000000,37.259271667
8.840000000,37.319367278
8.850000000,37.379444215
8.860000000,37.439502453
8.870000000,37.499541968
8.880000000,37.559562736
8.890000000,37.619564733
8.900000000,37.679547934
8.910000000,37.739512316
8.920000000,37.799457855
8.930000000,37.859384525
8.940000000,37.919292305
8.950000000,37.979181168
8.960000000,38.039051092
8.970000000,38.098902053
8.980000000,38.158734027
8.990000000,38.218546989
9.000000000,38.278340917
9.010000000,38.338115786
9.020000000,38.397871573
9.030000000,38.457608254
9.040000000,38.517325806
9.050000000,38.577024204
9.060000000,38.636703426
9.070000000,38.696363448
9.080000000,38.756004245
9.090000000,38.815625796
9.100000000,38.875228076
9.110000000,38.934811062
9.120000000,38.994374730
9.130000000,39.053919059
9.140000000,39.113444023
9.150000000,39.172949600
9.160000000,39.232435767
9.170000000,39.291902500
9.180000000,39.351349776
9.190000000,39.410777573
9.200000000,39.470185868
9.210000000,39.529574636
9.220000000,39.588943856
9.230000000,39.648293504
9.240000000,39.707623557
9.250000000,39.766933993
9.260000000,39.826224789
9.270000000,39.885495921
9.280000000,39.944747368
9.290000000,40.003979106
9.300000000,40.063191113
9.310000000,40.122383366
9.320000000,40.181555843
9.330000000,40.240708520
9.340000000,40.299841376
9.350000000,40.358954387
9.360000000,40.418047532
9.370000000,40.477120788
9.380000000,40.536174133
9.390000000,40.595207544
9.400000000,40.654220998
9.410000000,40.713214475
9.420000000,40.772187950
9.430000000,40.831141403
9.440000000,40.890074811
9.450000000,40.948988152
9.460000000,41.007881404
9.470000000,41.066754544
9.480000000,41.125607551
9.490000000,41.184440402
9.500000000,41.243253077
9.510000000,41.302045552
9.520000000,41.360817806
9.530000000,41.419569818
9.540000000,41.478301565
9.550000000,41.537013025
9.560000000,41.595704177
9.570000000,41.654375000
9.580000000,41.713025471
9.590000000,41.771655569
9.600000000,41.830265272
9.610000000,41.888854559
9.620000000,41.947423409
9.630000000,42.005971799
9.640000000,42.064499709
9.650000000,42.123007117
9.660000000,42.181494001
9.670000000,42.239960341
9.680000000,42.298406115
9.690000000,42.356831302
9.700000000,42.415235880
9.710000000,42.473619829
9.720000000,42.531983128
9.730000000,42.590325754
9.740000000,42.648647688
9.750000000,42.706948908
9.760000000,42.765229394
9.770000000,42.823489124
9.780000000,42.881728077
9.790000000,42.939946233
9.800000000,42.998143570
9.810000000,43.056320069
9.820000000,43.114475708
9.830000000,43.172610466
9.840000000,43.230724323
9.850000000,43.288817258
9.860000000,43.346889251
9.870000000,43.404940281
9.880000000,43.462970328
9.890000000,43.520979370
9.900000000,43.578967388
9.910000000,43.636934362
9.920000000,43.694880270
9.930000000,43.752805093
9.940000000,43.810708809
9.950000000,43.868591400
9.960000000,43.926452845
9.970000000,43.984293123
9.980000000,44.042112214
9.990000000,44.099910099
10.000000000,44.157686757
10.010000000,44.215442168
10.020000000,44.273176313
10.030000000,44.330889171
10.040000000,44.388580722
10.050000000,44.446250946
10.060000000,44.503899825
10.070000000,44.561527337
10.080000000,44.619133463
10.090000000,44.676718183
10.100000000,44.734281479
10.110000000,44.791823329
10.120000000,44.849343715
10.130000000,44.906842616
10.140000000,44.964320014
10.150000000,45.021775889
10.160000000,45.079210221
10.170000000,45.136622991
10.180000000,45.194014179
10.190000000,45.251383767
10.200000000,45.308731735
10.210000000,45.366058063
10.220000000,45.423362733
10.230000000,45.480645725
10.240000000,45.537907021
10.250000000,45.595146600
10.260000000,45.652364444
10.270000000,45.709560534
10.280000000,45.766734851
10.290000000,45.823887376
10.300000000,45.881018090
10.310000000,45.938126974
10.320000000,45.995214010
10.330000000,46.052279177
10.340000000,46.109322459
10.350000000,46.166343836
10.360000000,46.223343289
10.370000000,46.280320799
10.380000000,46.337276349
10.390000000,46.394209919
10.400000000,46.451121491
10.410000000,46.508011046
10.420000000,46.564878567
10.430000000,46.621724034
10.440000000,46.678547429
10.450000000,46.735348734
10.460000000,46.792127931
10.470000000,46.848885000
10.480000000,46.905619925
10.490000000,46.962332687
10.500000000,47.019023268
10.510000000,47.075691649
10.520000000,47.132337812
10.530000000,47.188961740
10.540000000,47.245563415
10.550000000,47.302142818
10.560000000,47.358699932
10.570000000,47.415234738
10.580000000,47.471747219
10.590000000,47.528237358
10.600000000,47.584705135
10.610000000,47.641150535
10.620000000,47.697573538
10.630000000,47.753974127
10.640000000,47.810352286
10.650000000,47.866707995
10.660000000,47.923041238
10.670000000,47.979351996
10.680000000,48.035640254
10.690000000,48.091905992
10.700000000,48.148149195
10.710000000,48.204369844
10.720000000,48.260567922
10.730000000,48.316743412
10.740000000,48.372896296
10.750000000,48.429026558
10.760000000,48.485134181
10.770000000,48.541219146
10.780000000,48.597281438
10.790000000,48.653321039
10.800000000,48.709337932
10.810000000,48.765332101
10.820000000,48.821303527
10.830000000,48.877252195
10.840000000,48.933178088
10.850000000,48.989081188
10.860000000,49.044961480
10.870000000,49.100818945
10.880000000,49.156653569
10.890000000,49.212465333
10.900000000,49.268254221
10.910000000,49.324020218
10.920000000,49.379763305
10.930000000,49.435483468
10.940000000,49.491180688
10.950000000,49.546854951
10.960000000,49.602506239
10.970000000,49.658134537
10.980000000,49.713739827
10.990000000,49.769322094
11.000000000,49.824881321
11.010000000,49.880417493
11.020000000,49.935930593
11.030000000,49.991420605
11.040000000,50.046887512
11.050000000,50.102331300
11.060000000,50.157751952
11.070000000,50.213149451
11.080000000,50.268523783
11.090000000,50.323874931
11.100000000,50.379202880
11.110000000,50.434507613
11.120000000,50.489789114
11.130000000,50.545047369
11.140000000,50.600282362
11.150000000,50.655494076
11.160000000,50.710682497
11.170000000,50.765847608
11.180000000,50.820989394
11.190000000,50.876107840
11.200000000,50.931202930
11.210000000,50.986274649
11.220000000,51.041322982
11.230000000,51.096347912
11.240000000,51.151349426
11.250000000,51.206327507
11.260000000,51.261282140
11.270000000,51.316213311
11.280000000,51.371121004
11.290000000,51.426005203
11.300000000,51.480865895
11.310000000,51.535703064
11.320000000,51.590516694
11.330000000,51.645306771
11.340000000,51.700073281
11.350000000,51.754816208
11.360000000,51.809535537
11.370000000,51.864231254
11.380000000,51.918903343
11.390000000,51.973551791
11.400000000,52.028176582
11.410000000,52.082777703
11.420000000,52.137355137
11.430000000,52.191908871
11.440000000,52.246438891
11.450000000,52.300945181
11.460000000,52.355427727
11.470000000,52.409886515
11.480000000,52.464321531
11.490000000,52.518732760
11.500000000,52.573120188
11.510000000,52.627483801
11.520000000,52.681823584
11.530000000,52.736139523
11.540000000,52.790431605
11.550000000,52.844699815
11.560000000,52.898944138
11.570000000,52.953164562
11.580000000,53.007361072
11.590000000,53.061533654
11.600000000,53.115682294
11.610000000,53.169806979
11.620000000,53.223907694
11.630000000,53.277984426
11.640000000,53.332037161
11.650000000,53.386065885
11.660000000,53.440070585
11.670000000,53.494051247
11.680000000,53.548007857
11.690000000,53.601940402
11.700000000,53.655848869
11.710000000,53.709733243
11.720000000,53.763593512
11.730000000,53.817429662
11.740000000,53.871241680
11.750000000,53.925029552
11.760000000,53.978793266
11.770000000,54.032532807
11.780000000,54.086248163
11.790000000,54.139939320
11.800000000,54.193606266
11.810000000,54.247248987
11.820000000,54.300867470
11.830000000,54.354461702
11.840000000,54.408031671
11.850000000,54.461577363
11.860000000,54.515098766
11.870000000,54.568595866
11.880000000,54.622068650
11.890000000,54.675517107
11.900000000,54.728941223
11.910000000,54.782340986
11.920000000,54.835716382
11.930000000,54.889067399
11.940000000,54.942394026
11.950000000,54.995696248
11.960000000,55.048974054
11.970000000,55.102227430
11.980000000,55.155456366
11.990000000,55.208660848
12.000000000,55.261840864
12.010000000,55.314996401
12.020000000,55.368127447
12.030000000,55.421233991
12.040000000,55.474316019
12.050000000,55.527373520
12.060000000,55.580406482
12.070000000,55.633414892
12.080000000,55.686398739
12.090000000,55.739358009
12.100000000,55.792292693
12.110000000,55.845202776
12.120000000,55.898088248
12.130000000,55.950949097
12.140000000,56.003785311
12.150000000,56.056596878
12.160000000,56.109383786
12.170000000,56.162146024
12.180000000,56.214883579
12.190000000,56.267596441
12.200000000,56.320284598
12.210000000,56.372948038
12.220000000,56.425586749
12.230000000,56.478200721
12.240000000,56.530789941
12.250000000,56.583354398
12.260000000,56.635894082
12.270000000,56.688408979
12.280000000,56.740899081
12.290000000,56.793364374
12.300000000,56.845804848
12.310000000,56.898220492
12.320000000,56.950611294
12.330000000,57.002977243
12.340000000,57.055318329
12.350000000,57.107634540
12.360000000,57.159925865
12.370000000,57.212192294
12.380000000,57.264433815
12.390000000,57.316650418
12.400000000,57.368842091
12.410000000,57.421008824
12.420000000,57.473150606
12.430000000,57.525267427
12.440000000,57.577359275
12.450000000,57.629426141
12.460000000,57.681468012
12.470000000,57.733484880
12.480000000,57.785476733
12.490000000,57.837443561
12.500000000,57.889385353
12.510000000,57.941302099
12.520000000,57.993193789
12.530000000,58.045060412
12.540000000,58.096901957
12.550000000,58.148718416
12.560000000,58.200509776
12.570000000,58.252276029
12.580000000,58.304017164
12.590000000,58.355733170
12.600000000,58.407424039
12.610000000,58.459089759
12.620000000,58.510730321
12.630000000,58.562345714
12.640000000,58.613935929
12.650000000,58.665500956
12.660000000,58.717040786
12.670000000,58.768555407
12.680000000,58.820044811
12.690000000,58.871508987
12.700000000,58.922947926
12.710000000,58.974361619
12.720000000,59.025750055
12.730000000,59.077113225
12.740000000,59.128451120
12.750000000,59.179763729
12.760000000,59.231051044
12.770000000,59.282313055
12.780000000,59.333549752
12.790000000,59.384761127
12.800000000,59.435947169
12.810000000,59.487107870
12.820000000,59.538243220
12.830000000,59.589353210
12.840000000,59.640437830
12.850000000,59.691497073
12.860000000,59.742530928
12.870000000,59.793539386
12.880000000,59.844522439
12.890000000,59.895480077
12.900000000,59.946412291
12.910000000,59.997319073
12.920000000,60.048200414
12.930000000,60.099056304
12.940000000,60.149886735
12.950000000,60.200691698
12.960000000,60.251471184
12.970000000,60.302225185
12.980000000,60.352953692
12.990000000,60.403656696
13.000000000,60.454334189
13.010000000,60.504986161
13.020000000,60.555612606
13.030000000,60.606213513
13.040000000,60.656788875
13.050000000,60.707338683
13.060000000,60.757862929
13.070000000,60.808361605
13.080000000,60.858834701
13.090000000,60.909282211
13.100000000,60.959704124
13.110000000,61.010100435
13.120000000,61.060471133
13.130000000,61.110816212
13.140000000,61.161135662
13.150000000,61.211429477
13.160000000,61.261697647
13.170000000,61.311940166
13.180000000,61.362157024
13.190000000,61.412348214
13.200000000,61.462513729
13.210000000,61.512653560
13.220000000,61.562767699
13.230000000,61.612856139
13.240000000,61.662918872
13.250000000,61.712955891
13.260000000,61.762967187
13.270000000,61.812952753
13.280000000,61.862912582
13.290000000,61.912846665
13.300000000,61.962754996
13.310000000,62.012637567
13.320000000,62.062494370
13.330000000,62.112325399
13.340000000,62.162130645
13.350000000,62.211910101
13.360000000,62.261663760
13.370000000,62.311391615
13.380000000,62.361093659
13.390000000,62.410769884
13.400000000,62.460420283
13.410000000,62.510044850
13.420000000,62.559643576
13.430000000,62.609216455
13.440000000,62.658763480
13.450000000,62.708284644
13.460000000,62.757779940
13.470000000,62.807249361
13.480000000,62.856692900
13.490000000,62.906110551
13.500000000,62.955502306
13.510000000,63.004868159
13.520000000,63.054208103
13.530000000,63.103522132
13.540000000,63.152810238
13.550000000,63.202072415
13.560000000,63.251308657
13.570000000,63.300518957
13.580000000,63.349703308
13.590000000,63.398861705
13.600000000,63.447994139
13.610000000,63.497100606
13.620000000,63.546181099
13.630000000,63.595235611
13.640000000,63.644264136
13.650000000,63.693266667
13.660000000,63.742243200
13.670000000,63.791193727
13.680000000,63.840118242
13.690000000,63.889016739
13.700000000,63.937889212
13.710000000,63.986735655
13.720000000,64.035556062
13.730000000,64.084350427
13.740000000,64.133118743
13.750000000,64.181861006
13.760000000,64.230577209
13.770000000,64.279267347
13.780000000,64.327931412
13.790000000,64.376569401
13.800000000,64.425181306
13.810000000,64.473767123
13.820000000,64.522326845
13.830000000,64.570860468
13.840000000,64.619367984
13.850000000,64.667849389
13.860000000,64.716304678
13.870000000,64.764733844
13.880000000,64.813136883
13.890000000,64.861513788
13.900000000,64.909864555
13.910000000,64.958189178
13.920000000,65.006487651
13.930000000,65.054759970
13.940000000,65.103006130
13.950000000,65.151226124
13.960000000,65.199419948
13.970000000,65.247587596
13.980000000,65.295729064
13.990000000,65.343844347
14.000000000,65.391933438
14.010000000,65.439996334
14.020000000,65.488033030
14.030000000,65.536043519
14.040000000,65.584027798
14.050000000,65.631985862
14.060000000,65.679917706
14.070000000,65.727823324
14.080000000,65.775702712
14.090000000,65.823555866
14.100000000,65.871382781
14.110000000,65.919183451
14.120000000,65.966957873
14.130000000,66.014706042
14.140000000,66.062427953
14.150000000,66.110123601
14.160000000,66.157792983
14.170000000,66.205436093
14.180000000,66.253052927
14.190000000,66.300643481
14.200000000,66.348207751
14.210000000,66.395745731
14.220000000,66.443257418
14.230000000,66.490742808
14.240000000,66.538201896
14.250000000,66.585634678
14.260000000,66.633041150
14.270000000,66.680421308
14.280000000,66.727775147
14.290000000,66.775102664
14.300000000,66.822403854
14.310000000,66.869678714
14.320000000,66.916927239
14.330000000,66.964149426
14.340000000,67.011345270
14.350000000,67.058514769
14.360000000,67.105657917
14.370000000,67.152774712
14.380000000,67.199865148
14.390000000,67.246929224
14.400000000,67.293966934
14.410000000,67.340978276
14.420000000,67.387963246
14.430000000,67.434921839
14.440000000,67.481854053
14.450000000,67.528759883
14.460000000,67.575639328
14.470000000,67.622492382
14.480000000,67.669319042
14.490000000,67.716119306
14.500000000,67.762893169
14.510000000,67.809640629
14.520000000,67.856361681
14.530000000,67.903056324
14.540000000,67.949724553
14.550000000,67.996366365
14.560000000,68.042981757
14.570000000,68.089570726
14.580000000,68.136133270
14.590000000,68.182669384
14.600000000,68.229179065
14.610000000,68.275662312
14.620000000,68.322119120
14.630000000,68.368549486
14.640000000,68.414953409
14.650000000,68.461330885
14.660000000,68.507681910
14.670000000,68.554006483
14.680000000,68.600304601
14.690000000,68.646576260
14.700000000,68.692821458
14.710000000,68.739040193
14.720000000,68.785232461
14.730000000,68.831398260
14.740000000,68.877537588
14.750000000,68.923650441
14.760000000,68.969736818
14.770000000,69.015796715
14.780000000,69.061830131
14.790000000,69.107837063
14.800000000,69.153817508
14.810000000,69.199771465
14.820000000,69.245698930
14.830000000,69.291599901
14.840000000,69.337474377
14.850000000,69.383322355
14.860000000,69.429143832
14.870000000,69.474938807
14.880000000,69.520707277
14.890000000,69.566449241
14.900000000,69.612164696
14.910000000,69.657853640
14.920000000,69.703516070
14.930000000,69.749151987
14.940000000,69.794761386
14.950000000,69.840344266
14.960000000,69.885900626
14.970000000,69.931430463
14.980000000,69.976933775
14.990000000,70.022410562
15.000000000,70.067860820
15.010000000,70.043084549
15.020000000,70.018322742
15.030000000,69.993575385
15.040000000,69.968842466
15.050000000,69.944123971
15.060000000,69.919419886
15.070000000,69.894730197
15.080000000,69.870054891
15.090000000,69.845393956
15.100000000,69.820747376
15.110000000,69.796115140
15.120000000,69.771497233
15.130000000,69.746893642
15.140000000,69.722304354
15.150000000,69.697729355
15.160000000,69.673168632
15.170000000,69.648622172
15.180000000,69.624089961
15.190000000,69.599571986
15.200000000,69.575068235
15.210000000,69.550578693
15.220000000,69.526103347
15.230000000,69.501642184
15.240000000,69.477195191
15.250000000,69.452762355
15.260000000,69.428343663
15.270000000,69.403939101
15.280000000,69.379548656
15.290000000,69.355172315
15.300000000,69.330810065
15.310000000,69.306461894
15.320000000,69.282127787
15.330000000,69.257807732
15.340000000,69.233501715
15.350000000,69.209209725
15.360000000,69.184931747
15.370000000,69.160667768
15.380000000,69.136417777
15.390000000,69.112181759
15.400000000,69.087959702
15.410000000,69.063751593
15.420000000,69.039557419
15.430000000,69.015377167
15.440000000,68.991210824
15.450000000,68.967058377
15.460000000,68.942919814
15.470000000,68.918795122
15.480000000,68.894684287
15.490000000,68.870587298
15.500000000,68.846504140
15.510000000,68.822434802
15.520000000,68.798379271
15.530000000,68.774337533
15.540000000,68.750309577
15.550000000,68.726295389
15.560000000,68.702294957
15.570000000,68.678308268
15.580000000,68.654335310
15.590000000,68.630376069
15.600000000,68.606430534
15.610000000,68.582498691
15.620000000,68.558580528
15.630000000,68.534676032
15.640000000,68.510785191
15.650000000,68.486907992
15.660000000,68.463044423
15.670000000,68.439194471
15.680000000,68.415358124
15.690000000,68.391535369
15.700000000,68.367726194
15.710000000,68.343930585
15.720000000,68.320148532
15.730000000,68.296380021
15.740000000,68.272625039
15.750000000,68.248883575
15.760000000,68.225155617
15.770000000,68.201441151
15.780000000,68.177740165
15.790000000,68.154052647
15.800000000,68.130378585
15.810000000,68.106717966
15.820000000,68.083070779
15.830000000,68.059437010
15.840000000,68.035816647
15.850000000,68.012209679
15.860000000,67.988616093
15.870000000,67.965035877
15.880000000,67.941469018
15.890000000,67.917915505
15.900000000,67.894375325
15.910000000,67.870848465
15.920000000,67.847334915
15.930000000,67.823834662
15.940000000,67.800347693
15.950000000,67.776873996
15.960000000,67.753413560
15.970000000,67.729966372
15.980000000,67.706532421
15.990000000,67.683111694
16.000000000,67.659704179
16.010000000,67.636309864
16.020000000,67.612928737
16.030000000,67.589560787
16.040000000,67.566206000
16.050000000,67.542864366
16.060000000,67.519535872
16.070000000,67.496220507
16.080000000,67.472918258
16.090000000,67.449629113
16.100000000,67.426353061
16.110000000,67.403090090
16.120000000,67.379840188
16.130000000,67.356603342
16.140000000,67.333379542
16.150000000,67.310168776
16.160000000,67.286971031
16.170000000,67.263786295
16.180000000,67.240614558
16.190000000,67.217455807
16.200000000,67.194310030
16.210000000,67.171177217
16.220000000,67.148057354
16.230000000,67.124950431
16.240000000,67.101856435
16.250000000,67.078775355
16.260000000,67.055707180
16.270000000,67.032651897
16.280000000,67.009609495
16.290000000,66.986579963
16.300000000,66.963563288
16.310000000,66.940559460
16.320000000,66.917568466
16.330000000,66.894590295
16.340000000,66.871624936
16.350000000,66.848672377
16.360000000,66.825732606
16.370000000,66.802805612
16.380000000,66.779891384
16.390000000,66.756989909
16.400000000,66.734101177
16.410000000,66.711225176
16.420000000,66.688361894
16.430000000,66.665511321
16.440000000,66.642673444
16.450000000,66.619848253
16.460000000,66.597035736
16.470000000,66.574235881
16.480000000,66.551448677
16.490000000,66.528674113
16.500000000,66.505912178
16.510000000,66.483162860
16.520000000,66.460426148
16.530000000,66.437702030
16.540000000,66.414990495
16.550000000,66.392291533
16.560000000,66.369605132
16.570000000,66.346931280
16.580000000,66.324269966
16.590000000,66.301621179
16.600000000,66.278984909
16.610000000,66.256361143
16.620000000,66.233749870
16.630000000,66.211151080
16.640000000,66.188564761
16.650000000,66.165990902
16.660000000,66.143429493
16.670000000,66.120880521
16.680000000,66.098343975
16.690000000,66.075819846
16.700000000,66.053308121
16.710000000,66.030808790
16.720000000,66.008321841
16.730000000,65.985847264
16.740000000,65.963385047
16.750000000,65.940935179
16.760000000,65.918497651
16.770000000,65.896072449
16.780000000,65.873659564
16.790000000,65.851258985
16.800000000,65.828870700
16.810000000,65.806494700
16.820000000,65.784130971
16.830000000,65.761779505
16.840000000,65.739440290
16.850000000,65.717113315
16.860000000,65.694798569
16.870000000,65.672496042
16.880000000,65.650205722
16.890000000,65.627927599
16.900000000,65.605661662
16.910000000,65.583407900
16.920000000,65.561166303
16.930000000,65.538936859
16.940000000,65.516719558
16.950000000,65.494514389
16.960000000,65.472321342
16.970000000,65.450140405
16.980000000,65.427971568
16.990000000,65.405814820
17.000000000,65.383670151
17.010000000,65.361537549
17.020000000,65.339417005
17.030000000,65.317308508
17.040000000,65.295212046
17.050000000,65.273127610
17.060000000,65.251055188
17.070000000,65.228994771
17.080000000,65.206946347
17.090000000,65.184909906
17.100000000,65.162885437
17.110000000,65.140872930
17.120000000,65.118872374
17.130000000,65.096883760
17.140000000,65.074907075
17.150000000,65.052942311
17.160000000,65.030989455
17.170000000,65.009048498
17.180000000,64.987119430
17.190000000,64.965202240
17.200000000,64.943296917
17.210000000,64.921403451
17.220000000,64.899521832
17.230000000,64.877652049
17.240000000,64.855794091
17.250000000,64.833947950
17.260000000,64.812113613
17.270000000,64.790291071
17.280000000,64.768480313
17.290000000,64.746681330
17.300000000,64.724894110
17.310000000,64.703118644
17.320000000,64.681354921
17.330000000,64.659602930
17.340000000,64.637862663
17.350000000,64.616134107
17.360000000,64.594417254
17.370000000,64.572712093
17.380000000,64.551018613
17.390000000,64.529336804
17.400000000,64.507666657
17.410000000,64.486008161
17.420000000,64.464361306
17.430000000,64.442726082
17.440000000,64.421102478
17.450000000,64.399490484
17.460000000,64.377890091
17.470000000,64.356301288
17.480000000,64.334724065
17.490000000,64.313158412
17.500000000,64.291604319
17.510000000,64.270061775
17.520000000,64.248530772
17.530000000,64.227011298
17.540000000,64.205503344
17.550000000,64.184006900
17.560000000,64.162521955
17.570000000,64.141048500
17.580000000,64.119586524
17.590000000,64.098136019
17.600000000,64.076696973
17.610000000,64.055269376
17.620000000,64.033853220
17.630000000,64.012448494
17.640000000,63.991055187
17.650000000,63.969673291
17.660000000,63.948302794
17.670000000,63.926943688
17.680000000,63.905595963
17.690000000,63.884259608
17.700000000,63.862934614
17.710000000,63.841620970
17.720000000,63.820318668
17.730000000,63.799027697
17.740000000,63.777748047
17.750000000,63.756479709
17.760000000,63.735222673
17.770000000,63.713976928
17.780000000,63.692742466
17.790000000,63.671519277
17.800000000,63.650307351
17.810000000,63.629106677
17.820000000,63.607917247
17.830000000,63.586739051
17.840000000,63.565572078
17.850000000,63.544416320
17.860000000,63.523271767
17.870000000,63.502138408
17.880000000,63.481016235
17.890000000,63.459905237
17.900000000,63.438805406
17.910000000,63.417716730
17.920000000,63.396639202
17.930000000,63.375572811
17.940000000,63.354517548
17.950000000,63.333473402
17.960000000,63.312440365
17.970000000,63.291418427
17.980000000,63.270407579
17.990000000,63.249407810
18.000000000,63.228419112
18.010000000,63.207441475
18.020000000,63.186474888
18.030000000,63.165519344
18.040000000,63.144574832
18.050000000,63.123641344
18.060000000,63.102718868
18.070000000,63.081807397
18.080000000,63.060906920
18.090000000,63.040017428
18.100000000,63.019138913
18.110000000,62.998271363
18.120000000,62.977414771
18.130000000,62.956569126
18.140000000,62.935734419
18.150000000,62.914910641
18.160000000,62.894097783
18.170000000,62.873295835
18.180000000,62.852504788
18.190000000,62.831724632
18.200000000,62.810955359
18.210000000,62.790196958
18.220000000,62.769449421
18.230000000,62.748712739
18.240000000,62.727986902
18.250000000,62.707271900
18.260000000,62.686567726
18.270000000,62.665874368
18.280000000,62.645191819
18.290000000,62.624520069
18.300000000,62.603859108
18.310000000,62.583208928
18.320000000,62.562569520
18.330000000,62.541940874
18.340000000,62.521322980
18.350000000,62.500715831
18.360000000,62.480119417
18.370000000,62.459533728
18.380000000,62.438958755
18.390000000,62.418394491
18.400000000,62.397840924
18.410000000,62.377298047
18.420000000,62.356765850
18.430000000,62.336244324
18.440000000,62.315733460
18.450000000,62.295233249
18.460000000,62.274743682
18.470000000,62.254264749
18.480000000,62.233796443
18.490000000,62.213338754
18.500000000,62.192891673
18.510000000,62.172455190
18.520000000,62.152029298
18.530000000,62.131613986
18.540000000,62.111209247
18.550000000,62.090815071
18.560000000,62.070431449
18.570000000,62.050058372
18.580000000,62.029695831
18.590000000,62.009343818
18.600000000,61.989002323
18.610000000,61.968671338
18.620000000,61.948350854
18.630000000,61.928040862
18.640000000,61.907741352
18.650000000,61.887452317
18.660000000,61.867173747
18.670000000,61.846905634
18.680000000,61.826647968
18.690000000,61.806400742
18.700000000,61.786163945
18.710000000,61.765937570
18.720000000,61.745721607
18.730000000,61.725516048
18.740000000,61.705320884
18.750000000,61.685136107
18.760000000,61.664961707
18.770000000,61.644797676
18.780000000,61.624644004
18.790000000,61.604500685
18.800000000,61.584367707
18.810000000,61.564245064
18.820000000,61.544132747
18.830000000,61.524030745
18.840000000,61.503939052
18.850000000,61.483857658
18.860000000,61.463786555
18.870000000,61.443725734
18.880000000,61.423675187
18.890000000,61.403634904
18.900000000,61.383604877
18.910000000,61.363585098
18.920000000,61.343575558
18.930000000,61.323576249
18.940000000,61.303587161
18.950000000,61.283608287
18.960000000,61.263639618
18.970000000,61.243681145
18.980000000,61.223732859
18.990000000,61.203794753
19.000000000,61.183866818
19.010000000,61.163949045
19.020000000,61.144041425
19.030000000,61.124143951
19.040000000,61.104256614
19.050000000,61.084379405
19.060000000,61.064512316
19.070000000,61.044655338
19.080000000,61.024808463
19.090000000,61.004971683
19.100000000,60.985144989
19.110000000,60.965328372
19.120000000,60.945521826
19.130000000,60.925725340
19.140000000,60.905938906
19.150000000,60.886162517
19.160000000,60.866396164
19.170000000,60.846639838
19.180000000,60.826893531
19.190000000,60.807157236
19.200000000,60.787430943
19.210000000,60.767714644
19.220000000,60.748008330
19.230000000,60.728311995
19.240000000,60.708625629
19.250000000,60.688949224
19.260000000,60.669282771
19.270000000,60.649626264
19.280000000,60.629979692
19.290000000,60.610343049
19.300000000,60.590716325
19.310000000,60.571099513
19.320000000,60.551492604
19.330000000,60.531895590
19.340000000,60.512308464
19.350000000,60.492731216
19.360000000,60.473163839
19.370000000,60.453606324
19.380000000,60.434058664
19.390000000,60.414520849
19.400000000,60.394992873
19.410000000,60.375474726
19.420000000,60.355966402
19.430000000,60.336467890
19.440000000,60.316979185
19.450000000,60.297500276
19.460000000,60.278031158
19.470000000,60.258571820
19.480000000,60.239122255
19.490000000,60.219682456
19.500000000,60.200252414
19.510000000,60.180832120
19.520000000,60.161421568
19.530000000,60.142020749
19.540000000,60.122629654
19.550000000,60.103248277
19.560000000,60.083876608
19.570000000,60.064514641
19.580000000,60.045162366
19.590000000,60.025819776
19.600000000,60.006486864
19.610000000,59.987163620
19.620000000,59.967850038
19.630000000,59.948546108
19.640000000,59.929251824
19.650000000,59.909967177
19.660000000,59.890692160
19.670000000,59.871426764
19.680000000,59.852170982
19.690000000,59.832924805
19.700000000,59.813688227
19.710000000,59.794461238
19.720000000,59.775243831
19.730000000,59.756035999
19.740000000,59.736837733
19.750000000,59.717649025
19.760000000,59.698469869
19.770000000,59.679300255
19.780000000,59.660140176
19.790000000,59.640989625
19.800000000,59.621848593
19.810000000,59.602717073
19.820000000,59.583595057
19.830000000,59.564482537
19.840000000,59.545379505
19.850000000,59.526285954
19.860000000,59.507201876
19.870000000,59.488127263
19.880000000,59.469062108
19.890000000,59.450006403
19.900000000,59.430960139
19.910000000,59.411923310
19.920000000,59.392895907
19.930000000,59.373877923
19.940000000,59.354869351
19.950000000,59.335870182
19.960000000,59.316880409
19.970000000,59.297900025
19.980000000,59.278929021
19.990000000,59.259967390
20.000000000,59.241015124
20.010000000,59.222072216
20.020000000,59.203138659
20.030000000,59.184214444
20.040000000,59.165299563
20.050000000,59.146394011
20.060000000,59.127497778
20.070000000,59.108610857
20.080000000,59.089733241
20.090000000,59.070864922
20.100000000,59.052005892
20.110000000,59.033156145
20.120000000,59.014315672
20.130000000,58.995484466
20.140000000,58.976662519
20.150000000,58.957849824
20.160000000,58.939046374
20.170000000,58.920252161
20.180000000,58.901467177
20.190000000,58.882691415
20.200000000,58.863924868
20.210000000,58.845167528
20.220000000,58.826419387
20.230000000,58.807680439
20.240000000,58.788950675
20.250000000,58.770230089
20.260000000,58.751518672
20.270000000,58.732816418
20.280000000,58.714123319
20.290000000,58.695439368
20.300000000,58.676764557
20.310000000,58.658098879
20.320000000,58.639442327
20.330000000,58.620794893
20.340000000,58.602156570
20.350000000,58.583527350
20.360000000,58.564907226
20.370000000,58.546296191
20.380000000,58.527694238
20.390000000,58.509101359
20.400000000,58.490517547
20.410000000,58.471942794
20.420000000,58.453377094
20.430000000,58.434820438
20.440000000,58.416272821
20.450000000,58.397734233
20.460000000,58.379204669
20.470000000,58.360684121
20.480000000,58.342172582
20.490000000,58.323670044
20.500000000,58.305176500
20.510000000,58.286691944
20.520000000,58.268216367
20.530000000,58.249749762
20.540000000,58.231292123
20.550000000,58.212843443
20.560000000,58.194403713
20.570000000,58.175972927
20.580000000,58.157551078
20.590000000,58.139138158
20.600000000,58.120734160
20.610000000,58.102339078
20.620000000,58.083952904
20.630000000,58.065575631
20.640000000,58.047207251
20.650000000,58.028847758
20.660000000,58.010497145
20.670000000,57.992155404
20.680000000,57.973822529
20.690000000,57.955498512
20.700000000,57.937183346
20.710000000,57.918877024
20.720000000,57.900579540
20.730000000,57.882290885
20.740000000,57.864011053
20.750000000,57.845740038
20.760000000,57.827477831
20.770000000,57.809224426
20.780000000,57.790979816
20.790000000,57.772743994
20.800000000,57.754516952
20.810000000,57.736298684
20.820000000,57.718089184
20.830000000,57.699888443
20.840000000,57.681696455
20.850000000,57.663513213
20.860000000,57.645338710
20.870000000,57.627172938
20.880000000,57.609015892
20.890000000,57.590867564
20.900000000,57.572727948
20.910000000,57.554597035
20.920000000,57.536474820
20.930000000,57.518361295
20.940000000,57.500256454
20.950000000,57.482160289
20.960000000,57.464072795
20.970000000,57.445993963
20.980000000,57.427923787
20.990000000,57.409862260
21.000000000,57.391809375
21.010000000,57.373765126
21.020000000,57.355729506
21.030000000,57.337702507
21.040000000,57.319684123
21.050000000,57.301674347
21.060000000,57.283673173
21.070000000,57.265680593
21.080000000,57.247696600
21.090000000,57.229721189
21.100000000,57.211754351
21.110000000,57.193796081
21.120000000,57.175846372
21.130000000,57.157905216
21.140000000,57.139972607
21.150000000,57.122048538
21.160000000,57.104133003
21.170000000,57.086225995
21.180000000,57.068327506
21.190000000,57.050437531
21.200000000,57.032556063
21.210000000,57.014683095
21.220000000,56.996818619
21.230000000,56.978962630
21.240000000,56.961115121
21.250000000,56.943276085
21.260000000,56.925445516
21.270000000,56.907623406
21.280000000,56.889809749
21.290000000,56.872004539
21.300000000,56.854207769
21.310000000,56.836419431
21.320000000,56.818639521
21.330000000,56.800868030
21.340000000,56.783104952
21.350000000,56.765350281
21.360000000,56.747604011
21.370000000,56.729866133
21.380000000,56.712136643
21.390000000,56.694415533
21.400000000,56.676702796
21.410000000,56.658998427
21.420000000,56.641302418
21.430000000,56.623614763
21.440000000,56.605935456
21.450000000,56.588264490
21.460000000,56.570601858
21.470000000,56.552947553
21.480000000,56.535301571
21.490000000,56.517663903
21.500000000,56.500034543
21.510000000,56.482413485
21.520000000,56.464800722
21.530000000,56.447196248
21.540000000,56.429600057
21.550000000,56.412012141
21.560000000,56.394432495
21.570000000,56.376861112
21.580000000,56.359297985
21.590000000,56.341743108
21.600000000,56.324196474
21.610000000,56.306658078
21.620000000,56.289127912
21.630000000,56.271605971
21.640000000,56.254092248
21.650000000,56.236586735
21.660000000,56.219089428
21.670000000,56.201600320
21.680000000,56.184119404
21.690000000,56.166646674
21.700000000,56.149182123
21.710000000,56.131725745
21.720000000,56.114277534
21.730000000,56.096837483
21.740000000,56.079405587
21.750000000,56.061981838
21.760000000,56.044566230
21.770000000,56.027158758
21.780000000,56.009759414
21.790000000,55.992368193
21.800000000,55.974985087
21.810000000,55.957610092
21.820000000,55.940243199
21.830000000,55.922884404
21.840000000,55.905533700
21.850000000,55.888191081
21.860000000,55.870856539
21.870000000,55.853530070
21.880000000,55.836211667
21.890000000,55.818901323
21.900000000,55.801599032
21.910000000,55.784304789
21.920000000,55.767018586
21.930000000,55.749740418
21.940000000,55.732470278
21.950000000,55.715208160
21.960000000,55.697954059
21.970000000,55.680707967
21.980000000,55.663469878
21.990000000,55.646239787
22.000000000,55.629017687
22.010000000,55.485803572
22.020000000,55.342655762
22.030000000,55.199574055
22.040000000,55.056558251
22.050000000,54.913608149
22.060000000,54.770723547
22.070000000,54.627904247
22.080000000,54.485150047
22.090000000,54.342460749
22.100000000,54.199836153
22.110000000,54.057276060
22.120000000,53.914780272
22.130000000,53.772348591
22.140000000,53.629980818
22.150000000,53.487676756
22.160000000,53.345436208
22.170000000,53.203258976
22.180000000,53.061144865
22.190000000,52.919093677
22.200000000,52.777105217
22.210000000,52.635179288
22.220000000,52.493315696
22.230000000,52.351514245
22.240000000,52.209774741
22.250000000,52.068096989
22.260000000,51.926480794
22.270000000,51.784925963
22.280000000,51.643432302
22.290000000,51.501999619
22.300000000,51.360627719
22.310000000,51.219316410
22.320000000,51.078065500
22.330000000,50.936874797
22.340000000,50.795744109
22.350000000,50.654673244
22.360000000,50.513662010
22.370000000,50.372710219
22.380000000,50.231817677
22.390000000,50.090984196
22.400000000,49.950209585
22.410000000,49.809493654
22.420000000,49.668836213
22.430000000,49.528237075
22.440000000,49.387696049
22.450000000,49.247212946
22.460000000,49.106787580
22.470000000,48.966419761
22.480000000,48.826109301
22.490000000,48.685856014
22.500000000,48.545659712
22.510000000,48.405520207
22.520000000,48.265437314
22.530000000,48.125410845
22.540000000,47.985440616
22.550000000,47.845526438
22.560000000,47.705668128
22.570000000,47.565865500
22.580000000,47.426118369
22.590000000,47.286426549
22.600000000,47.146789857
22.610000000,47.007208108
22.620000000,46.867681118
22.630000000,46.728208703
22.640000000,46.588790680
22.650000000,46.449426866
22.660000000,46.310117077
22.670000000,46.170861132
22.680000000,46.031658847
22.690000000,45.892510040
22.700000000,45.753414530
22.710000000,45.614372134
22.720000000,45.475382672
22.730000000,45.336445962
22.740000000,45.197561823
22.750000000,45.058730074
22.760000000,44.919950536
22.770000000,44.781223028
22.780000000,44.642547370
22.790000000,44.503923382
22.800000000,44.365350886
22.810000000,44.226829701
22.820000000,44.088359649
22.830000000,43.949940551
22.840000000,43.811572229
22.850000000,43.673254505
22.860000000,43.534987200
22.870000000,43.396770137
22.880000000,43.258603138
22.890000000,43.120486027
22.900000000,42.982418626
22.910000000,42.844400758
22.920000000,42.706432247
22.930000000,42.568512916
22.940000000,42.430642590
22.950000000,42.292821092
22.960000000,42.155048247
22.970000000,42.017323880
22.980000000,41.879647816
22.990000000,41.742019879
23.000000000,41.604439894
23.010000000,41.466907688
23.020000000,41.329423087
23.030000000,41.191985915
23.040000000,41.054596000
23.050000000,40.917253167
23.060000000,40.779957243
23.070000000,40.642708056
23.080000000,40.505505432
23.090000000,40.368349199
23.100000000,40.231239184
23.110000000,40.094175215
23.120000000,39.957157120
23.130000000,39.820184726
23.140000000,39.683257863
23.150000000,39.546376359
23.160000000,39.409540043
23.170000000,39.272748744
23.180000000,39.136002290
23.190000000,38.999300513
23.200000000,38.862643240
23.210000000,38.726030302
23.220000000,38.589461530
23.230000000,38.452936752
23.240000000,38.316455801
23.250000000,38.180018506
23.260000000,38.043624699
23.270000000,37.907274209
23.280000000,37.770966870
23.290000000,37.634702512
23.300000000,37.498480967
23.310000000,37.362302067
23.320000000,37.226165643
23.330000000,37.090071529
23.340000000,36.954019556
23.350000000,36.818009558
23.360000000,36.682041367
23.370000000,36.546114817
23.380000000,36.410229740
23.390000000,36.274385969
23.400000000,36.138583340
23.410000000,36.002821685
23.420000000,35.867100838
23.430000000,35.731420635
23.440000000,35.595780908
23.450000000,35.460181493
23.460000000,35.324622224
23.470000000,35.189102937
23.480000000,35.053623466
23.490000000,34.918183647
23.500000000,34.782783316
23.510000000,34.647422308
23.520000000,34.512100458
23.530000000,34.376817604
23.540000000,34.241573580
23.550000000,34.106368225
23.560000000,33.971201373
23.570000000,33.836072863
23.580000000,33.700982530
23.590000000,33.565930212
23.600000000,33.430915747
23.610000000,33.295938972
23.620000000,33.160999723
23.630000000,33.026097841
23.640000000,32.891233161
23.650000000,32.756405522
23.660000000,32.621614764
23.670000000,32.486860723
23.680000000,32.352143239
23.690000000,32.217462151
23.700000000,32.082817297
23.710000000,31.948208517
23.720000000,31.813635651
23.730000000,31.679098536
23.740000000,31.544597014
23.750000000,31.410130924
23.760000000,31.275700106
23.770000000,31.141304401
23.780000000,31.006943647
23.790000000,30.872617686
23.800000000,30.738326359
23.810000000,30.604069506
23.820000000,30.469846968
23.830000000,30.335658587
23.840000000,30.201504203
23.850000000,30.067383658
23.860000000,29.933296793
23.870000000,29.799243450
23.880000000,29.665223471
23.890000000,29.531236698
23.900000000,29.397282974
23.910000000,29.263362139
23.920000000,29.129474038
23.930000000,28.995618512
23.940000000,28.861795404
23.950000000,28.728004557
23.960000000,28.594245814
23.970000000,28.460519019
23.980000000,28.326824014
23.990000000,28.193160643
24.000000000,28.059528751
24.010000000,27.925928179
24.020000000,27.792358773
24.030000000,27.658820376
24.040000000,27.525312833
24.050000000,27.391835988
24.060000000,27.258389685
24.070000000,27.124973769
24.080000000,26.991588085
24.090000000,26.858232477
24.100000000,26.724906791
24.110000000,26.591610872
24.120000000,26.458344565
24.130000000,26.325107715
24.140000000,26.191900168
24.150000000,26.058721769
24.160000000,25.925572365
24.170000000,25.792451801
24.180000000,25.659359924
24.190000000,25.526296579
24.200000000,25.393261613
24.210000000,25.260254873
24.220000000,25.127276204
24.230000000,24.994325454
24.240000000,24.861402469
24.250000000,24.728507097
24.260000000,24.595639184
24.270000000,24.462798578
24.280000000,24.329985126
24.290000000,24.197198675
24.300000000,24.064439074
24.310000000,23.931706169
24.320000000,23.798999808
24.330000000,23.666319840
24.340000000,23.533666112
24.350000000,23.401038472
24.360000000,23.268436770
24.370000000,23.135860853
24.380000000,23.003310569
24.390000000,22.870785768
24.400000000,22.738286298
24.410000000,22.605812007
24.420000000,22.473362746
24.430000000,22.340938362
24.440000000,22.208538706
24.450000000,22.076163626
24.460000000,21.943812972
24.470000000,21.811486593
24.480000000,21.679184339
24.490000000,21.546906060
24.500000000,21.414651605
24.510000000,21.282420825
24.520000000,21.150213569
24.530000000,21.018029687
24.540000000,20.885869031
24.550000000,20.753731449
24.560000000,20.621616794
24.570000000,20.489524914
24.580000000,20.357455661
24.590000000,20.225408886
24.600000000,20.093384440
24.610000000,19.961382173
24.620000000,19.829401936
24.630000000,19.697443581
24.640000000,19.565506959
24.650000000,19.433591922
24.660000000,19.301698319
24.670000000,19.169826005
24.680000000,19.037974829
24.690000000,18.906144643
24.700000000,18.774335300
24.710000000,18.642546652
24.720000000,18.510778550
24.730000000,18.379030846
24.740000000,18.247303392
24.750000000,18.115596042
24.760000000,17.983908647
24.770000000,17.852241060
24.780000000,17.720593133
24.790000000,17.588964718
24.800000000,17.457355670
24.810000000,17.325765839
24.820000000,17.194195080
24.830000000,17.062643246
24.840000000,16.931110188
24.850000000,16.799595761
24.860000000,16.668099818
24.870000000,16.536622211
24.880000000,16.405162795
24.890000000,16.273721423
24.900000000,16.142297948
24.910000000,16.010892224
24.920000000,15.879504104
24.930000000,15.748133443
24.940000000,15.616780094
24.950000000,15.485443912
24.960000000,15.354124749
24.970000000,15.222822461
24.980000000,15.091536901
24.990000000,14.960267924
25.000000000,14.829015384
25.010000000,14.697779136
25.020000000,14.566559033
25.030000000,14.435354930
25.040000000,14.304166682
25.050000000,14.172994144
25.060000000,14.041837170
25.070000000,13.910695615
25.080000000,13.779569334
25.090000000,13.648458182
25.100000000,13.517362013
25.110000000,13.386280684
25.120000000,13.255214048
25.130000000,13.124161962
25.140000000,12.993124280
25.150000000,12.862100858
25.160000000,12.731091552
25.170000000,12.600096215
25.180000000,12.469114705
25.190000000,12.338146877
25.200000000,12.207192586
25.210000000,12.076251688
25.220000000,11.945324038
25.230000000,11.814409493
25.240000000,11.683507909
25.250000000,11.552619141
25.260000000,11.421743045
25.270000000,11.290879477
25.280000000,11.160028294
25.290000000,11.029189351
25.300000000,10.898362506
25.310000000,10.767547613
25.320000000,10.636744529
25.330000000,10.505953111
25.340000000,10.375173215
25.350000000,10.244404697
25.360000000,10.113647415
25.370000000,9.982901224
25.380000000,9.852165981
25.390000000,9.721441542
25.400000000,9.590727766
25.410000000,9.460024507
25.420000000,9.329331623
25.430000000,9.198648972
25.440000000,9.067976408
25.450000000,8.937313791
25.460000000,8.806660976
25.470000000,8.676017821
25.480000000,8.545384182
25.490000000,8.414759917
25.500000000,8.284144883
25.510000000,8.153538937
25.520000000,8.022941936
25.530000000,7.892353738
25.540000000,7.761774199
25.550000000,7.631203178
25.560000000,7.500640531
25.570000000,7.370086116
25.580000000,7.239539790
25.590000000,7.109001411
25.600000000,6.978470837
25.610000000,6.847947924
25.620000000,6.717432531
25.630000000,6.586924514
25.640000000,6.456423733
25.650000000,6.325930044
25.660000000,6.195443305
25.670000000,6.064963373
25.680000000,5.934490107
25.690000000,5.804023365
25.700000000,5.673563004
25.710000000,5.543108882
25.720000000,5.412660856
25.730000000,5.282218786
25.740000000,5.151782528
25.750000000,5.021351941
25.760000000,4.890926883
25.770000000,4.760507212
25.780000000,4.630092785
25.790000000,4.499683461
25.800000000,4.369279098
25.810000000,4.238879554
25.820000000,4.108484687
25.830000000,3.978094355
25.840000000,3.847708416
25.850000000,3.717326729
25.860000000,3.586949152
25.870000000,3.456575543
25.880000000,3.326205760
25.890000000,3.195839661
25.900000000,3.065477106
25.910000000,2.935117951
25.920000000,2.804762055
25.930000000,2.674409278
25.940000000,2.544059476
25.950000000,2.413712508
25.960000000,2.283368233
25.970000000,2.153026509
25.980000000,2.022687194
25.990000000,1.892350147
26.000000000,1.762015226
26.010000000,1.631682290
26.020000000,1.501351197
26.030000000,1.371021805
26.040000000,1.240693973
26.050000000,1.110367559
26.060000000,0.980042422
26.070000000,0.849718420
26.080000000,0.719395412
26.090000000,0.589073255
26.100000000,0.458751809
26.110000000,0.328430932
26.120000000,0.198110483
26.130000000,0.067790319
26.140000000,0.000000000
26.150000000,0.000000000
26.160000000,0.000000000
26.170000000,0.000000000
26.180000000,0.000000000
26.190000000,0.000000000
26.200000000,0.000000000
26.210000000,0.000000000
26.220000000,0.000000000
26.230000000,0.000000000
26.240000000,0.000000000
26.250000000,0.000000000
26.260000000,0.000000000
26.270000000,0.000000000
26.280000000,0.000000000
26.290000000,0.000000000
26.300000000,0.000000000
26.310000000,0.000000000
26.320000000,0.000000000
26.330000000,0.000000000
26.340000000,0.000000000
26.350000000,0.000000000
26.360000000,0.000000000
26.370000000,0.000000000
26.380000000,0.000000000
26.390000000,0.000000000
26.400000000,0.000000000
26.410000000,0.000000000
26.420000000,0.000000000
26.430000000,0.000000000
26.440000000,0.000000000
26.450000000,0.000000000
26.460000000,0.000000000
26.470000000,0.000000000
26.480000000,0.000000000
26.490000000,0.000000000
26.500000000,0.000000000
26.510000000,0.000000000
26.520000000,0.000000000
26.530000000,0.000000000
26.540000000,0.000000000
26.550000000,0.000000000
26.560000000,0.000000000
26.570000000,0.000000000
26.580000000,0.000000000
26.590000000,0.000000000
26.600000000,0.000000000
26.610000000,0.000000000
26.620000000,0.000000000
26.630000000,0.000000000
26.640000000,0.000000000
26.650000000,0.000000000
26.660000000,0.000000000
26.670000000,0.000000000
26.680000000,0.000000000
26.690000000,0.000000000
26.700000000,0.000000000
26.710000000,0.000000000
26.720000000,0.000000000
26.730000000,0.000000000
26.740000000,0.000000000
26.750000000,0.000000000
26.760000000,0.000000000
26.770000000,0.000000000
26.780000000,0.000000000
26.790000000,0.000000000
26.800000000,0.000000000
26.810000000,0.000000000
26.820000000,0.000000000
26.830000000,0.000000000
26.840000000,0.000000000
26.850000000,0.000000000
26.860000000,0.000000000
26.870000000,0.000000000
26.880000000,0.000000000
26.890000000,0.000000000
26.900000000,0.000000000
26.910000000,0.000000000
26.920000000,0.000000000
26.930000000,0.000000000
26.940000000,0.000000000
26.950000000,0.000000000
26.960000000,0.000000000
26.970000000,0.000000000
26.980000000,0.000000000
26.990000000,0.000000000
27.000000000,0.000000000
27.010000000,0.082080000
27.020000000,0.164159972
27.030000000,0.246239860
27.040000000,0.328319607
27.050000000,0.410399158
27.060000000,0.492478456
27.070000000,0.574557446
27.080000000,0.656636070
27.090000000,0.738714273
27.100000000,0.820792000
27.110000000,0.902869193
27.120000000,0.984945796
27.130000000,1.067021754
27.140000000,1.149097010
27.150000000,1.231171508
27.160000000,1.313245193
27.170000000,1.395318007
27.180000000,1.477389894
27.190000000,1.559460800
27.200000000,1.641530667
27.210000000,1.723599439
27.220000000,1.805667061
27.230000000,1.887733476
27.240000000,1.969798628
27.250000000,2.051862461
27.260000000,2.133924919
27.270000000,2.215985945
27.280000000,2.298045484
27.290000000,2.380103480
27.300000000,2.462159876
27.310000000,2.544214617
27.320000000,2.626267646
27.330000000,2.708318907
27.340000000,2.790368345
27.350000000,2.872415903
27.360000000,2.954461524
27.370000000,3.036505154
27.380000000,3.118546736
27.390000000,3.200586214
27.400000000,3.282623531
27.410000000,3.364658633
27.420000000,3.446691463
27.430000000,3.528721964
27.440000000,3.610750081
27.450000000,3.692775758
27.460000000,3.774798939
27.470000000,3.856819568
27.480000000,3.938837588
27.490000000,4.020852945
27.500000000,4.102865581
27.510000000,4.184875442
27.520000000,4.266882470
27.530000000,4.348886610
27.540000000,4.430887807
27.550000000,4.512886004
27.560000000,4.594881145
27.570000000,4.676873174
27.580000000,4.758862036
27.590000000,4.840847675
27.600000000,4.922830034
27.610000000,5.004809058
27.620000000,5.086784691
27.630000000,5.168756877
27.640000000,5.250725560
27.650000000,5.332690684
27.660000000,5.414652194
27.670000000,5.496610034
27.680000000,5.578564148
27.690000000,5.660514479
27.700000000,5.742460974
27.710000000,5.824403574
27.720000000,5.906342225
27.730000000,5.988276872
27.740000000,6.070207457
27.750000000,6.152133926
27.760000000,6.234056223
27.770000000,6.315974292
27.780000000,6.397888078
27.790000000,6.479797524
27.800000000,6.561702574
27.810000000,6.643603175
27.820000000,6.725499269
27.830000000,6.807390801
27.840000000,6.889277715
27.850000000,6.971159956
27.860000000,7.053037468
27.870000000,7.134910196
27.880000000,7.216778084
27.890000000,7.298641076
27.900000000,7.380499117
27.910000000,7.462352151
27.920000000,7.544200123
27.930000000,7.626042977
27.940000000,7.707880659
27.950000000,7.789713111
27.960000000,7.871540279
27.970000000,7.953362108
27.980000000,8.035178541
27.990000000,8.116989524
28.000000000,8.198795001
28.010000000,8.280594917
28.020000000,8.362389216
28.030000000,8.444177843
28.040000000,8.525960742
28.050000000,8.607737859
28.060000000,8.689509137
28.070000000,8.771274522
28.080000000,8.853033959
28.090000000,8.934787391
28.100000000,9.016534764
28.110000000,9.098276023
28.120000000,9.180011112
28.130000000,9.261739976
28.140000000,9.343462560
28.150000000,9.425178809
28.160000000,9.506888668
28.170000000,9.588592080
28.180000000,9.670288992
28.190000000,9.751979349
28.200000000,9.833663094
28.210000000,9.915340174
28.220000000,9.997010532
28.230000000,10.078674114
28.240000000,10.160330866
28.250000000,10.241980731
28.260000000,10.323623655
28.270000000,10.405259584
28.280000000,10.486888461
28.290000000,10.568510233
28.300000000,10.650124844
28.310000000,10.731732239
28.320000000,10.813332363
28.330000000,10.894925163
28.340000000,10.976510582
28.350000000,11.058088566
28.360000000,11.139659061
28.370000000,11.221222011
28.380000000,11.302777361
28.390000000,11.384325058
28.400000000,11.465865046
28.410000000,11.547397271
28.420000000,11.628921678
28.430000000,11.710438212
28.440000000,11.791946819
28.450000000,11.873447444
28.460000000,11.954940032
28.470000000,12.036424530
28.480000000,12.117900882
28.490000000,12.199369034
28.500000000,12.280828931
28.510000000,12.362280520
28.520000000,12.443723745
28.530000000,12.525158552
28.540000000,12.606584887
28.550000000,12.688002695
28.560000000,12.769411923
28.570000000,12.850812515
28.580000000,12.932204418
28.590000000,13.013587576
28.600000000,13.094961937
28.610000000,13.176327445
28.620000000,13.257684047
28.630000000,13.339031688
28.640000000,13.420370314
28.650000000,13.501699870
28.660000000,13.583020304
28.670000000,13.664331561
28.680000000,13.745633586
28.690000000,13.826926326
28.700000000,13.908209726
28.710000000,13.989483733
28.720000000,14.070748293
28.730000000,14.152003352
28.740000000,14.233248855
28.750000000,14.314484749
28.760000000,14.395710981
28.770000000,14.476927495
28.780000000,14.558134239
28.790000000,14.639331159
28.800000000,14.720518200
28.810000000,14.801695310
28.820000000,14.882862434
28.830000000,14.964019519
28.840000000,15.045166512
28.850000000,15.126303357
28.860000000,15.207430003
28.870000000,15.288546395
28.880000000,15.369652480
28.890000000,15.450748204
28.900000000,15.531833514
28.910000000,15.612908356
28.920000000,15.693972677
28.930000000,15.775026424
28.940000000,15.856069543
28.950000000,15.937101981
28.960000000,16.018123684
28.970000000,16.099134599
28.980000000,16.180134674
28.990000000,16.261123854
29.000000000,16.342102087
29.010000000,16.423069319
29.020000000,16.504025497
29.030000000,16.584970569
29.040000000,16.665904480
29.050000000,16.746827178
29.060000000,16.827738611
29.070000000,16.908638724
29.080000000,16.989527466
29.090000000,17.070404782
29.100000000,17.151270621
29.110000000,17.232124929
29.120000000,17.312967653
29.130000000,17.393798741
29.140000000,17.474618140
29.150000000,17.555425798
29.160000000,17.636221660
29.170000000,17.717005676
29.180000000,17.797777791
29.190000000,17.878537954
29.200000000,17.959286112
29.210000000,18.040022212
29.220000000,18.120746202
29.230000000,18.201458029
29.240000000,18.282157641
29.250000000,18.362844986
29.260000000,18.443520011
29.270000000,18.524182663
29.280000000,18.604832891
29.290000000,18.685470642
29.300000000,18.766095863
29.310000000,18.846708503
29.320000000,18.927308510
29.330000000,19.007895831
29.340000000,19.088470414
29.350000000,19.169032207
29.360000000,19.249581157
29.370000000,19.330117214
29.380000000,19.410640325
29.390000000,19.491150438
29.400000000,19.571647500
29.410000000,19.652131461
29.420000000,19.732602268
29.430000000,19.813059870
29.440000000,19.893504215
29.450000000,19.973935250
29.460000000,20.054352925
29.470000000,20.134757187
29.480000000,20.215147985
29.490000000,20.295525267
29.500000000,20.375888983
29.510000000,20.456239079
29.520000000,20.536575505
29.530000000,20.616898210
29.540000000,20.697207141
29.550000000,20.777502248
29.560000000,20.857783479
29.570000000,20.938050782
29.580000000,21.018304107
29.590000000,21.098543403
29.600000000,21.178768617
29.610000000,21.258979699
29.620000000,21.339176599
29.630000000,21.419359263
29.640000000,21.499527643
29.650000000,21.579681686
29.660000000,21.659821341
29.670000000,21.739946558
29.680000000,21.820057286
29.690000000,21.900153474
29.700000000,21.980235071
29.710000000,22.060302027
29.720000000,22.140354289
29.730000000,22.220391809
29.740000000,22.300414535
29.750000000,22.380422416
29.760000000,22.460415402
29.770000000,22.540393443
29.780000000,22.620356487
29.790000000,22.700304485
29.800000000,22.780237386
29.810000000,22.860155139
29.820000000,22.940057695
29.830000000,23.019945002
29.840000000,23.099817011
29.850000000,23.179673671
29.860000000,23.259514932
29.870000000,23.339340745
29.880000000,23.419151058
29.890000000,23.498945822
29.900000000,23.578724987
29.910000000,23.658488502
29.920000000,23.738236319
29.930000000,23.817968386
29.940000000,23.897684654
29.950000000,23.977385074
29.960000000,24.057069594
29.970000000,24.136738167
29.980000000,24.216390741
29.990000000,24.296027268
30.000000000,24.375647698
30.010000000,24.455251980
30.020000000,24.534840066
30.030000000,24.614411906
30.040000000,24.693967451
30.050000000,24.773506651
30.060000000,24.853029457
30.070000000,24.932535819
30.080000000,25.012025688
30.090000000,25.091499016
30.100000000,25.170955752
30.110000000,25.250395847
30.120000000,25.329819254
30.130000000,25.409225921
30.140000000,25.488615802
30.150000000,25.567988845
30.160000000,25.647345003
30.170000000,25.726684227
30.180000000,25.806006468
30.190000000,25.885311676
30.200000000,25.964599804
30.210000000,26.043870802
30.220000000,26.123124622
30.230000000,26.202361215
30.240000000,26.281580533
30.250000000,26.360782527
30.260000000,26.439967148
30.270000000,26.519134349
30.280000000,26.598284080
30.290000000,26.677416294
30.300000000,26.756530941
30.310000000,26.835627975
30.320000000,26.914707346
30.330000000,26.993769007
30.340000000,27.072812908
30.350000000,27.151839003
30.360000000,27.230847244
30.370000000,27.309837581
30.380000000,27.388809967
30.390000000,27.467764355
30.400000000,27.546700697
30.410000000,27.625618944
30.420000000,27.704519049
30.430000000,27.783400964
30.440000000,27.862264641
30.450000000,27.941110034
30.460000000,28.019937094
30.470000000,28.098745773
30.480000000,28.177536025
30.490000000,28.256307802
30.500000000,28.335061057
30.510000000,28.413795741
30.520000000,28.492511809
30.530000000,28.571209212
30.540000000,28.649887904
30.550000000,28.728547837
30.560000000,28.807188964
30.570000000,28.885811239
30.580000000,28.964414613
30.590000000,29.042999041
30.600000000,29.121564475
30.610000000,29.200110869
30.620000000,29.278638175
30.630000000,29.357146348
30.640000000,29.435635339
30.650000000,29.514105103
30.660000000,29.592555593
30.670000000,29.670986762
30.680000000,29.749398565
30.690000000,29.827790953
30.700000000,29.906163882
30.710000000,29.984517304
30.720000000,30.062851174
30.730000000,30.141165445
30.740000000,30.219460071
30.750000000,30.297735005
30.760000000,30.375990202
30.770000000,30.454225615
30.780000000,30.532441199
30.790000000,30.610636908
30.800000000,30.688812695
30.810000000,30.766968515
30.820000000,30.845104321
30.830000000,30.923220069
30.840000000,31.001315713
30.850000000,31.079391206
30.860000000,31.157446504
30.870000000,31.235481561
30.880000000,31.313496330
30.890000000,31.391490767
30.900000000,31.469464827
30.910000000,31.547418464
30.920000000,31.625351632
30.930000000,31.703264287
30.940000000,31.781156383
30.950000000,31.859027875
30.960000000,31.936878718
30.970000000,32.014708867
30.980000000,32.092518277
30.990000000,32.170306903
31.000000000,32.248074700
31.010000000,32.325821624
31.020000000,32.403547629
31.030000000,32.481252671
31.040000000,32.558936706
31.050000000,32.636599687
31.060000000,32.714241572
31.070000000,32.791862316
31.080000000,32.869461873
31.090000000,32.947040200
31.100000000,33.024597252
31.110000000,33.102132985
31.120000000,33.179647355
31.130000000,33.257140318
31.140000000,33.334611829
31.150000000,33.412061844
31.160000000,33.489490320
31.170000000,33.566897211
31.180000000,33.644282476
31.190000000,33.721646068
31.200000000,33.798987946
31.210000000,33.876308064
31.220000000,33.953606380
31.230000000,34.030882849
31.240000000,34.108137428
31.250000000,34.185370074
31.260000000,34.262580743
31.270000000,34.339769391
31.280000000,34.416935975
31.290000000,34.494080452
31.300000000,34.571202779
31.310000000,34.648302912
31.320000000,34.725380808
31.330000000,34.802436425
31.340000000,34.879469718
31.350000000,34.956480645
31.360000000,35.033469164
31.370000000,35.110435231
31.380000000,35.187378803
31.390000000,35.264299838
31.400000000,35.341198293
31.410000000,35.418074125
31.420000000,35.494927292
31.430000000,35.571757751
31.440000000,35.648565459
31.450000000,35.725350375
31.460000000,35.802112456
31.470000000,35.878851659
31.480000000,35.955567942
31.490000000,36.032261263
31.500000000,36.108931581
31.510000000,36.185578852
31.520000000,36.262203035
31.530000000,36.338804087
31.540000000,36.415381968
31.550000000,36.491936634
31.560000000,36.568468045
31.570000000,36.644976158
31.580000000,36.721460932
31.590000000,36.797922325
31.600000000,36.874360295
31.610000000,36.950774802
31.620000000,37.027165803
31.630000000,37.103533257
31.640000000,37.179877123
31.650000000,37.256197359
31.660000000,37.332493925
31.670000000,37.408766779
31.680000000,37.485015879
31.690000000,37.561241186
31.700000000,37.637442657
31.710000000,37.713620253
31.720000000,37.789773931
31.730000000,37.865903652
31.740000000,37.942009374
31.750000000,38.018091057
31.760000000,38.094148661
31.770000000,38.170182143
31.780000000,38.246191465
31.790000000,38.322176585
31.800000000,38.398137463
31.810000000,38.474074059
31.820000000,38.549986333
31.830000000,38.625874243
31.840000000,38.701737751
31.850000000,38.777576816
31.860000000,38.853391397
31.870000000,38.929181455
31.880000000,39.004946950
31.890000000,39.080687842
31.900000000,39.156404092
31.910000000,39.232095658
31.920000000,39.307762503
31.930000000,39.383404585
31.940000000,39.459021867
31.950000000,39.534614306
31.960000000,39.610181866
31.970000000,39.685724505
31.980000000,39.761242186
31.990000000,39.836734868
32.000000000,39.912202512
32.010000000,39.987645079
32.020000000,40.063062530
32.030000000,40.138454825
32.040000000,40.213821927
32.050000000,40.289163796
32.060000000,40.364480393
32.070000000,40.439771680
32.080000000,40.515037616
32.090000000,40.590278165
32.100000000,40.665493288
32.110000000,40.740682944
32.120000000,40.815847098
32.130000000,40.890985708
32.140000000,40.966098739
32.150000000,41.041186150
32.160000000,41.116247905
32.170000000,41.191283964
32.180000000,41.266294289
32.190000000,41.341278843
32.200000000,41.416237588
32.210000000,41.491170485
32.220000000,41.566077496
32.230000000,41.640958584
32.240000000,41.715813712
32.250000000,41.790642840
32.260000000,41.865445933
32.270000000,41.940222951
32.280000000,42.014973858
32.290000000,42.089698617
32.300000000,42.164397189
32.310000000,42.239069537
32.320000000,42.313715624
32.330000000,42.388335414
32.340000000,42.462928868
32.350000000,42.537495950
32.360000000,42.612036623
32.370000000,42.686550849
32.380000000,42.761038592
32.390000000,42.835499816
32.400000000,42.909934482
32.410000000,42.984342555
32.420000000,43.058723998
32.430000000,43.133078774
32.440000000,43.207406847
32.450000000,43.281708181
32.460000000,43.355982738
32.470000000,43.430230483
32.480000000,43.504451379
32.490000000,43.578645390
32.500000000,43.652812480
32.510000000,43.726952614
32.520000000,43.801065754
32.530000000,43.875151865
32.540000000,43.949210911
32.550000000,44.023242856
32.560000000,44.097247665
32.570000000,44.171225301
32.580000000,44.245175730
32.590000000,44.319098915
32.600000000,44.392994821
32.610000000,44.466863413
32.620000000,44.540704654
32.630000000,44.614518511
32.640000000,44.688304948
32.650000000,44.762063929
32.660000000,44.835795419
32.670000000,44.909499383
32.680000000,44.983175787
32.690000000,45.056824595
32.700000000,45.130445772
32.710000000,45.204039284
32.720000000,45.277605096
32.730000000,45.351143173
32.740000000,45.424653480
32.750000000,45.498135984
32.760000000,45.571590649
32.770000000,45.645017441
32.780000000,45.718416326
32.790000000,45.791787269
32.800000000,45.865130237
32.810000000,45.938445194
32.820000000,46.011732108
32.830000000,46.084990943
32.840000000,46.158221667
32.850000000,46.231424244
32.860000000,46.304598642
32.870000000,46.377744826
32.880000000,46.450862762
32.890000000,46.523952418
32.900000000,46.597013759
32.910000000,46.670046752
32.920000000,46.743051363
32.930000000,46.816027560
32.940000000,46.888975308
32.950000000,46.961894575
32.960000000,47.034785327
32.970000000,47.107647531
32.980000000,47.180481154
32.990000000,47.253286163
33.000000000,47.326062525
33.010000000,47.398810208
33.020000000,47.471529178
33.030000000,47.544219402
33.040000000,47.616880849
33.050000000,47.689513485
33.060000000,47.762117278
33.070000000,47.834692195
33.080000000,47.907238204
33.090000000,47.979755273
33.100000000,48.052243370
33.110000000,48.124702461
33.120000000,48.197132515
33.130000000,48.269533500
33.140000000,48.341905384
33.150000000,48.414248135
33.160000000,48.486561721
33.170000000,48.558846109
33.180000000,48.631101270
33.190000000,48.703327170
33.200000000,48.775523778
33.210000000,48.847691062
33.220000000,48.919828992
33.230000000,48.991937535
33.240000000,49.064016660
33.250000000,49.136066336
33.260000000,49.208086532
33.270000000,49.280077216
33.280000000,49.352038358
33.290000000,49.423969926
33.300000000,49.495871889
33.310000000,49.567744217
33.320000000,49.639586878
33.330000000,49.711399842
33.340000000,49.783183079
33.350000000,49.854936557
33.360000000,49.926660245
33.370000000,49.998354114
33.380000000,50.070018134
33.390000000,50.141652272
33.400000000,50.213256500
33.410000000,50.284830787
33.420000000,50.356375103
33.430000000,50.427889417
33.440000000,50.499373701
33.450000000,50.570827923
33.460000000,50.642252053
33.470000000,50.713646063
33.480000000,50.785009922
33.490000000,50.856343600
33.500000000,50.927647068
33.510000000,50.998920296
33.520000000,51.070163255
33.530000000,51.141375915
33.540000000,51.212558247
33.550000000,51.283710221
33.560000000,51.354831809
33.570000000,51.425922981
33.580000000,51.496983708
33.590000000,51.568013961
33.600000000,51.639013710
33.610000000,51.709982928
33.620000000,51.780921585
33.630000000,51.851829652
33.640000000,51.922707102
33.650000000,51.993553904
33.660000000,52.064370030
33.670000000,52.135155452
33.680000000,52.205910142
33.690000000,52.276634071
33.700000000,52.347327211
33.710000000,52.417989533
33.720000000,52.488621010
33.730000000,52.559221612
33.740000000,52.629791313
33.750000000,52.700330084
33.760000000,52.770837898
33.770000000,52.841314726
33.780000000,52.911760540
33.790000000,52.982175313
33.800000000,53.052559018
33.810000000,53.122911626
33.820000000,53.193233111
33.830000000,53.263523444
33.840000000,53.333782598
33.850000000,53.404010547
33.860000000,53.474207262
33.870000000,53.544372717
33.880000000,53.614506884
33.890000000,53.684609737
33.900000000,53.754681248
33.910000000,53.824721391
33.920000000,53.894730138
33.930000000,53.964707463
33.940000000,54.034653340
33.950000000,54.104567741
33.960000000,54.174450640
33.970000000,54.244302010
33.980000000,54.314121825
33.990000000,54.383910059
34.000000000,54.453666686
34.010000000,54.523391678
34.020000000,54.593085011
34.030000000,54.662746657
34.040000000,54.732376591
34.050000000,54.801974786
34.060000000,54.871541218
34.070000000,54.941075859
34.080000000,55.010578685
34.090000000,55.080049669
34.100000000,55.149488787
34.110000000,55.218896011
34.120000000,55.288271317
34.130000000,55.357614680
34.140000000,55.426926074
34.150000000,55.496205473
34.160000000,55.565452853
34.170000000,55.634668188
34.180000000,55.703851454
34.190000000,55.773002624
34.200000000,55.842121675
34.210000000,55.911208581
34.220000000,55.980263318
34.230000000,56.049285860
34.240000000,56.118276183
34.250000000,56.187234262
34.260000000,56.256160074
34.270000000,56.325053592
34.280000000,56.393914794
34.290000000,56.462743654
34.300000000,56.531540148
34.310000000,56.600304252
34.320000000,56.669035942
34.330000000,56.737735193
34.340000000,56.806401982
34.350000000,56.875036285
34.360000000,56.943638078
34.370000000,57.012207336
34.380000000,57.080744037
34.390000000,57.149248157
34.400000000,57.217719671
34.410000000,57.286158557
34.420000000,57.354564790
34.430000000,57.422938348
34.440000000,57.491279207
34.450000000,57.559587344
34.460000000,57.627862735
34.470000000,57.696105358
34.480000000,57.764315189
34.490000000,57.832492205
34.500000000,57.900636383
34.510000000,57.968747701
34.520000000,58.036826136
34.530000000,58.104871664
34.540000000,58.172884264
34.550000000,58.240863912
34.560000000,58.308810586
34.570000000,58.376724264
34.580000000,58.444604922
34.590000000,58.512452539
34.600000000,58.580267093
34.610000000,58.648048561
34.620000000,58.715796921
34.630000000,58.783512151
34.640000000,58.851194229
34.650000000,58.918843133
34.660000000,58.986458841
34.670000000,59.054041331
34.680000000,59.121590582
34.690000000,59.189106572
34.700000000,59.256589279
34.710000000,59.324038681
34.720000000,59.391454758
34.730000000,59.458837488
34.740000000,59.526186849
34.750000000,59.593502820
34.760000000,59.660785380
34.770000000,59.728034508
34.780000000,59.795250182
34.790000000,59.862432383
34.800000000,59.929581088
34.810000000,59.996696276
34.820000000,60.063777928
34.830000000,60.130826022
34.840000000,60.197840538
34.850000000,60.264821455
34.860000000,60.331768752
34.870000000,60.398682409
34.880000000,60.465562405
34.890000000,60.532408721
34.900000000,60.599221335
34.910000000,60.666000229
34.920000000,60.732745380
34.930000000,60.799456771
34.940000000,60.866134379
34.950000000,60.932778186
34.960000000,60.999388172
34.970000000,61.065964316
34.980000000,61.132506599
34.990000000,61.199015002
35.000000000,61.265489504
35.010000000,61.331930087
35.020000000,61.398336730
35.030000000,61.464709414
35.040000000,61.531048121
35.050000000,61.597352829
35.060000000,61.663623522
35.070000000,61.729860178
35.080000000,61.796062780
35.090000000,61.862231307
35.100000000,61.928365742
35.110000000,61.994466065
35.120000000,62.060532257
35.130000000,62.126564300
35.140000000,62.192562175
35.150000000,62.258525864
35.160000000,62.324455347
35.170000000,62.390350606
35.180000000,62.456211624
35.190000000,62.522038380
35.200000000,62.587830858
35.210000000,62.653589039
35.220000000,62.719312905
35.230000000,62.785002438
35.240000000,62.850657619
35.250000000,62.916278430
35.260000000,62.981864855
35.270000000,63.047416875
35.280000000,63.112934471
35.290000000,63.178417628
35.300000000,63.243866326
35.310000000,63.309280548
35.320000000,63.374660277
35.330000000,63.440005496
35.340000000,63.505316186
35.350000000,63.570592331
35.360000000,63.635833914
35.370000000,63.701040916
35.380000000,63.766213322
35.390000000,63.831351114
35.400000000,63.896454275
35.410000000,63.961522788
35.420000000,64.026556636
35.430000000,64.091555803
35.440000000,64.156520272
35.450000000,64.221450026
35.460000000,64.286345048
35.470000000,64.351205322
35.480000000,64.416030832
35.490000000,64.480821561
35.500000000,64.545577493
35.510000000,64.610298612
35.520000000,64.674984900
35.530000000,64.739636343
35.540000000,64.804252925
35.550000000,64.868834628
35.560000000,64.933381438
35.570000000,64.997893337
35.580000000,65.062370312
35.590000000,65.126812345
35.600000000,65.191219421
35.610000000,65.255591525
35.620000000,65.319928641
35.630000000,65.384230753
35.640000000,65.448497846
35.650000000,65.512729905
35.660000000,65.576926914
35.670000000,65.641088859
35.680000000,65.705215723
35.690000000,65.769307492
35.700000000,65.833364152
35.710000000,65.897385686
35.720000000,65.961372080
35.730000000,66.025323319
35.740000000,66.089239388
35.750000000,66.153120273
35.760000000,66.216965960
35.770000000,66.280776432
35.780000000,66.344551677
35.790000000,66.408291679
35.800000000,66.471996424
35.810000000,66.535665897
35.820000000,66.599300085
35.830000000,66.662898974
35.840000000,66.726462548
35.850000000,66.789990795
35.860000000,66.853483700
35.870000000,66.916941249
35.880000000,66.980363428
35.890000000,67.043750223
35.900000000,67.107101621
35.910000000,67.170417608
35.920000000,67.233698171
35.930000000,67.296943295
35.940000000,67.360152968
35.950000000,67.423327175
35.960000000,67.486465904
35.970000000,67.549569141
35.980000000,67.612636874
35.990000000,67.675669087
36.000000000,67.738665770
36.010000000,67.801626908
36.020000000,67.864552489
36.030000000,67.927442499
36.040000000,67.990296927
36.050000000,68.053115758
36.060000000,68.115898981
36.070000000,68.178646582
36.080000000,68.241358549
36.090000000,68.304034870
36.100000000,68.366675532
36.110000000,68.429280522
36.120000000,68.491849829
36.130000000,68.554383439
36.140000000,68.616881341
36.150000000,68.679343523
36.160000000,68.741769972
36.170000000,68.804160676
36.180000000,68.866515624
36.190000000,68.928834803
36.200000000,68.991118202
36.210000000,69.053365809
36.220000000,69.115577612
36.230000000,69.177753599
36.240000000,69.239893759
36.250000000,69.301998080
36.260000000,69.364066551
36.270000000,69.426099161
36.280000000,69.488095897
36.290000000,69.550056750
36.300000000,69.611981706
36.310000000,69.673870756
36.320000000,69.735723889
36.330000000,69.797541092
36.340000000,69.859322356
36.350000000,69.921067668
36.360000000,69.982777020
36.370000000,70.044450398
36.380000000,70.106087794
36.390000000,70.167689196
36.400000000,70.229254593
36.410000000,70.290783976
36.420000000,70.352277333
36.430000000,70.413734654
36.440000000,70.475155929
36.450000000,70.536541147
36.460000000,70.597890299
36.470000000,70.659203373
36.480000000,70.720480361
36.490000000,70.781721251
36.500000000,70.842926034
36.510000000,70.904094700
36.520000000,70.965227239
36.530000000,71.026323641
36.540000000,71.087383897
36.550000000,71.148407996
36.560000000,71.209395930
36.570000000,71.270347688
36.580000000,71.331263261
36.590000000,71.392142640
36.600000000,71.452985814
36.610000000,71.513792776
36.620000000,71.574563515
36.630000000,71.635298023
36.640000000,71.695996290
36.650000000,71.756658307
36.660000000,71.817284066
36.670000000,71.877873556
36.680000000,71.938426770
36.690000000,71.998943698
36.700000000,72.059424332
36.710000000,72.119868662
36.720000000,72.180276681
36.730000000,72.240648380
36.740000000,72.300983750
36.750000000,72.361282782
36.760000000,72.421545468
36.770000000,72.481771801
36.780000000,72.541961771
36.790000000,72.602115370
36.800000000,72.662232590
36.810000000,72.722313423
36.820000000,72.782357861
36.830000000,72.842365896
36.840000000,72.902337520
36.850000000,72.962272725
36.860000000,73.022171503
36.870000000,73.082033847
36.880000000,73.141859748
36.890000000,73.201649199
36.900000000,73.261402193
36.910000000,73.321118722
36.920000000,73.380798779
36.930000000,73.440442355
36.940000000,73.500049445
36.950000000,73.559620039
36.960000000,73.619154132
36.970000000,73.678651716
36.980000000,73.738112784
36.990000000,73.797537329
37.000000000,73.856925343
37.010000000,73.916276821
37.020000000,73.975591754
37.030000000,74.034870137
37.040000000,74.094111962
37.050000000,74.153317222
37.060000000,74.212485912
37.070000000,74.271618024
37.080000000,74.330713552
37.090000000,74.389772490
37.100000000,74.448794831
37.110000000,74.507780568
37.120000000,74.566729696
37.130000000,74.625642207
37.140000000,74.684518097
37.150000000,74.743357359
37.160000000,74.802159986
37.170000000,74.860925973
37.180000000,74.919655313
37.190000000,74.978348002
37.200000000,75.037004032
37.210000000,75.095623399
37.220000000,75.154206096
37.230000000,75.212752119
37.240000000,75.271261460
37.250000000,75.329734115
37.260000000,75.388170078
37.270000000,75.446569344
37.280000000,75.504931907
37.290000000,75.563257762
37.300000000,75.621546904
37.310000000,75.679799328
37.320000000,75.738015028
37.330000000,75.796193999
37.340000000,75.854336236
37.350000000,75.912441735
37.360000000,75.970510490
37.370000000,76.028542496
37.380000000,76.086537749
37.390000000,76.144496244
37.400000000,76.202417976
37.410000000,76.260302941
37.420000000,76.318151133
37.430000000,76.375962549
37.440000000,76.433737184
37.450000000,76.491475033
37.460000000,76.549176093
37.470000000,76.606840358
37.480000000,76.664467825
37.490000000,76.722058489
37.500000000,76.779612346
37.510000000,76.837129392
37.520000000,76.894609624
37.530000000,76.952053036
37.540000000,77.009459626
37.550000000,77.066829389
37.560000000,77.124162321
37.570000000,77.181458420
37.580000000,77.238717680
37.590000000,77.295940099
37.600000000,77.353125672
37.610000000,77.410274397
37.620000000,77.467386270
37.630000000,77.524461287
37.640000000,77.581499445
37.650000000,77.638500740
37.660000000,77.695465170
37.670000000,77.752392731
37.680000000,77.809283421
37.690000000,77.866137235
37.700000000,77.922954171
37.710000000,77.979734226
37.720000000,78.036477397
37.730000000,78.093183681
37.740000000,78.149853076
37.750000000,78.206485578
37.760000000,78.263081184
37.770000000,78.319639893
37.780000000,78.376161702
37.790000000,78.432646607
37.800000000,78.489094607
37.810000000,78.545505698
37.820000000,78.601879880
37.830000000,78.658217148
37.840000000,78.714517502
37.850000000,78.770780938
37.860000000,78.827007455
37.870000000,78.883197051
37.880000000,78.939349723
37.890000000,78.995465469
37.900000000,79.051544287
37.910000000,79.107586176
37.920000000,79.163591134
37.930000000,79.219559158
37.940000000,79.275490247
37.950000000,79.331384400
37.960000000,79.387241614
37.970000000,79.443061889
37.980000000,79.498845222
37.990000000,79.554591612
38.000000000,79.610301058
38.010000000,79.665973557
38.020000000,79.721609110
38.030000000,79.777207714
38.040000000,79.832769369
38.050000000,79.888294073
38.060000000,79.943781825
38.070000000,79.999232624
38.080000000,80.054646469
38.090000000,80.110023359
38.100000000,80.165363293
38.110000000,80.220666270
38.120000000,80.275932290
38.130000000,80.331161351
38.140000000,80.386353453
38.150000000,80.441508595
38.160000000,80.496626777
38.170000000,80.551707999
38.180000000,80.606752258
38.190000000,80.661759556
38.200000000,80.716729892
38.210000000,80.771663265
38.220000000,80.826559675
38.230000000,80.881419122
38.240000000,80.936241605
38.250000000,80.991027125
38.260000000,81.045775682
38.270000000,81.100487274
38.280000000,81.155161903
38.290000000,81.209799569
38.300000000,81.264400271
38.310000000,81.318964009
38.320000000,81.373490784
38.330000000,81.427980597
38.340000000,81.482433447
38.350000000,81.536849335
38.360000000,81.591228260
38.370000000,81.645570225
38.380000000,81.699875228
38.390000000,81.754143272
38.400000000,81.808374355
38.410000000,81.862568480
38.420000000,81.916725646
38.430000000,81.970845855
38.440000000,82.024929106
38.450000000,82.078975402
38.460000000,82.132984743
38.470000000,82.186957130
38.480000000,82.240892563
38.490000000,82.294791045
38.500000000,82.348652576
38.510000000,82.402477157
38.520000000,82.456264789
38.530000000,82.510015474
38.540000000,82.563729213
38.550000000,82.617406007
38.560000000,82.671045858
38.570000000,82.724648767
38.580000000,82.778214736
38.590000000,82.831743766
38.600000000,82.885235858
38.610000000,82.938691015
38.620000000,82.992109238
38.630000000,83.045490529
38.640000000,83.098834890
38.650000000,83.152142321
38.660000000,83.205412827
38.670000000,83.258646407
38.680000000,83.311843064
38.690000000,83.365002801
38.700000000,83.418125619
38.710000000,83.471211520
38.720000000,83.524260507
38.730000000,83.577272582
38.740000000,83.630247746
38.750000000,83.683186003
38.760000000,83.736087355
38.770000000,83.788951804
38.780000000,83.841779352
38.790000000,83.894570002
38.800000000,83.947323757
38.810000000,84.000040618
38.820000000,84.052720590
38.830000000,84.105363674
38.840000000,84.157969873
38.850000000,84.210539190
38.860000000,84.263071628
38.870000000,84.315567190
38.880000000,84.368025878
38.890000000,84.420447695
38.900000000,84.472832645
38.910000000,84.525180731
38.920000000,84.577491955
38.930000000,84.629766321
38.940000000,84.682003832
38.950000000,84.734204492
38.960000000,84.786368302
38.970000000,84.838495268
38.980000000,84.890585392
38.990000000,84.942638677
39.000000000,84.994655128
39.010000000,85.046634747
39.020000000,85.098577538
39.030000000,85.150483505
39.040000000,85.202352652
39.050000000,85.254184981
39.060000000,85.305980498
39.070000000,85.357739205
39.080000000,85.409461106
39.090000000,85.461146206
39.100000000,85.512794508
39.110000000,85.564406017
39.120000000,85.615980735
39.130000000,85.667518668
39.140000000,85.719019819
39.150000000,85.770484192
39.160000000,85.821911792
39.170000000,85.873302623
39.180000000,85.924656690
39.190000000,85.975973995
39.200000000,86.027254545
39.210000000,86.078498343
39.220000000,86.129705393
39.230000000,86.180875701
39.240000000,86.232009270
39.250000000,86.283106106
39.260000000,86.334166213
39.270000000,86.385189595
39.280000000,86.436176258
39.290000000,86.487126205
39.300000000,86.538039443
39.310000000,86.588915975
39.320000000,86.639755807
39.330000000,86.690558943
39.340000000,86.741325389
39.350000000,86.792055149
39.360000000,86.842748229
39.370000000,86.893404633
39.380000000,86.944024368
39.390000000,86.994607437
39.400000000,87.045153847
39.410000000,87.095663602
39.420000000,87.146136707
39.430000000,87.196573169
39.440000000,87.246972993
39.450000000,87.297336183
39.460000000,87.347662746
39.470000000,87.397952687
39.480000000,87.448206011
39.490000000,87.498422725
39.500000000,87.548602833
39.510000000,87.598746342
39.520000000,87.648853257
39.530000000,87.698923585
39.540000000,87.748957330
39.550000000,87.798954498
39.560000000,87.848915097
39.570000000,87.898839130
39.580000000,87.948726606
39.590000000,87.998577529
39.600000000,88.048391905
39.610000000,88.098169741
39.620000000,88.147911043
39.630000000,88.197615817
39.640000000,88.247284070
39.650000000,88.296915807
39.660000000,88.346511034
39.670000000,88.396069759
39.680000000,88.445591988
39.690000000,88.495077726
39.700000000,88.544526981
39.710000000,88.593939760
39.720000000,88.643316067
39.730000000,88.692655911
39.740000000,88.741959298
39.750000000,88.791226234
39.760000000,88.840456726
39.770000000,88.889650781
39.780000000,88.938808406
39.790000000,88.987929608
39.800000000,89.037014393
39.810000000,89.086062768
39.820000000,89.135074740
39.830000000,89.184050317
39.840000000,89.232989506
39.850000000,89.281892312
39.860000000,89.330758744
39.870000000,89.379588809
39.880000000,89.428382514
39.890000000,89.477139865
39.900000000,89.525860871
39.910000000,89.574545539
39.920000000,89.623193876
39.930000000,89.671805889
39.940000000,89.720381585
39.950000000,89.768920973
39.960000000,89.817424060
39.970000000,89.865890853
39.980000000,89.914321360
39.990000000,89.962715589
40.000000000,90.011073546
40.010000000,89.999995240
40.020000000,89.988925244
40.030000000,89.977863550
40.040000000,89.966810150
40.050000000,89.955765038
40.060000000,89.944728206
40.070000000,89.933699647
40.080000000,89.922679354
40.090000000,89.911667319
40.100000000,89.900663536
40.110000000,89.889667998
40.120000000,89.878680696
40.130000000,89.867701624
40.140000000,89.856730775
40.150000000,89.845768141
40.160000000,89.834813716
40.170000000,89.823867492
40.180000000,89.812929462
40.190000000,89.801999619
40.200000000,89.791077956
40.210000000,89.780164466
40.220000000,89.769259141
40.230000000,89.758361975
40.240000000,89.747472960
40.250000000,89.736592090
40.260000000,89.725719357
40.270000000,89.714854754
40.280000000,89.703998274
40.290000000,89.693149910
40.300000000,89.682309655
40.310000000,89.671477502
40.320000000,89.660653445
40.330000000,89.649837475
40.340000000,89.639029586
40.350000000,89.628229771
40.360000000,89.617438022
40.370000000,89.606654334
40.380000000,89.595878699
40.390000000,89.585111109
40.400000000,89.574351559
40.410000000,89.563600040
40.420000000,89.552856546
40.430000000,89.542121071
40.440000000,89.531393607
40.450000000,89.520674146
40.460000000,89.509962684
40.470000000,89.499259211
40.480000000,89.488563722
40.490000000,89.477876209
40.500000000,89.467196666
40.510000000,89.456525086
40.520000000,89.445861461
40.530000000,89.435205786
40.540000000,89.424558052
40.550000000,89.413918254
40.560000000,89.403286384
40.570000000,89.392662436
40.580000000,89.382046402
40.590000000,89.371438276
40.600000000,89.360838051
40.610000000,89.350245720
40.620000000,89.339661277
40.630000000,89.329084714
40.640000000,89.318516025
40.650000000,89.307955203
40.660000000,89.297402241
40.670000000,89.286857133
40.680000000,89.276319871
40.690000000,89.265790449
40.700000000,89.255268860
40.710000000,89.244755097
40.720000000,89.234249154
40.730000000,89.223751024
40.740000000,89.213260700
40.750000000,89.202778176
40.760000000,89.192303444
40.770000000,89.181836498
40.780000000,89.171377331
40.790000000,89.160925938
40.800000000,89.150482310
40.810000000,89.140046441
40.820000000,89.129618325
40.830000000,89.119197954
40.840000000,89.108785323
40.850000000,89.098380425
40.860000000,89.087983252
40.870000000,89.077593799
40.880000000,89.067212059
40.890000000,89.056838024
40.900000000,89.046471689
40.910000000,89.036113047
40.920000000,89.025762091
40.930000000,89.015418815
40.940000000,89.005083212
40.950000000,88.994755275
40.960000000,88.984434998
40.970000000,88.974122374
40.980000000,88.963817397
40.990000000,88.953520061
41.000000000,88.943230358
41.010000000,88.932948282
41.020000000,88.922673826
41.030000000,88.912406985
41.040000000,88.902147751
41.050000000,88.891896118
41.060000000,88.881652080
41.070000000,88.871415630
41.080000000,88.861186761
41.090000000,88.850965467
41.100000000,88.840751742
41.110000000,88.830545579
41.120000000,88.820346971
41.130000000,88.810155913
41.140000000,88.799972397
41.150000000,88.789796417
41.160000000,88.779627967
41.170000000,88.769467041
41.180000000,88.759313631
41.190000000,88.749167733
41.200000000,88.739029338
41.210000000,88.728898440
41.220000000,88.718775035
41.230000000,88.708659113
41.240000000,88.698550671
41.250000000,88.688449701
41.260000000,88.678356196
41.270000000,88.668270151
41.280000000,88.658191559
41.290000000,88.648120413
41.300000000,88.638056708
41.310000000,88.628000437
41.320000000,88.617951593
41.330000000,88.607910171
41.340000000,88.597876163
41.350000000,88.587849565
41.360000000,88.577830369
41.370000000,88.567818568
41.380000000,88.557814158
41.390000000,88.547817131
41.400000000,88.537827482
41.410000000,88.527845203
41.420000000,88.517870289
41.430000000,88.507902733
41.440000000,88.497942530
41.450000000,88.487989672
41.460000000,88.478044154
41.470000000,88.468105969
41.480000000,88.458175112
41.490000000,88.448251576
41.500000000,88.438335354
41.510000000,88.428426441
41.520000000,88.418524830
41.530000000,88.408630515
41.540000000,88.398743490
41.550000000,88.388863749
41.560000000,88.378991286
41.570000000,88.369126094
41.580000000,88.359268167
41.590000000,88.349417499
41.600000000,88.339574084
41.610000000,88.329737916
41.620000000,88.319908989
41.630000000,88.310087296
41.640000000,88.300272831
41.650000000,88.290465588
41.660000000,88.280665562
41.670000000,88.270872746
41.680000000,88.261087133
41.690000000,88.251308719
41.700000000,88.241537496
41.710000000,88.231773459
41.720000000,88.222016601
41.730000000,88.212266917
41.740000000,88.202524400
41.750000000,88.192789045
41.760000000,88.183060844
41.770000000,88.173339793
41.780000000,88.163625886
41.790000000,88.153919115
41.800000000,88.144219476
41.810000000,88.134526962
41.820000000,88.124841566
41.830000000,88.115163284
41.840000000,88.105492109
41.850000000,88.095828035
41.860000000,88.086171057
41.870000000,88.076521167
41.880000000,88.066878360
41.890000000,88.057242631
41.900000000,88.047613973
41.910000000,88.037992380
41.920000000,88.028377846
41.930000000,88.018770365
41.940000000,88.009169932
41.950000000,87.999576541
41.960000000,87.989990185
41.970000000,87.980410858
41.980000000,87.970838555
41.990000000,87.961273270
42.000000000,87.951714997
42.010000000,87.942163729
42.020000000,87.932619462
42.030000000,87.923082189
42.040000000,87.913551904
42.050000000,87.904028601
42.060000000,87.894512275
42.070000000,87.885002920
42.080000000,87.875500529
42.090000000,87.866005098
42.100000000,87.856516619
42.110000000,87.847035088
42.120000000,87.837560498
42.130000000,87.828092844
42.140000000,87.818632119
42.150000000,87.809178318
42.160000000,87.799731436
42.170000000,87.790291466
42.180000000,87.780858402
42.190000000,87.771432239
42.200000000,87.762012971
42.210000000,87.752600592
42.220000000,87.743195097
42.230000000,87.733796479
42.240000000,87.724404733
42.250000000,87.715019853
42.260000000,87.705641833
42.270000000,87.696270668
42.280000000,87.686906352
42.290000000,87.677548879
42.300000000,87.668198243
42.310000000,87.658854439
42.320000000,87.649517461
42.330000000,87.640187303
42.340000000,87.630863960
42.350000000,87.621547425
42.360000000,87.612237693
42.370000000,87.602934759
42.380000000,87.593638617
42.390000000,87.584349261
42.400000000,87.575066685
42.410000000,87.565790883
42.420000000,87.556521851
42.430000000,87.547259582
42.440000000,87.538004071
42.450000000,87.528755312
42.460000000,87.519513300
42.470000000,87.510278028
42.480000000,87.501049491
42.490000000,87.491827685
42.500000000,87.482612602
42.510000000,87.473404237
42.520000000,87.464202585
42.530000000,87.455007640
42.540000000,87.445819397
42.550000000,87.436637850
42.560000000,87.427462993
42.570000000,87.418294821
42.580000000,87.409133328
42.590000000,87.399978509
42.600000000,87.390830358
42.610000000,87.381688870
42.620000000,87.372554038
42.630000000,87.363425858
42.640000000,87.354304324
42.650000000,87.345189431
42.660000000,87.336081172
42.670000000,87.326979542
42.680000000,87.317884537
42.690000000,87.308796149
42.700000000,87.299714375
42.710000000,87.290639208
42.720000000,87.281570642
42.730000000,87.272508673
42.740000000,87.263453295
42.750000000,87.254404502
42.760000000,87.245362289
42.770000000,87.236326651
42.780000000,87.227297581
42.790000000,87.218275075
42.800000000,87.209259127
42.810000000,87.200249732
42.820000000,87.191246884
42.830000000,87.182250577
42.840000000,87.173260807
42.850000000,87.164277568
42.860000000,87.155300854
42.870000000,87.146330661
42.880000000,87.137366982
42.890000000,87.128409812
42.900000000,87.119459146
42.910000000,87.110514979
42.920000000,87.101577305
42.930000000,87.092646118
42.940000000,87.083721414
42.950000000,87.074803187
42.960000000,87.065891431
42.970000000,87.056986142
42.980000000,87.048087313
42.990000000,87.039194940
43.000000000,87.030309018
43.010000000,87.021429540
43.020000000,87.012556501
43.030000000,87.003689897
43.040000000,86.994829722
43.050000000,86.985975970
43.060000000,86.977128637
43.070000000,86.968287717
43.080000000,86.959453204
43.090000000,86.950625093
43.100000000,86.941803380
43.110000000,86.932988058
43.120000000,86.924179123
43.130000000,86.915376570
43.140000000,86.906580392
43.150000000,86.897790585
43.160000000,86.889007143
43.170000000,86.880230061
43.180000000,86.871459335
43.190000000,86.862694958
43.200000000,86.853936925
43.210000000,86.845185232
43.220000000,86.836439873
43.230000000,86.827700843
43.240000000,86.818968136
43.250000000,86.810241748
43.260000000,86.801521672
43.270000000,86.792807905
43.280000000,86.784100440
43.290000000,86.775399273
43.300000000,86.766704399
43.310000000,86.758015811
43.320000000,86.749333506
43.330000000,86.740657477
43.340000000,86.731987720
43.350000000,86.723324230
43.360000000,86.714667001
43.370000000,86.706016028
43.380000000,86.697371306
43.390000000,86.688732830
43.400000000,86.680100595
43.410000000,86.671474596
43.420000000,86.662854827
43.430000000,86.654241284
43.440000000,86.645633961
43.450000000,86.637032853
43.460000000,86.628437955
43.470000000,86.619849262
43.480000000,86.611266770
43.490000000,86.602690472
43.500000000,86.594120363
43.510000000,86.585556440
43.520000000,86.576998695
43.530000000,86.568447126
43.540000000,86.559901726
43.550000000,86.551362490
43.560000000,86.542829414
43.570000000,86.534302491
43.580000000,86.525781718
43.590000000,86.517267090
43.600000000,86.508758600
43.610000000,86.500256245
43.620000000,86.491760018
43.630000000,86.483269916
43.640000000,86.474785933
43.650000000,86.466308063
43.660000000,86.457836303
43.670000000,86.449370647
43.680000000,86.440911090
43.690000000,86.432457627
43.700000000,86.424010253
43.710000000,86.415568964
43.720000000,86.407133753
43.730000000,86.398704616
43.740000000,86.390281549
43.750000000,86.381864546
43.760000000,86.373453602
43.770000000,86.365048713
43.780000000,86.356649872
43.790000000,86.348257077
43.800000000,86.339870320
43.810000000,86.331489599
43.820000000,86.323114907
43.830000000,86.314746239
43.840000000,86.306383592
43.850000000,86.298026959
43.860000000,86.289676336
43.870000000,86.281331719
43.880000000,86.272993101
43.890000000,86.264660479
43.900000000,86.256333847
43.910000000,86.248013201
43.920000000,86.239698535
43.930000000,86.231389845
43.940000000,86.223087126
43.950000000,86.214790373
43.960000000,86.206499581
43.970000000,86.198214745
43.980000000,86.189935861
43.990000000,86.181662923
44.000000000,86.173395927
44.010000000,86.165134868
44.020000000,86.156879741
44.030000000,86.148630541
44.040000000,86.140387264
44.050000000,86.132149904
44.060000000,86.123918458
44.070000000,86.115692919
44.080000000,86.107473283
44.090000000,86.099259546
44.100000000,86.091051702
44.110000000,86.082849747
44.120000000,86.074653676
44.130000000,86.066463484
44.140000000,86.058279167
44.150000000,86.050100720
44.160000000,86.041928137
44.170000000,86.033761414
44.180000000,86.025600547
44.190000000,86.017445531
44.200000000,86.009296360
44.210000000,86.001153031
44.220000000,85.993015538
44.230000000,85.984883877
44.240000000,85.976758042
44.250000000,85.968638030
44.260000000,85.960523835
44.270000000,85.952415453
44.280000000,85.944312880
44.290000000,85.936216109
44.300000000,85.928125137
44.310000000,85.920039959
44.320000000,85.911960571
44.330000000,85.903886967
44.340000000,85.895819143
44.350000000,85.887757094
44.360000000,85.879700815
44.370000000,85.871650303
44.380000000,85.863605551
44.390000000,85.855566557
44.400000000,85.847533314
44.410000000,85.839505818
44.420000000,85.831484065
44.430000000,85.823468049
44.440000000,85.815457767
44.450000000,85.807453214
44.460000000,85.799454385
44.470000000,85.791461275
44.480000000,85.783473880
44.490000000,85.775492195
44.500000000,85.767516216
44.510000000,85.759545937
44.520000000,85.751581355
44.530000000,85.743622464
44.540000000,85.735669261
44.550000000,85.727721740
44.560000000,85.719779898
44.570000000,85.711843728
44.580000000,85.703913227
44.590000000,85.695988391
44.600000000,85.688069214
44.610000000,85.680155693
44.620000000,85.672247821
44.630000000,85.664345596
44.640000000,85.656449012
44.650000000,85.648558066
44.660000000,85.640672751
44.670000000,85.632793064
44.680000000,85.624919001
44.690000000,85.617050556
44.700000000,85.609187725
44.710000000,85.601330504
44.720000000,85.593478889
44.730000000,85.585632873
44.740000000,85.577792454
44.750000000,85.569957627
44.760000000,85.562128387
44.770000000,85.554304729
44.780000000,85.546486650
44.790000000,85.538674144
44.800000000,85.530867208
44.810000000,85.523065836
44.820000000,85.515270024
44.830000000,85.507479768
44.840000000,85.499695064
44.850000000,85.491915906
44.860000000,85.484142291
44.870000000,85.476374213
44.880000000,85.468611669
44.890000000,85.460854654
44.900000000,85.453103164
44.910000000,85.445357194
44.920000000,85.437616739
44.930000000,85.429881796
44.940000000,85.422152360
44.950000000,85.414428426
44.960000000,85.406709990
44.970000000,85.398997048
44.980000000,85.391289595
44.990000000,85.383587627
45.000000000,85.375891140
45.010000000,85.368200128
45.020000000,85.360514588
45.030000000,85.352834515
45.040000000,85.345159905
45.050000000,85.337490754
45.060000000,85.329827057
45.070000000,85.322168810
45.080000000,85.314516007
45.090000000,85.306868646
45.100000000,85.299226722
45.110000000,85.291590230
45.120000000,85.283959166
45.130000000,85.276333526
45.140000000,85.268713305
45.150000000,85.261098499
45.160000000,85.253489103
45.170000000,85.245885114
45.180000000,85.238286527
45.190000000,85.230693337
45.200000000,85.223105541
45.210000000,85.215523134
45.220000000,85.207946111
45.230000000,85.200374469
45.240000000,85.192808203
45.250000000,85.185247309
45.260000000,85.177691783
45.270000000,85.170141620
45.280000000,85.162596815
45.290000000,85.155057366
45.300000000,85.147523267
45.310000000,85.139994514
45.320000000,85.132471103
45.330000000,85.124953029
45.340000000,85.117440289
45.350000000,85.109932878
45.360000000,85.102430792
45.370000000,85.094934026
45.380000000,85.087442577
45.390000000,85.079956440
45.400000000,85.072475611
45.410000000,85.065000086
45.420000000,85.057529860
45.430000000,85.050064929
45.440000000,85.042605289
45.450000000,85.035150936
45.460000000,85.027701866
45.470000000,85.020258074
45.480000000,85.012819556
45.490000000,85.005386308
45.500000000,84.997958326
45.510000000,84.990535605
45.520000000,84.983118142
45.530000000,84.975705932
45.540000000,84.968298972
45.550000000,84.960897256
45.560000000,84.953500780
45.570000000,84.946109542
45.580000000,84.938723535
45.590000000,84.931342757
45.600000000,84.923967203
45.610000000,84.916596869
45.620000000,84.909231750
45.630000000,84.901871844
45.640000000,84.894517144
45.650000000,84.887167648
45.660000000,84.879823351
45.670000000,84.872484250
45.680000000,84.865150339
45.690000000,84.857821615
45.700000000,84.850498074
45.710000000,84.843179711
45.720000000,84.835866523
45.730000000,84.828558505
45.740000000,84.821255654
45.750000000,84.813957965
45.760000000,84.806665434
45.770000000,84.799378057
45.780000000,84.792095829
45.790000000,84.784818748
45.800000000,84.777546809
45.810000000,84.770280007
45.820000000,84.763018339
45.830000000,84.755761800
45.840000000,84.748510387
45.850000000,84.741264095
45.860000000,84.734022921
45.870000000,84.726786860
45.880000000,84.719555908
45.890000000,84.712330061
45.900000000,84.705109316
45.910000000,84.697893668
45.920000000,84.690683113
45.930000000,84.683477647
45.940000000,84.676277267
45.950000000,84.669081967
45.960000000,84.661891744
45.970000000,84.654706594
45.980000000,84.647526514
45.990000000,84.640351498
46.000000000,84.633181544
46.010000000,84.626016646
46.020000000,84.618856802
46.030000000,84.611702006
46.040000000,84.604552256
46.050000000,84.597407546
46.060000000,84.590267874
46.070000000,84.583133235
46.080000000,84.576003624
46.090000000,84.568879039
46.100000000,84.561759476
46.110000000,84.554644929
46.120000000,84.547535396
46.130000000,84.540430872
46.140000000,84.533331353
46.150000000,84.526236836
46.160000000,84.519147317
46.170000000,84.512062791
46.180000000,84.504983254
46.190000000,84.497908703
46.200000000,84.490839134
46.210000000,84.483774543
46.220000000,84.476714926
46.230000000,84.469660278
46.240000000,84.462610597
46.250000000,84.455565878
46.260000000,84.448526117
46.270000000,84.441491311
46.280000000,84.434461454
46.290000000,84.427436545
46.300000000,84.420416578
46.310000000,84.413401550
46.320000000,84.406391457
46.330000000,84.399386295
46.340000000,84.392386060
46.350000000,84.385390748
46.360000000,84.378400356
46.370000000,84.371414879
46.380000000,84.364434313
46.390000000,84.357458656
46.400000000,84.350487903
46.410000000,84.343522049
46.420000000,84.336561092
46.430000000,84.329605027
46.440000000,84.322653851
46.450000000,84.315707560
46.460000000,84.308766149
46.470000000,84.301829616
46.480000000,84.294897955
46.490000000,84.287971164
46.500000000,84.281049239
46.510000000,84.274132175
46.520000000,84.267219970
46.530000000,84.260312618
46.540000000,84.253410117
46.550000000,84.246512462
46.560000000,84.239619650
46.570000000,84.232731677
46.580000000,84.225848540
46.590000000,84.218970233
46.600000000,84.212096754
46.610000000,84.205228099
46.620000000,84.198364264
46.630000000,84.191505245
46.640000000,84.184651038
46.650000000,84.177801641
46.660000000,84.170957048
46.670000000,84.164117256
46.680000000,84.157282262
46.690000000,84.150452061
46.700000000,84.143626650
46.710000000,84.136806026
46.720000000,84.129990184
46.730000000,84.123179120
46.740000000,84.116372831
46.750000000,84.109571314
46.760000000,84.102774564
46.770000000,84.095982578
46.780000000,84.089195352
46.790000000,84.082412882
46.800000000,84.075635164
46.810000000,84.068862196
46.820000000,84.062093973
46.830000000,84.055330491
46.840000000,84.048571747
46.850000000,84.041817737
46.860000000,84.035068457
46.870000000,84.028323904
46.880000000,84.021584074
46.890000000,84.014848963
46.900000000,84.008118568
46.910000000,84.001392885
46.920000000,83.994671910
46.930000000,83.987955639
46.940000000,83.981244070
46.950000000,83.974537197
46.960000000,83.967835019
46.970000000,83.961137530
46.980000000,83.954444727
46.990000000,83.947756607
47.000000000,83.941073166
47.010000000,83.934394400
47.020000000,83.927720306
47.030000000,83.921050880
47.040000000,83.914386119
47.050000000,83.907726018
47.060000000,83.901070574
47.070000000,83.894419784
47.080000000,83.887773644
47.090000000,83.881132150
47.100000000,83.874495299
47.110000000,83.867863086
47.120000000,83.861235509
47.130000000,83.854612564
47.140000000,83.847994247
47.150000000,83.841380555
47.160000000,83.834771484
47.170000000,83.828167030
47.180000000,83.821567190
47.190000000,83.814971960
47.200000000,83.808381337
47.210000000,83.801795317
47.220000000,83.795213897
47.230000000,83.788637073
47.240000000,83.782064840
47.250000000,83.775497197
47.260000000,83.768934139
47.270000000,83.762375663
47.280000000,83.755821765
47.290000000,83.749272441
47.300000000,83.742727688
47.310000000,83.736187503
47.320000000,83.729651882
47.330000000,83.723120821
47.340000000,83.716594317
47.350000000,83.710072366
47.360000000,83.703554965
47.370000000,83.697042111
47.380000000,83.690533799
47.390000000,83.684030026
47.400000000,83.677530789
47.410000000,83.671036084
47.420000000,83.664545908
47.430000000,83.658060257
47.440000000,83.651579128
47.450000000,83.645102517
47.460000000,83.638630420
47.470000000,83.632162835
47.480000000,83.625699757
47.490000000,83.619241183
47.500000000,83.612787110
47.510000000,83.606337535
47.520000000,83.599892453
47.530000000,83.593451861
47.540000000,83.587015756
47.550000000,83.580584134
47.560000000,83.574156992
47.570000000,83.567734327
47.580000000,83.561316134
47.590000000,83.554902411
47.600000000,83.548493154
47.610000000,83.542088359
47.620000000,83.535688024
47.630000000,83.529292144
47.640000000,83.522900716
47.650000000,83.516513737
47.660000000,83.510131204
47.670000000,83.503753112
47.680000000,83.497379459
47.690000000,83.491010241
47.700000000,83.484645454
47.710000000,83.478285095
47.720000000,83.471929162
47.730000000,83.465577649
47.740000000,83.459230555
47.750000000,83.452887875
47.760000000,83.446549607
47.770000000,83.440215746
47.780000000,83.433886289
47.790000000,83.427561233
47.800000000,83.421240575
47.810000000,83.414924311
47.820000000,83.408612437
47.830000000,83.402304952
47.840000000,83.396001850
47.850000000,83.389703128
47.860000000,83.383408784
47.870000000,83.377118814
47.880000000,83.370833214
47.890000000,83.364551981
47.900000000,83.358275113
47.910000000,83.352002604
47.920000000,83.345734453
47.930000000,83.339470655
47.940000000,83.333211208
47.950000000,83.326956107
47.960000000,83.320705351
47.970000000,83.314458934
47.980000000,83.308216855
47.990000000,83.301979109
48.000000000,83.295745693
48.010000000,83.262516605
48.020000000,83.229310577
48.030000000,83.196127585
48.040000000,83.162967603
48.050000000,83.129830606
48.060000000,83.096716570
48.070000000,83.063625469
48.080000000,83.030557277
48.090000000,82.997511971
48.100000000,82.964489526
48.110000000,82.931489915
48.120000000,82.898513115
48.130000000,82.865559101
48.140000000,82.832627847
48.150000000,82.799719329
48.160000000,82.766833523
48.170000000,82.733970403
48.180000000,82.701129945
48.190000000,82.668312125
48.200000000,82.635516917
48.210000000,82.602744298
48.220000000,82.569994242
48.230000000,82.537266726
48.240000000,82.504561724
48.250000000,82.471879213
48.260000000,82.439219168
48.270000000,82.406581564
48.280000000,82.373966378
48.290000000,82.341373585
48.300000000,82.308803161
48.310000000,82.276255081
48.320000000,82.243729322
48.330000000,82.211225860
48.340000000,82.178744669
48.350000000,82.146285727
48.360000000,82.113849010
48.370000000,82.081434492
48.380000000,82.049042151
48.390000000,82.016671962
48.400000000,81.984323902
48.410000000,81.951997946
48.420000000,81.919694071
48.430000000,81.887412254
48.440000000,81.855152469
48.450000000,81.822914694
48.460000000,81.790698905
48.470000000,81.758505078
48.480000000,81.726333190
48.490000000,81.694183217
48.500000000,81.662055135
48.510000000,81.629948922
48.520000000,81.597864553
48.530000000,81.565802005
48.540000000,81.533761255
48.550000000,81.501742279
48.560000000,81.469745054
48.570000000,81.437769557
48.580000000,81.405815764
48.590000000,81.373883652
48.600000000,81.341973198
48.610000000,81.310084379
48.620000000,81.278217171
48.630000000,81.246371552
48.640000000,81.214547498
48.650000000,81.182744987
48.660000000,81.150963995
48.670000000,81.119204499
48.680000000,81.087466477
48.690000000,81.055749905
48.700000000,81.024054761
48.710000000,80.992381022
48.720000000,80.960728664
48.730000000,80.929097666
48.740000000,80.897488004
48.750000000,80.865899656
48.760000000,80.834332599
48.770000000,80.802786810
48.780000000,80.771262267
48.790000000,80.739758947
48.800000000,80.708276827
48.810000000,80.676815886
48.820000000,80.645376100
48.830000000,80.613957447
48.840000000,80.582559905
48.850000000,80.551183451
48.860000000,80.519828063
48.870000000,80.488493718
48.880000000,80.457180395
48.890000000,80.425888070
48.900000000,80.394616722
48.910000000,80.363366329
48.920000000,80.332136868
48.930000000,80.300928317
48.940000000,80.269740654
48.950000000,80.238573857
48.960000000,80.207427904
48.970000000,80.176302773
48.980000000,80.145198442
48.990000000,80.114114888
49.000000000,80.083052091
49.010000000,80.052010027
49.020000000,80.020988676
49.030000000,79.989988015
49.040000000,79.959008022
49.050000000,79.928048677
49.060000000,79.897109956
49.070000000,79.866191839
49.080000000,79.835294303
49.090000000,79.804417327
49.100000000,79.773560889
49.110000000,79.742724968
49.120000000,79.711909543
49.130000000,79.681114590
49.140000000,79.650340090
49.150000000,79.619586021
49.160000000,79.588852361
49.170000000,79.558139088
49.180000000,79.527446182
49.190000000,79.496773621
49.200000000,79.466121383
49.210000000,79.435489448
49.220000000,79.404877794
49.230000000,79.374286399
49.240000000,79.343715244
49.250000000,79.313164306
49.260000000,79.282633564
49.270000000,79.252122997
49.280000000,79.221632585
49.290000000,79.191162305
49.300000000,79.160712138
49.310000000,79.130282061
49.320000000,79.099872055
49.330000000,79.069482098
49.340000000,79.039112169
49.350000000,79.008762247
49.360000000,78.978432311
49.370000000,78.948122341
49.380000000,78.917832316
49.390000000,78.887562215
49.400000000,78.857312017
49.410000000,78.827081702
49.420000000,78.796871249
49.430000000,78.766680637
49.440000000,78.736509845
49.450000000,78.706358853
49.460000000,78.676227641
49.470000000,78.646116188
49.480000000,78.616024473
49.490000000,78.585952476
49.500000000,78.555900176
49.510000000,78.525867553
49.520000000,78.495854587
49.530000000,78.465861257
49.540000000,78.435887543
49.550000000,78.405933425
49.560000000,78.375998881
49.570000000,78.346083893
49.580000000,78.316188439
49.590000000,78.286312500
49.600000000,78.256456056
49.610000000,78.226619085
49.620000000,78.196801569
49.630000000,78.167003486
49.640000000,78.137224818
49.650000000,78.107465543
49.660000000,78.077725643
49.670000000,78.048005096
49.680000000,78.018303883
49.690000000,77.988621984
49.700000000,77.958959379
49.710000000,77.929316049
49.720000000,77.899691972
49.730000000,77.870087131
49.740000000,77.840501504
49.750000000,77.810935072
49.760000000,77.781387815
49.770000000,77.751859714
49.780000000,77.722350748
49.790000000,77.692860899
49.800000000,77.663390146
49.810000000,77.633938471
49.820000000,77.604505852
49.830000000,77.575092272
49.840000000,77.545697710
49.850000000,77.516322146
49.860000000,77.486965562
49.870000000,77.457627938
49.880000000,77.428309254
49.890000000,77.399009491
49.900000000,77.369728630
49.910000000,77.340466651
49.920000000,77.311223535
49.930000000,77.281999263
49.940000000,77.252793816
49.950000000,77.223607174
49.960000000,77.194439317
49.970000000,77.165290228
49.980000000,77.136159886
49.990000000,77.107048273
50.000000000,77.077955369
50.010000000,77.048881156
50.020000000,77.019825614
50.030000000,76.990788724
50.040000000,76.961770468
50.050000000,76.932770825
50.060000000,76.903789779
50.070000000,76.874827308
50.080000000,76.845883396
50.090000000,76.816958021
50.100000000,76.788051167
50.110000000,76.759162814
50.120000000,76.730292943
50.130000000,76.701441535
50.140000000,76.672608572
50.150000000,76.643794035
50.160000000,76.614997905
50.170000000,76.586220164
50.180000000,76.557460792
50.190000000,76.528719772
50.200000000,76.499997085
50.210000000,76.471292712
50.220000000,76.442606634
50.230000000,76.413938834
50.240000000,76.385289292
50.250000000,76.356657990
50.260000000,76.328044910
50.270000000,76.299450033
50.280000000,76.270873341
50.290000000,76.242314816
50.300000000,76.213774438
50.310000000,76.185252191
50.320000000,76.156748055
50.330000000,76.128262012
50.340000000,76.099794044
50.350000000,76.071344133
50.360000000,76.042912261
50.370000000,76.014498409
50.380000000,75.986102559
50.390000000,75.957724693
50.400000000,75.929364793
50.410000000,75.901022841
50.420000000,75.872698819
50.430000000,75.844392709
50.440000000,75.816104493
50.450000000,75.787834153
50.460000000,75.759581670
50.470000000,75.731347028
50.480000000,75.703130207
50.490000000,75.674931191
50.500000000,75.646749961
50.510000000,75.618586499
50.520000000,75.590440788
50.530000000,75.562312810
50.540000000,75.534202547
50.550000000,75.506109981
50.560000000,75.478035095
50.570000000,75.449977871
50.580000000,75.421938291
50.590000000,75.393916338
50.600000000,75.365911994
50.610000000,75.337925241
50.620000000,75.309956062
50.630000000,75.282004439
50.640000000,75.254070355
50.650000000,75.226153792
50.660000000,75.198254733
50.670000000,75.170373160
50.680000000,75.142509056
50.690000000,75.114662403
50.700000000,75.086833184
50.710000000,75.059021382
50.720000000,75.031226979
50.730000000,75.003449958
50.740000000,74.975690302
50.750000000,74.947947993
50.760000000,74.920223014
50.770000000,74.892515348
50.780000000,74.864824978
50.790000000,74.837151886
50.800000000,74.809496056
50.810000000,74.781857470
50.820000000,74.754236110
50.830000000,74.726631961
50.840000000,74.699045005
50.850000000,74.671475224
50.860000000,74.643922603
50.870000000,74.616387123
50.880000000,74.588868768
50.890000000,74.561367520
50.900000000,74.533883364
50.910000000,74.506416282
50.920000000,74.478966256
50.930000000,74.451533271
50.940000000,74.424117310
50.950000000,74.396718354
50.960000000,74.369336389
50.970000000,74.341971397
50.980000000,74.314623360
50.990000000,74.287292263
51.000000000,74.259978089
51.010000000,74.232680821
51.020000000,74.205400442
51.030000000,74.178136936
51.040000000,74.150890286
51.050000000,74.123660476
51.060000000,74.096447488
51.070000000,74.069251307
51.080000000,74.042071915
51.090000000,74.014909297
51.100000000,73.987763435
51.110000000,73.960634314
51.120000000,73.933521916
51.130000000,73.906426226
51.140000000,73.879347226
51.150000000,73.852284902
51.160000000,73.825239235
51.170000000,73.798210210
51.180000000,73.771197811
51.190000000,73.744202021
51.200000000,73.717222824
51.210000000,73.690260203
51.220000000,73.663314143
51.230000000,73.636384627
51.240000000,73.609471639
51.250000000,73.582575162
51.260000000,73.555695182
51.270000000,73.528831680
51.280000000,73.501984643
51.290000000,73.475154052
51.300000000,73.448339893
51.310000000,73.421542148
51.320000000,73.394760803
51.330000000,73.367995841
51.340000000,73.341247246
51.350000000,73.314515002
51.360000000,73.287799093
51.370000000,73.261099504
51.380000000,73.234416217
51.390000000,73.207749218
51.400000000,73.181098491
51.410000000,73.154464020
51.420000000,73.127845788
51.430000000,73.101243780
51.440000000,73.074657981
51.450000000,73.048088374
51.460000000,73.021534944
51.470000000,72.994997675
51.480000000,72.968476551
51.490000000,72.941971557
51.500000000,72.915482677
51.510000000,72.889009896
51.520000000,72.862553197
51.530000000,72.836112565
51.540000000,72.809687984
51.550000000,72.783279440
51.560000000,72.756886916
51.570000000,72.730510397
51.580000000,72.704149867
51.590000000,72.677805311
51.600000000,72.651476714
51.610000000,72.625164059
51.620000000,72.598867332
51.630000000,72.572586517
51.640000000,72.546321600
51.650000000,72.520072563
51.660000000,72.493839392
51.670000000,72.467622073
51.680000000,72.441420588
51.690000000,72.415234924
51.700000000,72.389065065
51.710000000,72.362910995
51.720000000,72.336772700
51.730000000,72.310650163
51.740000000,72.284543371
51.750000000,72.258452308
51.760000000,72.232376958
51.770000000,72.206317307
51.780000000,72.180273339
51.790000000,72.154245040
51.800000000,72.128232394
51.810000000,72.102235386
51.820000000,72.076254001
51.830000000,72.050288224
51.840000000,72.024338041
51.850000000,71.998403435
51.860000000,71.972484393
51.870000000,71.946580900
51.880000000,71.920692939
51.890000000,71.894820497
51.900000000,71.868963559
51.910000000,71.843122109
51.920000000,71.817296133
51.930000000,71.791485617
51.940000000,71.765690544
51.950000000,71.739910901
51.960000000,71.714146673
51.970000000,71.688397844
51.980000000,71.662664401
51.990000000,71.636946328
52.000000000,71.611243611
52.010000000,71.585556235
52.020000000,71.559884186
52.030000000,71.534227448
52.040000000,71.508586008
52.050000000,71.482959850
52.060000000,71.457348960
52.070000000,71.431753324
52.080000000,71.406172926
52.090000000,71.380607753
52.100000000,71.355057790
52.110000000,71.329523022
52.120000000,71.304003435
52.130000000,71.278499015
52.140000000,71.253009747
52.150000000,71.227535616
52.160000000,71.202076608
52.170000000,71.176632709
52.180000000,71.151203905
52.190000000,71.125790181
52.200000000,71.100391522
52.210000000,71.075007915
52.220000000,71.049639345
52.230000000,71.024285799
52.240000000,70.998947260
52.250000000,70.973623717
52.260000000,70.948315153
52.270000000,70.923021555
52.280000000,70.897742910
52.290000000,70.872479201
52.300000000,70.847230417
52.310000000,70.821996542
52.320000000,70.796777562
52.330000000,70.771573463
52.340000000,70.746384231
52.350000000,70.721209852
52.360000000,70.696050313
52.370000000,70.670905598
52.380000000,70.645775694
52.390000000,70.620660588
52.400000000,70.595560264
52.410000000,70.570474709
52.420000000,70.545403910
52.430000000,70.520347851
52.440000000,70.495306520
52.450000000,70.470279902
52.460000000,70.445267984
52.470000000,70.420270752
52.480000000,70.395288191
52.490000000,70.370320289
52.500000000,70.345367031
52.510000000,70.320428403
52.520000000,70.295504392
52.530000000,70.270594984
52.540000000,70.245700165
52.550000000,70.220819922
52.560000000,70.195954240
52.570000000,70.171103107
52.580000000,70.146266508
52.590000000,70.121444430
52.600000000,70.096636859
52.610000000,70.071843782
52.620000000,70.047065185
52.630000000,70.022301055
52.640000000,69.997551377
52.650000000,69.972816139
52.660000000,69.948095326
52.670000000,69.923388926
52.680000000,69.898696925
52.690000000,69.874019309
52.700000000,69.849356065
52.710000000,69.824707179
52.720000000,69.800072638
52.730000000,69.775452430
52.740000000,69.750846539
52.750000000,69.726254953
52.760000000,69.701677659
52.770000000,69.677114643
52.780000000,69.652565891
52.790000000,69.628031392
52.800000000,69.603511130
52.810000000,69.579005094
52.820000000,69.554513269
52.830000000,69.530035643
52.840000000,69.505572201
52.850000000,69.481122932
52.860000000,69.456687822
52.870000000,69.432266858
52.880000000,69.407860026
52.890000000,69.383467313
52.900000000,69.359088707
52.910000000,69.334724193
52.920000000,69.310373760
52.930000000,69.286037394
52.940000000,69.261715081
52.950000000,69.237406810
52.960000000,69.213112566
52.970000000,69.188832337
52.980000000,69.164566110
52.990000000,69.140313872
53.000000000,69.116075609
53.010000000,68.965851310
53.020000000,68.815713440
53.030000000,68.665661763
53.040000000,68.515696042
53.050000000,68.365816040
53.060000000,68.216021520
53.070000000,68.066312246
53.080000000,67.916687984
53.090000000,67.767148499
53.100000000,67.617693556
53.110000000,67.468322920
53.120000000,67.319036359
53.130000000,67.169833640
53.140000000,67.020714529
53.150000000,66.871678795
53.160000000,66.722726206
53.170000000,66.573856530
53.180000000,66.425069537
53.190000000,66.276364996
53.200000000,66.127742677
53.210000000,65.979202350
53.220000000,65.830743787
53.230000000,65.682366759
53.240000000,65.534071037
53.250000000,65.385856393
53.260000000,65.237722601
53.270000000,65.089669432
53.280000000,64.941696661
53.290000000,64.793804061
53.300000000,64.645991407
53.310000000,64.498258473
53.320000000,64.350605034
53.330000000,64.203030865
53.340000000,64.055535744
53.350000000,63.908119445
53.360000000,63.760781746
53.370000000,63.613522424
53.380000000,63.466341257
53.390000000,63.319238021
53.400000000,63.172212497
53.410000000,63.025264462
53.420000000,62.878393695
53.430000000,62.731599977
53.440000000,62.584883087
53.450000000,62.438242805
53.460000000,62.291678913
53.470000000,62.145191191
53.480000000,61.998779421
53.490000000,61.852443385
53.500000000,61.706182865
53.510000000,61.559997644
53.520000000,61.413887505
53.530000000,61.267852232
53.540000000,61.121891608
53.550000000,60.976005418
53.560000000,60.830193446
53.570000000,60.684455478
53.580000000,60.538791298
53.590000000,60.393200693
53.600000000,60.247683448
53.610000000,60.102239351
53.620000000,59.956868188
53.630000000,59.811569746
53.640000000,59.666343813
53.650000000,59.521190177
53.660000000,59.376108627
53.670000000,59.231098951
53.680000000,59.086160938
53.690000000,58.941294378
53.700000000,58.796499061
53.710000000,58.651774776
53.720000000,58.507121315
53.730000000,58.362538468
53.740000000,58.218026027
53.750000000,58.073583783
53.760000000,57.929211528
53.770000000,57.784909055
53.780000000,57.640676156
53.790000000,57.496512625
53.800000000,57.352418254
53.810000000,57.208392838
53.820000000,57.064436170
53.830000000,56.920548046
53.840000000,56.776728259
53.850000000,56.632976606
53.860000000,56.489292880
53.870000000,56.345676880
53.880000000,56.202128399
53.890000000,56.058647236
53.900000000,55.915233186
53.910000000,55.771886047
53.920000000,55.628605617
53.930000000,55.485391693
53.940000000,55.342244073
53.950000000,55.199162557
53.960000000,55.056146942
53.970000000,54.913197028
53.980000000,54.770312615
53.990000000,54.627493502
54.000000000,54.484739489
54.010000000,54.342050377
54.020000000,54.199425967
54.030000000,54.056866060
54.040000000,53.914370456
54.050000000,53.771938959
54.060000000,53.629571370
54.070000000,53.487267491
54.080000000,53.345027125
54.090000000,53.202850076
54.100000000,53.060736145
54.110000000,52.918685138
54.120000000,52.776696858
54.130000000,52.634771109
54.140000000,52.492907696
54.150000000,52.351106424
54.160000000,52.209367097
54.170000000,52.067689522
54.180000000,51.926073504
54.190000000,51.784518850
54.200000000,51.643025365
54.210000000,51.501592856
54.220000000,51.360221131
54.230000000,51.218909996
54.240000000,51.077659260
54.250000000,50.936468730
54.260000000,50.795338213
54.270000000,50.654267520
54.280000000,50.513256458
54.290000000,50.372304837
54.300000000,50.231412466
54.310000000,50.090579154
54.320000000,49.949804712
54.330000000,49.809088950
54.340000000,49.668431678
54.350000000,49.527832706
54.360000000,49.387291847
54.370000000,49.246808911
54.380000000,49.106383710
54.390000000,48.966016057
54.400000000,48.825705762
54.410000000,48.685452639
54.420000000,48.545256500
54.430000000,48.405117159
54.440000000,48.265034428
54.450000000,48.125008122
54.460000000,47.985038053
54.470000000,47.845124037
54.480000000,47.705265887
54.490000000,47.565463419
54.500000000,47.425716447
54.510000000,47.286024786
54.520000000,47.146388252
54.530000000,47.006806661
54.540000000,46.867279828
54.550000000,46.727807570
54.560000000,46.588389704
54.570000000,46.449026045
54.580000000,46.309716412
54.590000000,46.170460621
54.600000000,46.031258490
54.610000000,45.892109836
54.620000000,45.753014479
54.630000000,45.613972236
54.640000000,45.474982926
54.650000000,45.336046367
54.660000000,45.197162379
54.670000000,45.058330781
54.680000000,44.919551393
54.690000000,44.780824035
54.700000000,44.642148525
54.710000000,44.503524686
54.720000000,44.364952337
54.730000000,44.226431300
54.740000000,44.087961395
54.750000000,43.949542443
54.760000000,43.811174267
54.770000000,43.672856688
54.780000000,43.534589528
54.790000000,43.396372609
54.800000000,43.258205754
54.810000000,43.120088786
54.820000000,42.982021528
54.830000000,42.844003802
54.840000000,42.706035433
54.850000000,42.568116243
54.860000000,42.430246058
54.870000000,42.292424700
54.880000000,42.154651995
54.890000000,42.016927767
54.900000000,41.879251841
54.910000000,41.741624043
54.920000000,41.604044196
54.930000000,41.466512127
54.940000000,41.329027662
54.950000000,41.191590627
54.960000000,41.054200847
54.970000000,40.916858149
54.980000000,40.779562361
54.990000000,40.642313308
55.000000000,40.505110818
55.010000000,40.367954718
55.020000000,40.230844835
55.030000000,40.093780998
55.040000000,39.956763035
55.050000000,39.819790772
55.060000000,39.682864040
55.070000000,39.545982666
55.080000000,39.409146480
55.090000000,39.272355310
55.100000000,39.135608985
55.110000000,38.998907336
55.120000000,38.862250191
55.130000000,38.725637381
55.140000000,38.589068735
55.150000000,38.452544084
55.160000000,38.316063258
55.170000000,38.179626089
55.180000000,38.043232406
55.190000000,37.906882041
55.200000000,37.770574826
55.210000000,37.634310591
55.220000000,37.498089169
55.230000000,37.361910391
55.240000000,37.225774090
55.250000000,37.089680097
55.260000000,36.953628245
55.270000000,36.817618368
55.280000000,36.681650297
55.290000000,36.545723866
55.300000000,36.409838907
55.310000000,36.273995256
55.320000000,36.138192745
55.330000000,36.002431207
55.340000000,35.866710478
55.350000000,35.731030391
55.360000000,35.595390780
55.370000000,35.459791481
55.380000000,35.324232327
55.390000000,35.188713155
55.400000000,35.053233798
55.410000000,34.917794093
55.420000000,34.782393875
55.430000000,34.647032980
55.440000000,34.511711243
55.450000000,34.376428500
55.460000000,34.241184588
55.470000000,34.105979344
55.480000000,33.970812603
55.490000000,33.835684202
55.500000000,33.700593979
55.510000000,33.565541771
55.520000000,33.430527414
55.530000000,33.295550747
55.540000000,33.160611606
55.550000000,33.025709831
55.560000000,32.890845258
55.570000000,32.756017726
55.580000000,32.621227073
55.590000000,32.486473138
55.600000000,32.351755759
55.610000000,32.217074775
55.620000000,32.082430025
55.630000000,31.947821349
55.640000000,31.813248585
55.650000000,31.678711574
55.660000000,31.544210154
55.670000000,31.409744166
55.680000000,31.275313449
55.690000000,31.140917844
55.700000000,31.006557190
55.710000000,30.872231330
55.720000000,30.737940102
55.730000000,30.603683348
55.740000000,30.469460909
55.750000000,30.335272625
55.760000000,30.201118338
55.770000000,30.066997890
55.780000000,29.932911122
55.790000000,29.798857876
55.800000000,29.664837993
55.810000000,29.530851315
55.820000000,29.396897685
55.830000000,29.262976945
55.840000000,29.129088938
55.850000000,28.995233505
55.860000000,28.861410490
55.870000000,28.727619736
55.880000000,28.593861085
55.890000000,28.460134382
55.900000000,28.326439468
55.910000000,28.192776188
55.920000000,28.059144386
55.930000000,27.925543904
55.940000000,27.791974587
55.950000000,27.658436280
55.960000000,27.524928825
55.970000000,27.391452068
55.980000000,27.258005853
55.990000000,27.124590024
56.000000000,26.991204427
56.010000000,26.857848905
56.020000000,26.724523305
56.030000000,26.591227471
56.040000000,26.457961249
56.050000000,26.324724483
56.060000000,26.191517020
56.070000000,26.058338705
56.080000000,25.925189385
56.090000000,25.792068904
56.100000000,25.658977108
56.110000000,25.525913845
56.120000000,25.392878961
56.130000000,25.259872301
56.140000000,25.126893713
56.150000000,24.993943043
56.160000000,24.861020138
56.170000000,24.728124845
56.180000000,24.595257011
56.190000000,24.462416484
56.200000000,24.329603109
56.210000000,24.196816736
56.220000000,24.064057211
56.230000000,23.931324383
56.240000000,23.798618098
56.250000000,23.665938206
56.260000000,23.533284553
56.270000000,23.400656989
56.280000000,23.268055360
56.290000000,23.135479517
56.300000000,23.002929307
56.310000000,22.870404579
56.320000000,22.737905181
56.330000000,22.605430963
56.340000000,22.472981774
56.350000000,22.340557462
56.360000000,22.208157876
56.370000000,22.075782867
56.380000000,21.943432282
56.390000000,21.811105973
56.400000000,21.678803788
56.410000000,21.546525578
56.420000000,21.414271191
56.430000000,21.282040479
56.440000000,21.149833290
56.450000000,21.017649476
56.460000000,20.885488886
56.470000000,20.753351371
56.480000000,20.621236781
56.490000000,20.489144967
56.500000000,20.357075779
56.510000000,20.225029068
56.520000000,20.093004686
56.530000000,19.961002482
56.540000000,19.829022309
56.550000000,19.697064017
56.560000000,19.565127457
56.570000000,19.433212481
56.580000000,19.301318941
56.590000000,19.169446687
56.600000000,19.037595571
56.610000000,18.905765446
56.620000000,18.773956163
56.630000000,18.642167574
56.640000000,18.510399530
56.650000000,18.378651885
56.660000000,18.246924490
56.670000000,18.115217197
56.680000000,17.983529859
56.690000000,17.851862328
56.700000000,17.720214458
56.710000000,17.588586099
56.720000000,17.456977106
56.730000000,17.325387331
56.740000000,17.193816627
56.750000000,17.062264846
56.760000000,16.930731842
56.770000000,16.799217469
56.780000000,16.667721578
56.790000000,16.536244024
56.800000000,16.404784660
56.810000000,16.273343340
56.820000000,16.141919916
56.830000000,16.010514243
56.840000000,15.879126174
56.850000000,15.747755563
56.860000000,15.616402263
56.870000000,15.485066130
56.880000000,15.353747016
56.890000000,15.222444777
56.900000000,15.091159265
56.910000000,14.959890335
56.920000000,14.828637842
56.930000000,14.697401640
56.940000000,14.566181583
56.950000000,14.434977527
56.960000000,14.303789324
56.970000000,14.172616831
56.980000000,14.041459901
56.990000000,13.910318391
57.000000000,13.779192153
57.010000000,13.648081044
57.020000000,13.516984919
57.030000000,13.385903632
57.040000000,13.254837039
57.050000000,13.123784994
57.060000000,12.992747353
57.070000000,12.861723972
57.080000000,12.730714706
57.090000000,12.599719410
57.100000000,12.468737939
57.110000000,12.337770150
57.120000000,12.206815897
57.130000000,12.075875038
57.140000000,11.944947426
57.150000000,11.814032919
57.160000000,11.683131371
57.170000000,11.552242640
57.180000000,11.421366580
57.190000000,11.290503048
57.200000000,11.159651901
57.210000000,11.028812993
57.220000000,10.897986182
57.230000000,10.767171323
57.240000000,10.636368273
57.250000000,10.505576888
57.260000000,10.374797025
57.270000000,10.244028540
57.280000000,10.113271290
57.290000000,9.982525130
57.300000000,9.851789919
57.310000000,9.721065511
57.320000000,9.590351765
57.330000000,9.459648536
57.340000000,9.328955682
57.350000000,9.198273060
57.360000000,9.067600526
57.370000000,8.936937937
57.380000000,8.806285150
57.390000000,8.675642022
57.400000000,8.545008410
57.410000000,8.414384172
57.420000000,8.283769164
57.430000000,8.153163244
57.440000000,8.022566269
57.450000000,7.891978096
57.460000000,7.761398582
57.470000000,7.630827585
57.480000000,7.500264962
57.490000000,7.369710570
57.500000000,7.239164268
57.510000000,7.108625911
57.520000000,6.978095359
57.530000000,6.847572468
57.540000000,6.717057096
57.550000000,6.586549101
57.560000000,6.456048340
57.570000000,6.325554671
57.580000000,6.195067952
57.590000000,6.064588040
57.600000000,5.934114793
57.610000000,5.803648069
57.620000000,5.673187726
57.630000000,5.542733622
57.640000000,5.412285614
57.650000000,5.281843560
57.660000000,5.151407319
57.670000000,5.020976748
57.680000000,4.890551706
57.690000000,4.760132050
57.700000000,4.629717638
57.710000000,4.499308328
57.720000000,4.368903979
57.730000000,4.238504449
57.740000000,4.108109595
57.750000000,3.977719276
57.760000000,3.847333350
57.770000000,3.716951675
57.780000000,3.586574109
57.790000000,3.456200511
57.800000000,3.325830739
57.810000000,3.195464651
57.820000000,3.065102105
57.830000000,2.934742960
57.840000000,2.804387074
57.850000000,2.674034305
57.860000000,2.543684511
57.870000000,2.413337551
57.880000000,2.282993284
57.890000000,2.152651567
57.900000000,2.022312259
57.910000000,1.891975218
57.920000000,1.761640303
57.930000000,1.631307373
57.940000000,1.500976284
57.950000000,1.370646897
57.960000000,1.240319069
57.970000000,1.109992659
57.980000000,0.979667526
57.990000000,0.849343527
58.000000000,0.719020521
58.010000000,0.588698367
58.020000000,0.458376923
58.030000000,0.328056047
58.040000000,0.197735599
58.050000000,0.067415436
58.060000000,0.000000000
58.070000000,0.000000000
58.080000000,0.000000000
58.090000000,0.000000000
58.100000000,0.000000000
58.110000000,0.000000000
58.120000000,0.000000000
58.130000000,0.000000000
58.140000000,0.000000000
58.150000000,0.000000000
58.160000000,0.000000000
58.170000000,0.000000000
58.180000000,0.000000000
58.190000000,0.000000000
58.200000000,0.000000000
58.210000000,0.000000000
58.220000000,0.000000000
58.230000000,0.000000000
58.240000000,0.000000000
58.250000000,0.000000000
58.260000000,0.000000000
58.270000000,0.000000000
58.280000000,0.000000000
58.290000000,0.000000000
58.300000000,0.000000000
58.310000000,0.000000000
58.320000000,0.000000000
58.330000000,0.000000000
58.340000000,0.000000000
58.350000000,0.000000000
58.360000000,0.000000000
58.370000000,0.000000000
58.380000000,0.000000000
58.390000000,0.000000000
58.400000000,0.000000000
58.410000000,0.000000000
58.420000000,0.000000000
58.430000000,0.000000000
58.440000000,0.000000000
58.450000000,0.000000000
58.460000000,0.000000000
58.470000000,0.000000000
58.480000000,0.000000000
58.490000000,0.000000000
58.500000000,0.000000000
58.510000000,0.000000000
58.520000000,0.000000000
58.530000000,0.000000000
58.540000000,0.000000000
58.550000000,0.000000000
58.560000000,0.000000000
58.570000000,0.000000000
58.580000000,0.000000000
58.590000000,0.000000000
58.600000000,0.000000000
58.610000000,0.000000000
58.620000000,0.000000000
58.630000000,0.000000000
58.640000000,0.000000000
58.650000000,0.000000000
58.660000000,0.000000000
58.670000000,0.000000000
58.680000000,0.000000000
58.690000000,0.000000000
58.700000000,0.000000000
58.710000000,0.000000000
58.720000000,0.000000000
58.730000000,0.000000000
58.740000000,0.000000000
58.750000000,0.000000000
58.760000000,0.000000000
58.770000000,0.000000000
58.780000000,0.000000000
58.790000000,0.000000000
58.800000000,0.000000000
58.810000000,0.000000000
58.820000000,0.000000000
58.830000000,0.000000000
58.840000000,0.000000000
58.850000000,0.000000000
58.860000000,0.000000000
58.870000000,0.000000000
58.880000000,0.000000000
58.890000000,0.000000000
58.900000000,0.000000000
58.910000000,0.000000000
58.920000000,0.000000000
58.930000000,0.000000000
58.940000000,0.000000000
58.950000000,0.000000000
58.960000000,0.000000000
58.970000000,0.000000000
58.980000000,0.000000000
58.990000000,0.000000000
59.000000000,0.000000000
59.010000000,0.000000000
59.020000000,0.000000000
59.030000000,0.000000000
59.040000000,0.000000000
59.050000000,0.000000000
59.060000000,0.000000000
59.070000000,0.000000000
59.080000000,0.000000000
59.090000000,0.000000000
59.100000000,0.000000000
59.110000000,0.000000000
59.120000000,0.000000000
59.130000000,0.000000000
59.140000000,0.000000000
59.150000000,0.000000000
59.160000000,0.000000000
59.170000000,0.000000000
59.180000000,0.000000000
59.190000000,0.000000000
59.200000000,0.000000000
59.210000000,0.000000000
59.220000000,0.000000000
59.230000000,0.000000000
59.240000000,0.000000000
59.250000000,0.000000000
59.260000000,0.000000000
59.270000000,0.000000000
59.280000000,0.000000000
59.290000000,0.000000000
59.300000000,0.000000000
59.310000000,0.000000000
59.320000000,0.000000000
59.330000000,0.000000000
59.340000000,0.000000000
59.350000000,0.000000000
59.360000000,0.000000000
59.370000000,0.000000000
59.380000000,0.000000000
59.390000000,0.000000000
59.400000000,0.000000000
59.410000000,0.000000000
59.420000000,0.000000000
59.430000000,0.000000000
59.440000000,0.000000000
59.450000000,0.000000000
59.460000000,0.000000000
59.470000000,0.000000000
59.480000000,0.000000000
59.490000000,0.000000000
59.500000000,0.000000000
59.510000000,0.000000000
59.520000000,0.000000000
59.530000000,0.000000000
59.540000000,0.000000000
59.550000000,0.000000000
59.560000000,0.000000000
59.570000000,0.000000000
59.580000000,0.000000000
59.590000000,0.000000000
59.600000000,0.000000000
59.610000000,0.000000000
59.620000000,0.000000000
59.630000000,0.000000000
59.640000000,0.000000000
59.650000000,0.000000000
59.660000000,0.000000000
59.670000000,0.000000000
59.680000000,0.000000000
59.690000000,0.000000000
59.700000000,0.000000000
59.710000000,0.000000000
59.720000000,0.000000000
59.730000000,0.000000000
59.740000000,0.000000000
59.750000000,0.000000000
59.760000000,0.000000000
59.770000000,0.000000000
59.780000000,0.000000000
59.790000000,0.000000000
59.800000000,0.000000000
59.810000000,0.000000000
59.820000000,0.000000000
59.830000000,0.000000000
59.840000000,0.000000000
59.850000000,0.000000000
59.860000000,0.000000000
59.870000000,0.000000000
59.880000000,0.000000000
59.890000000,0.000000000
59.900000000,0.000000000
59.910000000,0.000000000
59.920000000,0.000000000
59.930000000,0.000000000
59.940000000,0.000000000
59.950000000,0.000000000
59.960000000,0.000000000
59.970000000,0.000000000
59.980000000,0.000000000
59.990000000,0.000000000
