timestamp,value
0.000000000,-45.000000000
0.010000000,-45.000000000
0.020000000,-45.000000000
0.030000000,-45.000000000
0.040000000,-45.000000000
0.050000000,-45.000000000
0.060000000,-45.000000000
0.070000000,-45.000000000
0.080000000,-45.000000000
0.090000000,-45.000000000
0.100000000,-45.000000000
0.110000000,-45.000000000
0.120000000,-45.000000000
0.130000000,-45.000000000
0.140000000,-45.000000000
0.150000000,-45.000000000
0.160000000,-45.000000000
0.170000000,-45.000000000
0.180000000,-45.000000000
0.190000000,-45.000000000
0.200000000,-45.000000000
0.210000000,-45.000000000
0.220000000,-45.000000000
0.230000000,-45.000000000
0.240000000,-45.000000000
0.250000000,-45.000000000
0.260000000,-45.000000000
0.270000000,-45.000000000
0.280000000,-45.000000000
0.290000000,-45.000000000
0.300000000,-45.000000000
0.310000000,-45.000000000
0.320000000,-45.000000000
0.330000000,-45.000000000
0.340000000,-45.000000000
0.350000000,-45.000000000
0.360000000,-45.000000000
0.370000000,-45.000000000
0.380000000,-45.000000000
0.390000000,-45.000000000
0.400000000,-45.000000000
0.410000000,-45.000000000
0.420000000,-45.000000000
0.430000000,-45.000000000
0.440000000,-45.000000000
0.450000000,-45.000000000
0.460000000,-45.000000000
0.470000000,-45.000000000
0.480000000,-45.000000000
0.490000000,-45.000000000
0.500000000,-45.000000000
0.510000000,-45.000000000
0.520000000,-45.000000000
0.530000000,-45.000000000
0.540000000,-45.000000000
0.550000000,-45.000000000
0.560000000,-45.000000000
0.570000000,-45.000000000
0.580000000,-45.000000000
0.590000000,-45.000000000
0.600000000,-45.000000000
0.610000000,-45.000000000
0.620000000,-45.000000000
0.630000000,-45.000000000
0.640000000,-45.000000000
0.650000000,-45.000000000
0.660000000,-45.000000000
0.670000000,-45.000000000
0.680000000,-45.000000000
0.690000000,-45.000000000
0.700000000,-45.000000000
0.710000000,-45.000000000
0.720000000,-45.000000000
0.730000000,-45.000000000
0.740000000,-45.000000000
0.750000000,-45.000000000
0.760000000,-45.000000000
0.770000000,-45.000000000
0.780000000,-45.000000000
0.790000000,-45.000000000
0.800000000,-45.000000000
0.810000000,-45.000000000
0.820000000,-45.000000000
0.830000000,-45.000000000
0.840000000,-45.000000000
0.850000000,-45.000000000
0.860000000,-45.000000000
0.870000000,-45.000000000
0.880000000,-45.000000000
0.890000000,-45.000000000
0.900000000,-45.000000000
0.910000000,-45.000000000
0.920000000,-45.000000000
0.930000000,-45.000000000
0.940000000,-45.000000000
0.950000000,-45.000000000
0.960000000,-45.000000000
0.970000000,-45.000000000
0.980000000,-45.000000000
0.990000000,-45.000000000
1.000000000,-45.000000000
1.010000000,-45.000000000
1.020000000,-45.000000000
1.030000000,-45.000000000
1.040000000,-45.000000000
1.050000000,-45.000000000
1.060000000,-45.000000000
1.070000000,-45.000000000
1.080000000,-45.000000000
1.090000000,-45.000000000
1.100000000,-45.000000000
1.110000000,-45.000000000
1.120000000,-45.000000000
1.130000000,-45.000000000
1.140000000,-45.000000000
1.150000000,-45.000000000
1.160000000,-45.000000000
1.170000000,-45.000000000
1.180000000,-45.000000000
1.190000000,-45.000000000
1.200000000,-45.000000000
1.210000000,-45.000000000
1.220000000,-45.000000000
1.230000000,-45.000000000
1.240000000,-45.000000000
1.250000000,-45.000000000
1.260000000,-45.000000000
1.270000000,-45.000000000
1.280000000,-45.000000000
1.290000000,-45.000000000
1.300000000,-45.000000000
1.310000000,-45.000000000
1.320000000,-45.000000000
1.330000000,-45.000000000
1.340000000,-45.000000000
1.350000000,-45.000000000
1.360000000,-45.000000000
1.370000000,-45.000000000
1.380000000,-45.000000000
1.390000000,-45.000000000
1.400000000,-45.000000000
1.410000000,-45.000000000
1.420000000,-45.000000000
1.430000000,-45.000000000
1.440000000,-45.000000000
1.450000000,-45.000000000
1.460000000,-45.000000000
1.470000000,-45.000000000
1.480000000,-45.000000000
1.490000000,-45.000000000
1.500000000,-45.000000000
1.510000000,-45.000000000
1.520000000,-45.000000000
1.530000000,-45.000000000
1.540000000,-45.000000000
1.550000000,-45.000000000
1.560000000,-45.000000000
1.570000000,-45.000000000
1.580000000,-45.000000000
1.590000000,-45.000000000
1.600000000,-45.000000000
1.610000000,-45.000000000
1.620000000,-45.000000000
1.630000000,-45.000000000
1.640000000,-45.000000000
1.650000000,-45.000000000
1.660000000,-45.000000000
1.670000000,-45.000000000
1.680000000,-45.000000000
1.690000000,-45.000000000
1.700000000,-45.000000000
1.710000000,-45.000000000
1.720000000,-45.000000000
1.730000000,-45.000000000
1.740000000,-45.000000000
1.750000000,-45.000000000
1.760000000,-45.000000000
1.770000000,-45.000000000
1.780000000,-45.000000000
1.790000000,-45.000000000
1.800000000,-45.000000000
1.810000000,-45.000000000
1.820000000,-45.000000000
1.830000000,-45.000000000
1.840000000,-45.000000000
1.850000000,-45.000000000
1.860000000,-45.000000000
1.870000000,-45.000000000
1.880000000,-45.000000000
1.890000000,-45.000000000
1.900000000,-45.000000000
1.910000000,-45.000000000
1.920000000,-45.000000000
1.930000000,-45.000000000
1.940000000,-45.000000000
1.950000000,-45.000000000
1.960000000,-45.000000000
1.970000000,-45.000000000
1.980000000,-45.000000000
1.990000000,-45.000000000
2.000000000,-45.000000000
2.010000000,-45.000000000
2.020000000,-45.000000000
2.030000000,-45.000000000
2.040000000,-45.000000000
2.050000000,-45.000000000
2.060000000,-45.000000000
2.070000000,-45.000000000
2.080000000,-45.000000000
2.090000000,-45.000000000
2.100000000,-45.000000000
2.110000000,-45.000000000
2.120000000,-45.000000000
2.130000000,-45.000000000
2.140000000,-45.000000000
2.150000000,-45.000000000
2.160000000,-45.000000000
2.170000000,-45.000000000
2.180000000,-45.000000000
2.190000000,-45.000000000
2.200000000,-45.000000000
2.210000000,-45.000000000
2.220000000,-45.000000000
2.230000000,-45.000000000
2.240000000,-45.000000000
2.250000000,-45.000000000
2.260000000,-45.000000000
2.270000000,-45.000000000
2.280000000,-45.000000000
2.290000000,-45.000000000
2.300000000,-45.000000000
2.310000000,-45.000000000
2.320000000,-45.000000000
2.330000000,-45.000000000
2.340000000,-45.000000000
2.350000000,-45.000000000
2.360000000,-45.000000000
2.370000000,-45.000000000
2.380000000,-45.000000000
2.390000000,-45.000000000
2.400000000,-45.000000000
2.410000000,-45.000000000
2.420000000,-45.000000000
2.430000000,-45.000000000
2.440000000,-45.000000000
2.450000000,-45.000000000
2.460000000,-45.000000000
2.470000000,-45.000000000
2.480000000,-45.000000000
2.490000000,-45.000000000
2.500000000,-45.000000000
2.510000000,-45.000000000
2.520000000,-45.000000000
2.530000000,-45.000000000
2.540000000,-45.000000000
2.550000000,-45.000000000
2.560000000,-45.000000000
2.570000000,-45.000000000
2.580000000,-45.000000000
2.590000000,-45.000000000
2.600000000,-45.000000000
2.610000000,-45.000000000
2.620000000,-45.000000000
2.630000000,-45.000000000
2.640000000,-45.000000000
2.650000000,-45.000000000
2.660000000,-45.000000000
2.670000000,-45.000000000
2.680000000,-45.000000000
2.690000000,-45.000000000
2.700000000,-45.000000000
2.710000000,-45.000000000
2.720000000,-45.000000000
2.730000000,-45.000000000
2.740000000,-45.000000000
2.750000000,-45.000000000
2.760000000,-45.000000000
2.770000000,-45.000000000
2.780000000,-45.000000000
2.790000000,-45.000000000
2.800000000,-45.000000000
2.810000000,-45.000000000
2.820000000,-45.000000000
2.830000000,-45.000000000
2.840000000,-45.000000000
2.850000000,-45.000000000
2.860000000,-45.000000000
2.870000000,-45.000000000
2.880000000,-45.000000000
2.890000000,-45.000000000
2.900000000,-45.000000000
2.910000000,-45.000000000
2.920000000,-45.000000000
2.930000000,-45.000000000
2.940000000,-45.000000000
2.950000000,-45.000000000
2.960000000,-45.000000000
2.970000000,-45.000000000
2.980000000,-45.000000000
2.990000000,-45.000000000
3.000000000,-45.000000000
3.010000000,-44.934120000
3.020000000,-44.868240018
3.030000000,-44.802360090
3.040000000,-44.736480253
3.050000000,-44.670600543
3.060000000,-44.604720995
3.070000000,-44.538841646
3.080000000,-44.472962532
3.090000000,-44.407083689
3.100000000,-44.341205154
3.110000000,-44.275326962
3.120000000,-44.209449150
3.130000000,-44.143571754
3.140000000,-44.077694811
3.150000000,-44.011818355
3.160000000,-43.945942424
3.170000000,-43.880067053
3.180000000,-43.814192279
3.190000000,-43.748318138
3.200000000,-43.682444666
3.210000000,-43.616571899
3.220000000,-43.550699874
3.230000000,-43.484828626
3.240000000,-43.418958191
3.250000000,-43.353088606
3.260000000,-43.287219908
3.270000000,-43.221352131
3.280000000,-43.155485313
3.290000000,-43.089619489
3.300000000,-43.023754695
3.310000000,-42.957890968
3.320000000,-42.892028344
3.330000000,-42.826166859
3.340000000,-42.760306549
3.350000000,-42.694447450
3.360000000,-42.628589598
3.370000000,-42.562733030
3.380000000,-42.496877781
3.390000000,-42.431023887
3.400000000,-42.365171386
3.410000000,-42.299320312
3.420000000,-42.233470703
3.430000000,-42.167622593
3.440000000,-42.101776019
3.450000000,-42.035931018
3.460000000,-41.970087625
3.470000000,-41.904245877
3.480000000,-41.838405809
3.490000000,-41.772567458
3.500000000,-41.706730859
3.510000000,-41.640896049
3.520000000,-41.575063064
3.530000000,-41.509231940
3.540000000,-41.443402712
3.550000000,-41.377575418
3.560000000,-41.311750093
3.570000000,-41.245926773
3.580000000,-41.180105494
3.590000000,-41.114286292
3.600000000,-41.048469204
3.610000000,-40.982654265
3.620000000,-40.916841511
3.630000000,-40.851030978
3.640000000,-40.785222703
3.650000000,-40.719416721
3.660000000,-40.653613069
3.670000000,-40.587811782
3.680000000,-40.522012896
3.690000000,-40.456216447
3.700000000,-40.390422472
3.710000000,-40.324631006
3.720000000,-40.258842086
3.730000000,-40.193055747
3.740000000,-40.127272025
3.750000000,-40.061490956
3.760000000,-39.995712576
3.770000000,-39.929936921
3.780000000,-39.864164028
3.790000000,-39.798393931
3.800000000,-39.732626667
3.810000000,-39.666862273
3.820000000,-39.601100782
3.830000000,-39.535342233
3.840000000,-39.469586660
3.850000000,-39.403834099
3.860000000,-39.338084587
3.870000000,-39.272338159
3.880000000,-39.206594851
3.890000000,-39.140854699
3.900000000,-39.075117739
3.910000000,-39.009384007
3.920000000,-38.943653538
3.930000000,-38.877926369
3.940000000,-38.812202534
3.950000000,-38.746482071
3.960000000,-38.680765015
3.970000000,-38.615051401
3.980000000,-38.549341266
3.990000000,-38.483634645
4.000000000,-38.417931575
4.010000000,-38.352232090
4.020000000,-38.286536226
4.030000000,-38.220844021
4.040000000,-38.155155508
4.050000000,-38.089470724
4.060000000,-38.023789705
4.070000000,-37.958112486
4.080000000,-37.892439104
4.090000000,-37.826769593
4.100000000,-37.761103990
4.110000000,-37.695442330
4.120000000,-37.629784649
4.130000000,-37.564130982
4.140000000,-37.498481366
4.150000000,-37.432835836
4.160000000,-37.367194428
4.170000000,-37.301557177
4.180000000,-37.235924119
4.190000000,-37.170295289
4.200000000,-37.104670723
4.210000000,-37.039050458
4.220000000,-36.973434527
4.230000000,-36.907822968
4.240000000,-36.842215815
4.250000000,-36.776613104
4.260000000,-36.711014871
4.270000000,-36.645421152
4.280000000,-36.579831981
4.290000000,-36.514247394
4.300000000,-36.448667428
4.310000000,-36.383092116
4.320000000,-36.317521496
4.330000000,-36.251955602
4.340000000,-36.186394470
4.350000000,-36.120838135
4.360000000,-36.055286633
4.370000000,-35.989739999
4.380000000,-35.924198269
4.390000000,-35.858661478
4.400000000,-35.793129662
4.410000000,-35.727602855
4.420000000,-35.662081094
4.430000000,-35.596564414
4.440000000,-35.531052850
4.450000000,-35.465546437
4.460000000,-35.400045211
4.470000000,-35.334549208
4.480000000,-35.269058462
4.490000000,-35.203573008
4.500000000,-35.138092883
4.510000000,-35.072618122
4.520000000,-35.007148759
4.530000000,-34.941684830
4.540000000,-34.876226370
4.550000000,-34.810773415
4.560000000,-34.745326000
4.570000000,-34.679884160
4.580000000,-34.614447930
4.590000000,-34.549017345
4.600000000,-34.483592441
4.610000000,-34.418173253
4.620000000,-34.352759816
4.630000000,-34.287352165
4.640000000,-34.221950335
4.650000000,-34.156554361
4.660000000,-34.091164279
4.670000000,-34.025780124
4.680000000,-33.960401930
4.690000000,-33.895029733
4.700000000,-33.829663568
4.710000000,-33.764303470
4.720000000,-33.698949473
4.730000000,-33.633601614
4.740000000,-33.568259926
4.750000000,-33.502924446
4.760000000,-33.437595207
4.770000000,-33.372272246
4.780000000,-33.306955596
4.790000000,-33.241645293
4.800000000,-33.176341372
4.810000000,-33.111043867
4.820000000,-33.045752814
4.830000000,-32.980468248
4.840000000,-32.915190202
4.850000000,-32.849918713
4.860000000,-32.784653815
4.870000000,-32.719395543
4.880000000,-32.654143932
4.890000000,-32.588899016
4.900000000,-32.523660830
4.910000000,-32.458429409
4.920000000,-32.393204788
4.930000000,-32.327987002
4.940000000,-32.262776085
4.950000000,-32.197572072
4.960000000,-32.132374998
4.970000000,-32.067184897
4.980000000,-32.002001804
4.990000000,-31.936825754
5.000000000,-31.871656781
5.010000000,-31.806494920
5.020000000,-31.741340206
5.030000000,-31.676192673
5.040000000,-31.611052355
5.050000000,-31.545919288
5.060000000,-31.480793506
5.070000000,-31.415675044
5.080000000,-31.350563935
5.090000000,-31.285460214
5.100000000,-31.220363917
5.110000000,-31.155275077
5.120000000,-31.090193728
5.130000000,-31.025119906
5.140000000,-30.960053645
5.150000000,-30.894994979
5.160000000,-30.829943942
5.170000000,-30.764900569
5.180000000,-30.699864894
5.190000000,-30.634836952
5.200000000,-30.569816777
5.210000000,-30.504804402
5.220000000,-30.439799864
5.230000000,-30.374803195
5.240000000,-30.309814429
5.250000000,-30.244833603
5.260000000,-30.179860748
5.270000000,-30.114895900
5.280000000,-30.049939093
5.290000000,-29.984990361
5.300000000,-29.920049739
5.310000000,-29.855117259
5.320000000,-29.790192957
5.330000000,-29.725276866
5.340000000,-29.660369021
5.350000000,-29.595469455
5.360000000,-29.530578204
5.370000000,-29.465695299
5.380000000,-29.400820777
5.390000000,-29.335954670
5.400000000,-29.271097013
5.410000000,-29.206247840
5.420000000,-29.141407184
5.430000000,-29.076575080
5.440000000,-29.011751561
5.450000000,-28.946936661
5.460000000,-28.882130415
5.470000000,-28.817332855
5.480000000,-28.752544017
5.490000000,-28.687763933
5.500000000,-28.622992637
5.510000000,-28.558230163
5.520000000,-28.493476546
5.530000000,-28.428731818
5.540000000,-28.363996014
5.550000000,-28.299269166
5.560000000,-28.234551310
5.570000000,-28.169842477
5.580000000,-28.105142703
5.590000000,-28.040452021
5.600000000,-27.975770464
5.610000000,-27.911098065
5.620000000,-27.846434859
5.630000000,-27.781780879
5.640000000,-27.717136159
5.650000000,-27.652500731
5.660000000,-27.587874630
5.670000000,-27.523257889
5.680000000,-27.458650541
5.690000000,-27.394052620
5.700000000,-27.329464159
5.710000000,-27.264885192
5.720000000,-27.200315751
5.730000000,-27.135755871
5.740000000,-27.071205584
5.750000000,-27.006664925
5.760000000,-26.942133925
5.770000000,-26.877612619
5.780000000,-26.813101039
5.790000000,-26.748599220
5.800000000,-26.684107193
5.810000000,-26.619624993
5.820000000,-26.555152652
5.830000000,-26.490690204
5.840000000,-26.426237681
5.850000000,-26.361795117
5.860000000,-26.297362545
5.870000000,-26.232939998
5.880000000,-26.168527508
5.890000000,-26.104125110
5.900000000,-26.039732835
5.910000000,-25.975350717
5.920000000,-25.910978789
5.930000000,-25.846617084
5.940000000,-25.782265634
5.950000000,-25.717924473
5.960000000,-25.653593633
5.970000000,-25.589273148
5.980000000,-25.524963049
5.990000000,-25.460663370
6.000000000,-25.396374144
6.010000000,-25.332095403
6.020000000,-25.267827180
6.030000000,-25.203569507
6.040000000,-25.139322418
6.050000000,-25.075085946
6.060000000,-25.010860121
6.070000000,-24.946644978
6.080000000,-24.882440550
6.090000000,-24.818246867
6.100000000,-24.754063964
6.110000000,-24.689891872
6.120000000,-24.625730624
6.130000000,-24.561580252
6.140000000,-24.497440790
6.150000000,-24.433312269
6.160000000,-24.369194721
6.170000000,-24.305088180
6.180000000,-24.240992677
6.190000000,-24.176908246
6.200000000,-24.112834917
6.210000000,-24.048772724
6.220000000,-23.984721699
6.230000000,-23.920681874
6.240000000,-23.856653280
6.250000000,-23.792635952
6.260000000,-23.728629920
6.270000000,-23.664635216
6.280000000,-23.600651874
6.290000000,-23.536679924
6.300000000,-23.472719399
6.310000000,-23.408770332
6.320000000,-23.344832754
6.330000000,-23.280906696
6.340000000,-23.216992192
6.350000000,-23.153089273
6.360000000,-23.089197971
6.370000000,-23.025318318
6.380000000,-22.961450346
6.390000000,-22.897594086
6.400000000,-22.833749571
6.410000000,-22.769916832
6.420000000,-22.706095901
6.430000000,-22.642286810
6.440000000,-22.578489591
6.450000000,-22.514704275
6.460000000,-22.450930893
6.470000000,-22.387169479
6.480000000,-22.323420063
6.490000000,-22.259682676
6.500000000,-22.195957351
6.510000000,-22.132244120
6.520000000,-22.068543012
6.530000000,-22.004854061
6.540000000,-21.941177298
6.550000000,-21.877512753
6.560000000,-21.813860459
6.570000000,-21.750220447
6.580000000,-21.686592748
6.590000000,-21.622977393
6.600000000,-21.559374415
6.610000000,-21.495783844
6.620000000,-21.432205711
6.630000000,-21.368640048
6.640000000,-21.305086887
6.650000000,-21.241546257
6.660000000,-21.178018191
6.670000000,-21.114502719
6.680000000,-21.050999873
6.690000000,-20.987509684
6.700000000,-20.924032183
6.710000000,-20.860567401
6.720000000,-20.797115368
6.730000000,-20.733676117
6.740000000,-20.670249677
6.750000000,-20.606836080
6.760000000,-20.543435357
6.770000000,-20.480047538
6.780000000,-20.416672655
6.790000000,-20.353310739
6.800000000,-20.289961819
6.810000000,-20.226625927
6.820000000,-20.163303094
6.830000000,-20.099993351
6.840000000,-20.036696727
6.850000000,-19.973413254
6.860000000,-19.910142963
6.870000000,-19.846885883
6.880000000,-19.783642046
6.890000000,-19.720411482
6.900000000,-19.657194222
6.910000000,-19.593990297
6.920000000,-19.530799736
6.930000000,-19.467622570
6.940000000,-19.404458829
6.950000000,-19.341308545
6.960000000,-19.278171746
6.970000000,-19.215048465
6.980000000,-19.151938731
6.990000000,-19.088842573
7.000000000,-19.025760024
7.010000000,-18.962691112
7.020000000,-18.899635868
7.030000000,-18.836594322
7.040000000,-18.773566505
7.050000000,-18.710552445
7.060000000,-18.647552175
7.070000000,-18.584565723
7.080000000,-18.521593119
7.090000000,-18.458634394
7.100000000,-18.395689578
7.110000000,-18.332758700
7.120000000,-18.269841791
7.130000000,-18.206938880
7.140000000,-18.144049997
7.150000000,-18.081175172
7.160000000,-18.018314435
7.170000000,-17.955467816
7.180000000,-17.892635344
7.190000000,-17.829817049
7.200000000,-17.767012961
7.210000000,-17.704223109
7.220000000,-17.641447524
7.230000000,-17.578686234
7.240000000,-17.515939269
7.250000000,-17.453206659
7.260000000,-17.390488433
7.270000000,-17.327784621
7.280000000,-17.265095252
7.290000000,-17.202420356
7.300000000,-17.139759962
7.310000000,-17.077114100
7.320000000,-17.014482798
7.330000000,-16.951866086
7.340000000,-16.889263994
7.350000000,-16.826676550
7.360000000,-16.764103784
7.370000000,-16.701545725
7.380000000,-16.639002402
7.390000000,-16.576473844
7.400000000,-16.513960081
7.410000000,-16.451461141
7.420000000,-16.388977054
7.430000000,-16.326507848
7.440000000,-16.264053553
7.450000000,-16.201614197
7.460000000,-16.139189810
7.470000000,-16.076780420
7.480000000,-16.014386056
7.490000000,-15.952006747
7.500000000,-15.889642521
7.510000000,-15.827293409
7.520000000,-15.764959437
7.530000000,-15.702640635
7.540000000,-15.640337032
7.550000000,-15.578048656
7.560000000,-15.515775537
7.570000000,-15.453517701
7.580000000,-15.391275179
7.590000000,-15.329047998
7.600000000,-15.266836187
7.610000000,-15.204639774
7.620000000,-15.142458789
7.630000000,-15.080293259
7.640000000,-15.018143212
7.650000000,-14.956008678
7.660000000,-14.893889684
7.670000000,-14.831786258
7.680000000,-14.769698430
7.690000000,-14.707626226
7.700000000,-14.645569676
7.710000000,-14.583528807
7.720000000,-14.521503647
7.730000000,-14.459494225
7.740000000,-14.397500569
7.750000000,-14.335522706
7.760000000,-14.273560665
7.770000000,-14.211614474
7.780000000,-14.149684160
7.790000000,-14.087769752
7.800000000,-14.025871277
7.810000000,-13.963988763
7.820000000,-13.902122238
7.830000000,-13.840271729
7.840000000,-13.778437266
7.850000000,-13.716618874
7.860000000,-13.654816582
7.870000000,-13.593030417
7.880000000,-13.531260408
7.890000000,-13.469506581
7.900000000,-13.407768965
7.910000000,-13.346047586
7.920000000,-13.284342472
7.930000000,-13.222653651
7.940000000,-13.160981150
7.950000000,-13.099324996
7.960000000,-13.037685217
7.970000000,-12.976061840
7.980000000,-12.914454893
7.990000000,-12.852864402
8.000000000,-12.791290395
8.010000000,-12.729732899
8.020000000,-12.668191942
8.030000000,-12.606667549
8.040000000,-12.545159749
8.050000000,-12.483668568
8.060000000,-12.422194034
8.070000000,-12.360736174
8.080000000,-12.299295013
8.090000000,-12.237870580
8.100000000,-12.176462902
8.110000000,-12.115072004
8.120000000,-12.053697915
8.130000000,-11.992340660
8.140000000,-11.931000266
8.150000000,-11.869676761
8.160000000,-11.808370171
8.170000000,-11.747080522
8.180000000,-11.685807841
8.190000000,-11.624552155
8.200000000,-11.563313491
8.210000000,-11.502091874
8.220000000,-11.440887332
8.230000000,-11.379699891
8.240000000,-11.318529576
8.250000000,-11.257376416
8.260000000,-11.196240435
8.270000000,-11.135121661
8.280000000,-11.074020119
8.290000000,-11.012935836
8.300000000,-10.951868838
8.310000000,-10.890819152
8.320000000,-10.829786803
8.330000000,-10.768771817
8.340000000,-10.707774221
8.350000000,-10.646794041
8.360000000,-10.585831303
8.370000000,-10.524886032
8.380000000,-10.463958255
8.390000000,-10.403047997
8.400000000,-10.342155285
8.410000000,-10.281280144
8.420000000,-10.220422600
8.430000000,-10.159582680
8.440000000,-10.098760407
8.450000000,-10.037955810
8.460000000,-9.977168912
8.470000000,-9.916399740
8.480000000,-9.855648319
8.490000000,-9.794914675
8.500000000,-9.734198833
8.510000000,-9.673500820
8.520000000,-9.612820660
8.530000000,-9.552158378
8.540000000,-9.491514001
8.550000000,-9.430887553
8.560000000,-9.370279061
8.570000000,-9.309688548
8.580000000,-9.249116041
8.590000000,-9.188561565
8.600000000,-9.128025145
8.610000000,-9.067506805
8.620000000,-9.007006572
8.630000000,-8.946524471
8.640000000,-8.886060525
8.650000000,-8.825614761
8.660000000,-8.765187203
8.670000000,-8.704777877
8.680000000,-8.644386807
8.690000000,-8.584014018
8.700000000,-8.523659535
8.710000000,-8.463323382
8.720000000,-8.403005585
8.730000000,-8.342706168
8.740000000,-8.282425157
8.750000000,-8.222162575
8.760000000,-8.161918447
8.770000000,-8.101692798
8.780000000,-8.041485652
8.790000000,-7.981297035
8.800000000,-7.921126970
8.810000000,-7.860975481
8.820000000,-7.800842595
8.830000000,-7.740728333
8.840000000,-7.680632722
8.850000000,-7.620555785
8.860000000,-7.560497547
8.870000000,-7.500458032
8.880000000,-7.440437264
8.890000000,-7.380435267
8.900000000,-7.320452066
8.910000000,-7.260487684
8.920000000,-7.200542145
8.930000000,-7.140615475
8.940000000,-7.080707695
8.950000000,-7.020818832
8.960000000,-6.960948908
8.970000000,-6.901097947
8.980000000,-6.841265973
8.990000000,-6.781453011
9.000000000,-6.721659083
9.010000000,-6.661884214
9.020000000,-6.602128427
9.030000000,-6.542391746
9.040000000,-6.482674194
9.050000000,-6.422975796
9.060000000,-6.363296574
9.070000000,-6.303636552
9.080000000,-6.243995755
9.090000000,-6.184374204
9.100000000,-6.124771924
9.110000000,-6.065188938
9.120000000,-6.005625270
9.130000000,-5.946080941
9.140000000,-5.886555977
9.150000000,-5.827050400
9.160000000,-5.767564233
9.170000000,-5.708097500
9.180000000,-5.648650224
9.190000000,-5.589222427
9.200000000,-5.529814132
9.210000000,-5.470425364
9.220000000,-5.411056144
9.230000000,-5.351706496
9.240000000,-5.292376443
9.250000000,-5.233066007
9.260000000,-5.173775211
9.270000000,-5.114504079
9.280000000,-5.055252632
9.290000000,-4.996020894
9.300000000,-4.936808887
9.310000000,-4.877616634
9.320000000,-4.818444157
9.330000000,-4.759291480
9.340000000,-4.700158624
9.350000000,-4.641045613
9.360000000,-4.581952468
9.370000000,-4.522879212
9.380000000,-4.463825867
9.390000000,-4.404792456
9.400000000,-4.345779002
9.410000000,-4.286785525
9.420000000,-4.227812050
9.430000000,-4.168858597
9.440000000,-4.109925189
9.450000000,-4.051011848
9.460000000,-3.992118596
9.470000000,-3.933245456
9.480000000,-3.874392449
9.490000000,-3.815559598
9.500000000,-3.756746923
9.510000000,-3.697954448
9.520000000,-3.639182194
9.530000000,-3.580430182
9.540000000,-3.521698435
9.550000000,-3.462986975
9.560000000,-3.404295823
9.570000000,-3.345625000
9.580000000,-3.286974529
9.590000000,-3.228344431
9.600000000,-3.169734728
9.610000000,-3.111145441
9.620000000,-3.052576591
9.630000000,-2.994028201
9.640000000,-2.935500291
9.650000000,-2.876992883
9.660000000,-2.818505999
9.670000000,-2.760039659
9.680000000,-2.701593885
9.690000000,-2.643168698
9.700000000,-2.584764120
9.710000000,-2.526380171
9.720000000,-2.468016872
9.730000000,-2.409674246
9.740000000,-2.351352312
9.750000000,-2.293051092
9.760000000,-2.234770606
9.770000000,-2.176510876
9.780000000,-2.118271923
9.790000000,-2.060053767
9.800000000,-2.001856430
9.810000000,-1.943679931
9.820000000,-1.885524292
9.830000000,-1.827389534
9.840000000,-1.769275677
9.850000000,-1.711182742
9.860000000,-1.653110749
9.870000000,-1.595059719
9.880000000,-1.537029672
9.890000000,-1.479020630
9.900000000,-1.421032612
9.910000000,-1.363065638
9.920000000,-1.305119730
9.930000000,-1.247194907
9.940000000,-1.189291191
9.950000000,-1.131408600
9.960000000,-1.073547155
9.970000000,-1.015706877
9.980000000,-0.957887786
9.990000000,-0.900089901
10.000000000,-0.842313243
10.010000000,-0.784557832
10.020000000,-0.726823687
10.030000000,-0.669110829
10.040000000,-0.611419278
10.050000000,-0.553749054
10.060000000,-0.496100175
10.070000000,-0.438472663
10.080000000,-0.380866537
10.090000000,-0.323281817
10.100000000,-0.265718521
10.110000000,-0.208176671
10.120000000,-0.150656285
10.130000000,-0.093157384
10.140000000,-0.035679986
10.150000000,0.021775889
10.160000000,0.079210221
10.170000000,0.136622991
10.180000000,0.194014179
10.190000000,0.251383767
10.200000000,0.308731735
10.210000000,0.366058063
10.220000000,0.423362733
10.230000000,0.480645725
10.240000000,0.537907021
10.250000000,0.595146600
10.260000000,0.652364444
10.270000000,0.709560534
10.280000000,0.766734851
10.290000000,0.823887376
10.300000000,0.881018090
10.310000000,0.938126974
10.320000000,0.995214010
10.330000000,1.052279177
10.340000000,1.109322459
10.350000000,1.166343836
10.360000000,1.223343289
10.370000000,1.280320799
10.380000000,1.337276349
10.390000000,1.394209919
10.400000000,1.451121491
10.410000000,1.508011046
10.420000000,1.564878567
10.430000000,1.621724034
10.440000000,1.678547429
10.450000000,1.735348734
10.460000000,1.792127931
10.470000000,1.848885000
10.480000000,1.905619925
10.490000000,1.962332687
10.500000000,2.019023268
10.510000000,2.075691649
10.520000000,2.132337812
10.530000000,2.188961740
10.540000000,2.245563415
10.550000000,2.302142818
10.560000000,2.358699932
10.570000000,2.415234738
10.580000000,2.471747219
10.590000000,2.528237358
10.600000000,2.584705135
10.610000000,2.641150535
10.620000000,2.697573538
10.630000000,2.753974127
10.640000000,2.810352286
10.650000000,2.866707995
10.660000000,2.923041238
10.670000000,2.979351996
10.680000000,3.035640254
10.690000000,3.091905992
10.700000000,3.148149195
10.710000000,3.204369844
10.720000000,3.260567922
10.730000000,3.316743412
10.740000000,3.372896296
10.750000000,3.429026558
10.760000000,3.485134181
10.770000000,3.541219146
10.780000000,3.597281438
10.790000000,3.653321039
10.800000000,3.709337932
10.810000000,3.765332101
10.820000000,3.821303527
10.830000000,3.877252195
10.840000000,3.933178088
10.850000000,3.989081188
10.860000000,4.044961480
10.870000000,4.100818945
10.880000000,4.156653569
10.890000000,4.212465333
10.900000000,4.268254221
10.910000000,4.324020218
10.920000000,4.379763305
10.930000000,4.435483468
10.940000000,4.491180688
10.950000000,4.546854951
10.960000000,4.602506239
10.970000000,4.658134537
10.980000000,4.713739827
10.990000000,4.769322094
11.000000000,4.824881321
11.010000000,4.880417493
11.020000000,4.935930593
11.030000000,4.991420605
11.040000000,5.046887512
11.050000000,5.102331300
11.060000000,5.157751952
11.070000000,5.213149451
11.080000000,5.268523783
11.090000000,5.323874931
11.100000000,5.379202880
11.110000000,5.434507613
11.120000000,5.489789114
11.130000000,5.545047369
11.140000000,5.600282362
11.150000000,5.655494076
11.160000000,5.710682497
11.170000000,5.765847608
11.180000000,5.820989394
11.190000000,5.876107840
11.200000000,5.931202930
11.210000000,5.986274649
11.220000000,6.041322982
11.230000000,6.096347912
11.240000000,6.151349426
11.250000000,6.206327507
11.260000000,6.261282140
11.270000000,6.316213311
11.280000000,6.371121004
11.290000000,6.426005203
11.300000000,6.480865895
11.310000000,6.535703064
11.320000000,6.590516694
11.330000000,6.645306771
11.340000000,6.700073281
11.350000000,6.754816208
11.360000000,6.809535537
11.370000000,6.864231254
11.380000000,6.918903343
11.390000000,6.973551791
11.400000000,7.028176582
11.410000000,7.082777703
11.420000000,7.137355137
11.430000000,7.191908871
11.440000000,7.246438891
11.450000000,7.300945181
11.460000000,7.355427727
11.470000000,7.409886515
11.480000000,7.464321531
11.490000000,7.518732760
11.500000000,7.573120188
11.510000000,7.627483801
11.520000000,7.681823584
11.530000000,7.736139523
11.540000000,7.790431605
11.550000000,7.844699815
11.560000000,7.898944138
11.570000000,7.953164562
11.580000000,8.007361072
11.590000000,8.061533654
11.600000000,8.115682294
11.610000000,8.169806979
11.620000000,8.223907694
11.630000000,8.277984426
11.640000000,8.332037161
11.650000000,8.386065885
11.660000000,8.440070585
11.670000000,8.494051247
11.680000000,8.548007857
11.690000000,8.601940402
11.700000000,8.655848869
11.710000000,8.709733243
11.720000000,8.763593512
11.730000000,8.817429662
11.740000000,8.871241680
11.750000000,8.925029552
11.760000000,8.978793266
11.770000000,9.032532807
11.780000000,9.086248163
11.790000000,9.139939320
11.800000000,9.193606266
11.810000000,9.247248987
11.820000000,9.300867470
11.830000000,9.354461702
11.840000000,9.408031671
11.850000000,9.461577363
11.860000000,9.515098766
11.870000000,9.568595866
11.880000000,9.622068650
11.890000000,9.675517107
11.900000000,9.728941223
11.910000000,9.782340986
11.920000000,9.835716382
11.930000000,9.889067399
11.940000000,9.942394026
11.950000000,9.995696248
11.960000000,10.048974054
11.970000000,10.102227430
11.980000000,10.155456366
11.990000000,10.208660848
12.000000000,10.261840864
12.010000000,10.314996401
12.020000000,10.368127447
12.030000000,10.421233991
12.040000000,10.474316019
12.050000000,10.527373520
12.060000000,10.580406482
12.070000000,10.633414892
12.080000000,10.686398739
12.090000000,10.739358009
12.100000000,10.792292693
12.110000000,10.845202776
12.120000000,10.898088248
12.130000000,10.950949097
12.140000000,11.003785311
12.150000000,11.056596878
12.160000000,11.109383786
12.170000000,11.162146024
12.180000000,11.214883579
12.190000000,11.267596441
12.200000000,11.320284598
12.210000000,11.372948038
12.220000000,11.425586749
12.230000000,11.478200721
12.240000000,11.530789941
12.250000000,11.583354398
12.260000000,11.635894082
12.270000000,11.688408979
12.280000000,11.740899081
12.290000000,11.793364374
12.300000000,11.845804848
12.310000000,11.898220492
12.320000000,11.950611294
12.330000000,12.002977243
12.340000000,12.055318329
12.350000000,12.107634540
12.360000000,12.159925865
12.370000000,12.212192294
12.380000000,12.264433815
12.390000000,12.316650418
12.400000000,12.368842091
12.410000000,12.421008824
12.420000000,12.473150606
12.430000000,12.525267427
12.440000000,12.577359275
12.450000000,12.629426141
12.460000000,12.681468012
12.470000000,12.733484880
12.480000000,12.785476733
12.490000000,12.837443561
12.500000000,12.889385353
12.510000000,12.941302099
12.520000000,12.993193789
12.530000000,13.045060412
12.540000000,13.096901957
12.550000000,13.148718416
12.560000000,13.200509776
12.570000000,13.252276029
12.580000000,13.304017164
12.590000000,13.355733170
12.600000000,13.407424039
12.610000000,13.459089759
12.620000000,13.510730321
12.630000000,13.562345714
12.640000000,13.613935929
12.650000000,13.665500956
12.660000000,13.717040786
12.670000000,13.768555407
12.680000000,13.820044811
12.690000000,13.871508987
12.700000000,13.922947926
12.710000000,13.974361619
12.720000000,14.025750055
12.730000000,14.077113225
12.740000000,14.128451120
12.750000000,14.179763729
12.760000000,14.231051044
12.770000000,14.282313055
12.780000000,14.333549752
12.790000000,14.384761127
12.800000000,14.435947169
12.810000000,14.487107870
12.820000000,14.538243220
12.830000000,14.589353210
12.840000000,14.640437830
12.850000000,14.691497073
12.860000000,14.742530928
12.870000000,14.793539386
12.880000000,14.844522439
12.890000000,14.895480077
12.900000000,14.946412291
12.910000000,14.997319073
12.920000000,15.048200414
12.930000000,15.099056304
12.940000000,15.149886735
12.950000000,15.200691698
12.960000000,15.251471184
12.970000000,15.302225185
12.980000000,15.352953692
12.990000000,15.403656696
13.000000000,15.454334189
13.010000000,15.504986161
13.020000000,15.555612606
13.030000000,15.606213513
13.040000000,15.656788875
13.050000000,15.707338683
13.060000000,15.757862929
13.070000000,15.808361605
13.080000000,15.858834701
13.090000000,15.909282211
13.100000000,15.959704124
13.110000000,16.010100435
13.120000000,16.060471133
13.130000000,16.110816212
13.140000000,16.161135662
13.150000000,16.211429477
13.160000000,16.261697647
13.170000000,16.311940166
13.180000000,16.362157024
13.190000000,16.412348214
13.200000000,16.462513729
13.210000000,16.512653560
13.220000000,16.562767699
13.230000000,16.612856139
13.240000000,16.662918872
13.250000000,16.712955891
13.260000000,16.762967187
13.270000000,16.812952753
13.280000000,16.862912582
13.290000000,16.912846665
13.300000000,16.962754996
13.310000000,17.012637567
13.320000000,17.062494370
13.330000000,17.112325399
13.340000000,17.162130645
13.350000000,17.211910101
13.360000000,17.261663760
13.370000000,17.311391615
13.380000000,17.361093659
13.390000000,17.410769884
13.400000000,17.460420283
13.410000000,17.510044850
13.420000000,17.559643576
13.430000000,17.609216455
13.440000000,17.658763480
13.450000000,17.708284644
13.460000000,17.757779940
13.470000000,17.807249361
13.480000000,17.856692900
13.490000000,17.906110551
13.500000000,17.955502306
13.510000000,18.004868159
13.520000000,18.054208103
13.530000000,18.103522132
13.540000000,18.152810238
13.550000000,18.202072415
13.560000000,18.251308657
13.570000000,18.300518957
13.580000000,18.349703308
13.590000000,18.398861705
13.600000000,18.447994139
13.610000000,18.497100606
13.620000000,18.546181099
13.630000000,18.595235611
13.640000000,18.644264136
13.650000000,18.693266667
13.660000000,18.742243200
13.670000000,18.791193727
13.680000000,18.840118242
13.690000000,18.889016739
13.700000000,18.937889212
13.710000000,18.986735655
13.720000000,19.035556062
13.730000000,19.084350427
13.740000000,19.133118743
13.750000000,19.181861006
13.760000000,19.230577209
13.770000000,19.279267347
13.780000000,19.327931412
13.790000000,19.376569401
13.800000000,19.425181306
13.810000000,19.473767123
13.820000000,19.522326845
13.830000000,19.570860468
13.840000000,19.619367984
13.850000000,19.667849389
13.860000000,19.716304678
13.870000000,19.764733844
13.880000000,19.813136883
13.890000000,19.861513788
13.900000000,19.909864555
13.910000000,19.958189178
13.920000000,20.006487651
13.930000000,20.054759970
13.940000000,20.103006130
13.950000000,20.151226124
13.960000000,20.199419948
13.970000000,20.247587596
13.980000000,20.295729064
13.990000000,20.343844347
14.000000000,20.391933438
14.010000000,20.439996334
14.020000000,20.488033030
14.030000000,20.536043519
14.040000000,20.584027798
14.050000000,20.631985862
14.060000000,20.679917706
14.070000000,20.727823324
14.080000000,20.775702712
14.090000000,20.823555866
14.100000000,20.871382781
14.110000000,20.919183451
14.120000000,20.966957873
14.130000000,21.014706042
14.140000000,21.062427953
14.150000000,21.110123601
14.160000000,21.157792983
14.170000000,21.205436093
14.180000000,21.253052927
14.190000000,21.300643481
14.200000000,21.348207751
14.210000000,21.395745731
14.220000000,21.443257418
14.230000000,21.490742808
14.240000000,21.538201896
14.250000000,21.585634678
14.260000000,21.633041150
14.270000000,21.680421308
14.280000000,21.727775147
14.290000000,21.775102664
14.300000000,21.822403854
14.310000000,21.869678714
14.320000000,21.916927239
14.330000000,21.964149426
14.340000000,22.011345270
14.350000000,22.058514769
14.360000000,22.105657917
14.370000000,22.152774712
14.380000000,22.199865148
14.390000000,22.246929224
14.400000000,22.293966934
14.410000000,22.340978276
14.420000000,22.387963246
14.430000000,22.434921839
14.440000000,22.481854053
14.450000000,22.528759883
14.460000000,22.575639328
14.470000000,22.622492382
14.480000000,22.669319042
14.490000000,22.716119306
14.500000000,22.762893169
14.510000000,22.809640629
14.520000000,22.856361681
14.530000000,22.903056324
14.540000000,22.949724553
14.550000000,22.996366365
14.560000000,23.042981757
14.570000000,23.089570726
14.580000000,23.136133270
14.590000000,23.182669384
14.600000000,23.229179065
14.610000000,23.275662312
14.620000000,23.322119120
14.630000000,23.368549486
14.640000000,23.414953409
14.650000000,23.461330885
14.660000000,23.507681910
14.670000000,23.554006483
14.680000000,23.600304601
14.690000000,23.646576260
14.700000000,23.692821458
14.710000000,23.739040193
14.720000000,23.785232461
14.730000000,23.831398260
14.740000000,23.877537588
14.750000000,23.923650441
14.760000000,23.969736818
14.770000000,24.015796715
14.780000000,24.061830131
14.790000000,24.107837063
14.800000000,24.153817508
14.810000000,24.199771465
14.820000000,24.245698930
14.830000000,24.291599901
14.840000000,24.337474377
14.850000000,24.383322355
14.860000000,24.429143832
14.870000000,24.474938807
14.880000000,24.520707277
14.890000000,24.566449241
14.900000000,24.612164696
14.910000000,24.657853640
14.920000000,24.703516070
14.930000000,24.749151987
14.940000000,24.794761386
14.950000000,24.840344266
14.960000000,24.885900626
14.970000000,24.931430463
14.980000000,24.976933775
14.990000000,25.022410562
15.000000000,25.067860820
15.010000000,25.043084549
15.020000000,25.018322742
15.030000000,24.993575385
15.040000000,24.968842466
15.050000000,24.944123971
15.060000000,24.919419886
15.070000000,24.894730197
15.080000000,24.870054891
15.090000000,24.845393956
15.100000000,24.820747376
15.110000000,24.796115140
15.120000000,24.771497233
15.130000000,24.746893642
15.140000000,24.722304354
15.150000000,24.697729355
15.160000000,24.673168632
15.170000000,24.648622172
15.180000000,24.624089961
15.190000000,24.599571986
15.200000000,24.575068235
15.210000000,24.550578693
15.220000000,24.526103347
15.230000000,24.501642184
15.240000000,24.477195191
15.250000000,24.452762355
15.260000000,24.428343663
15.270000000,24.403939101
15.280000000,24.379548656
15.290000000,24.355172315
15.300000000,24.330810065
15.310000000,24.306461894
15.320000000,24.282127787
15.330000000,24.257807732
15.340000000,24.233501715
15.350000000,24.209209725
15.360000000,24.184931747
15.370000000,24.160667768
15.380000000,24.136417777
15.390000000,24.112181759
15.400000000,24.087959702
15.410000000,24.063751593
15.420000000,24.039557419
15.430000000,24.015377167
15.440000000,23.991210824
15.450000000,23.967058377
15.460000000,23.942919814
15.470000000,23.918795122
15.480000000,23.894684287
15.490000000,23.870587298
15.500000000,23.846504140
15.510000000,23.822434802
15.520000000,23.798379271
15.530000000,23.774337533
15.540000000,23.750309577
15.550000000,23.726295389
15.560000000,23.702294957
15.570000000,23.678308268
15.580000000,23.654335310
15.590000000,23.630376069
15.600000000,23.606430534
15.610000000,23.582498691
15.620000000,23.558580528
15.630000000,23.534676032
15.640000000,23.510785191
15.650000000,23.486907992
15.660000000,23.463044423
15.670000000,23.439194471
15.680000000,23.415358124
15.690000000,23.391535369
15.700000000,23.367726194
15.710000000,23.343930585
15.720000000,23.320148532
15.730000000,23.296380021
15.740000000,23.272625039
15.750000000,23.248883575
15.760000000,23.225155617
15.770000000,23.201441151
15.780000000,23.177740165
15.790000000,23.154052647
15.800000000,23.130378585
15.810000000,23.106717966
15.820000000,23.083070779
15.830000000,23.059437010
15.840000000,23.035816647
15.850000000,23.012209679
15.860000000,22.988616093
15.870000000,22.965035877
15.880000000,22.941469018
15.890000000,22.917915505
15.900000000,22.894375325
15.910000000,22.870848465
15.920000000,22.847334915
15.930000000,22.823834662
15.940000000,22.800347693
15.950000000,22.776873996
15.960000000,22.753413560
15.970000000,22.729966372
15.980000000,22.706532421
15.990000000,22.683111694
16.000000000,22.659704179
16.010000000,22.636309864
16.020000000,22.612928737
16.030000000,22.589560787
16.040000000,22.566206000
16.050000000,22.542864366
16.060000000,22.519535872
16.070000000,22.496220507
16.080000000,22.472918258
16.090000000,22.449629113
16.100000000,22.426353061
16.110000000,22.403090090
16.120000000,22.379840188
16.130000000,22.356603342
16.140000000,22.333379542
16.150000000,22.310168776
16.160000000,22.286971031
16.170000000,22.263786295
16.180000000,22.240614558
16.190000000,22.217455807
16.200000000,22.194310030
16.210000000,22.171177217
16.220000000,22.148057354
16.230000000,22.124950431
16.240000000,22.101856435
16.250000000,22.078775355
16.260000000,22.055707180
16.270000000,22.032651897
16.280000000,22.009609495
16.290000000,21.986579963
16.300000000,21.963563288
16.310000000,21.940559460
16.320000000,21.917568466
16.330000000,21.894590295
16.340000000,21.871624936
16.350000000,21.848672377
16.360000000,21.825732606
16.370000000,21.802805612
16.380000000,21.779891384
16.390000000,21.756989909
16.400000000,21.734101177
16.410000000,21.711225176
16.420000000,21.688361894
16.430000000,21.665511321
16.440000000,21.642673444
16.450000000,21.619848253
16.460000000,21.597035736
16.470000000,21.574235881
16.480000000,21.551448677
16.490000000,21.528674113
16.500000000,21.505912178
16.510000000,21.483162860
16.520000000,21.460426148
16.530000000,21.437702030
16.540000000,21.414990495
16.550000000,21.392291533
16.560000000,21.369605132
16.570000000,21.346931280
16.580000000,21.324269966
16.590000000,21.301621179
16.600000000,21.278984909
16.610000000,21.256361143
16.620000000,21.233749870
16.630000000,21.211151080
16.640000000,21.188564761
16.650000000,21.165990902
16.660000000,21.143429493
16.670000000,21.120880521
16.680000000,21.098343975
16.690000000,21.075819846
16.700000000,21.053308121
16.710000000,21.030808790
16.720000000,21.008321841
16.730000000,20.985847264
16.740000000,20.963385047
16.750000000,20.940935179
16.760000000,20.918497651
16.770000000,20.896072449
16.780000000,20.873659564
16.790000000,20.851258985
16.800000000,20.828870700
16.810000000,20.806494700
16.820000000,20.784130971
16.830000000,20.761779505
16.840000000,20.739440290
16.850000000,20.717113315
16.860000000,20.694798569
16.870000000,20.672496042
16.880000000,20.650205722
16.890000000,20.627927599
16.900000000,20.605661662
16.910000000,20.583407900
16.920000000,20.561166303
16.930000000,20.538936859
16.940000000,20.516719558
16.950000000,20.494514389
16.960000000,20.472321342
16.970000000,20.450140405
16.980000000,20.427971568
16.990000000,20.405814820
17.000000000,20.383670151
17.010000000,20.361537549
17.020000000,20.339417005
17.030000000,20.317308508
17.040000000,20.295212046
17.050000000,20.273127610
17.060000000,20.251055188
17.070000000,20.228994771
17.080000000,20.206946347
17.090000000,20.184909906
17.100000000,20.162885437
17.110000000,20.140872930
17.120000000,20.118872374
17.130000000,20.096883760
17.140000000,20.074907075
17.150000000,20.052942311
17.160000000,20.030989455
17.170000000,20.009048498
17.180000000,19.987119430
17.190000000,19.965202240
17.200000000,19.943296917
17.210000000,19.921403451
17.220000000,19.899521832
17.230000000,19.877652049
17.240000000,19.855794091
17.250000000,19.833947950
17.260000000,19.812113613
17.270000000,19.790291071
17.280000000,19.768480313
17.290000000,19.746681330
17.300000000,19.724894110
17.310000000,19.703118644
17.320000000,19.681354921
17.330000000,19.659602930
17.340000000,19.637862663
17.350000000,19.616134107
17.360000000,19.594417254
17.370000000,19.572712093
17.380000000,19.551018613
17.390000000,19.529336804
17.400000000,19.507666657
17.410000000,19.486008161
17.420000000,19.464361306
17.430000000,19.442726082
17.440000000,19.421102478
17.450000000,19.399490484
17.460000000,19.377890091
17.470000000,19.356301288
17.480000000,19.334724065
17.490000000,19.313158412
17.500000000,19.291604319
17.510000000,19.270061775
17.520000000,19.248530772
17.530000000,19.227011298
17.540000000,19.205503344
17.550000000,19.184006900
17.560000000,19.162521955
17.570000000,19.141048500
17.580000000,19.119586524
17.590000000,19.098136019
17.600000000,19.076696973
17.610000000,19.055269376
17.620000000,19.033853220
17.630000000,19.012448494
17.640000000,18.991055187
17.650000000,18.969673291
17.660000000,18.948302794
17.670000000,18.926943688
17.680000000,18.905595963
17.690000000,18.884259608
17.700000000,18.862934614
17.710000000,18.841620970
17.720000000,18.820318668
17.730000000,18.799027697
17.740000000,18.777748047
17.750000000,18.756479709
17.760000000,18.735222673
17.770000000,18.713976928
17.780000000,18.692742466
17.790000000,18.671519277
17.800000000,18.650307351
17.810000000,18.629106677
17.820000000,18.607917247
17.830000000,18.586739051
17.840000000,18.565572078
17.850000000,18.544416320
17.860000000,18.523271767
17.870000000,18.502138408
17.880000000,18.481016235
17.890000000,18.459905237
17.900000000,18.438805406
17.910000000,18.417716730
17.920000000,18.396639202
17.930000000,18.375572811
17.940000000,18.354517548
17.950000000,18.333473402
17.960000000,18.312440365
17.970000000,18.291418427
17.980000000,18.270407579
17.990000000,18.249407810
18.000000000,18.228419112
18.010000000,18.207441475
18.020000000,18.186474888
18.030000000,18.165519344
18.040000000,18.144574832
18.050000000,18.123641344
18.060000000,18.102718868
18.070000000,18.081807397
18.080000000,18.060906920
18.090000000,18.040017428
18.100000000,18.019138913
18.110000000,17.998271363
18.120000000,17.977414771
18.130000000,17.956569126
18.140000000,17.935734419
18.150000000,17.914910641
18.160000000,17.894097783
18.170000000,17.873295835
18.180000000,17.852504788
18.190000000,17.831724632
18.200000000,17.810955359
18.210000000,17.790196958
18.220000000,17.769449421
18.230000000,17.748712739
18.240000000,17.727986902
18.250000000,17.707271900
18.260000000,17.686567726
18.270000000,17.665874368
18.280000000,17.645191819
18.290000000,17.624520069
18.300000000,17.603859108
18.310000000,17.583208928
18.320000000,17.562569520
18.330000000,17.541940874
18.340000000,17.521322980
18.350000000,17.500715831
18.360000000,17.480119417
18.370000000,17.459533728
18.380000000,17.438958755
18.390000000,17.418394491
18.400000000,17.397840924
18.410000000,17.377298047
18.420000000,17.356765850
18.430000000,17.336244324
18.440000000,17.315733460
18.450000000,17.295233249
18.460000000,17.274743682
18.470000000,17.254264749
18.480000000,17.233796443
18.490000000,17.213338754
18.500000000,17.192891673
18.510000000,17.172455190
18.520000000,17.152029298
18.530000000,17.131613986
18.540000000,17.111209247
18.550000000,17.090815071
18.560000000,17.070431449
18.570000000,17.050058372
18.580000000,17.029695831
18.590000000,17.009343818
18.600000000,16.989002323
18.610000000,16.968671338
18.620000000,16.948350854
18.630000000,16.928040862
18.640000000,16.907741352
18.650000000,16.887452317
18.660000000,16.867173747
18.670000000,16.846905634
18.680000000,16.826647968
18.690000000,16.806400742
18.700000000,16.786163945
18.710000000,16.765937570
18.720000000,16.745721607
18.730000000,16.725516048
18.740000000,16.705320884
18.750000000,16.685136107
18.760000000,16.664961707
18.770000000,16.644797676
18.780000000,16.624644004
18.790000000,16.604500685
18.800000000,16.584367707
18.810000000,16.564245064
18.820000000,16.544132747
18.830000000,16.524030745
18.840000000,16.503939052
18.850000000,16.483857658
18.860000000,16.463786555
18.870000000,16.443725734
18.880000000,16.423675187
18.890000000,16.403634904
18.900000000,16.383604877
18.910000000,16.363585098
18.920000000,16.343575558
18.930000000,16.323576249
18.940000000,16.303587161
18.950000000,16.283608287
18.960000000,16.263639618
18.970000000,16.243681145
18.980000000,16.223732859
18.990000000,16.203794753
19.000000000,16.183866818
19.010000000,16.163949045
19.020000000,16.144041425
19.030000000,16.124143951
19.040000000,16.104256614
19.050000000,16.084379405
19.060000000,16.064512316
19.070000000,16.044655338
19.080000000,16.024808463
19.090000000,16.004971683
19.100000000,15.985144989
19.110000000,15.965328372
19.120000000,15.945521826
19.130000000,15.925725340
19.140000000,15.905938906
19.150000000,15.886162517
19.160000000,15.866396164
19.170000000,15.846639838
19.180000000,15.826893531
19.190000000,15.807157236
19.200000000,15.787430943
19.210000000,15.767714644
19.220000000,15.748008330
19.230000000,15.728311995
19.240000000,15.708625629
19.250000000,15.688949224
19.260000000,15.669282771
19.270000000,15.649626264
19.280000000,15.629979692
19.290000000,15.610343049
19.300000000,15.590716325
19.310000000,15.571099513
19.320000000,15.551492604
19.330000000,15.531895590
19.340000000,15.512308464
19.350000000,15.492731216
19.360000000,15.473163839
19.370000000,15.453606324
19.380000000,15.434058664
19.390000000,15.414520849
19.400000000,15.394992873
19.410000000,15.375474726
19.420000000,15.355966402
19.430000000,15.336467890
19.440000000,15.316979185
19.450000000,15.297500276
19.460000000,15.278031158
19.470000000,15.258571820
19.480000000,15.239122255
19.490000000,15.219682456
19.500000000,15.200252414
19.510000000,15.180832120
19.520000000,15.161421568
19.530000000,15.142020749
19.540000000,15.122629654
19.550000000,15.103248277
19.560000000,15.083876608
19.570000000,15.064514641
19.580000000,15.045162366
19.590000000,15.025819776
19.600000000,15.006486864
19.610000000,14.987163620
19.620000000,14.967850038
19.630000000,14.948546108
19.640000000,14.929251824
19.650000000,14.909967177
19.660000000,14.890692160
19.670000000,14.871426764
19.680000000,14.852170982
19.690000000,14.832924805
19.700000000,14.813688227
19.710000000,14.794461238
19.720000000,14.775243831
19.730000000,14.756035999
19.740000000,14.736837733
19.750000000,14.717649025
19.760000000,14.698469869
19.770000000,14.679300255
19.780000000,14.660140176
19.790000000,14.640989625
19.800000000,14.621848593
19.810000000,14.602717073
19.820000000,14.583595057
19.830000000,14.564482537
19.840000000,14.545379505
19.850000000,14.526285954
19.860000000,14.507201876
19.870000000,14.488127263
19.880000000,14.469062108
19.890000000,14.450006403
19.900000000,14.430960139
19.910000000,14.411923310
19.920000000,14.392895907
19.930000000,14.373877923
19.940000000,14.354869351
19.950000000,14.335870182
19.960000000,14.316880409
19.970000000,14.297900025
19.980000000,14.278929021
19.990000000,14.259967390
20.000000000,14.241015124
20.010000000,14.222072216
20.020000000,14.203138659
20.030000000,14.184214444
20.040000000,14.165299563
20.050000000,14.146394011
20.060000000,14.127497778
20.070000000,14.108610857
20.080000000,14.089733241
20.090000000,14.070864922
20.100000000,14.052005892
20.110000000,14.033156145
20.120000000,14.014315672
20.130000000,13.995484466
20.140000000,13.976662519
20.150000000,13.957849824
20.160000000,13.939046374
20.170000000,13.920252161
20.180000000,13.901467177
20.190000000,13.882691415
20.200000000,13.863924868
20.210000000,13.845167528
20.220000000,13.826419387
20.230000000,13.807680439
20.240000000,13.788950675
20.250000000,13.770230089
20.260000000,13.751518672
20.270000000,13.732816418
20.280000000,13.714123319
20.290000000,13.695439368
20.300000000,13.676764557
20.310000000,13.658098879
20.320000000,13.639442327
20.330000000,13.620794893
20.340000000,13.602156570
20.350000000,13.583527350
20.360000000,13.564907226
20.370000000,13.546296191
20.380000000,13.527694238
20.390000000,13.509101359
20.400000000,13.490517547
20.410000000,13.471942794
20.420000000,13.453377094
20.430000000,13.434820438
20.440000000,13.416272821
20.450000000,13.397734233
20.460000000,13.379204669
20.470000000,13.360684121
20.480000000,13.342172582
20.490000000,13.323670044
20.500000000,13.305176500
20.510000000,13.286691944
20.520000000,13.268216367
20.530000000,13.249749762
20.540000000,13.231292123
20.550000000,13.212843443
20.560000000,13.194403713
20.570000000,13.175972927
20.580000000,13.157551078
20.590000000,13.139138158
20.600000000,13.120734160
20.610000000,13.102339078
20.620000000,13.083952904
20.630000000,13.065575631
20.640000000,13.047207251
20.650000000,13.028847758
20.660000000,13.010497145
20.670000000,12.992155404
20.680000000,12.973822529
20.690000000,12.955498512
20.700000000,12.937183346
20.710000000,12.918877024
20.720000000,12.900579540
20.730000000,12.882290885
20.740000000,12.864011053
20.750000000,12.845740038
20.760000000,12.827477831
20.770000000,12.809224426
20.780000000,12.790979816
20.790000000,12.772743994
20.800000000,12.754516952
20.810000000,12.736298684
20.820000000,12.718089184
20.830000000,12.699888443
20.840000000,12.681696455
20.850000000,12.663513213
20.860000000,12.645338710
20.870000000,12.627172938
20.880000000,12.609015892
20.890000000,12.590867564
20.900000000,12.572727948
20.910000000,12.554597035
20.920000000,12.536474820
20.930000000,12.518361295
20.940000000,12.500256454
20.950000000,12.482160289
20.960000000,12.464072795
20.970000000,12.445993963
20.980000000,12.427923787
20.990000000,12.409862260
21.000000000,12.391809375
21.010000000,12.373765126
21.020000000,12.355729506
21.030000000,12.337702507
21.040000000,12.319684123
21.050000000,12.301674347
21.060000000,12.283673173
21.070000000,12.265680593
21.080000000,12.247696600
21.090000000,12.229721189
21.100000000,12.211754351
21.110000000,12.193796081
21.120000000,12.175846372
21.130000000,12.157905216
21.140000000,12.139972607
21.150000000,12.122048538
21.160000000,12.104133003
21.170000000,12.086225995
21.180000000,12.068327506
21.190000000,12.050437531
21.200000000,12.032556063
21.210000000,12.014683095
21.220000000,11.996818619
21.230000000,11.978962630
21.240000000,11.961115121
21.250000000,11.943276085
21.260000000,11.925445516
21.270000000,11.907623406
21.280000000,11.889809749
21.290000000,11.872004539
21.300000000,11.854207769
21.310000000,11.836419431
21.320000000,11.818639521
21.330000000,11.800868030
21.340000000,11.783104952
21.350000000,11.765350281
21.360000000,11.747604011
21.370000000,11.729866133
21.380000000,11.712136643
21.390000000,11.694415533
21.400000000,11.676702796
21.410000000,11.658998427
21.420000000,11.641302418
21.430000000,11.623614763
21.440000000,11.605935456
21.450000000,11.588264490
21.460000000,11.570601858
21.470000000,11.552947553
21.480000000,11.535301571
21.490000000,11.517663903
21.500000000,11.500034543
21.510000000,11.482413485
21.520000000,11.464800722
21.530000000,11.447196248
21.540000000,11.429600057
21.550000000,11.412012141
21.560000000,11.394432495
21.570000000,11.376861112
21.580000000,11.359297985
21.590000000,11.341743108
21.600000000,11.324196474
21.610000000,11.306658078
21.620000000,11.289127912
21.630000000,11.271605971
21.640000000,11.254092248
21.650000000,11.236586735
21.660000000,11.219089428
21.670000000,11.201600320
21.680000000,11.184119404
21.690000000,11.166646674
21.700000000,11.149182123
21.710000000,11.131725745
21.720000000,11.114277534
21.730000000,11.096837483
21.740000000,11.079405587
21.750000000,11.061981838
21.760000000,11.044566230
21.770000000,11.027158758
21.780000000,11.009759414
21.790000000,10.992368193
21.800000000,10.974985087
21.810000000,10.957610092
21.820000000,10.940243199
21.830000000,10.922884404
21.840000000,10.905533700
21.850000000,10.888191081
21.860000000,10.870856539
21.870000000,10.853530070
21.880000000,10.836211667
21.890000000,10.818901323
21.900000000,10.801599032
21.910000000,10.784304789
21.920000000,10.767018586
21.930000000,10.749740418
21.940000000,10.732470278
21.950000000,10.715208160
21.960000000,10.697954059
21.970000000,10.680707967
21.980000000,10.663469878
21.990000000,10.646239787
22.000000000,10.629017687
22.010000000,10.485803572
22.020000000,10.342655762
22.030000000,10.199574055
22.040000000,10.056558251
22.050000000,9.913608149
22.060000000,9.770723547
22.070000000,9.627904247
22.080000000,9.485150047
22.090000000,9.342460749
22.100000000,9.199836153
22.110000000,9.057276060
22.120000000,8.914780272
22.130000000,8.772348591
22.140000000,8.629980818
22.150000000,8.487676756
22.160000000,8.345436208
22.170000000,8.203258976
22.180000000,8.061144865
22.190000000,7.919093677
22.200000000,7.777105217
22.210000000,7.635179288
22.220000000,7.493315696
22.230000000,7.351514245
22.240000000,7.209774741
22.250000000,7.068096989
22.260000000,6.926480794
22.270000000,6.784925963
22.280000000,6.643432302
22.290000000,6.501999619
22.300000000,6.360627719
22.310000000,6.219316410
22.320000000,6.078065500
22.330000000,5.936874797
22.340000000,5.795744109
22.350000000,5.654673244
22.360000000,5.513662010
22.370000000,5.372710219
22.380000000,5.231817677
22.390000000,5.090984196
22.400000000,4.950209585
22.410000000,4.809493654
22.420000000,4.668836213
22.430000000,4.528237075
22.440000000,4.387696049
22.450000000,4.247212946
22.460000000,4.106787580
22.470000000,3.966419761
22.480000000,3.826109301
22.490000000,3.685856014
22.500000000,3.545659712
22.510000000,3.405520207
22.520000000,3.265437314
22.530000000,3.125410845
22.540000000,2.985440616
22.550000000,2.845526438
22.560000000,2.705668128
22.570000000,2.565865500
22.580000000,2.426118369
22.590000000,2.286426549
22.600000000,2.146789857
22.610000000,2.007208108
22.620000000,1.867681118
22.630000000,1.728208703
22.640000000,1.588790680
22.650000000,1.449426866
22.660000000,1.310117077
22.670000000,1.170861132
22.680000000,1.031658847
22.690000000,0.892510040
22.700000000,0.753414530
22.710000000,0.614372134
22.720000000,0.475382672
22.730000000,0.336445962
22.740000000,0.197561823
22.750000000,0.058730074
22.760000000,-0.080049464
22.770000000,-0.218776972
22.780000000,-0.357452630
22.790000000,-0.496076618
22.800000000,-0.634649114
22.810000000,-0.773170299
22.820000000,-0.911640351
22.830000000,-1.050059449
22.840000000,-1.188427771
22.850000000,-1.326745495
22.860000000,-1.465012800
22.870000000,-1.603229863
22.880000000,-1.741396862
22.890000000,-1.879513973
22.900000000,-2.017581374
22.910000000,-2.155599242
22.920000000,-2.293567753
22.930000000,-2.431487084
22.940000000,-2.569357410
22.950000000,-2.707178908
22.960000000,-2.844951753
22.970000000,-2.982676120
22.980000000,-3.120352184
22.990000000,-3.257980121
23.000000000,-3.395560106
23.010000000,-3.533092312
23.020000000,-3.670576913
23.030000000,-3.808014085
23.040000000,-3.945404000
23.050000000,-4.082746833
23.060000000,-4.220042757
23.070000000,-4.357291944
23.080000000,-4.494494568
23.090000000,-4.631650801
23.100000000,-4.768760816
23.110000000,-4.905824785
23.120000000,-5.042842880
23.130000000,-5.179815274
23.140000000,-5.316742137
23.150000000,-5.453623641
23.160000000,-5.590459957
23.170000000,-5.727251256
23.180000000,-5.863997710
23.190000000,-6.000699487
23.200000000,-6.137356760
23.210000000,-6.273969698
23.220000000,-6.410538470
23.230000000,-6.547063248
23.240000000,-6.683544199
23.250000000,-6.819981494
23.260000000,-6.956375301
23.270000000,-7.092725791
23.280000000,-7.229033130
23.290000000,-7.365297488
23.300000000,-7.501519033
23.310000000,-7.637697933
23.320000000,-7.773834357
23.330000000,-7.909928471
23.340000000,-8.045980444
23.350000000,-8.181990442
23.360000000,-8.317958633
23.370000000,-8.453885183
23.380000000,-8.589770260
23.390000000,-8.725614031
23.400000000,-8.861416660
23.410000000,-8.997178315
23.420000000,-9.132899162
23.430000000,-9.268579365
23.440000000,-9.404219092
23.450000000,-9.539818507
23.460000000,-9.675377776
23.470000000,-9.810897063
23.480000000,-9.946376534
23.490000000,-10.081816353
23.500000000,-10.217216684
23.510000000,-10.352577692
23.520000000,-10.487899542
23.530000000,-10.623182396
23.540000000,-10.758426420
23.550000000,-10.893631775
23.560000000,-11.028798627
23.570000000,-11.163927137
23.580000000,-11.299017470
23.590000000,-11.434069788
23.600000000,-11.569084253
23.610000000,-11.704061028
23.620000000,-11.839000277
23.630000000,-11.973902159
23.640000000,-12.108766839
23.650000000,-12.243594478
23.660000000,-12.378385236
23.670000000,-12.513139277
23.680000000,-12.647856761
23.690000000,-12.782537849
23.700000000,-12.917182703
23.710000000,-13.051791483
23.720000000,-13.186364349
23.730000000,-13.320901464
23.740000000,-13.455402986
23.750000000,-13.589869076
23.760000000,-13.724299894
23.770000000,-13.858695599
23.780000000,-13.993056353
23.790000000,-14.127382314
23.800000000,-14.261673641
23.810000000,-14.395930494
23.820000000,-14.530153032
23.830000000,-14.664341413
23.840000000,-14.798495797
23.850000000,-14.932616342
23.860000000,-15.066703207
23.870000000,-15.200756550
23.880000000,-15.334776529
23.890000000,-15.468763302
23.900000000,-15.602717026
23.910000000,-15.736637861
23.920000000,-15.870525962
23.930000000,-16.004381488
23.940000000,-16.138204596
23.950000000,-16.271995443
23.960000000,-16.405754186
23.970000000,-16.539480981
23.980000000,-16.673175986
23.990000000,-16.806839357
24.000000000,-16.940471249
24.010000000,-17.074071821
24.020000000,-17.207641227
24.030000000,-17.341179624
24.040000000,-17.474687167
24.050000000,-17.608164012
24.060000000,-17.741610315
24.070000000,-17.875026231
24.080000000,-18.008411915
24.090000000,-18.141767523
24.100000000,-18.275093209
24.110000000,-18.408389128
24.120000000,-18.541655435
24.130000000,-18.674892285
24.140000000,-18.808099832
24.150000000,-18.941278231
24.160000000,-19.074427635
24.170000000,-19.207548199
24.180000000,-19.340640076
24.190000000,-19.473703421
24.200000000,-19.606738387
24.210000000,-19.739745127
24.220000000,-19.872723796
24.230000000,-20.005674546
24.240000000,-20.138597531
24.250000000,-20.271492903
24.260000000,-20.404360816
24.270000000,-20.537201422
24.280000000,-20.670014874
24.290000000,-20.802801325
24.300000000,-20.935560926
24.310000000,-21.068293831
24.320000000,-21.201000192
24.330000000,-21.333680160
24.340000000,-21.466333888
24.350000000,-21.598961528
24.360000000,-21.731563230
24.370000000,-21.864139147
24.380000000,-21.996689431
24.390000000,-22.129214232
24.400000000,-22.261713702
24.410000000,-22.394187993
24.420000000,-22.526637254
24.430000000,-22.659061638
24.440000000,-22.791461294
24.450000000,-22.923836374
24.460000000,-23.056187028
24.470000000,-23.188513407
24.480000000,-23.320815661
24.490000000,-23.453093940
24.500000000,-23.585348395
24.510000000,-23.717579175
24.520000000,-23.849786431
24.530000000,-23.981970313
24.540000000,-24.114130969
24.550000000,-24.246268551
24.560000000,-24.378383206
24.570000000,-24.510475086
24.580000000,-24.642544339
24.590000000,-24.774591114
24.600000000,-24.906615560
24.610000000,-25.038617827
24.620000000,-25.170598064
24.630000000,-25.302556419
24.640000000,-25.434493041
24.650000000,-25.566408078
24.660000000,-25.698301681
24.670000000,-25.830173995
24.680000000,-25.962025171
24.690000000,-26.093855357
24.700000000,-26.225664700
24.710000000,-26.357453348
24.720000000,-26.489221450
24.730000000,-26.620969154
24.740000000,-26.752696608
24.750000000,-26.884403958
24.760000000,-27.016091353
24.770000000,-27.147758940
24.780000000,-27.279406867
24.790000000,-27.411035282
24.800000000,-27.542644330
24.810000000,-27.674234161
24.820000000,-27.805804920
24.830000000,-27.937356754
24.840000000,-28.068889812
24.850000000,-28.200404239
24.860000000,-28.331900182
24.870000000,-28.463377789
24.880000000,-28.594837205
24.890000000,-28.726278577
24.900000000,-28.857702052
24.910000000,-28.989107776
24.920000000,-29.120495896
24.930000000,-29.251866557
24.940000000,-29.383219906
24.950000000,-29.514556088
24.960000000,-29.645875251
24.970000000,-29.777177539
24.980000000,-29.908463099
24.990000000,-30.039732076
25.000000000,-30.170984616
25.010000000,-30.302220864
25.020000000,-30.433440967
25.030000000,-30.564645070
25.040000000,-30.695833318
25.050000000,-30.827005856
25.060000000,-30.958162830
25.070000000,-31.089304385
25.080000000,-31.220430666
25.090000000,-31.351541818
25.100000000,-31.482637987
25.110000000,-31.613719316
25.120000000,-31.744785952
25.130000000,-31.875838038
25.140000000,-32.006875720
25.150000000,-32.137899142
25.160000000,-32.268908448
25.170000000,-32.399903785
25.180000000,-32.530885295
25.190000000,-32.661853123
25.200000000,-32.792807414
25.210000000,-32.923748312
25.220000000,-33.054675962
25.230000000,-33.185590507
25.240000000,-33.316492091
25.250000000,-33.447380859
25.260000000,-33.578256955
25.270000000,-33.709120523
25.280000000,-33.839971706
25.290000000,-33.970810649
25.300000000,-34.101637494
25.310000000,-34.232452387
25.320000000,-34.363255471
25.330000000,-34.494046889
25.340000000,-34.624826785
25.350000000,-34.755595303
25.360000000,-34.886352585
25.370000000,-35.017098776
25.380000000,-35.147834019
25.390000000,-35.278558458
25.400000000,-35.409272234
25.410000000,-35.539975493
25.420000000,-35.670668377
25.430000000,-35.801351028
25.440000000,-35.932023592
25.450000000,-36.062686209
25.460000000,-36.193339024
25.470000000,-36.323982179
25.480000000,-36.454615818
25.490000000,-36.585240083
25.500000000,-36.715855117
25.510000000,-36.846461063
25.520000000,-36.977058064
25.530000000,-37.107646262
25.540000000,-37.238225801
25.550000000,-37.368796822
25.560000000,-37.499359469
25.570000000,-37.629913884
25.580000000,-37.760460210
25.590000000,-37.890998589
25.600000000,-38.021529163
25.610000000,-38.152052076
25.620000000,-38.282567469
25.630000000,-38.413075486
25.640000000,-38.543576267
25.650000000,-38.674069956
25.660000000,-38.804556695
25.670000000,-38.935036627
25.680000000,-39.065509893
25.690000000,-39.195976635
25.700000000,-39.326436996
25.710000000,-39.456891118
25.720000000,-39.587339144
25.730000000,-39.717781214
25.740000000,-39.848217472
25.750000000,-39.978648059
25.760000000,-40.109073117
25.770000000,-40.239492788
25.780000000,-40.369907215
25.790000000,-40.500316539
25.800000000,-40.630720902
25.810000000,-40.761120446
25.820000000,-40.891515313
25.830000000,-41.021905645
25.840000000,-41.152291584
25.850000000,-41.282673271
25.860000000,-41.413050848
25.870000000,-41.543424457
25.880000000,-41.673794240
25.890000000,-41.804160339
25.900000000,-41.934522894
25.910000000,-42.064882049
25.920000000,-42.195237945
25.930000000,-42.325590722
25.940000000,-42.455940524
25.950000000,-42.586287492
25.960000000,-42.716631767
25.970000000,-42.846973491
25.980000000,-42.977312806
25.990000000,-43.107649853
26.000000000,-43.237984774
26.010000000,-43.368317710
26.020000000,-43.498648803
26.030000000,-43.628978195
26.040000000,-43.759306027
26.050000000,-43.889632441
26.060000000,-44.019957578
26.070000000,-44.150281580
26.080000000,-44.280604588
26.090000000,-44.410926745
26.100000000,-44.541248191
26.110000000,-44.671569068
26.120000000,-44.801889517
26.130000000,-44.932209681
26.140000000,-45.000000000
26.150000000,-45.000000000
26.160000000,-45.000000000
26.170000000,-45.000000000
26.180000000,-45.000000000
26.190000000,-45.000000000
26.200000000,-45.000000000
26.210000000,-45.000000000
26.220000000,-45.000000000
26.230000000,-45.000000000
26.240000000,-45.000000000
26.250000000,-45.000000000
26.260000000,-45.000000000
26.270000000,-45.000000000
26.280000000,-45.000000000
26.290000000,-45.000000000
26.300000000,-45.000000000
26.310000000,-45.000000000
26.320000000,-45.000000000
26.330000000,-45.000000000
26.340000000,-45.000000000
26.350000000,-45.000000000
26.360000000,-45.000000000
26.370000000,-45.000000000
26.380000000,-45.000000000
26.390000000,-45.000000000
26.400000000,-45.000000000
26.410000000,-45.000000000
26.420000000,-45.000000000
26.430000000,-45.000000000
26.440000000,-45.000000000
26.450000000,-45.000000000
26.460000000,-45.000000000
26.470000000,-45.000000000
26.480000000,-45.000000000
26.490000000,-45.000000000
26.500000000,-45.000000000
26.510000000,-45.000000000
26.520000000,-45.000000000
26.530000000,-45.000000000
26.540000000,-45.000000000
26.550000000,-45.000000000
26.560000000,-45.000000000
26.570000000,-45.000000000
26.580000000,-45.000000000
26.590000000,-45.000000000
26.600000000,-45.000000000
26.610000000,-45.000000000
26.620000000,-45.000000000
26.630000000,-45.000000000
26.640000000,-45.000000000
26.650000000,-45.000000000
26.660000000,-45.000000000
26.670000000,-45.000000000
26.680000000,-45.000000000
26.690000000,-45.000000000
26.700000000,-45.000000000
26.710000000,-45.000000000
26.720000000,-45.000000000
26.730000000,-45.000000000
26.740000000,-45.000000000
26.750000000,-45.000000000
26.760000000,-45.000000000
26.770000000,-45.000000000
26.780000000,-45.000000000
26.790000000,-45.000000000
26.800000000,-45.000000000
26.810000000,-45.000000000
26.820000000,-45.000000000
26.830000000,-45.000000000
26.840000000,-45.000000000
26.850000000,-45.000000000
26.860000000,-45.000000000
26.870000000,-45.000000000
26.880000000,-45.000000000
26.890000000,-45.000000000
26.900000000,-45.000000000
26.910000000,-45.000000000
26.920000000,-45.000000000
26.930000000,-45.000000000
26.940000000,-45.000000000
26.950000000,-45.000000000
26.960000000,-45.000000000
26.970000000,-45.000000000
26.980000000,-45.000000000
26.990000000,-45.000000000
27.000000000,-45.000000000
27.010000000,-44.917920000
27.020000000,-44.835840028
27.030000000,-44.753760140
27.040000000,-44.671680393
27.050000000,-44.589600842
27.060000000,-44.507521544
27.070000000,-44.425442554
27.080000000,-44.343363930
27.090000000,-44.261285727
27.100000000,-44.179208000
27.110000000,-44.097130807
27.120000000,-44.015054204
27.130000000,-43.932978246
27.140000000,-43.850902990
27.150000000,-43.768828492
27.160000000,-43.686754807
27.170000000,-43.604681993
27.180000000,-43.522610106
27.190000000,-43.440539200
27.200000000,-43.358469333
27.210000000,-43.276400561
27.220000000,-43.194332939
27.230000000,-43.112266524
27.240000000,-43.030201372
27.250000000,-42.948137539
27.260000000,-42.866075081
27.270000000,-42.784014055
27.280000000,-42.701954516
27.290000000,-42.619896520
27.300000000,-42.537840124
27.310000000,-42.455785383
27.320000000,-42.373732354
27.330000000,-42.291681093
27.340000000,-42.209631655
27.350000000,-42.127584097
27.360000000,-42.045538476
27.370000000,-41.963494846
27.380000000,-41.881453264
27.390000000,-41.799413786
27.400000000,-41.717376469
27.410000000,-41.635341367
27.420000000,-41.553308537
27.430000000,-41.471278036
27.440000000,-41.389249919
27.450000000,-41.307224242
27.460000000,-41.225201061
27.470000000,-41.143180432
27.480000000,-41.061162412
27.490000000,-40.979147055
27.500000000,-40.897134419
27.510000000,-40.815124558
27.520000000,-40.733117530
27.530000000,-40.651113390
27.540000000,-40.569112193
27.550000000,-40.487113996
27.560000000,-40.405118855
27.570000000,-40.323126826
27.580000000,-40.241137964
27.590000000,-40.159152325
27.600000000,-40.077169966
27.610000000,-39.995190942
27.620000000,-39.913215309
27.630000000,-39.831243123
27.640000000,-39.749274440
27.650000000,-39.667309316
27.660000000,-39.585347806
27.670000000,-39.503389966
27.680000000,-39.421435852
27.690000000,-39.339485521
27.700000000,-39.257539026
27.710000000,-39.175596426
27.720000000,-39.093657775
27.730000000,-39.011723128
27.740000000,-38.929792543
27.750000000,-38.847866074
27.760000000,-38.765943777
27.770000000,-38.684025708
27.780000000,-38.602111922
27.790000000,-38.520202476
27.800000000,-38.438297426
27.810000000,-38.356396825
27.820000000,-38.274500731
27.830000000,-38.192609199
27.840000000,-38.110722285
27.850000000,-38.028840044
27.860000000,-37.946962532
27.870000000,-37.865089804
27.880000000,-37.783221916
27.890000000,-37.701358924
27.900000000,-37.619500883
27.910000000,-37.537647849
27.920000000,-37.455799877
27.930000000,-37.373957023
27.940000000,-37.292119341
27.950000000,-37.210286889
27.960000000,-37.128459721
27.970000000,-37.046637892
27.980000000,-36.964821459
27.990000000,-36.883010476
28.000000000,-36.801204999
28.010000000,-36.719405083
28.020000000,-36.637610784
28.030000000,-36.555822157
28.040000000,-36.474039258
28.050000000,-36.392262141
28.060000000,-36.310490863
28.070000000,-36.228725478
28.080000000,-36.146966041
28.090000000,-36.065212609
28.100000000,-35.983465236
28.110000000,-35.901723977
28.120000000,-35.819988888
28.130000000,-35.738260024
28.140000000,-35.656537440
28.150000000,-35.574821191
28.160000000,-35.493111332
28.170000000,-35.411407920
28.180000000,-35.329711008
28.190000000,-35.248020651
28.200000000,-35.166336906
28.210000000,-35.084659826
28.220000000,-35.002989468
28.230000000,-34.921325886
28.240000000,-34.839669134
28.250000000,-34.758019269
28.260000000,-34.676376345
28.270000000,-34.594740416
28.280000000,-34.513111539
28.290000000,-34.431489767
28.300000000,-34.349875156
28.310000000,-34.268267761
28.320000000,-34.186667637
28.330000000,-34.105074837
28.340000000,-34.023489418
28.350000000,-33.941911434
28.360000000,-33.860340939
28.370000000,-33.778777989
28.380000000,-33.697222639
28.390000000,-33.615674942
28.400000000,-33.534134954
28.410000000,-33.452602729
28.420000000,-33.371078322
28.430000000,-33.289561788
28.440000000,-33.208053181
28.450000000,-33.126552556
28.460000000,-33.045059968
28.470000000,-32.963575470
28.480000000,-32.882099118
28.490000000,-32.800630966
28.500000000,-32.719171069
28.510000000,-32.637719480
28.520000000,-32.556276255
28.530000000,-32.474841448
28.540000000,-32.393415113
28.550000000,-32.311997305
28.560000000,-32.230588077
28.570000000,-32.149187485
28.580000000,-32.067795582
28.590000000,-31.986412424
28.600000000,-31.905038063
28.610000000,-31.823672555
28.620000000,-31.742315953
28.630000000,-31.660968312
28.640000000,-31.579629686
28.650000000,-31.498300130
28.660000000,-31.416979696
28.670000000,-31.335668439
28.680000000,-31.254366414
28.690000000,-31.173073674
28.700000000,-31.091790274
28.710000000,-31.010516267
28.720000000,-30.929251707
28.730000000,-30.847996648
28.740000000,-30.766751145
28.750000000,-30.685515251
28.760000000,-30.604289019
28.770000000,-30.523072505
28.780000000,-30.441865761
28.790000000,-30.360668841
28.800000000,-30.279481800
28.810000000,-30.198304690
28.820000000,-30.117137566
28.830000000,-30.035980481
28.840000000,-29.954833488
28.850000000,-29.873696643
28.860000000,-29.792569997
28.870000000,-29.711453605
28.880000000,-29.630347520
28.890000000,-29.549251796
28.900000000,-29.468166486
28.910000000,-29.387091644
28.920000000,-29.306027323
28.930000000,-29.224973576
28.940000000,-29.143930457
28.950000000,-29.062898019
28.960000000,-28.981876316
28.970000000,-28.900865401
28.980000000,-28.819865326
28.990000000,-28.738876146
29.000000000,-28.657897913
29.010000000,-28.576930681
29.020000000,-28.495974503
29.030000000,-28.415029431
29.040000000,-28.334095520
29.050000000,-28.253172822
29.060000000,-28.172261389
29.070000000,-28.091361276
29.080000000,-28.010472534
29.090000000,-27.929595218
29.100000000,-27.848729379
29.110000000,-27.767875071
29.120000000,-27.687032347
29.130000000,-27.606201259
29.140000000,-27.525381860
29.150000000,-27.444574202
29.160000000,-27.363778340
29.170000000,-27.282994324
29.180000000,-27.202222209
29.190000000,-27.121462046
29.200000000,-27.040713888
29.210000000,-26.959977788
29.220000000,-26.879253798
29.230000000,-26.798541971
29.240000000,-26.717842359
29.250000000,-26.637155014
29.260000000,-26.556479989
29.270000000,-26.475817337
29.280000000,-26.395167109
29.290000000,-26.314529358
29.300000000,-26.233904137
29.310000000,-26.153291497
29.320000000,-26.072691490
29.330000000,-25.992104169
29.340000000,-25.911529586
29.350000000,-25.830967793
29.360000000,-25.750418843
29.370000000,-25.669882786
29.380000000,-25.589359675
29.390000000,-25.508849562
29.400000000,-25.428352500
29.410000000,-25.347868539
29.420000000,-25.267397732
29.430000000,-25.186940130
29.440000000,-25.106495785
29.450000000,-25.026064750
29.460000000,-24.945647075
29.470000000,-24.865242813
29.480000000,-24.784852015
29.490000000,-24.704474733
29.500000000,-24.624111017
29.510000000,-24.543760921
29.520000000,-24.463424495
29.530000000,-24.383101790
29.540000000,-24.302792859
29.550000000,-24.222497752
29.560000000,-24.142216521
29.570000000,-24.061949218
29.580000000,-23.981695893
29.590000000,-23.901456597
29.600000000,-23.821231383
29.610000000,-23.741020301
29.620000000,-23.660823401
29.630000000,-23.580640737
29.640000000,-23.500472357
29.650000000,-23.420318314
29.660000000,-23.340178659
29.670000000,-23.260053442
29.680000000,-23.179942714
29.690000000,-23.099846526
29.700000000,-23.019764929
29.710000000,-22.939697973
29.720000000,-22.859645711
29.730000000,-22.779608191
29.740000000,-22.699585465
29.750000000,-22.619577584
29.760000000,-22.539584598
29.770000000,-22.459606557
29.780000000,-22.379643513
29.790000000,-22.299695515
29.800000000,-22.219762614
29.810000000,-22.139844861
29.820000000,-22.059942305
29.830000000,-21.980054998
29.840000000,-21.900182989
29.850000000,-21.820326329
29.860000000,-21.740485068
29.870000000,-21.660659255
29.880000000,-21.580848942
29.890000000,-21.501054178
29.900000000,-21.421275013
29.910000000,-21.341511498
29.920000000,-21.261763681
29.930000000,-21.182031614
29.940000000,-21.102315346
29.950000000,-21.022614926
29.960000000,-20.942930406
29.970000000,-20.863261833
29.980000000,-20.783609259
29.990000000,-20.703972732
30.000000000,-20.624352302
30.010000000,-20.544748020
30.020000000,-20.465159934
30.030000000,-20.385588094
30.040000000,-20.306032549
30.050000000,-20.226493349
30.060000000,-20.146970543
30.070000000,-20.067464181
30.080000000,-19.987974312
30.090000000,-19.908500984
30.100000000,-19.829044248
30.110000000,-19.749604153
30.120000000,-19.670180746
30.130000000,-19.590774079
30.140000000,-19.511384198
30.150000000,-19.432011155
30.160000000,-19.352654997
30.170000000,-19.273315773
30.180000000,-19.193993532
30.190000000,-19.114688324
30.200000000,-19.035400196
30.210000000,-18.956129198
30.220000000,-18.876875378
30.230000000,-18.797638785
30.240000000,-18.718419467
30.250000000,-18.639217473
30.260000000,-18.560032852
30.270000000,-18.480865651
30.280000000,-18.401715920
30.290000000,-18.322583706
30.300000000,-18.243469059
30.310000000,-18.164372025
30.320000000,-18.085292654
30.330000000,-18.006230993
30.340000000,-17.927187092
30.350000000,-17.848160997
30.360000000,-17.769152756
30.370000000,-17.690162419
30.380000000,-17.611190033
30.390000000,-17.532235645
30.400000000,-17.453299303
30.410000000,-17.374381056
30.420000000,-17.295480951
30.430000000,-17.216599036
30.440000000,-17.137735359
30.450000000,-17.058889966
30.460000000,-16.980062906
30.470000000,-16.901254227
30.480000000,-16.822463975
30.490000000,-16.743692198
30.500000000,-16.664938943
30.510000000,-16.586204259
30.520000000,-16.507488191
30.530000000,-16.428790788
30.540000000,-16.350112096
30.550000000,-16.271452163
30.560000000,-16.192811036
30.570000000,-16.114188761
30.580000000,-16.035585387
30.590000000,-15.957000959
30.600000000,-15.878435525
30.610000000,-15.799889131
30.620000000,-15.721361825
30.630000000,-15.642853652
30.640000000,-15.564364661
30.650000000,-15.485894897
30.660000000,-15.407444407
30.670000000,-15.329013238
30.680000000,-15.250601435
30.690000000,-15.172209047
30.700000000,-15.093836118
30.710000000,-15.015482696
30.720000000,-14.937148826
30.730000000,-14.858834555
30.740000000,-14.780539929
30.750000000,-14.702264995
30.760000000,-14.624009798
30.770000000,-14.545774385
30.780000000,-14.467558801
30.790000000,-14.389363092
30.800000000,-14.311187305
30.810000000,-14.233031485
30.820000000,-14.154895679
30.830000000,-14.076779931
30.840000000,-13.998684287
30.850000000,-13.920608794
30.860000000,-13.842553496
30.870000000,-13.764518439
30.880000000,-13.686503670
30.890000000,-13.608509233
30.900000000,-13.530535173
30.910000000,-13.452581536
30.920000000,-13.374648368
30.930000000,-13.296735713
30.940000000,-13.218843617
30.950000000,-13.140972125
30.960000000,-13.063121282
30.970000000,-12.985291133
30.980000000,-12.907481723
30.990000000,-12.829693097
31.000000000,-12.751925300
31.010000000,-12.674178376
31.020000000,-12.596452371
31.030000000,-12.518747329
31.040000000,-12.441063294
31.050000000,-12.363400313
31.060000000,-12.285758428
31.070000000,-12.208137684
31.080000000,-12.130538127
31.090000000,-12.052959800
31.100000000,-11.975402748
31.110000000,-11.897867015
31.120000000,-11.820352645
31.130000000,-11.742859682
31.140000000,-11.665388171
31.150000000,-11.587938156
31.160000000,-11.510509680
31.170000000,-11.433102789
31.180000000,-11.355717524
31.190000000,-11.278353932
31.200000000,-11.201012054
31.210000000,-11.123691936
31.220000000,-11.046393620
31.230000000,-10.969117151
31.240000000,-10.891862572
31.250000000,-10.814629926
31.260000000,-10.737419257
31.270000000,-10.660230609
31.280000000,-10.583064025
31.290000000,-10.505919548
31.300000000,-10.428797221
31.310000000,-10.351697088
31.320000000,-10.274619192
31.330000000,-10.197563575
31.340000000,-10.120530282
31.350000000,-10.043519355
31.360000000,-9.966530836
31.370000000,-9.889564769
31.380000000,-9.812621197
31.390000000,-9.735700162
31.400000000,-9.658801707
31.410000000,-9.581925875
31.420000000,-9.505072708
31.430000000,-9.428242249
31.440000000,-9.351434541
31.450000000,-9.274649625
31.460000000,-9.197887544
31.470000000,-9.121148341
31.480000000,-9.044432058
31.490000000,-8.967738737
31.500000000,-8.891068419
31.510000000,-8.814421148
31.520000000,-8.737796965
31.530000000,-8.661195913
31.540000000,-8.584618032
31.550000000,-8.508063366
31.560000000,-8.431531955
31.570000000,-8.355023842
31.580000000,-8.278539068
31.590000000,-8.202077675
31.600000000,-8.125639705
31.610000000,-8.049225198
31.620000000,-7.972834197
31.630000000,-7.896466743
31.640000000,-7.820122877
31.650000000,-7.743802641
31.660000000,-7.667506075
31.670000000,-7.591233221
31.680000000,-7.514984121
31.690000000,-7.438758814
31.700000000,-7.362557343
31.710000000,-7.286379747
31.720000000,-7.210226069
31.730000000,-7.134096348
31.740000000,-7.057990626
31.750000000,-6.981908943
31.760000000,-6.905851339
31.770000000,-6.829817857
31.780000000,-6.753808535
31.790000000,-6.677823415
31.800000000,-6.601862537
31.810000000,-6.525925941
31.820000000,-6.450013667
31.830000000,-6.374125757
31.840000000,-6.298262249
31.850000000,-6.222423184
31.860000000,-6.146608603
31.870000000,-6.070818545
31.880000000,-5.995053050
31.890000000,-5.919312158
31.900000000,-5.843595908
31.910000000,-5.767904342
31.920000000,-5.692237497
31.930000000,-5.616595415
31.940000000,-5.540978133
31.950000000,-5.465385694
31.960000000,-5.389818134
31.970000000,-5.314275495
31.980000000,-5.238757814
31.990000000,-5.163265132
32.000000000,-5.087797488
32.010000000,-5.012354921
32.020000000,-4.936937470
32.030000000,-4.861545175
32.040000000,-4.786178073
32.050000000,-4.710836204
32.060000000,-4.635519607
32.070000000,-4.560228320
32.080000000,-4.484962384
32.090000000,-4.409721835
32.100000000,-4.334506712
32.110000000,-4.259317056
32.120000000,-4.184152902
32.130000000,-4.109014292
32.140000000,-4.033901261
32.150000000,-3.958813850
32.160000000,-3.883752095
32.170000000,-3.808716036
32.180000000,-3.733705711
32.190000000,-3.658721157
32.200000000,-3.583762412
32.210000000,-3.508829515
32.220000000,-3.433922504
32.230000000,-3.359041416
32.240000000,-3.284186288
32.250000000,-3.209357160
32.260000000,-3.134554067
32.270000000,-3.059777049
32.280000000,-2.985026142
32.290000000,-2.910301383
32.300000000,-2.835602811
32.310000000,-2.760930463
32.320000000,-2.686284376
32.330000000,-2.611664586
32.340000000,-2.537071132
32.350000000,-2.462504050
32.360000000,-2.387963377
32.370000000,-2.313449151
32.380000000,-2.238961408
32.390000000,-2.164500184
32.400000000,-2.090065518
32.410000000,-2.015657445
32.420000000,-1.941276002
32.430000000,-1.866921226
32.440000000,-1.792593153
32.450000000,-1.718291819
32.460000000,-1.644017262
32.470000000,-1.569769517
32.480000000,-1.495548621
32.490000000,-1.421354610
32.500000000,-1.347187520
32.510000000,-1.273047386
32.520000000,-1.198934246
32.530000000,-1.124848135
32.540000000,-1.050789089
32.550000000,-0.976757144
32.560000000,-0.902752335
32.570000000,-0.828774699
32.580000000,-0.754824270
32.590000000,-0.680901085
32.600000000,-0.607005179
32.610000000,-0.533136587
32.620000000,-0.459295346
32.630000000,-0.385481489
32.640000000,-0.311695052
32.650000000,-0.237936071
32.660000000,-0.164204581
32.670000000,-0.090500617
32.680000000,-0.016824213
32.690000000,0.056824595
32.700000000,0.130445772
32.710000000,0.204039284
32.720000000,0.277605096
32.730000000,0.351143173
32.740000000,0.424653480
32.750000000,0.498135984
32.760000000,0.571590649
32.770000000,0.645017441
32.780000000,0.718416326
32.790000000,0.791787269
32.800000000,0.865130237
32.810000000,0.938445194
32.820000000,1.011732108
32.830000000,1.084990943
32.840000000,1.158221667
32.850000000,1.231424244
32.860000000,1.304598642
32.870000000,1.377744826
32.880000000,1.450862762
32.890000000,1.523952418
32.900000000,1.597013759
32.910000000,1.670046752
32.920000000,1.743051363
32.930000000,1.816027560
32.940000000,1.888975308
32.950000000,1.961894575
32.960000000,2.034785327
32.970000000,2.107647531
32.980000000,2.180481154
32.990000000,2.253286163
33.000000000,2.326062525
33.010000000,2.398810208
33.020000000,2.471529178
33.030000000,2.544219402
33.040000000,2.616880849
33.050000000,2.689513485
33.060000000,2.762117278
33.070000000,2.834692195
33.080000000,2.907238204
33.090000000,2.979755273
33.100000000,3.052243370
33.110000000,3.124702461
33.120000000,3.197132515
33.130000000,3.269533500
33.140000000,3.341905384
33.150000000,3.414248135
33.160000000,3.486561721
33.170000000,3.558846109
33.180000000,3.631101270
33.190000000,3.703327170
33.200000000,3.775523778
33.210000000,3.847691062
33.220000000,3.919828992
33.230000000,3.991937535
33.240000000,4.064016660
33.250000000,4.136066336
33.260000000,4.208086532
33.270000000,4.280077216
33.280000000,4.352038358
33.290000000,4.423969926
33.300000000,4.495871889
33.310000000,4.567744217
33.320000000,4.639586878
33.330000000,4.711399842
33.340000000,4.783183079
33.350000000,4.854936557
33.360000000,4.926660245
33.370000000,4.998354114
33.380000000,5.070018134
33.390000000,5.141652272
33.400000000,5.213256500
33.410000000,5.284830787
33.420000000,5.356375103
33.430000000,5.427889417
33.440000000,5.499373701
33.450000000,5.570827923
33.460000000,5.642252053
33.470000000,5.713646063
33.480000000,5.785009922
33.490000000,5.856343600
33.500000000,5.927647068
33.510000000,5.998920296
33.520000000,6.070163255
33.530000000,6.141375915
33.540000000,6.212558247
33.550000000,6.283710221
33.560000000,6.354831809
33.570000000,6.425922981
33.580000000,6.496983708
33.590000000,6.568013961
33.600000000,6.639013710
33.610000000,6.709982928
33.620000000,6.780921585
33.630000000,6.851829652
33.640000000,6.922707102
33.650000000,6.993553904
33.660000000,7.064370030
33.670000000,7.135155452
33.680000000,7.205910142
33.690000000,7.276634071
33.700000000,7.347327211
33.710000000,7.417989533
33.720000000,7.488621010
33.730000000,7.559221612
33.740000000,7.629791313
33.750000000,7.700330084
33.760000000,7.770837898
33.770000000,7.841314726
33.780000000,7.911760540
33.790000000,7.982175313
33.800000000,8.052559018
33.810000000,8.122911626
33.820000000,8.193233111
33.830000000,8.263523444
33.840000000,8.333782598
33.850000000,8.404010547
33.860000000,8.474207262
33.870000000,8.544372717
33.880000000,8.614506884
33.890000000,8.684609737
33.900000000,8.754681248
33.910000000,8.824721391
33.920000000,8.894730138
33.930000000,8.964707463
33.940000000,9.034653340
33.950000000,9.104567741
33.960000000,9.174450640
33.970000000,9.244302010
33.980000000,9.314121825
33.990000000,9.383910059
34.000000000,9.453666686
34.010000000,9.523391678
34.020000000,9.593085011
34.030000000,9.662746657
34.040000000,9.732376591
34.050000000,9.801974786
34.060000000,9.871541218
34.070000000,9.941075859
34.080000000,10.010578685
34.090000000,10.080049669
34.100000000,10.149488787
34.110000000,10.218896011
34.120000000,10.288271317
34.130000000,10.357614680
34.140000000,10.426926074
34.150000000,10.496205473
34.160000000,10.565452853
34.170000000,10.634668188
34.180000000,10.703851454
34.190000000,10.773002624
34.200000000,10.842121675
34.210000000,10.911208581
34.220000000,10.980263318
34.230000000,11.049285860
34.240000000,11.118276183
34.250000000,11.187234262
34.260000000,11.256160074
34.270000000,11.325053592
34.280000000,11.393914794
34.290000000,11.462743654
34.300000000,11.531540148
34.310000000,11.600304252
34.320000000,11.669035942
34.330000000,11.737735193
34.340000000,11.806401982
34.350000000,11.875036285
34.360000000,11.943638078
34.370000000,12.012207336
34.380000000,12.080744037
34.390000000,12.149248157
34.400000000,12.217719671
34.410000000,12.286158557
34.420000000,12.354564790
34.430000000,12.422938348
34.440000000,12.491279207
34.450000000,12.559587344
34.460000000,12.627862735
34.470000000,12.696105358
34.480000000,12.764315189
34.490000000,12.832492205
34.500000000,12.900636383
34.510000000,12.968747701
34.520000000,13.036826136
34.530000000,13.104871664
34.540000000,13.172884264
34.550000000,13.240863912
34.560000000,13.308810586
34.570000000,13.376724264
34.580000000,13.444604922
34.590000000,13.512452539
34.600000000,13.580267093
34.610000000,13.648048561
34.620000000,13.715796921
34.630000000,13.783512151
34.640000000,13.851194229
34.650000000,13.918843133
34.660000000,13.986458841
34.670000000,14.054041331
34.680000000,14.121590582
34.690000000,14.189106572
34.700000000,14.256589279
34.710000000,14.324038681
34.720000000,14.391454758
34.730000000,14.458837488
34.740000000,14.526186849
34.750000000,14.593502820
34.760000000,14.660785380
34.770000000,14.728034508
34.780000000,14.795250182
34.790000000,14.862432383
34.800000000,14.929581088
34.810000000,14.996696276
34.820000000,15.063777928
34.830000000,15.130826022
34.840000000,15.197840538
34.850000000,15.264821455
34.860000000,15.331768752
34.870000000,15.398682409
34.880000000,15.465562405
34.890000000,15.532408721
34.900000000,15.599221335
34.910000000,15.666000229
34.920000000,15.732745380
34.930000000,15.799456771
34.940000000,15.866134379
34.950000000,15.932778186
34.960000000,15.999388172
34.970000000,16.065964316
34.980000000,16.132506599
34.990000000,16.199015002
35.000000000,16.265489504
35.010000000,16.331930087
35.020000000,16.398336730
35.030000000,16.464709414
35.040000000,16.531048121
35.050000000,16.597352829
35.060000000,16.663623522
35.070000000,16.729860178
35.080000000,16.796062780
35.090000000,16.862231307
35.100000000,16.928365742
35.110000000,16.994466065
35.120000000,17.060532257
35.130000000,17.126564300
35.140000000,17.192562175
35.150000000,17.258525864
35.160000000,17.324455347
35.170000000,17.390350606
35.180000000,17.456211624
35.190000000,17.522038380
35.200000000,17.587830858
35.210000000,17.653589039
35.220000000,17.719312905
35.230000000,17.785002438
35.240000000,17.850657619
35.250000000,17.916278430
35.260000000,17.981864855
35.270000000,18.047416875
35.280000000,18.112934471
35.290000000,18.178417628
35.300000000,18.243866326
35.310000000,18.309280548
35.320000000,18.374660277
35.330000000,18.440005496
35.340000000,18.505316186
35.350000000,18.570592331
35.360000000,18.635833914
35.370000000,18.701040916
35.380000000,18.766213322
35.390000000,18.831351114
35.400000000,18.896454275
35.410000000,18.961522788
35.420000000,19.026556636
35.430000000,19.091555803
35.440000000,19.156520272
35.450000000,19.221450026
35.460000000,19.286345048
35.470000000,19.351205322
35.480000000,19.416030832
35.490000000,19.480821561
35.500000000,19.545577493
35.510000000,19.610298612
35.520000000,19.674984900
35.530000000,19.739636343
35.540000000,19.804252925
35.550000000,19.868834628
35.560000000,19.933381438
35.570000000,19.997893337
35.580000000,20.062370312
35.590000000,20.126812345
35.600000000,20.191219421
35.610000000,20.255591525
35.620000000,20.319928641
35.630000000,20.384230753
35.640000000,20.448497846
35.650000000,20.512729905
35.660000000,20.576926914
35.670000000,20.641088859
35.680000000,20.705215723
35.690000000,20.769307492
35.700000000,20.833364152
35.710000000,20.897385686
35.720000000,20.961372080
35.730000000,21.025323319
35.740000000,21.089239388
35.750000000,21.153120273
35.760000000,21.216965960
35.770000000,21.280776432
35.780000000,21.344551677
35.790000000,21.408291679
35.800000000,21.471996424
35.810000000,21.535665897
35.820000000,21.599300085
35.830000000,21.662898974
35.840000000,21.726462548
35.850000000,21.789990795
35.860000000,21.853483700
35.870000000,21.916941249
35.880000000,21.980363428
35.890000000,22.043750223
35.900000000,22.107101621
35.910000000,22.170417608
35.920000000,22.233698171
35.930000000,22.296943295
35.940000000,22.360152968
35.950000000,22.423327175
35.960000000,22.486465904
35.970000000,22.549569141
35.980000000,22.612636874
35.990000000,22.675669087
36.000000000,22.738665770
36.010000000,22.801626908
36.020000000,22.864552489
36.030000000,22.927442499
36.040000000,22.990296927
36.050000000,23.053115758
36.060000000,23.115898981
36.070000000,23.178646582
36.080000000,23.241358549
36.090000000,23.304034870
36.100000000,23.366675532
36.110000000,23.429280522
36.120000000,23.491849829
36.130000000,23.554383439
36.140000000,23.616881341
36.150000000,23.679343523
36.160000000,23.741769972
36.170000000,23.804160676
36.180000000,23.866515624
36.190000000,23.928834803
36.200000000,23.991118202
36.210000000,24.053365809
36.220000000,24.115577612
36.230000000,24.177753599
36.240000000,24.239893759
36.250000000,24.301998080
36.260000000,24.364066551
36.270000000,24.426099161
36.280000000,24.488095897
36.290000000,24.550056750
36.300000000,24.611981706
36.310000000,24.673870756
36.320000000,24.735723889
36.330000000,24.797541092
36.340000000,24.859322356
36.350000000,24.921067668
36.360000000,24.982777020
36.370000000,25.044450398
36.380000000,25.106087794
36.390000000,25.167689196
36.400000000,25.229254593
36.410000000,25.290783976
36.420000000,25.352277333
36.430000000,25.413734654
36.440000000,25.475155929
36.450000000,25.536541147
36.460000000,25.597890299
36.470000000,25.659203373
36.480000000,25.720480361
36.490000000,25.781721251
36.500000000,25.842926034
36.510000000,25.904094700
36.520000000,25.965227239
36.530000000,26.026323641
36.540000000,26.087383897
36.550000000,26.148407996
36.560000000,26.209395930
36.570000000,26.270347688
36.580000000,26.331263261
36.590000000,26.392142640
36.600000000,26.452985814
36.610000000,26.513792776
36.620000000,26.574563515
36.630000000,26.635298023
36.640000000,26.695996290
36.650000000,26.756658307
36.660000000,26.817284066
36.670000000,26.877873556
36.680000000,26.938426770
36.690000000,26.998943698
36.700000000,27.059424332
36.710000000,27.119868662
36.720000000,27.180276681
36.730000000,27.240648380
36.740000000,27.300983750
36.750000000,27.361282782
36.760000000,27.421545468
36.770000000,27.481771801
36.780000000,27.541961771
36.790000000,27.602115370
36.800000000,27.662232590
36.810000000,27.722313423
36.820000000,27.782357861
36.830000000,27.842365896
36.840000000,27.902337520
36.850000000,27.962272725
36.860000000,28.022171503
36.870000000,28.082033847
36.880000000,28.141859748
36.890000000,28.201649199
36.900000000,28.261402193
36.910000000,28.321118722
36.920000000,28.380798779
36.930000000,28.440442355
36.940000000,28.500049445
36.950000000,28.559620039
36.960000000,28.619154132
36.970000000,28.678651716
36.980000000,28.738112784
36.990000000,28.797537329
37.000000000,28.856925343
37.010000000,28.916276821
37.020000000,28.975591754
37.030000000,29.034870137
37.040000000,29.094111962
37.050000000,29.153317222
37.060000000,29.212485912
37.070000000,29.271618024
37.080000000,29.330713552
37.090000000,29.389772490
37.100000000,29.448794831
37.110000000,29.507780568
37.120000000,29.566729696
37.130000000,29.625642207
37.140000000,29.684518097
37.150000000,29.743357359
37.160000000,29.802159986
37.170000000,29.860925973
37.180000000,29.919655313
37.190000000,29.978348002
37.200000000,30.037004032
37.210000000,30.095623399
37.220000000,30.154206096
37.230000000,30.212752119
37.240000000,30.271261460
37.250000000,30.329734115
37.260000000,30.388170078
37.270000000,30.446569344
37.280000000,30.504931907
37.290000000,30.563257762
37.300000000,30.621546904
37.310000000,30.679799328
37.320000000,30.738015028
37.330000000,30.796193999
37.340000000,30.854336236
37.350000000,30.912441735
37.360000000,30.970510490
37.370000000,31.028542496
37.380000000,31.086537749
37.390000000,31.144496244
37.400000000,31.202417976
37.410000000,31.260302941
37.420000000,31.318151133
37.430000000,31.375962549
37.440000000,31.433737184
37.450000000,31.491475033
37.460000000,31.549176093
37.470000000,31.606840358
37.480000000,31.664467825
37.490000000,31.722058489
37.500000000,31.779612346
37.510000000,31.837129392
37.520000000,31.894609624
37.530000000,31.952053036
37.540000000,32.009459626
37.550000000,32.066829389
37.560000000,32.124162321
37.570000000,32.181458420
37.580000000,32.238717680
37.590000000,32.295940099
37.600000000,32.353125672
37.610000000,32.410274397
37.620000000,32.467386270
37.630000000,32.524461287
37.640000000,32.581499445
37.650000000,32.638500740
37.660000000,32.695465170
37.670000000,32.752392731
37.680000000,32.809283421
37.690000000,32.866137235
37.700000000,32.922954171
37.710000000,32.979734226
37.720000000,33.036477397
37.730000000,33.093183681
37.740000000,33.149853076
37.750000000,33.206485578
37.760000000,33.263081184
37.770000000,33.319639893
37.780000000,33.376161702
37.790000000,33.432646607
37.800000000,33.489094607
37.810000000,33.545505698
37.820000000,33.601879880
37.830000000,33.658217148
37.840000000,33.714517502
37.850000000,33.770780938
37.860000000,33.827007455
37.870000000,33.883197051
37.880000000,33.939349723
37.890000000,33.995465469
37.900000000,34.051544287
37.910000000,34.107586176
37.920000000,34.163591134
37.930000000,34.219559158
37.940000000,34.275490247
37.950000000,34.331384400
37.960000000,34.387241614
37.970000000,34.443061889
37.980000000,34.498845222
37.990000000,34.554591612
38.000000000,34.610301058
38.010000000,34.665973557
38.020000000,34.721609110
38.030000000,34.777207714
38.040000000,34.832769369
38.050000000,34.888294073
38.060000000,34.943781825
38.070000000,34.999232624
38.080000000,35.054646469
38.090000000,35.110023359
38.100000000,35.165363293
38.110000000,35.220666270
38.120000000,35.275932290
38.130000000,35.331161351
38.140000000,35.386353453
38.150000000,35.441508595
38.160000000,35.496626777
38.170000000,35.551707999
38.180000000,35.606752258
38.190000000,35.661759556
38.200000000,35.716729892
38.210000000,35.771663265
38.220000000,35.826559675
38.230000000,35.881419122
38.240000000,35.936241605
38.250000000,35.991027125
38.260000000,36.045775682
38.270000000,36.100487274
38.280000000,36.155161903
38.290000000,36.209799569
38.300000000,36.264400271
38.310000000,36.318964009
38.320000000,36.373490784
38.330000000,36.427980597
38.340000000,36.482433447
38.350000000,36.536849335
38.360000000,36.591228260
38.370000000,36.645570225
38.380000000,36.699875228
38.390000000,36.754143272
38.400000000,36.808374355
38.410000000,36.862568480
38.420000000,36.916725646
38.430000000,36.970845855
38.440000000,37.024929106
38.450000000,37.078975402
38.460000000,37.132984743
38.470000000,37.186957130
38.480000000,37.240892563
38.490000000,37.294791045
38.500000000,37.348652576
38.510000000,37.402477157
38.520000000,37.456264789
38.530000000,37.510015474
38.540000000,37.563729213
38.550000000,37.617406007
38.560000000,37.671045858
38.570000000,37.724648767
38.580000000,37.778214736
38.590000000,37.831743766
38.600000000,37.885235858
38.610000000,37.938691015
38.620000000,37.992109238
38.630000000,38.045490529
38.640000000,38.098834890
38.650000000,38.152142321
38.660000000,38.205412827
38.670000000,38.258646407
38.680000000,38.311843064
38.690000000,38.365002801
38.700000000,38.418125619
38.710000000,38.471211520
38.720000000,38.524260507
38.730000000,38.577272582
38.740000000,38.630247746
38.750000000,38.683186003
38.760000000,38.736087355
38.770000000,38.788951804
38.780000000,38.841779352
38.790000000,38.894570002
38.800000000,38.947323757
38.810000000,39.000040618
38.820000000,39.052720590
38.830000000,39.105363674
38.840000000,39.157969873
38.850000000,39.210539190
38.860000000,39.263071628
38.870000000,39.315567190
38.880000000,39.368025878
38.890000000,39.420447695
38.900000000,39.472832645
38.910000000,39.525180731
38.920000000,39.577491955
38.930000000,39.629766321
38.940000000,39.682003832
38.950000000,39.734204492
38.960000000,39.786368302
38.970000000,39.838495268
38.980000000,39.890585392
38.990000000,39.942638677
39.000000000,39.994655128
39.010000000,40.046634747
39.020000000,40.098577538
39.030000000,40.150483505
39.040000000,40.202352652
39.050000000,40.254184981
39.060000000,40.305980498
39.070000000,40.357739205
39.080000000,40.409461106
39.090000000,40.461146206
39.100000000,40.512794508
39.110000000,40.564406017
39.120000000,40.615980735
39.130000000,40.667518668
39.140000000,40.719019819
39.150000000,40.770484192
39.160000000,40.821911792
39.170000000,40.873302623
39.180000000,40.924656690
39.190000000,40.975973995
39.200000000,41.027254545
39.210000000,41.078498343
39.220000000,41.129705393
39.230000000,41.180875701
39.240000000,41.232009270
39.250000000,41.283106106
39.260000000,41.334166213
39.270000000,41.385189595
39.280000000,41.436176258
39.290000000,41.487126205
39.300000000,41.538039443
39.310000000,41.588915975
39.320000000,41.639755807
39.330000000,41.690558943
39.340000000,41.741325389
39.350000000,41.792055149
39.360000000,41.842748229
39.370000000,41.893404633
39.380000000,41.944024368
39.390000000,41.994607437
39.400000000,42.045153847
39.410000000,42.095663602
39.420000000,42.146136707
39.430000000,42.196573169
39.440000000,42.246972993
39.450000000,42.297336183
39.460000000,42.347662746
39.470000000,42.397952687
39.480000000,42.448206011
39.490000000,42.498422725
39.500000000,42.548602833
39.510000000,42.598746342
39.520000000,42.648853257
39.530000000,42.698923585
39.540000000,42.748957330
39.550000000,42.798954498
39.560000000,42.848915097
39.570000000,42.898839130
39.580000000,42.948726606
39.590000000,42.998577529
39.600000000,43.048391905
39.610000000,43.098169741
39.620000000,43.147911043
39.630000000,43.197615817
39.640000000,43.247284070
39.650000000,43.296915807
39.660000000,43.346511034
39.670000000,43.396069759
39.680000000,43.445591988
39.690000000,43.495077726
39.700000000,43.544526981
39.710000000,43.593939760
39.720000000,43.643316067
39.730000000,43.692655911
39.740000000,43.741959298
39.750000000,43.791226234
39.760000000,43.840456726
39.770000000,43.889650781
39.780000000,43.938808406
39.790000000,43.987929608
39.800000000,44.037014393
39.810000000,44.086062768
39.820000000,44.135074740
39.830000000,44.184050317
39.840000000,44.232989506
39.850000000,44.281892312
39.860000000,44.330758744
39.870000000,44.379588809
39.880000000,44.428382514
39.890000000,44.477139865
39.900000000,44.525860871
39.910000000,44.574545539
39.920000000,44.623193876
39.930000000,44.671805889
39.940000000,44.720381585
39.950000000,44.768920973
39.960000000,44.817424060
39.970000000,44.865890853
39.980000000,44.914321360
39.990000000,44.962715589
40.000000000,45.011073546
40.010000000,44.999995240
40.020000000,44.988925244
40.030000000,44.977863550
40.040000000,44.966810150
40.050000000,44.955765038
40.060000000,44.944728206
40.070000000,44.933699647
40.080000000,44.922679354
40.090000000,44.911667319
40.100000000,44.900663536
40.110000000,44.889667998
40.120000000,44.878680696
40.130000000,44.867701624
40.140000000,44.856730775
40.150000000,44.845768141
40.160000000,44.834813716
40.170000000,44.823867492
40.180000000,44.812929462
40.190000000,44.801999619
40.200000000,44.791077956
40.210000000,44.780164466
40.220000000,44.769259141
40.230000000,44.758361975
40.240000000,44.747472960
40.250000000,44.736592090
40.260000000,44.725719357
40.270000000,44.714854754
40.280000000,44.703998274
40.290000000,44.693149910
40.300000000,44.682309655
40.310000000,44.671477502
40.320000000,44.660653445
40.330000000,44.649837475
40.340000000,44.639029586
40.350000000,44.628229771
40.360000000,44.617438022
40.370000000,44.606654334
40.380000000,44.595878699
40.390000000,44.585111109
40.400000000,44.574351559
40.410000000,44.563600040
40.420000000,44.552856546
40.430000000,44.542121071
40.440000000,44.531393607
40.450000000,44.520674146
40.460000000,44.509962684
40.470000000,44.499259211
40.480000000,44.488563722
40.490000000,44.477876209
40.500000000,44.467196666
40.510000000,44.456525086
40.520000000,44.445861461
40.530000000,44.435205786
40.540000000,44.424558052
40.550000000,44.413918254
40.560000000,44.403286384
40.570000000,44.392662436
40.580000000,44.382046402
40.590000000,44.371438276
40.600000000,44.360838051
40.610000000,44.350245720
40.620000000,44.339661277
40.630000000,44.329084714
40.640000000,44.318516025
40.650000000,44.307955203
40.660000000,44.297402241
40.670000000,44.286857133
40.680000000,44.276319871
40.690000000,44.265790449
40.700000000,44.255268860
40.710000000,44.244755097
40.720000000,44.234249154
40.730000000,44.223751024
40.740000000,44.213260700
40.750000000,44.202778176
40.760000000,44.192303444
40.770000000,44.181836498
40.780000000,44.171377331
40.790000000,44.160925938
40.800000000,44.150482310
40.810000000,44.140046441
40.820000000,44.129618325
40.830000000,44.119197954
40.840000000,44.108785323
40.850000000,44.098380425
40.860000000,44.087983252
40.870000000,44.077593799
40.880000000,44.067212059
40.890000000,44.056838024
40.900000000,44.046471689
40.910000000,44.036113047
40.920000000,44.025762091
40.930000000,44.015418815
40.940000000,44.005083212
40.950000000,43.994755275
40.960000000,43.984434998
40.970000000,43.974122374
40.980000000,43.963817397
40.990000000,43.953520061
41.000000000,43.943230358
41.010000000,43.932948282
41.020000000,43.922673826
41.030000000,43.912406985
41.040000000,43.902147751
41.050000000,43.891896118
41.060000000,43.881652080
41.070000000,43.871415630
41.080000000,43.861186761
41.090000000,43.850965467
41.100000000,43.840751742
41.110000000,43.830545579
41.120000000,43.820346971
41.130000000,43.810155913
41.140000000,43.799972397
41.150000000,43.789796417
41.160000000,43.779627967
41.170000000,43.769467041
41.180000000,43.759313631
41.190000000,43.749167733
41.200000000,43.739029338
41.210000000,43.728898440
41.220000000,43.718775035
41.230000000,43.708659113
41.240000000,43.698550671
41.250000000,43.688449701
41.260000000,43.678356196
41.270000000,43.668270151
41.280000000,43.658191559
41.290000000,43.648120413
41.300000000,43.638056708
41.310000000,43.628000437
41.320000000,43.617951593
41.330000000,43.607910171
41.340000000,43.597876163
41.350000000,43.587849565
41.360000000,43.577830369
41.370000000,43.567818568
41.380000000,43.557814158
41.390000000,43.547817131
41.400000000,43.537827482
41.410000000,43.527845203
41.420000000,43.517870289
41.430000000,43.507902733
41.440000000,43.497942530
41.450000000,43.487989672
41.460000000,43.478044154
41.470000000,43.468105969
41.480000000,43.458175112
41.490000000,43.448251576
41.500000000,43.438335354
41.510000000,43.428426441
41.520000000,43.418524830
41.530000000,43.408630515
41.540000000,43.398743490
41.550000000,43.388863749
41.560000000,43.378991286
41.570000000,43.369126094
41.580000000,43.359268167
41.590000000,43.349417499
41.600000000,43.339574084
41.610000000,43.329737916
41.620000000,43.319908989
41.630000000,43.310087296
41.640000000,43.300272831
41.650000000,43.290465588
41.660000000,43.280665562
41.670000000,43.270872746
41.680000000,43.261087133
41.690000000,43.251308719
41.700000000,43.241537496
41.710000000,43.231773459
41.720000000,43.222016601
41.730000000,43.212266917
41.740000000,43.202524400
41.750000000,43.192789045
41.760000000,43.183060844
41.770000000,43.173339793
41.780000000,43.163625886
41.790000000,43.153919115
41.800000000,43.144219476
41.810000000,43.134526962
41.820000000,43.124841566
41.830000000,43.115163284
41.840000000,43.105492109
41.850000000,43.095828035
41.860000000,43.086171057
41.870000000,43.076521167
41.880000000,43.066878360
41.890000000,43.057242631
41.900000000,43.047613973
41.910000000,43.037992380
41.920000000,43.028377846
41.930000000,43.018770365
41.940000000,43.009169932
41.950000000,42.999576541
41.960000000,42.989990185
41.970000000,42.980410858
41.980000000,42.970838555
41.990000000,42.961273270
42.000000000,42.951714997
42.010000000,42.942163729
42.020000000,42.932619462
42.030000000,42.923082189
42.040000000,42.913551904
42.050000000,42.904028601
42.060000000,42.894512275
42.070000000,42.885002920
42.080000000,42.875500529
42.090000000,42.866005098
42.100000000,42.856516619
42.110000000,42.847035088
42.120000000,42.837560498
42.130000000,42.828092844
42.140000000,42.818632119
42.150000000,42.809178318
42.160000000,42.799731436
42.170000000,42.790291466
42.180000000,42.780858402
42.190000000,42.771432239
42.200000000,42.762012971
42.210000000,42.752600592
42.220000000,42.743195097
42.230000000,42.733796479
42.240000000,42.724404733
42.250000000,42.715019853
42.260000000,42.705641833
42.270000000,42.696270668
42.280000000,42.686906352
42.290000000,42.677548879
42.300000000,42.668198243
42.310000000,42.658854439
42.320000000,42.649517461
42.330000000,42.640187303
42.340000000,42.630863960
42.350000000,42.621547425
42.360000000,42.612237693
42.370000000,42.602934759
42.380000000,42.593638617
42.390000000,42.584349261
42.400000000,42.575066685
42.410000000,42.565790883
42.420000000,42.556521851
42.430000000,42.547259582
42.440000000,42.538004071
42.450000000,42.528755312
42.460000000,42.519513300
42.470000000,42.510278028
42.480000000,42.501049491
42.490000000,42.491827685
42.500000000,42.482612602
42.510000000,42.473404237
42.520000000,42.464202585
42.530000000,42.455007640
42.540000000,42.445819397
42.550000000,42.436637850
42.560000000,42.427462993
42.570000000,42.418294821
42.580000000,42.409133328
42.590000000,42.399978509
42.600000000,42.390830358
42.610000000,42.381688870
42.620000000,42.372554038
42.630000000,42.363425858
42.640000000,42.354304324
42.650000000,42.345189431
42.660000000,42.336081172
42.670000000,42.326979542
42.680000000,42.317884537
42.690000000,42.308796149
42.700000000,42.299714375
42.710000000,42.290639208
42.720000000,42.281570642
42.730000000,42.272508673
42.740000000,42.263453295
42.750000000,42.254404502
42.760000000,42.245362289
42.770000000,42.236326651
42.780000000,42.227297581
42.790000000,42.218275075
42.800000000,42.209259127
42.810000000,42.200249732
42.820000000,42.191246884
42.830000000,42.182250577
42.840000000,42.173260807
42.850000000,42.164277568
42.860000000,42.155300854
42.870000000,42.146330661
42.880000000,42.137366982
42.890000000,42.128409812
42.900000000,42.119459146
42.910000000,42.110514979
42.920000000,42.101577305
42.930000000,42.092646118
42.940000000,42.083721414
42.950000000,42.074803187
42.960000000,42.065891431
42.970000000,42.056986142
42.980000000,42.048087313
42.990000000,42.039194940
43.000000000,42.030309018
43.010000000,42.021429540
43.020000000,42.012556501
43.030000000,42.003689897
43.040000000,41.994829722
43.050000000,41.985975970
43.060000000,41.977128637
43.070000000,41.968287717
43.080000000,41.959453204
43.090000000,41.950625093
43.100000000,41.941803380
43.110000000,41.932988058
43.120000000,41.924179123
43.130000000,41.915376570
43.140000000,41.906580392
43.150000000,41.897790585
43.160000000,41.889007143
43.170000000,41.880230061
43.180000000,41.871459335
43.190000000,41.862694958
43.200000000,41.853936925
43.210000000,41.845185232
43.220000000,41.836439873
43.230000000,41.827700843
43.240000000,41.818968136
43.250000000,41.810241748
43.260000000,41.801521672
43.270000000,41.792807905
43.280000000,41.784100440
43.290000000,41.775399273
43.300000000,41.766704399
43.310000000,41.758015811
43.320000000,41.749333506
43.330000000,41.740657477
43.340000000,41.731987720
43.350000000,41.723324230
43.360000000,41.714667001
43.370000000,41.706016028
43.380000000,41.697371306
43.390000000,41.688732830
43.400000000,41.680100595
43.410000000,41.671474596
43.420000000,41.662854827
43.430000000,41.654241284
43.440000000,41.645633961
43.450000000,41.637032853
43.460000000,41.628437955
43.470000000,41.619849262
43.480000000,41.611266770
43.490000000,41.602690472
43.500000000,41.594120363
43.510000000,41.585556440
43.520000000,41.576998695
43.530000000,41.568447126
43.540000000,41.559901726
43.550000000,41.551362490
43.560000000,41.542829414
43.570000000,41.534302491
43.580000000,41.525781718
43.590000000,41.517267090
43.600000000,41.508758600
43.610000000,41.500256245
43.620000000,41.491760018
43.630000000,41.483269916
43.640000000,41.474785933
43.650000000,41.466308063
43.660000000,41.457836303
43.670000000,41.449370647
43.680000000,41.440911090
43.690000000,41.432457627
43.700000000,41.424010253
43.710000000,41.415568964
43.720000000,41.407133753
43.730000000,41.398704616
43.740000000,41.390281549
43.750000000,41.381864546
43.760000000,41.373453602
43.770000000,41.365048713
43.780000000,41.356649872
43.790000000,41.348257077
43.800000000,41.339870320
43.810000000,41.331489599
43.820000000,41.323114907
43.830000000,41.314746239
43.840000000,41.306383592
43.850000000,41.298026959
43.860000000,41.289676336
43.870000000,41.281331719
43.880000000,41.272993101
43.890000000,41.264660479
43.900000000,41.256333847
43.910000000,41.248013201
43.920000000,41.239698535
43.930000000,41.231389845
43.940000000,41.223087126
43.950000000,41.214790373
43.960000000,41.206499581
43.970000000,41.198214745
43.980000000,41.189935861
43.990000000,41.181662923
44.000000000,41.173395927
44.010000000,41.165134868
44.020000000,41.156879741
44.030000000,41.148630541
44.040000000,41.140387264
44.050000000,41.132149904
44.060000000,41.123918458
44.070000000,41.115692919
44.080000000,41.107473283
44.090000000,41.099259546
44.100000000,41.091051702
44.110000000,41.082849747
44.120000000,41.074653676
44.130000000,41.066463484
44.140000000,41.058279167
44.150000000,41.050100720
44.160000000,41.041928137
44.170000000,41.033761414
44.180000000,41.025600547
44.190000000,41.017445531
44.200000000,41.009296360
44.210000000,41.001153031
44.220000000,40.993015538
44.230000000,40.984883877
44.240000000,40.976758042
44.250000000,40.968638030
44.260000000,40.960523835
44.270000000,40.952415453
44.280000000,40.944312880
44.290000000,40.936216109
44.300000000,40.928125137
44.310000000,40.920039959
44.320000000,40.911960571
44.330000000,40.903886967
44.340000000,40.895819143
44.350000000,40.887757094
44.360000000,40.879700815
44.370000000,40.871650303
44.380000000,40.863605551
44.390000000,40.855566557
44.400000000,40.847533314
44.410000000,40.839505818
44.420000000,40.831484065
44.430000000,40.823468049
44.440000000,40.815457767
44.450000000,40.807453214
44.460000000,40.799454385
44.470000000,40.791461275
44.480000000,40.783473880
44.490000000,40.775492195
44.500000000,40.767516216
44.510000000,40.759545937
44.520000000,40.751581355
44.530000000,40.743622464
44.540000000,40.735669261
44.550000000,40.727721740
44.560000000,40.719779898
44.570000000,40.711843728
44.580000000,40.703913227
44.590000000,40.695988391
44.600000000,40.688069214
44.610000000,40.680155693
44.620000000,40.672247821
44.630000000,40.664345596
44.640000000,40.656449012
44.650000000,40.648558066
44.660000000,40.640672751
44.670000000,40.632793064
44.680000000,40.624919001
44.690000000,40.617050556
44.700000000,40.609187725
44.710000000,40.601330504
44.720000000,40.593478889
44.730000000,40.585632873
44.740000000,40.577792454
44.750000000,40.569957627
44.760000000,40.562128387
44.770000000,40.554304729
44.780000000,40.546486650
44.790000000,40.538674144
44.800000000,40.530867208
44.810000000,40.523065836
44.820000000,40.515270024
44.830000000,40.507479768
44.840000000,40.499695064
44.850000000,40.491915906
44.860000000,40.484142291
44.870000000,40.476374213
44.880000000,40.468611669
44.890000000,40.460854654
44.900000000,40.453103164
44.910000000,40.445357194
44.920000000,40.437616739
44.930000000,40.429881796
44.940000000,40.422152360
44.950000000,40.414428426
44.960000000,40.406709990
44.970000000,40.398997048
44.980000000,40.391289595
44.990000000,40.383587627
45.000000000,40.375891140
45.010000000,40.368200128
45.020000000,40.360514588
45.030000000,40.352834515
45.040000000,40.345159905
45.050000000,40.337490754
45.060000000,40.329827057
45.070000000,40.322168810
45.080000000,40.314516007
45.090000000,40.306868646
45.100000000,40.299226722
45.110000000,40.291590230
45.120000000,40.283959166
45.130000000,40.276333526
45.140000000,40.268713305
45.150000000,40.261098499
45.160000000,40.253489103
45.170000000,40.245885114
45.180000000,40.238286527
45.190000000,40.230693337
45.200000000,40.223105541
45.210000000,40.215523134
45.220000000,40.207946111
45.230000000,40.200374469
45.240000000,40.192808203
45.250000000,40.185247309
45.260000000,40.177691783
45.270000000,40.170141620
45.280000000,40.162596815
45.290000000,40.155057366
45.300000000,40.147523267
45.310000000,40.139994514
45.320000000,40.132471103
45.330000000,40.124953029
45.340000000,40.117440289
45.350000000,40.109932878
45.360000000,40.102430792
45.370000000,40.094934026
45.380000000,40.087442577
45.390000000,40.079956440
45.400000000,40.072475611
45.410000000,40.065000086
45.420000000,40.057529860
45.430000000,40.050064929
45.440000000,40.042605289
45.450000000,40.035150936
45.460000000,40.027701866
45.470000000,40.020258074
45.480000000,40.012819556
45.490000000,40.005386308
45.500000000,39.997958326
45.510000000,39.990535605
45.520000000,39.983118142
45.530000000,39.975705932
45.540000000,39.968298972
45.550000000,39.960897256
45.560000000,39.953500780
45.570000000,39.946109542
45.580000000,39.938723535
45.590000000,39.931342757
45.600000000,39.923967203
45.610000000,39.916596869
45.620000000,39.909231750
45.630000000,39.901871844
45.640000000,39.894517144
45.650000000,39.887167648
45.660000000,39.879823351
45.670000000,39.872484250
45.680000000,39.865150339
45.690000000,39.857821615
45.700000000,39.850498074
45.710000000,39.843179711
45.720000000,39.835866523
45.730000000,39.828558505
45.740000000,39.821255654
45.750000000,39.813957965
45.760000000,39.806665434
45.770000000,39.799378057
45.780000000,39.792095829
45.790000000,39.784818748
45.800000000,39.777546809
45.810000000,39.770280007
45.820000000,39.763018339
45.830000000,39.755761800
45.840000000,39.748510387
45.850000000,39.741264095
45.860000000,39.734022921
45.870000000,39.726786860
45.880000000,39.719555908
45.890000000,39.712330061
45.900000000,39.705109316
45.910000000,39.697893668
45.920000000,39.690683113
45.930000000,39.683477647
45.940000000,39.676277267
45.950000000,39.669081967
45.960000000,39.661891744
45.970000000,39.654706594
45.980000000,39.647526514
45.990000000,39.640351498
46.000000000,39.633181544
46.010000000,39.626016646
46.020000000,39.618856802
46.030000000,39.611702006
46.040000000,39.604552256
46.050000000,39.597407546
46.060000000,39.590267874
46.070000000,39.583133235
46.080000000,39.576003624
46.090000000,39.568879039
46.100000000,39.561759476
46.110000000,39.554644929
46.120000000,39.547535396
46.130000000,39.540430872
46.140000000,39.533331353
46.150000000,39.526236836
46.160000000,39.519147317
46.170000000,39.512062791
46.180000000,39.504983254
46.190000000,39.497908703
46.200000000,39.490839134
46.210000000,39.483774543
46.220000000,39.476714926
46.230000000,39.469660278
46.240000000,39.462610597
46.250000000,39.455565878
46.260000000,39.448526117
46.270000000,39.441491311
46.280000000,39.434461454
46.290000000,39.427436545
46.300000000,39.420416578
46.310000000,39.413401550
46.320000000,39.406391457
46.330000000,39.399386295
46.340000000,39.392386060
46.350000000,39.385390748
46.360000000,39.378400356
46.370000000,39.371414879
46.380000000,39.364434313
46.390000000,39.357458656
46.400000000,39.350487903
46.410000000,39.343522049
46.420000000,39.336561092
46.430000000,39.329605027
46.440000000,39.322653851
46.450000000,39.315707560
46.460000000,39.308766149
46.470000000,39.301829616
46.480000000,39.294897955
46.490000000,39.287971164
46.500000000,39.281049239
46.510000000,39.274132175
46.520000000,39.267219970
46.530000000,39.260312618
46.540000000,39.253410117
46.550000000,39.246512462
46.560000000,39.239619650
46.570000000,39.232731677
46.580000000,39.225848540
46.590000000,39.218970233
46.600000000,39.212096754
46.610000000,39.205228099
46.620000000,39.198364264
46.630000000,39.191505245
46.640000000,39.184651038
46.650000000,39.177801641
46.660000000,39.170957048
46.670000000,39.164117256
46.680000000,39.157282262
46.690000000,39.150452061
46.700000000,39.143626650
46.710000000,39.136806026
46.720000000,39.129990184
46.730000000,39.123179120
46.740000000,39.116372831
46.750000000,39.109571314
46.760000000,39.102774564
46.770000000,39.095982578
46.780000000,39.089195352
46.790000000,39.082412882
46.800000000,39.075635164
46.810000000,39.068862196
46.820000000,39.062093973
46.830000000,39.055330491
46.840000000,39.048571747
46.850000000,39.041817737
46.860000000,39.035068457
46.870000000,39.028323904
46.880000000,39.021584074
46.890000000,39.014848963
46.900000000,39.008118568
46.910000000,39.001392885
46.920000000,38.994671910
46.930000000,38.987955639
46.940000000,38.981244070
46.950000000,38.974537197
46.960000000,38.967835019
46.970000000,38.961137530
46.980000000,38.954444727
46.990000000,38.947756607
47.000000000,38.941073166
47.010000000,38.934394400
47.020000000,38.927720306
47.030000000,38.921050880
47.040000000,38.914386119
47.050000000,38.907726018
47.060000000,38.901070574
47.070000000,38.894419784
47.080000000,38.887773644
47.090000000,38.881132150
47.100000000,38.874495299
47.110000000,38.867863086
47.120000000,38.861235509
47.130000000,38.854612564
47.140000000,38.847994247
47.150000000,38.841380555
47.160000000,38.834771484
47.170000000,38.828167030
47.180000000,38.821567190
47.190000000,38.814971960
47.200000000,38.808381337
47.210000000,38.801795317
47.220000000,38.795213897
47.230000000,38.788637073
47.240000000,38.782064840
47.250000000,38.775497197
47.260000000,38.768934139
47.270000000,38.762375663
47.280000000,38.755821765
47.290000000,38.749272441
47.300000000,38.742727688
47.310000000,38.736187503
47.320000000,38.729651882
47.330000000,38.723120821
47.340000000,38.716594317
47.350000000,38.710072366
47.360000000,38.703554965
47.370000000,38.697042111
47.380000000,38.690533799
47.390000000,38.684030026
47.400000000,38.677530789
47.410000000,38.671036084
47.420000000,38.664545908
47.430000000,38.658060257
47.440000000,38.651579128
47.450000000,38.645102517
47.460000000,38.638630420
47.470000000,38.632162835
47.480000000,38.625699757
47.490000000,38.619241183
47.500000000,38.612787110
47.510000000,38.606337535
47.520000000,38.599892453
47.530000000,38.593451861
47.540000000,38.587015756
47.550000000,38.580584134
47.560000000,38.574156992
47.570000000,38.567734327
47.580000000,38.561316134
47.590000000,38.554902411
47.600000000,38.548493154
47.610000000,38.542088359
47.620000000,38.535688024
47.630000000,38.529292144
47.640000000,38.522900716
47.650000000,38.516513737
47.660000000,38.510131204
47.670000000,38.503753112
47.680000000,38.497379459
47.690000000,38.491010241
47.700000000,38.484645454
47.710000000,38.478285095
47.720000000,38.471929162
47.730000000,38.465577649
47.740000000,38.459230555
47.750000000,38.452887875
47.760000000,38.446549607
47.770000000,38.440215746
47.780000000,38.433886289
47.790000000,38.427561233
47.800000000,38.421240575
47.810000000,38.414924311
47.820000000,38.408612437
47.830000000,38.402304952
47.840000000,38.396001850
47.850000000,38.389703128
47.860000000,38.383408784
47.870000000,38.377118814
47.880000000,38.370833214
47.890000000,38.364551981
47.900000000,38.358275113
47.910000000,38.352002604
47.920000000,38.345734453
47.930000000,38.339470655
47.940000000,38.333211208
47.950000000,38.326956107
47.960000000,38.320705351
47.970000000,38.314458934
47.980000000,38.308216855
47.990000000,38.301979109
48.000000000,38.295745693
48.010000000,38.262516605
48.020000000,38.229310577
48.030000000,38.196127585
48.040000000,38.162967603
48.050000000,38.129830606
48.060000000,38.096716570
48.070000000,38.063625469
48.080000000,38.030557277
48.090000000,37.997511971
48.100000000,37.964489526
48.110000000,37.931489915
48.120000000,37.898513115
48.130000000,37.865559101
48.140000000,37.832627847
48.150000000,37.799719329
48.160000000,37.766833523
48.170000000,37.733970403
48.180000000,37.701129945
48.190000000,37.668312125
48.200000000,37.635516917
48.210000000,37.602744298
48.220000000,37.569994242
48.230000000,37.537266726
48.240000000,37.504561724
48.250000000,37.471879213
48.260000000,37.439219168
48.270000000,37.406581564
48.280000000,37.373966378
48.290000000,37.341373585
48.300000000,37.308803161
48.310000000,37.276255081
48.320000000,37.243729322
48.330000000,37.211225860
48.340000000,37.178744669
48.350000000,37.146285727
48.360000000,37.113849010
48.370000000,37.081434492
48.380000000,37.049042151
48.390000000,37.016671962
48.400000000,36.984323902
48.410000000,36.951997946
48.420000000,36.919694071
48.430000000,36.887412254
48.440000000,36.855152469
48.450000000,36.822914694
48.460000000,36.790698905
48.470000000,36.758505078
48.480000000,36.726333190
48.490000000,36.694183217
48.500000000,36.662055135
48.510000000,36.629948922
48.520000000,36.597864553
48.530000000,36.565802005
48.540000000,36.533761255
48.550000000,36.501742279
48.560000000,36.469745054
48.570000000,36.437769557
48.580000000,36.405815764
48.590000000,36.373883652
48.600000000,36.341973198
48.610000000,36.310084379
48.620000000,36.278217171
48.630000000,36.246371552
48.640000000,36.214547498
48.650000000,36.182744987
48.660000000,36.150963995
48.670000000,36.119204499
48.680000000,36.087466477
48.690000000,36.055749905
48.700000000,36.024054761
48.710000000,35.992381022
48.720000000,35.960728664
48.730000000,35.929097666
48.740000000,35.897488004
48.750000000,35.865899656
48.760000000,35.834332599
48.770000000,35.802786810
48.780000000,35.771262267
48.790000000,35.739758947
48.800000000,35.708276827
48.810000000,35.676815886
48.820000000,35.645376100
48.830000000,35.613957447
48.840000000,35.582559905
48.850000000,35.551183451
48.860000000,35.519828063
48.870000000,35.488493718
48.880000000,35.457180395
48.890000000,35.425888070
48.900000000,35.394616722
48.910000000,35.363366329
48.920000000,35.332136868
48.930000000,35.300928317
48.940000000,35.269740654
48.950000000,35.238573857
48.960000000,35.207427904
48.970000000,35.176302773
48.980000000,35.145198442
48.990000000,35.114114888
49.000000000,35.083052091
49.010000000,35.052010027
49.020000000,35.020988676
49.030000000,34.989988015
49.040000000,34.959008022
49.050000000,34.928048677
49.060000000,34.897109956
49.070000000,34.866191839
49.080000000,34.835294303
49.090000000,34.804417327
49.100000000,34.773560889
49.110000000,34.742724968
49.120000000,34.711909543
49.130000000,34.681114590
49.140000000,34.650340090
49.150000000,34.619586021
49.160000000,34.588852361
49.170000000,34.558139088
49.180000000,34.527446182
49.190000000,34.496773621
49.200000000,34.466121383
49.210000000,34.435489448
49.220000000,34.404877794
49.230000000,34.374286399
49.240000000,34.343715244
49.250000000,34.313164306
49.260000000,34.282633564
49.270000000,34.252122997
49.280000000,34.221632585
49.290000000,34.191162305
49.300000000,34.160712138
49.310000000,34.130282061
49.320000000,34.099872055
49.330000000,34.069482098
49.340000000,34.039112169
49.350000000,34.008762247
49.360000000,33.978432311
49.370000000,33.948122341
49.380000000,33.917832316
49.390000000,33.887562215
49.400000000,33.857312017
49.410000000,33.827081702
49.420000000,33.796871249
49.430000000,33.766680637
49.440000000,33.736509845
49.450000000,33.706358853
49.460000000,33.676227641
49.470000000,33.646116188
49.480000000,33.616024473
49.490000000,33.585952476
49.500000000,33.555900176
49.510000000,33.525867553
49.520000000,33.495854587
49.530000000,33.465861257
49.540000000,33.435887543
49.550000000,33.405933425
49.560000000,33.375998881
49.570000000,33.346083893
49.580000000,33.316188439
49.590000000,33.286312500
49.600000000,33.256456056
49.610000000,33.226619085
49.620000000,33.196801569
49.630000000,33.167003486
49.640000000,33.137224818
49.650000000,33.107465543
49.660000000,33.077725643
49.670000000,33.048005096
49.680000000,33.018303883
49.690000000,32.988621984
49.700000000,32.958959379
49.710000000,32.929316049
49.720000000,32.899691972
49.730000000,32.870087131
49.740000000,32.840501504
49.750000000,32.810935072
49.760000000,32.781387815
49.770000000,32.751859714
49.780000000,32.722350748
49.790000000,32.692860899
49.800000000,32.663390146
49.810000000,32.633938471
49.820000000,32.604505852
49.830000000,32.575092272
49.840000000,32.545697710
49.850000000,32.516322146
49.860000000,32.486965562
49.870000000,32.457627938
49.880000000,32.428309254
49.890000000,32.399009491
49.900000000,32.369728630
49.910000000,32.340466651
49.920000000,32.311223535
49.930000000,32.281999263
49.940000000,32.252793816
49.950000000,32.223607174
49.960000000,32.194439317
49.970000000,32.165290228
49.980000000,32.136159886
49.990000000,32.107048273
50.000000000,32.077955369
50.010000000,32.048881156
50.020000000,32.019825614
50.030000000,31.990788724
50.040000000,31.961770468
50.050000000,31.932770825
50.060000000,31.903789779
50.070000000,31.874827308
50.080000000,31.845883396
50.090000000,31.816958021
50.100000000,31.788051167
50.110000000,31.759162814
50.120000000,31.730292943
50.130000000,31.701441535
50.140000000,31.672608572
50.150000000,31.643794035
50.160000000,31.614997905
50.170000000,31.586220164
50.180000000,31.557460792
50.190000000,31.528719772
50.200000000,31.499997085
50.210000000,31.471292712
50.220000000,31.442606634
50.230000000,31.413938834
50.240000000,31.385289292
50.250000000,31.356657990
50.260000000,31.328044910
50.270000000,31.299450033
50.280000000,31.270873341
50.290000000,31.242314816
50.300000000,31.213774438
50.310000000,31.185252191
50.320000000,31.156748055
50.330000000,31.128262012
50.340000000,31.099794044
50.350000000,31.071344133
50.360000000,31.042912261
50.370000000,31.014498409
50.380000000,30.986102559
50.390000000,30.957724693
50.400000000,30.929364793
50.410000000,30.901022841
50.420000000,30.872698819
50.430000000,30.844392709
50.440000000,30.816104493
50.450000000,30.787834153
50.460000000,30.759581670
50.470000000,30.731347028
50.480000000,30.703130207
50.490000000,30.674931191
50.500000000,30.646749961
50.510000000,30.618586499
50.520000000,30.590440788
50.530000000,30.562312810
50.540000000,30.534202547
50.550000000,30.506109981
50.560000000,30.478035095
50.570000000,30.449977871
50.580000000,30.421938291
50.590000000,30.393916338
50.600000000,30.365911994
50.610000000,30.337925241
50.620000000,30.309956062
50.630000000,30.282004439
50.640000000,30.254070355
50.650000000,30.226153792
50.660000000,30.198254733
50.670000000,30.170373160
50.680000000,30.142509056
50.690000000,30.114662403
50.700000000,30.086833184
50.710000000,30.059021382
50.720000000,30.031226979
50.730000000,30.003449958
50.740000000,29.975690302
50.750000000,29.947947993
50.760000000,29.920223014
50.770000000,29.892515348
50.780000000,29.864824978
50.790000000,29.837151886
50.800000000,29.809496056
50.810000000,29.781857470
50.820000000,29.754236110
50.830000000,29.726631961
50.840000000,29.699045005
50.850000000,29.671475224
50.860000000,29.643922603
50.870000000,29.616387123
50.880000000,29.588868768
50.890000000,29.561367520
50.900000000,29.533883364
50.910000000,29.506416282
50.920000000,29.478966256
50.930000000,29.451533271
50.940000000,29.424117310
50.950000000,29.396718354
50.960000000,29.369336389
50.970000000,29.341971397
50.980000000,29.314623360
50.990000000,29.287292263
51.000000000,29.259978089
51.010000000,29.232680821
51.020000000,29.205400442
51.030000000,29.178136936
51.040000000,29.150890286
51.050000000,29.123660476
51.060000000,29.096447488
51.070000000,29.069251307
51.080000000,29.042071915
51.090000000,29.014909297
51.100000000,28.987763435
51.110000000,28.960634314
51.120000000,28.933521916
51.130000000,28.906426226
51.140000000,28.879347226
51.150000000,28.852284902
51.160000000,28.825239235
51.170000000,28.798210210
51.180000000,28.771197811
51.190000000,28.744202021
51.200000000,28.717222824
51.210000000,28.690260203
51.220000000,28.663314143
51.230000000,28.636384627
51.240000000,28.609471639
51.250000000,28.582575162
51.260000000,28.555695182
51.270000000,28.528831680
51.280000000,28.501984643
51.290000000,28.475154052
51.300000000,28.448339893
51.310000000,28.421542148
51.320000000,28.394760803
51.330000000,28.367995841
51.340000000,28.341247246
51.350000000,28.314515002
51.360000000,28.287799093
51.370000000,28.261099504
51.380000000,28.234416217
51.390000000,28.207749218
51.400000000,28.181098491
51.410000000,28.154464020
51.420000000,28.127845788
51.430000000,28.101243780
51.440000000,28.074657981
51.450000000,28.048088374
51.460000000,28.021534944
51.470000000,27.994997675
51.480000000,27.968476551
51.490000000,27.941971557
51.500000000,27.915482677
51.510000000,27.889009896
51.520000000,27.862553197
51.530000000,27.836112565
51.540000000,27.809687984
51.550000000,27.783279440
51.560000000,27.756886916
51.570000000,27.730510397
51.580000000,27.704149867
51.590000000,27.677805311
51.600000000,27.651476714
51.610000000,27.625164059
51.620000000,27.598867332
51.630000000,27.572586517
51.640000000,27.546321600
51.650000000,27.520072563
51.660000000,27.493839392
51.670000000,27.467622073
51.680000000,27.441420588
51.690000000,27.415234924
51.700000000,27.389065065
51.710000000,27.362910995
51.720000000,27.336772700
51.730000000,27.310650163
51.740000000,27.284543371
51.750000000,27.258452308
51.760000000,27.232376958
51.770000000,27.206317307
51.780000000,27.180273339
51.790000000,27.154245040
51.800000000,27.128232394
51.810000000,27.102235386
51.820000000,27.076254001
51.830000000,27.050288224
51.840000000,27.024338041
51.850000000,26.998403435
51.860000000,26.972484393
51.870000000,26.946580900
51.880000000,26.920692939
51.890000000,26.894820497
51.900000000,26.868963559
51.910000000,26.843122109
51.920000000,26.817296133
51.930000000,26.791485617
51.940000000,26.765690544
51.950000000,26.739910901
51.960000000,26.714146673
51.970000000,26.688397844
51.980000000,26.662664401
51.990000000,26.636946328
52.000000000,26.611243611
52.010000000,26.585556235
52.020000000,26.559884186
52.030000000,26.534227448
52.040000000,26.508586008
52.050000000,26.482959850
52.060000000,26.457348960
52.070000000,26.431753324
52.080000000,26.406172926
52.090000000,26.380607753
52.100000000,26.355057790
52.110000000,26.329523022
52.120000000,26.304003435
52.130000000,26.278499015
52.140000000,26.253009747
52.150000000,26.227535616
52.160000000,26.202076608
52.170000000,26.176632709
52.180000000,26.151203905
52.190000000,26.125790181
52.200000000,26.100391522
52.210000000,26.075007915
52.220000000,26.049639345
52.230000000,26.024285799
52.240000000,25.998947260
52.250000000,25.973623717
52.260000000,25.948315153
52.270000000,25.923021555
52.280000000,25.897742910
52.290000000,25.872479201
52.300000000,25.847230417
52.310000000,25.821996542
52.320000000,25.796777562
52.330000000,25.771573463
52.340000000,25.746384231
52.350000000,25.721209852
52.360000000,25.696050313
52.370000000,25.670905598
52.380000000,25.645775694
52.390000000,25.620660588
52.400000000,25.595560264
52.410000000,25.570474709
52.420000000,25.545403910
52.430000000,25.520347851
52.440000000,25.495306520
52.450000000,25.470279902
52.460000000,25.445267984
52.470000000,25.420270752
52.480000000,25.395288191
52.490000000,25.370320289
52.500000000,25.345367031
52.510000000,25.320428403
52.520000000,25.295504392
52.530000000,25.270594984
52.540000000,25.245700165
52.550000000,25.220819922
52.560000000,25.195954240
52.570000000,25.171103107
52.580000000,25.146266508
52.590000000,25.121444430
52.600000000,25.096636859
52.610000000,25.071843782
52.620000000,25.047065185
52.630000000,25.022301055
52.640000000,24.997551377
52.650000000,24.972816139
52.660000000,24.948095326
52.670000000,24.923388926
52.680000000,24.898696925
52.690000000,24.874019309
52.700000000,24.849356065
52.710000000,24.824707179
52.720000000,24.800072638
52.730000000,24.775452430
52.740000000,24.750846539
52.750000000,24.726254953
52.760000000,24.701677659
52.770000000,24.677114643
52.780000000,24.652565891
52.790000000,24.628031392
52.800000000,24.603511130
52.810000000,24.579005094
52.820000000,24.554513269
52.830000000,24.530035643
52.840000000,24.505572201
52.850000000,24.481122932
52.860000000,24.456687822
52.870000000,24.432266858
52.880000000,24.407860026
52.890000000,24.383467313
52.900000000,24.359088707
52.910000000,24.334724193
52.920000000,24.310373760
52.930000000,24.286037394
52.940000000,24.261715081
52.950000000,24.237406810
52.960000000,24.213112566
52.970000000,24.188832337
52.980000000,24.164566110
52.990000000,24.140313872
53.000000000,24.116075609
53.010000000,23.965851310
53.020000000,23.815713440
53.030000000,23.665661763
53.040000000,23.515696042
53.050000000,23.365816040
53.060000000,23.216021520
53.070000000,23.066312246
53.080000000,22.916687984
53.090000000,22.767148499
53.100000000,22.617693556
53.110000000,22.468322920
53.120000000,22.319036359
53.130000000,22.169833640
53.140000000,22.020714529
53.150000000,21.871678795
53.160000000,21.722726206
53.170000000,21.573856530
53.180000000,21.425069537
53.190000000,21.276364996
53.200000000,21.127742677
53.210000000,20.979202350
53.220000000,20.830743787
53.230000000,20.682366759
53.240000000,20.534071037
53.250000000,20.385856393
53.260000000,20.237722601
53.270000000,20.089669432
53.280000000,19.941696661
53.290000000,19.793804061
53.300000000,19.645991407
53.310000000,19.498258473
53.320000000,19.350605034
53.330000000,19.203030865
53.340000000,19.055535744
53.350000000,18.908119445
53.360000000,18.760781746
53.370000000,18.613522424
53.380000000,18.466341257
53.390000000,18.319238021
53.400000000,18.172212497
53.410000000,18.025264462
53.420000000,17.878393695
53.430000000,17.731599977
53.440000000,17.584883087
53.450000000,17.438242805
53.460000000,17.291678913
53.470000000,17.145191191
53.480000000,16.998779421
53.490000000,16.852443385
53.500000000,16.706182865
53.510000000,16.559997644
53.520000000,16.413887505
53.530000000,16.267852232
53.540000000,16.121891608
53.550000000,15.976005418
53.560000000,15.830193446
53.570000000,15.684455478
53.580000000,15.538791298
53.590000000,15.393200693
53.600000000,15.247683448
53.610000000,15.102239351
53.620000000,14.956868188
53.630000000,14.811569746
53.640000000,14.666343813
53.650000000,14.521190177
53.660000000,14.376108627
53.670000000,14.231098951
53.680000000,14.086160938
53.690000000,13.941294378
53.700000000,13.796499061
53.710000000,13.651774776
53.720000000,13.507121315
53.730000000,13.362538468
53.740000000,13.218026027
53.750000000,13.073583783
53.760000000,12.929211528
53.770000000,12.784909055
53.780000000,12.640676156
53.790000000,12.496512625
53.800000000,12.352418254
53.810000000,12.208392838
53.820000000,12.064436170
53.830000000,11.920548046
53.840000000,11.776728259
53.850000000,11.632976606
53.860000000,11.489292880
53.870000000,11.345676880
53.880000000,11.202128399
53.890000000,11.058647236
53.900000000,10.915233186
53.910000000,10.771886047
53.920000000,10.628605617
53.930000000,10.485391693
53.940000000,10.342244073
53.950000000,10.199162557
53.960000000,10.056146942
53.970000000,9.913197028
53.980000000,9.770312615
53.990000000,9.627493502
54.000000000,9.484739489
54.010000000,9.342050377
54.020000000,9.199425967
54.030000000,9.056866060
54.040000000,8.914370456
54.050000000,8.771938959
54.060000000,8.629571370
54.070000000,8.487267491
54.080000000,8.345027125
54.090000000,8.202850076
54.100000000,8.060736145
54.110000000,7.918685138
54.120000000,7.776696858
54.130000000,7.634771109
54.140000000,7.492907696
54.150000000,7.351106424
54.160000000,7.209367097
54.170000000,7.067689522
54.180000000,6.926073504
54.190000000,6.784518850
54.200000000,6.643025365
54.210000000,6.501592856
54.220000000,6.360221131
54.230000000,6.218909996
54.240000000,6.077659260
54.250000000,5.936468730
54.260000000,5.795338213
54.270000000,5.654267520
54.280000000,5.513256458
54.290000000,5.372304837
54.300000000,5.231412466
54.310000000,5.090579154
54.320000000,4.949804712
54.330000000,4.809088950
54.340000000,4.668431678
54.350000000,4.527832706
54.360000000,4.387291847
54.370000000,4.246808911
54.380000000,4.106383710
54.390000000,3.966016057
54.400000000,3.825705762
54.410000000,3.685452639
54.420000000,3.545256500
54.430000000,3.405117159
54.440000000,3.265034428
54.450000000,3.125008122
54.460000000,2.985038053
54.470000000,2.845124037
54.480000000,2.705265887
54.490000000,2.565463419
54.500000000,2.425716447
54.510000000,2.286024786
54.520000000,2.146388252
54.530000000,2.006806661
54.540000000,1.867279828
54.550000000,1.727807570
54.560000000,1.588389704
54.570000000,1.449026045
54.580000000,1.309716412
54.590000000,1.170460621
54.600000000,1.031258490
54.610000000,0.892109836
54.620000000,0.753014479
54.630000000,0.613972236
54.640000000,0.474982926
54.650000000,0.336046367
54.660000000,0.197162379
54.670000000,0.058330781
54.680000000,-0.080448607
54.690000000,-0.219175965
54.700000000,-0.357851475
54.710000000,-0.496475314
54.720000000,-0.635047663
54.730000000,-0.773568700
54.740000000,-0.912038605
54.750000000,-1.050457557
54.760000000,-1.188825733
54.770000000,-1.327143312
54.780000000,-1.465410472
54.790000000,-1.603627391
54.800000000,-1.741794246
54.810000000,-1.879911214
54.820000000,-2.017978472
54.830000000,-2.155996198
54.840000000,-2.293964567
54.850000000,-2.431883757
54.860000000,-2.569753942
54.870000000,-2.707575300
54.880000000,-2.845348005
54.890000000,-2.983072233
54.900000000,-3.120748159
54.910000000,-3.258375957
54.920000000,-3.395955804
54.930000000,-3.533487873
54.940000000,-3.670972338
54.950000000,-3.808409373
54.960000000,-3.945799153
54.970000000,-4.083141851
54.980000000,-4.220437639
54.990000000,-4.357686692
55.000000000,-4.494889182
55.010000000,-4.632045282
55.020000000,-4.769155165
55.030000000,-4.906219002
55.040000000,-5.043236965
55.050000000,-5.180209228
55.060000000,-5.317135960
55.070000000,-5.454017334
55.080000000,-5.590853520
55.090000000,-5.727644690
55.100000000,-5.864391015
55.110000000,-6.001092664
55.120000000,-6.137749809
55.130000000,-6.274362619
55.140000000,-6.410931265
55.150000000,-6.547455916
55.160000000,-6.683936742
55.170000000,-6.820373911
55.180000000,-6.956767594
55.190000000,-7.093117959
55.200000000,-7.229425174
55.210000000,-7.365689409
55.220000000,-7.501910831
55.230000000,-7.638089609
55.240000000,-7.774225910
55.250000000,-7.910319903
55.260000000,-8.046371755
55.270000000,-8.182381632
55.280000000,-8.318349703
55.290000000,-8.454276134
55.300000000,-8.590161093
55.310000000,-8.726004744
55.320000000,-8.861807255
55.330000000,-8.997568793
55.340000000,-9.133289522
55.350000000,-9.268969609
55.360000000,-9.404609220
55.370000000,-9.540208519
55.380000000,-9.675767673
55.390000000,-9.811286845
55.400000000,-9.946766202
55.410000000,-10.082205907
55.420000000,-10.217606125
55.430000000,-10.352967020
55.440000000,-10.488288757
55.450000000,-10.623571500
55.460000000,-10.758815412
55.470000000,-10.894020656
55.480000000,-11.029187397
55.490000000,-11.164315798
55.500000000,-11.299406021
55.510000000,-11.434458229
55.520000000,-11.569472586
55.530000000,-11.704449253
55.540000000,-11.839388394
55.550000000,-11.974290169
55.560000000,-12.109154742
55.570000000,-12.243982274
55.580000000,-12.378772927
55.590000000,-12.513526862
55.600000000,-12.648244241
55.610000000,-12.782925225
55.620000000,-12.917569975
55.630000000,-13.052178651
55.640000000,-13.186751415
55.650000000,-13.321288426
55.660000000,-13.455789846
55.670000000,-13.590255834
55.680000000,-13.724686551
55.690000000,-13.859082156
55.700000000,-13.993442810
55.710000000,-14.127768670
55.720000000,-14.262059898
55.730000000,-14.396316652
55.740000000,-14.530539091
55.750000000,-14.664727375
55.760000000,-14.798881662
55.770000000,-14.933002110
55.780000000,-15.067088878
55.790000000,-15.201142124
55.800000000,-15.335162007
55.810000000,-15.469148685
55.820000000,-15.603102315
55.830000000,-15.737023055
55.840000000,-15.870911062
55.850000000,-16.004766495
55.860000000,-16.138589510
55.870000000,-16.272380264
55.880000000,-16.406138915
55.890000000,-16.539865618
55.900000000,-16.673560532
55.910000000,-16.807223812
55.920000000,-16.940855614
55.930000000,-17.074456096
55.940000000,-17.208025413
55.950000000,-17.341563720
55.960000000,-17.475071175
55.970000000,-17.608547932
55.980000000,-17.741994147
55.990000000,-17.875409976
56.000000000,-18.008795573
56.010000000,-18.142151095
56.020000000,-18.275476695
56.030000000,-18.408772529
56.040000000,-18.542038751
56.050000000,-18.675275517
56.060000000,-18.808482980
56.070000000,-18.941661295
56.080000000,-19.074810615
56.090000000,-19.207931096
56.100000000,-19.341022892
56.110000000,-19.474086155
56.120000000,-19.607121039
56.130000000,-19.740127699
56.140000000,-19.873106287
56.150000000,-20.006056957
56.160000000,-20.138979862
56.170000000,-20.271875155
56.180000000,-20.404742989
56.190000000,-20.537583516
56.200000000,-20.670396891
56.210000000,-20.803183264
56.220000000,-20.935942789
56.230000000,-21.068675617
56.240000000,-21.201381902
56.250000000,-21.334061794
56.260000000,-21.466715447
56.270000000,-21.599343011
56.280000000,-21.731944640
56.290000000,-21.864520483
56.300000000,-21.997070693
56.310000000,-22.129595421
56.320000000,-22.262094819
56.330000000,-22.394569037
56.340000000,-22.527018226
56.350000000,-22.659442538
56.360000000,-22.791842124
56.370000000,-22.924217133
56.380000000,-23.056567718
56.390000000,-23.188894027
56.400000000,-23.321196212
56.410000000,-23.453474422
56.420000000,-23.585728809
56.430000000,-23.717959521
56.440000000,-23.850166710
56.450000000,-23.982350524
56.460000000,-24.114511114
56.470000000,-24.246648629
56.480000000,-24.378763219
56.490000000,-24.510855033
56.500000000,-24.642924221
56.510000000,-24.774970932
56.520000000,-24.906995314
56.530000000,-25.038997518
56.540000000,-25.170977691
56.550000000,-25.302935983
56.560000000,-25.434872543
56.570000000,-25.566787519
56.580000000,-25.698681059
56.590000000,-25.830553313
56.600000000,-25.962404429
56.610000000,-26.094234554
56.620000000,-26.226043837
56.630000000,-26.357832426
56.640000000,-26.489600470
56.650000000,-26.621348115
56.660000000,-26.753075510
56.670000000,-26.884782803
56.680000000,-27.016470141
56.690000000,-27.148137672
56.700000000,-27.279785542
56.710000000,-27.411413901
56.720000000,-27.543022894
56.730000000,-27.674612669
56.740000000,-27.806183373
56.750000000,-27.937735154
56.760000000,-28.069268158
56.770000000,-28.200782531
56.780000000,-28.332278422
56.790000000,-28.463755976
56.800000000,-28.595215340
56.810000000,-28.726656660
56.820000000,-28.858080084
56.830000000,-28.989485757
56.840000000,-29.120873826
56.850000000,-29.252244437
56.860000000,-29.383597737
56.870000000,-29.514933870
56.880000000,-29.646252984
56.890000000,-29.777555223
56.900000000,-29.908840735
56.910000000,-30.040109665
56.920000000,-30.171362158
56.930000000,-30.302598360
56.940000000,-30.433818417
56.950000000,-30.565022473
56.960000000,-30.696210676
56.970000000,-30.827383169
56.980000000,-30.958540099
56.990000000,-31.089681609
57.000000000,-31.220807847
57.010000000,-31.351918956
57.020000000,-31.483015081
57.030000000,-31.614096368
57.040000000,-31.745162961
57.050000000,-31.876215006
57.060000000,-32.007252647
57.070000000,-32.138276028
57.080000000,-32.269285294
57.090000000,-32.400280590
57.100000000,-32.531262061
57.110000000,-32.662229850
57.120000000,-32.793184103
57.130000000,-32.924124962
57.140000000,-33.055052574
57.150000000,-33.185967081
57.160000000,-33.316868629
57.170000000,-33.447757360
57.180000000,-33.578633420
57.190000000,-33.709496952
57.200000000,-33.840348099
57.210000000,-33.971187007
57.220000000,-34.102013818
57.230000000,-34.232828677
57.240000000,-34.363631727
57.250000000,-34.494423112
57.260000000,-34.625202975
57.270000000,-34.755971460
57.280000000,-34.886728710
57.290000000,-35.017474870
57.300000000,-35.148210081
57.310000000,-35.278934489
57.320000000,-35.409648235
57.330000000,-35.540351464
57.340000000,-35.671044318
57.350000000,-35.801726940
57.360000000,-35.932399474
57.370000000,-36.063062063
57.380000000,-36.193714850
57.390000000,-36.324357978
57.400000000,-36.454991590
57.410000000,-36.585615828
57.420000000,-36.716230836
57.430000000,-36.846836756
57.440000000,-36.977433731
57.450000000,-37.108021904
57.460000000,-37.238601418
57.470000000,-37.369172415
57.480000000,-37.499735038
57.490000000,-37.630289430
57.500000000,-37.760835732
57.510000000,-37.891374089
57.520000000,-38.021904641
57.530000000,-38.152427532
57.540000000,-38.282942904
57.550000000,-38.413450899
57.560000000,-38.543951660
57.570000000,-38.674445329
57.580000000,-38.804932048
57.590000000,-38.935411960
57.600000000,-39.065885207
57.610000000,-39.196351931
57.620000000,-39.326812274
57.630000000,-39.457266378
57.640000000,-39.587714386
57.650000000,-39.718156440
57.660000000,-39.848592681
57.670000000,-39.979023252
57.680000000,-40.109448294
57.690000000,-40.239867950
57.700000000,-40.370282362
57.710000000,-40.500691672
57.720000000,-40.631096021
57.730000000,-40.761495551
57.740000000,-40.891890405
57.750000000,-41.022280724
57.760000000,-41.152666650
57.770000000,-41.283048325
57.780000000,-41.413425891
57.790000000,-41.543799489
57.800000000,-41.674169261
57.810000000,-41.804535349
57.820000000,-41.934897895
57.830000000,-42.065257040
57.840000000,-42.195612926
57.850000000,-42.325965695
57.860000000,-42.456315489
57.870000000,-42.586662449
57.880000000,-42.717006716
57.890000000,-42.847348433
57.900000000,-42.977687741
57.910000000,-43.108024782
57.920000000,-43.238359697
57.930000000,-43.368692627
57.940000000,-43.499023716
57.950000000,-43.629353103
57.960000000,-43.759680931
57.970000000,-43.890007341
57.980000000,-44.020332474
57.990000000,-44.150656473
58.000000000,-44.280979479
58.010000000,-44.411301633
58.020000000,-44.541623077
58.030000000,-44.671943953
58.040000000,-44.802264401
58.050000000,-44.932584564
58.060000000,-45.000000000
58.070000000,-45.000000000
58.080000000,-45.000000000
58.090000000,-45.000000000
58.100000000,-45.000000000
58.110000000,-45.000000000
58.120000000,-45.000000000
58.130000000,-45.000000000
58.140000000,-45.000000000
58.150000000,-45.000000000
58.160000000,-45.000000000
58.170000000,-45.000000000
58.180000000,-45.000000000
58.190000000,-45.000000000
58.200000000,-45.000000000
58.210000000,-45.000000000
58.220000000,-45.000000000
58.230000000,-45.000000000
58.240000000,-45.000000000
58.250000000,-45.000000000
58.260000000,-45.000000000
58.270000000,-45.000000000
58.280000000,-45.000000000
58.290000000,-45.000000000
58.300000000,-45.000000000
58.310000000,-45.000000000
58.320000000,-45.000000000
58.330000000,-45.000000000
58.340000000,-45.000000000
58.350000000,-45.000000000
58.360000000,-45.000000000
58.370000000,-45.000000000
58.380000000,-45.000000000
58.390000000,-45.000000000
58.400000000,-45.000000000
58.410000000,-45.000000000
58.420000000,-45.000000000
58.430000000,-45.000000000
58.440000000,-45.000000000
58.450000000,-45.000000000
58.460000000,-45.000000000
58.470000000,-45.000000000
58.480000000,-45.000000000
58.490000000,-45.000000000
58.500000000,-45.000000000
58.510000000,-45.000000000
58.520000000,-45.000000000
58.530000000,-45.000000000
58.540000000,-45.000000000
58.550000000,-45.000000000
58.560000000,-45.000000000
58.570000000,-45.000000000
58.580000000,-45.000000000
58.590000000,-45.000000000
58.600000000,-45.000000000
58.610000000,-45.000000000
58.620000000,-45.000000000
58.630000000,-45.000000000
58.640000000,-45.000000000
58.650000000,-45.000000000
58.660000000,-45.000000000
58.670000000,-45.000000000
58.680000000,-45.000000000
58.690000000,-45.000000000
58.700000000,-45.000000000
58.710000000,-45.000000000
58.720000000,-45.000000000
58.730000000,-45.000000000
58.740000000,-45.000000000
58.750000000,-45.000000000
58.760000000,-45.000000000
58.770000000,-45.000000000
58.780000000,-45.000000000
58.790000000,-45.000000000
58.800000000,-45.000000000
58.810000000,-45.000000000
58.820000000,-45.000000000
58.830000000,-45.000000000
58.840000000,-45.000000000
58.850000000,-45.000000000
58.860000000,-45.000000000
58.870000000,-45.000000000
58.880000000,-45.000000000
58.890000000,-45.000000000
58.900000000,-45.000000000
58.910000000,-45.000000000
58.920000000,-45.000000000
58.930000000,-45.000000000
58.940000000,-45.000000000
58.950000000,-45.000000000
58.960000000,-45.000000000
58.970000000,-45.000000000
58.980000000,-45.000000000
58.990000000,-45.000000000
59.000000000,-45.000000000
59.010000000,-45.000000000
59.020000000,-45.000000000
59.030000000,-45.000000000
59.040000000,-45.000000000
59.050000000,-45.000000000
59.060000000,-45.000000000
59.070000000,-45.000000000
59.080000000,-45.000000000
59.090000000,-45.000000000
59.100000000,-45.000000000
59.110000000,-45.000000000
59.120000000,-45.000000000
59.130000000,-45.000000000
59.140000000,-45.000000000
59.150000000,-45.000000000
59.160000000,-45.000000000
59.170000000,-45.000000000
59.180000000,-45.000000000
59.190000000,-45.000000000
59.200000000,-45.000000000
59.210000000,-45.000000000
59.220000000,-45.000000000
59.230000000,-45.000000000
59.240000000,-45.000000000
59.250000000,-45.000000000
59.260000000,-45.000000000
59.270000000,-45.000000000
59.280000000,-45.000000000
59.290000000,-45.000000000
59.300000000,-45.000000000
59.310000000,-45.000000000
59.320000000,-45.000000000
59.330000000,-45.000000000
59.340000000,-45.000000000
59.350000000,-45.000000000
59.360000000,-45.000000000
59.370000000,-45.000000000
59.380000000,-45.000000000
59.390000000,-45.000000000
59.400000000,-45.000000000
59.410000000,-45.000000000
59.420000000,-45.000000000
59.430000000,-45.000000000
59.440000000,-45.000000000
59.450000000,-45.000000000
59.460000000,-45.000000000
59.470000000,-45.000000000
59.480000000,-45.000000000
59.490000000,-45.000000000
59.500000000,-45.000000000
59.510000000,-45.000000000
59.520000000,-45.000000000
59.530000000,-45.000000000
59.540000000,-45.000000000
59.550000000,-45.000000000
59.560000000,-45.000000000
59.570000000,-45.000000000
59.580000000,-45.000000000
59.590000000,-45.000000000
59.600000000,-45.000000000
59.610000000,-45.000000000
59.620000000,-45.000000000
59.630000000,-45.000000000
59.640000000,-45.000000000
59.650000000,-45.000000000
59.660000000,-45.000000000
59.670000000,-45.000000000
59.680000000,-45.000000000
59.690000000,-45.000000000
59.700000000,-45.000000000
59.710000000,-45.000000000
59.720000000,-45.000000000
59.730000000,-45.000000000
59.740000000,-45.000000000
59.750000000,-45.000000000
59.760000000,-45.000000000
59.770000000,-45.000000000
59.780000000,-45.000000000
59.790000000,-45.000000000
59.800000000,-45.000000000
59.810000000,-45.000000000
59.820000000,-45.000000000
59.830000000,-45.000000000
59.840000000,-45.000000000
59.850000000,-45.000000000
59.860000000,-45.000000000
59.870000000,-45.000000000
59.880000000,-45.000000000
59.890000000,-45.000000000
59.900000000,-45.000000000
59.910000000,-45.000000000
59.920000000,-45.000000000
59.930000000,-45.000000000
59.940000000,-45.000000000
59.950000000,-45.000000000
59.960000000,-45.000000000
59.970000000,-45.000000000
59.980000000,-45.000000000
59.990000000,-45.000000000
