timestamp,reference,reconstructed,raw
0.0,0.0,-6.200393009692107e-06,0
0.01,0.0,-6.200393009692107e-06,0
0.02,0.0,-6.200393009692107e-06,0
0.03,0.0,-6.200393009692107e-06,0
0.04,0.0,-6.200393009692107e-06,0
0.05,0.0,-6.200393009692107e-06,0
0.06,0.0,-6.200393009692107e-06,0
0.07,0.0,-6.200393009692107e-06,0
0.08,0.0,-6.200393009692107e-06,0
0.09,0.0,-6.200393009692107e-06,0
0.1,0.0,-6.200393009692107e-06,0
0.11,0.0,-6.200393009692107e-06,0
0.12,0.0,-6.200393009692107e-06,0
0.13,0.0,-6.200393009692107e-06,0
0.14,0.0,-6.200393009692107e-06,0
0.15,0.0,-6.200393009692107e-06,0
0.16,0.0,-6.200393009692107e-06,0
0.17,0.0,-6.200393009692107e-06,0
0.18,0.0,-6.200393009692107e-06,0
0.19,0.0,-6.200393009692107e-06,0
0.2,0.0,-6.200393009692107e-06,0
0.21,0.0,-6.200393009692107e-06,0
0.22,0.0,-6.200393009692107e-06,0
0.23,0.0,-6.200393009692107e-06,0
0.24,0.0,-6.200393009692107e-06,0
0.25,0.0,-6.200393009692107e-06,0
0.26,0.0,-6.200393009692107e-06,0
0.27,0.0,-6.200393009692107e-06,0
0.28,0.0,-6.200393009692107e-06,0
0.29,0.0,-6.200393009692107e-06,0
0.3,0.0,-6.200393009692107e-06,0
0.31,0.0,-6.200393009692107e-06,0
0.32,0.0,-6.200393009692107e-06,0
0.33,0.0,-6.200393009692107e-06,0
0.34,0.0,-6.200393009692107e-06,0
0.35,0.0,-6.200393009692107e-06,0
0.36,0.0,-6.200393009692107e-06,0
0.37,0.0,-6.200393009692107e-06,0
0.38,0.0,-6.200393009692107e-06,0
0.39,0.0,-6.200393009692107e-06,0
0.4,0.0,-6.200393009692107e-06,0
0.41,0.0,-6.200393009692107e-06,0
0.42,0.0,-6.200393009692107e-06,0
0.43,0.0,-6.200393009692107e-06,0
0.44,0.0,-6.200393009692107e-06,0
0.45,0.0,-6.200393009692107e-06,0
0.46,0.0,-6.200393009692107e-06,0
0.47,0.0,-6.200393009692107e-06,0
0.48,0.0,-6.200393009692107e-06,0
0.49,0.0,-6.200393009692107e-06,0
0.5,0.0,-6.200393009692107e-06,0
0.51,0.0,-6.200393009692107e-06,0
0.52,0.0,-6.200393009692107e-06,0
0.53,0.0,-6.200393009692107e-06,0
0.54,0.0,-6.200393009692107e-06,0
0.55,0.0,-6.200393009692107e-06,0
0.56,0.0,-6.200393009692107e-06,0
0.57,0.0,-6.200393009692107e-06,0
0.58,0.0,-6.200393009692107e-06,0
0.59,0.0,-6.200393009692107e-06,0
0.6,0.0,-6.200393009692107e-06,0
0.61,0.0,-6.200393009692107e-06,0
0.62,0.0,-6.200393009692107e-06,0
0.63,0.0,-6.200393009692107e-06,0
0.64,0.0,-6.200393009692107e-06,0
0.65,0.0,-6.200393009692107e-06,0
0.66,0.0,-6.200393009692107e-06,0
0.67,0.0,-6.200393009692107e-06,0
0.68,0.0,-6.200393009692107e-06,0
0.69,0.0,-6.200393009692107e-06,0
0.7,0.0,-6.200393009692107e-06,0
0.71,0.0,-6.200393009692107e-06,0
0.72,0.0,-6.200393009692107e-06,0
0.73,0.0,-6.200393009692107e-06,0
0.74,0.0,-6.200393009692107e-06,0
0.75,0.0,-6.200393009692107e-06,0
0.76,0.0,-6.200393009692107e-06,0
0.77,0.0,-6.200393009692107e-06,0
0.78,0.0,-6.200393009692107e-06,0
0.79,0.0,-6.200393009692107e-06,0
0.8,0.0,-6.200393009692107e-06,0
0.81,0.0,-6.200393009692107e-06,0
0.82,0.0,-6.200393009692107e-06,0
0.83,0.0,-6.200393009692107e-06,0
0.84,0.0,-6.200393009692107e-06,0
0.85,0.0,-6.200393009692107e-06,0
0.86,0.0,-6.200393009692107e-06,0
0.87,0.0,-6.200393009692107e-06,0
0.88,0.0,-6.200393009692107e-06,0
0.89,0.0,-6.200393009692107e-06,0
0.9,0.0,-6.200393009692107e-06,0
0.91,0.0,-6.200393009692107e-06,0
0.92,0.0,-6.200393009692107e-06,0
0.93,0.0,-6.200393009692107e-06,0
0.94,0.0,-6.200393009692107e-06,0
0.95,0.0,-6.200393009692107e-06,0
0.96,0.0,-6.200393009692107e-06,0
0.97,0.0,-6.200393009692107e-06,0
0.98,0.0,-6.200393009692107e-06,0
0.99,0.0,-6.200393009692107e-06,0
1.0,0.0,-6.200393009692107e-06,0
1.01,0.0,-6.200393009692107e-06,0
1.02,0.0,-6.200393009692107e-06,0
1.03,0.0,-6.200393009692107e-06,0
1.04,0.0,-6.200393009692107e-06,0
1.05,0.0,-6.200393009692107e-06,0
1.06,0.0,-6.200393009692107e-06,0
1.07,0.0,-6.200393009692107e-06,0
1.08,0.0,-6.200393009692107e-06,0
1.09,0.0,-6.200393009692107e-06,0
1.1,0.0,-6.200393009692107e-06,0
1.11,0.0,-6.200393009692107e-06,0
1.12,0.0,-6.200393009692107e-06,0
1.13,0.0,-6.200393009692107e-06,0
1.14,0.0,-6.200393009692107e-06,0
1.15,0.0,-6.200393009692107e-06,0
1.16,0.0,-6.200393009692107e-06,0
1.17,0.0,-6.200393009692107e-06,0
1.18,0.0,-6.200393009692107e-06,0
1.19,0.0,-6.200393009692107e-06,0
1.2,0.0,-6.200393009692107e-06,0
1.21,0.0,-6.200393009692107e-06,0
1.22,0.0,-6.200393009692107e-06,0
1.23,0.0,-6.200393009692107e-06,0
1.24,0.0,-6.200393009692107e-06,0
1.25,0.0,-6.200393009692107e-06,0
1.26,0.0,-6.200393009692107e-06,0
1.27,0.0,-6.200393009692107e-06,0
1.28,0.0,-6.200393009692107e-06,0
1.29,0.0,-6.200393009692107e-06,0
1.3,0.0,-6.200393009692107e-06,0
1.31,0.0,-6.200393009692107e-06,0
1.32,0.0,-6.200393009692107e-06,0
1.33,0.0,-6.200393009692107e-06,0
1.34,0.0,-6.200393009692107e-06,0
1.35,0.0,-6.200393009692107e-06,0
1.36,0.0,-6.200393009692107e-06,0
1.37,0.0,-6.200393009692107e-06,0
1.38,0.0,-6.200393009692107e-06,0
1.39,0.0,-6.200393009692107e-06,0
1.4,0.0,-6.200393009692107e-06,0
1.41,0.0,-6.200393009692107e-06,0
1.42,0.0,-6.200393009692107e-06,0
1.43,0.0,-6.200393009692107e-06,0
1.44,0.0,-6.200393009692107e-06,0
1.45,0.0,-6.200393009692107e-06,0
1.46,0.0,-6.200393009692107e-06,0
1.47,0.0,-6.200393009692107e-06,0
1.48,0.0,-6.200393009692107e-06,0
1.49,0.0,-6.200393009692107e-06,0
1.5,0.0,-6.200393009692107e-06,0
1.51,0.0,-6.200393009692107e-06,0
1.52,0.0,-6.200393009692107e-06,0
1.53,0.0,-6.200393009692107e-06,0
1.54,0.0,-6.200393009692107e-06,0
1.55,0.0,-6.200393009692107e-06,0
1.56,0.0,-6.200393009692107e-06,0
1.57,0.0,-6.200393009692107e-06,0
1.58,0.0,-6.200393009692107e-06,0
1.59,0.0,-6.200393009692107e-06,0
1.6,0.0,-6.200393009692107e-06,0
1.61,0.0,-6.200393009692107e-06,0
1.62,0.0,-6.200393009692107e-06,0
1.63,0.0,-6.200393009692107e-06,0
1.64,0.0,-6.200393009692107e-06,0
1.65,0.0,-6.200393009692107e-06,0
1.66,0.0,-6.200393009692107e-06,0
1.67,0.0,-6.200393009692107e-06,0
1.68,0.0,-6.200393009692107e-06,0
1.69,0.0,-6.200393009692107e-06,0
1.7,0.0,-6.200393009692107e-06,0
1.71,0.0,-6.200393009692107e-06,0
1.72,0.0,-6.200393009692107e-06,0
1.73,0.0,-6.200393009692107e-06,0
1.74,0.0,-6.200393009692107e-06,0
1.75,0.0,-6.200393009692107e-06,0
1.76,0.0,-6.200393009692107e-06,0
1.77,0.0,-6.200393009692107e-06,0
1.78,0.0,-6.200393009692107e-06,0
1.79,0.0,-6.200393009692107e-06,0
1.8,0.0,-6.200393009692107e-06,0
1.81,0.0,-6.200393009692107e-06,0
1.82,0.0,-6.200393009692107e-06,0
1.83,0.0,-6.200393009692107e-06,0
1.84,0.0,-6.200393009692107e-06,0
1.85,0.0,-6.200393009692107e-06,0
1.86,0.0,-6.200393009692107e-06,0
1.87,0.0,-6.200393009692107e-06,0
1.88,0.0,-6.200393009692107e-06,0
1.89,0.0,-6.200393009692107e-06,0
1.9,0.0,-6.200393009692107e-06,0
1.91,0.0,-6.200393009692107e-06,0
1.92,0.0,-6.200393009692107e-06,0
1.93,0.0,-6.200393009692107e-06,0
1.94,0.0,-6.200393009692107e-06,0
1.95,0.0,-6.200393009692107e-06,0
1.96,0.0,-6.200393009692107e-06,0
1.97,0.0,-6.200393009692107e-06,0
1.98,0.0,-6.200393009692107e-06,0
1.99,0.0,-6.200393009692107e-06,0
2.0,0.0,-6.200393009692107e-06,0
2.01,0.0,-6.200393009692107e-06,0
2.02,0.0,-6.200393009692107e-06,0
2.03,0.0,-6.200393009692107e-06,0
2.04,0.0,-6.200393009692107e-06,0
2.05,0.0,-6.200393009692107e-06,0
2.06,0.0,-6.200393009692107e-06,0
2.07,0.0,-6.200393009692107e-06,0
2.08,0.0,-6.200393009692107e-06,0
2.09,0.0,-6.200393009692107e-06,0
2.1,0.0,-6.200393009692107e-06,0
2.11,0.0,-6.200393009692107e-06,0
2.12,0.0,-6.200393009692107e-06,0
2.13,0.0,-6.200393009692107e-06,0
2.14,0.0,-6.200393009692107e-06,0
2.15,0.0,-6.200393009692107e-06,0
2.16,0.0,-6.200393009692107e-06,0
2.17,0.0,-6.200393009692107e-06,0
2.18,0.0,-6.200393009692107e-06,0
2.19,0.0,-6.200393009692107e-06,0
2.2,0.0,-6.200393009692107e-06,0
2.21,0.0,-6.200393009692107e-06,0
2.22,0.0,-6.200393009692107e-06,0
2.23,0.0,-6.200393009692107e-06,0
2.24,0.0,-6.200393009692107e-06,0
2.25,0.0,-6.200393009692107e-06,0
2.26,0.0,-6.200393009692107e-06,0
2.27,0.0,-6.200393009692107e-06,0
2.28,0.0,-6.200393009692107e-06,0
2.29,0.0,-6.200393009692107e-06,0
2.3,0.0,-6.200393009692107e-06,0
2.31,0.0,-6.200393009692107e-06,0
2.32,0.0,-6.200393009692107e-06,0
2.33,0.0,-6.200393009692107e-06,0
2.34,0.0,-6.200393009692107e-06,0
2.35,0.0,-6.200393009692107e-06,0
2.36,0.0,-6.200393009692107e-06,0
2.37,0.0,-6.200393009692107e-06,0
2.38,0.0,-6.200393009692107e-06,0
2.39,0.0,-6.200393009692107e-06,0
2.4,0.0,-6.200393009692107e-06,0
2.41,0.0,-6.200393009692107e-06,0
2.42,0.0,-6.200393009692107e-06,0
2.43,0.0,-6.200393009692107e-06,0
2.44,0.0,-6.200393009692107e-06,0
2.45,0.0,-6.200393009692107e-06,0
2.46,0.0,-6.200393009692107e-06,0
2.47,0.0,-6.200393009692107e-06,0
2.48,0.0,-6.200393009692107e-06,0
2.49,0.0,-6.200393009692107e-06,0
2.5,0.0,-6.200393009692107e-06,0
2.51,0.0,-6.200393009692107e-06,0
2.52,0.0,-6.200393009692107e-06,0
2.53,0.0,-6.200393009692107e-06,0
2.54,0.0,-6.200393009692107e-06,0
2.55,0.0,-6.200393009692107e-06,0
2.56,0.0,-6.200393009692107e-06,0
2.57,0.0,-6.200393009692107e-06,0
2.58,0.0,-6.200393009692107e-06,0
2.59,0.0,-6.200393009692107e-06,0
2.6,0.0,-6.200393009692107e-06,0
2.61,0.0,-6.200393009692107e-06,0
2.62,0.0,-6.200393009692107e-06,0
2.63,0.0,-6.200393009692107e-06,0
2.64,0.0,-6.200393009692107e-06,0
2.65,0.0,-6.200393009692107e-06,0
2.66,0.0,-6.200393009692107e-06,0
2.67,0.0,-6.200393009692107e-06,0
2.68,0.0,-6.200393009692107e-06,0
2.69,0.0,-6.200393009692107e-06,0
2.7,0.0,-6.200393009692107e-06,0
2.71,0.0,-6.200393009692107e-06,0
2.72,0.0,-6.200393009692107e-06,0
2.73,0.0,-6.200393009692107e-06,0
2.74,0.0,-6.200393009692107e-06,0
2.75,0.0,-6.200393009692107e-06,0
2.76,0.0,-6.200393009692107e-06,0
2.77,0.0,-6.200393009692107e-06,0
2.78,0.0,-6.200393009692107e-06,0
2.79,0.0,-6.200393009692107e-06,0
2.8,0.0,-6.200393009692107e-06,0
2.81,0.0,-6.200393009692107e-06,0
2.82,0.0,-6.200393009692107e-06,0
2.83,0.0,-6.200393009692107e-06,0
2.84,0.0,-6.200393009692107e-06,0
2.85,0.0,-6.200393009692107e-06,0
2.86,0.0,-6.200393009692107e-06,0
2.87,0.0,-6.200393009692107e-06,0
2.88,0.0,-6.200393009692107e-06,0
2.89,0.0,-6.200393009692107e-06,0
2.9,0.0,-6.200393009692107e-06,0
2.91,0.0,-6.200393009692107e-06,0
2.92,0.0,-6.200393009692107e-06,0
2.93,0.0,-6.200393009692107e-06,0
2.94,0.0,-6.200393009692107e-06,0
2.95,0.0,-6.200393009692107e-06,0
2.96,0.0,-6.200393009692107e-06,0
2.97,0.0,-6.200393009692107e-06,0
2.98,0.0,-6.200393009692107e-06,0
2.99,0.0,-6.200393009692107e-06,0
3.0,0.0,-6.200393009692107e-06,0
3.01,0.06588,0.06999372192381012,7
3.02,0.13176,0.1299936553382271,13
3.03,0.19764,0.19999357765504694,20
3.04,0.26352,0.2599935110694639,26
3.05,0.329399,0.32999343338628373,33
3.06,0.395279,0.39999335570310357,40
3.07,0.461158,0.4599932891175205,46
3.08,0.527037,0.5299932114343403,53
3.09,0.592916,0.5899931448487573,59
3.1,0.658795,0.6599930671655772,66
3.11,0.724673,0.7199930005799942,72
3.12,0.790551,0.789992922896814,79
3.13,0.856428,0.8599928452136337,86
3.14,0.922305,0.9199927786280507,92
3.15,0.988182,0.9899927009448706,99
3.16,1.054058,1.0499926343592876,105
3.17,1.119933,1.1199925566761073,112
3.18,1.185808,1.1899924789929273,119
3.19,1.251682,1.2499924124073443,125
3.2,1.317555,1.319992334724164,132
3.21,1.383428,1.379992268138581,138
3.22,1.4493,1.4499921904554007,145
3.23,1.515171,1.5199921127722207,152
3.24,1.581042,1.5799920461866377,158
3.25,1.646911,1.6499919685034574,165
3.26,1.71278,1.7099919019178744,171
3.27,1.778648,1.7799918242346942,178
3.28,1.844515,1.8399917576491112,184
3.29,1.910381,1.909991679965931,191
3.3,1.976245,1.9799916022827508,198
3.31,2.042109,2.0399915356971676,204
3.32,2.107972,2.1099914580139876,211
3.33,2.173833,2.169991391428405,217
3.34,2.239693,2.2399913137452243,224
3.35,2.305553,2.3099912360620443,231
3.36,2.37141,2.369991169476461,237
3.37,2.437267,2.439991091793281,244
3.38,2.503122,2.4999910252076982,250
3.39,2.568976,2.5699909475245177,257
3.4,2.634829,2.629990880938935,263
3.41,2.70068,2.6999908032557545,270
3.42,2.766529,2.7699907255725744,277
3.43,2.832377,2.8299906589869916,283
3.44,2.898224,2.899990581303811,290
3.45,2.964069,2.9599905147182284,296
3.46,3.029912,3.029990437035048,303
3.47,3.095754,3.099990359351868,310
3.48,3.161594,3.159990292766285,316
3.49,3.227433,3.2299902150831046,323
3.5,3.293269,3.289990148497522,329
3.51,3.359104,3.3599900708143413,336
3.52,3.424937,3.4199900042287585,342
3.53,3.490768,3.4899899265455785,349
3.54,3.556597,3.559989848862398,356
3.55,3.622425,3.6199897822768152,362
3.56,3.68825,3.6899897045936347,369
3.57,3.754073,3.749989638008052,375
3.58,3.819895,3.819989560324872,382
3.59,3.885714,3.8899894826416914,389
3.6,3.951531,3.9499894160561086,395
3.61,4.017346,4.019989338372929,402
3.62,4.083158,4.079989271787345,408
3.63,4.148969,4.149989194104165,415
3.64,4.214777,4.209989127518582,421
3.65,4.280583,4.279989049835402,428
3.66,4.346387,4.349988972152222,435
3.67,4.412188,4.409988905566639,441
3.68,4.477987,4.479988827883458,448
3.69,4.543784,4.5399887612978755,454
3.7,4.609578,4.609988683614695,461
3.71,4.675369,4.679988605931515,468
3.72,4.741158,4.739988539345932,474
3.73,4.806944,4.809988461662752,481
3.74,4.872728,4.8699883950771685,487
3.75,4.938509,4.939988317393989,494
3.76,5.004287,4.999988250808406,500
3.77,5.070063,5.069988173125226,507
3.78,5.135836,5.139988095442045,514
3.79,5.201606,5.199988028856462,520
3.8,5.267373,5.269987951173282,527
3.81,5.333138,5.329987884587699,533
3.82,5.398899,5.399987806904519,540
3.83,5.464658,5.459987740318936,546
3.84,5.530413,5.529987662635755,553
3.85,5.596166,5.599987584952576,560
3.86,5.661915,5.659987518366993,566
3.87,5.727662,5.7299874406838125,573
3.88,5.793405,5.78998737409823,579
3.89,5.859145,5.859987296415049,586
3.9,5.924882,5.9199872298294665,592
3.91,5.990616,5.989987152146286,599
3.92,6.056346,6.0599870744631055,606
3.93,6.122074,6.119987007877523,612
3.94,6.187797,6.189986930194342,619
3.95,6.253518,6.249986863608759,625
3.96,6.319235,6.31998678592558,632
3.97,6.384949,6.379986719339996,638
3.98,6.450659,6.449986641656817,645
3.99,6.516365,6.519986563973636,652
4.0,6.582068,6.579986497388053,658
4.01,6.647768,6.649986419704873,665
4.02,6.713464,6.70998635311929,671
4.03,6.779156,6.7799862754361095,678
4.04,6.844844,6.839986208850527,684
4.05,6.910529,6.909986131167346,691
4.06,6.97621,6.979986053484167,698
4.07,7.041888,7.039985986898583,704
4.08,7.107561,7.109985909215403,711
4.09,7.17323,7.16998584262982,717
4.1,7.238896,7.23998576494664,724
4.11,7.304558,7.2999856983610565,730
4.12,7.370215,7.369985620677877,737
4.13,7.435869,7.439985542994696,744
4.14,7.501519,7.499985476409114,750
4.15,7.567164,7.569985398725933,757
4.16,7.632806,7.62998533214035,763
4.17,7.698443,7.69998525445717,770
4.18,7.764076,7.759985187871587,776
4.19,7.829705,7.829985110188407,783
4.2,7.895329,7.899985032505227,790
4.21,7.96095,7.959984965919643,796
4.22,8.026565,8.029984888236463,803
4.23,8.092177,8.08998482165088,809
4.24,8.157784,8.1599847439677,816
4.25,8.223387,8.219984677382117,822
4.26,8.288985,8.289984599698936,829
4.27,8.354579,8.349984533113354,835
4.28,8.420168,8.419984455430173,842
4.29,8.485753,8.489984377746994,849
4.3,8.551333,8.549984311161412,855
4.31,8.616908,8.619984233478231,862
4.32,8.682479,8.679984166892648,868
4.33,8.748044,8.749984089209468,875
4.34,8.813606,8.809984022623885,881
4.35,8.879162,8.879983944940705,888
4.36,8.944713,8.939983878355122,894
4.37,9.01026,9.009983800671941,901
4.38,9.075802,9.07998372298876,908
4.39,9.141339,9.139983656403178,914
4.4,9.20687,9.209983578719998,921
4.41,9.272397,9.269983512134415,927
4.42,9.337919,9.339983434451234,934
4.43,9.403436,9.399983367865651,940
4.44,9.468947,9.469983290182471,947
4.45,9.534454,9.529983223596888,953
4.46,9.599955,9.599983145913708,960
4.47,9.665451,9.669983068230527,967
4.48,9.730942,9.729983001644944,973
4.49,9.796427,9.799982923961764,980
4.5,9.861907,9.859982857376181,986
4.51,9.927382,9.929982779693,993
4.52,9.992851,9.989982713107418,999
4.53,10.058315,10.059982635424237,1006
4.54,10.123774,10.119982568838655,1012
4.55,10.189227,10.189982491155474,1019
4.56,10.254674,10.249982424569891,1025
4.57,10.320116,10.319982346886711,1032
4.58,10.385552,10.389982269203532,1039
4.59,10.450983,10.44998220261795,1045
4.6,10.516408,10.519982124934769,1052
4.61,10.581827,10.579982058349186,1058
4.62,10.64724,10.649981980666006,1065
4.63,10.712648,10.709981914080423,1071
4.64,10.77805,10.779981836397242,1078
4.65,10.843446,10.83998176981166,1084
4.66,10.908836,10.90998169212848,1091
4.67,10.97422,10.969981625542896,1097
4.68,11.039598,11.039981547859716,1104
4.69,11.10497,11.099981481274133,1110
4.7,11.170336,11.169981403590953,1117
4.71,11.235697,11.239981325907772,1124
4.72,11.301051,11.29998125932219,1130
4.73,11.366398,11.369981181639009,1137
4.74,11.43174,11.429981115053426,1143
4.75,11.497076,11.499981037370246,1150
4.76,11.562405,11.559980970784663,1156
4.77,11.627728,11.629980893101482,1163
4.78,11.693044,11.6899808265159,1169
4.79,11.758355,11.759980748832719,1176
4.8,11.823659,11.819980682247136,1182
4.81,11.888956,11.889980604563956,1189
4.82,11.954247,11.949980537978373,1195
4.83,12.019532,12.019980460295193,1202
4.84,12.08481,12.07998039370961,1208
4.85,12.150081,12.14998031602643,1215
4.86,12.215346,12.219980238343249,1222
4.87,12.280604,12.279980171757666,1228
4.88,12.345856,12.349980094074487,1235
4.89,12.411101,12.409980027488903,1241
4.9,12.476339,12.479979949805724,1248
4.91,12.541571,12.53997988322014,1254
4.92,12.606795,12.60997980553696,1261
4.93,12.672013,12.669979738951376,1267
4.94,12.737224,12.739979661268197,1274
4.95,12.802428,12.799979594682615,1280
4.96,12.867625,12.869979516999434,1287
4.97,12.932815,12.929979450413851,1293
4.98,12.997998,12.999979372730671,1300
4.99,13.063174,13.059979306145088,1306
5.0,13.128343,13.129979228461908,1313
5.01,13.193505,13.189979161876325,1319
5.02,13.25866,13.259979084193144,1326
5.03,13.323807,13.319979017607562,1332
5.04,13.388948,13.389978939924381,1339
5.05,13.454081,13.449978873338798,1345
5.06,13.519206,13.519978795655618,1352
5.07,13.584325,13.579978729070035,1358
5.08,13.649436,13.649978651386855,1365
5.09,13.71454,13.709978584801272,1371
5.1,13.779636,13.779978507118091,1378
5.11,13.844725,13.839978440532509,1384
5.12,13.909806,13.909978362849328,1391
5.13,13.97488,13.969978296263745,1397
5.14,14.039946,14.039978218580565,1404
5.15,14.105005,14.109978140897384,1411
5.16,14.170056,14.169978074311802,1417
5.17,14.235099,14.239977996628621,1424
5.18,14.300135,14.299977930043038,1430
5.19,14.365163,14.369977852359858,1437
5.2,14.430183,14.429977785774275,1443
5.21,14.495196,14.499977708091095,1450
5.22,14.5602,14.559977641505512,1456
5.23,14.625197,14.629977563822331,1463
5.24,14.690186,14.689977497236749,1469
5.25,14.755166,14.759977419553568,1476
5.26,14.820139,14.819977352967985,1482
5.27,14.885104,14.889977275284805,1489
5.28,14.950061,14.949977208699222,1495
5.29,15.01501,15.019977131016041,1502
5.3,15.07995,15.079977064430459,1508
5.31,15.144883,15.139976997844876,1514
5.32,15.209807,15.209976920161695,1521
5.33,15.274723,15.269976853576113,1527
5.34,15.339631,15.339976775892932,1534
5.35,15.404531,15.39997670930735,1540
5.36,15.469422,15.469976631624169,1547
5.37,15.534305,15.529976565038586,1553
5.38,15.599179,15.599976487355406,1560
5.39,15.664045,15.659976420769823,1566
5.4,15.728903,15.729976343086642,1573
5.41,15.793752,15.78997627650106,1579
5.42,15.858593,15.859976198817881,1586
5.43,15.923425,15.919976132232296,1592
5.44,15.988248,15.989976054549118,1599
5.45,16.053063,16.049975987963535,1605
5.46,16.11787,16.119975910280353,1612
5.47,16.182667,16.17997584369477,1618
5.48,16.247456,16.24997576601159,1625
5.49,16.312236,16.30997569942601,1631
5.5,16.377007,16.379975621742826,1638
5.51,16.44177,16.439975555157243,1644
5.52,16.506523,16.509975477474065,1651
5.53,16.571268,16.569975410888482,1657
5.54,16.636004,16.6399753332053,1664
5.55,16.700731,16.699975266619717,1670
5.56,16.765449,16.769975188936538,1677
5.57,16.830158,16.829975122350955,1683
5.58,16.894857,16.889975055765373,1689
5.59,16.959548,16.95997497808219,1696
5.6,17.02423,17.019974911496607,1702
5.61,17.088902,17.08997483381343,1709
5.62,17.153565,17.149974767227846,1715
5.63,17.218219,17.219974689544664,1722
5.64,17.282864,17.27997462295908,1728
5.65,17.347499,17.349974545275902,1735
5.66,17.412125,17.40997447869032,1741
5.67,17.476742,17.479974401007137,1748
5.68,17.541349,17.539974334421554,1754
5.69,17.605947,17.609974256738376,1761
5.7,17.670536,17.669974190152793,1767
5.71,17.735115,17.73997411246961,1774
5.72,17.799684,17.799974045884028,1780
5.73,17.864244,17.859973979298445,1786
5.74,17.928794,17.929973901615266,1793
5.75,17.993335,17.989973835029684,1799
5.76,18.057866,18.0599737573465,1806
5.77,18.122387,18.11997369076092,1812
5.78,18.186899,18.18997361307774,1819
5.79,18.251401,18.249973546492157,1825
5.8,18.315893,18.319973468808975,1832
5.81,18.380375,18.379973402223392,1838
5.82,18.444847,18.43997333563781,1844
5.83,18.50931,18.50997325795463,1851
5.84,18.573762,18.569973191369048,1857
5.85,18.638205,18.639973113685866,1864
5.86,18.702637,18.699973047100283,1870
5.87,18.76706,18.769972969417104,1877
5.88,18.831472,18.82997290283152,1883
5.89,18.895875,18.89997282514834,1890
5.9,18.960267,18.959972758562756,1896
5.91,19.024649,19.019972691977173,1902
5.92,19.089021,19.089972614293995,1909
5.93,19.153383,19.149972547708412,1915
5.94,19.217734,19.21997247002523,1922
5.95,19.282076,19.279972403439647,1928
5.96,19.346406,19.349972325756468,1935
5.97,19.410727,19.409972259170885,1941
5.98,19.475037,19.479972181487703,1948
5.99,19.539337,19.53997211490212,1954
6.0,19.603626,19.599972048316538,1960
6.01,19.667905,19.66997197063336,1967
6.02,19.732173,19.729971904047776,1973
6.03,19.79643,19.799971826364594,1980
6.04,19.860678,19.85997175977901,1986
6.05,19.924914,19.91997169319343,1992
6.06,19.98914,19.98997161551025,1999
6.07,20.053355,20.049971548924667,2005
6.08,20.117559,20.119971471241485,2012
6.09,20.181753,20.179971404655902,2018
6.1,20.245936,20.249971326972723,2025
6.11,20.310108,20.30997126038714,2031
6.12,20.374269,20.369971193801558,2037
6.13,20.43842,20.439971116118375,2044
6.14,20.502559,20.499971049532792,2050
6.15,20.566688,20.569970971849614,2057
6.16,20.630805,20.62997090526403,2063
6.17,20.694912,20.689970838678448,2069
6.18,20.759007,20.759970760995266,2076
6.19,20.823092,20.819970694409683,2082
6.2,20.887165,20.889970616726504,2089
6.21,20.951227,20.94997055014092,2095
6.22,21.015278,21.01997047245774,2102
6.23,21.079318,21.079970405872157,2108
6.24,21.143347,21.139970339286574,2114
6.25,21.207364,21.209970261603395,2121
6.26,21.27137,21.269970195017812,2127
6.27,21.335365,21.33997011733463,2134
6.28,21.399348,21.399970050749047,2140
6.29,21.46332,21.459969984163465,2146
6.3,21.527281,21.529969906480286,2153
6.31,21.59123,21.589969839894703,2159
6.32,21.655167,21.65996976221152,2166
6.33,21.719093,21.719969695625938,2172
6.34,21.783008,21.779969629040355,2178
6.35,21.846911,21.849969551357177,2185
6.36,21.910802,21.909969484771594,2191
6.37,21.974682,21.96996941818601,2197
6.38,22.03855,22.03996934050283,2204
6.39,22.102406,22.099969273917246,2210
6.4,22.16625,22.169969196234067,2217
6.41,22.230083,22.229969129648484,2223
6.42,22.293904,22.2899690630629,2229
6.43,22.357713,22.35996898537972,2236
6.44,22.42151,22.419968918794137,2242
6.45,22.485296,22.489968841110958,2249
6.46,22.549069,22.549968774525375,2255
6.47,22.612831,22.609968707939792,2261
6.48,22.67658,22.67996863025661,2268
6.49,22.740317,22.739968563671027,2274
6.5,22.804043,22.799968497085445,2280
6.51,22.867756,22.869968419402266,2287
6.52,22.931457,22.929968352816683,2293
6.53,22.995146,22.9999682751335,2300
6.54,23.058823,23.059968208547918,2306
6.55,23.122487,23.119968141962335,2312
6.56,23.18614,23.189968064279157,2319
6.57,23.24978,23.249967997693574,2325
6.58,23.313407,23.309967931107987,2331
6.59,23.377023,23.37996785342481,2338
6.6,23.440626,23.439967786839226,2344
6.61,23.504216,23.499967720253643,2350
6.62,23.567794,23.56996764257046,2357
6.63,23.63136,23.629967575984878,2363
6.64,23.694913,23.689967509399295,2369
6.65,23.758454,23.759967431716117,2376
6.66,23.821982,23.819967365130534,2382
6.67,23.885497,23.88996728744735,2389
6.68,23.949,23.94996722086177,2395
6.69,24.01249,24.009967154276186,2401
6.7,24.075968,24.079967076593007,2408
6.71,24.139433,24.139967010007425,2414
6.72,24.202885,24.199966943421842,2420
6.73,24.266324,24.26996686573866,2427
6.74,24.32975,24.329966799153077,2433
6.75,24.393164,24.389966732567494,2439
6.76,24.456565,24.459966654884315,2446
6.77,24.519952,24.519966588298733,2452
6.78,24.583327,24.57996652171315,2458
6.79,24.646689,24.649966444029968,2465
6.8,24.710038,24.709966377444385,2471
6.81,24.773374,24.769966310858802,2477
6.82,24.836697,24.839966233175623,2484
6.83,24.900007,24.89996616659004,2490
6.84,24.963303,24.959966100004458,2496
6.85,25.026587,25.029966022321275,2503
6.86,25.089857,25.089965955735693,2509
6.87,25.153114,25.14996588915011,2515
6.88,25.216358,25.21996581146693,2522
6.89,25.279589,25.27996574488135,2528
6.9,25.342806,25.339965678295762,2534
6.91,25.40601,25.409965600612583,2541
6.92,25.4692,25.469965534027,2547
6.93,25.532377,25.529965467441418,2553
6.94,25.595541,25.59996538975824,2560
6.95,25.658691,25.659965323172653,2566
6.96,25.721828,25.71996525658707,2572
6.97,25.784952,25.779965190001487,2578
6.98,25.848061,25.84996511231831,2585
6.99,25.911157,25.909965045732726,2591
7.0,25.97424,25.969964979147143,2597
7.01,26.037309,26.03996490146396,2604
7.02,26.100364,26.099964834878378,2610
7.03,26.163406,26.159964768292795,2616
7.04,26.226433,26.229964690609616,2623
7.05,26.289448,26.289964624024034,2629
7.06,26.352448,26.34996455743845,2635
7.07,26.415434,26.41996447975527,2642
7.08,26.478407,26.479964413169686,2648
7.09,26.541366,26.539964346584103,2654
7.1,26.60431,26.59996427999852,2660
7.11,26.667241,26.66996420231534,2667
7.12,26.730158,26.72996413572976,2673
7.13,26.793061,26.789964069144172,2679
7.14,26.85595,26.859963991460994,2686
7.15,26.918825,26.91996392487541,2692
7.16,26.981686,26.97996385828983,2698
7.17,27.044532,27.039963791704245,2704
7.18,27.107365,27.109963714021063,2711
7.19,27.170183,27.16996364743548,2717
7.2,27.232987,27.229963580849898,2723
7.21,27.295777,27.29996350316672,2730
7.22,27.358552,27.359963436581136,2736
7.23,27.421314,27.419963369995553,2742
7.24,27.484061,27.47996330340997,2748
7.25,27.546793,27.54996322572679,2755
7.26,27.609512,27.609963159141206,2761
7.27,27.672215,27.669963092555623,2767
7.28,27.734905,27.72996302597004,2773
7.29,27.79758,27.79996294828686,2780
7.3,27.86024,27.85996288170128,2786
7.31,27.922886,27.919962815115696,2792
7.32,27.985517,27.989962737432514,2799
7.33,28.048134,28.04996267084693,2805
7.34,28.110736,28.109962604261348,2811
7.35,28.173323,28.169962537675765,2817
7.36,28.235896,28.239962459992583,2824
7.37,28.298454,28.299962393407,2830
7.38,28.360998,28.359962326821417,2836
7.39,28.423526,28.419962260235835,2842
7.4,28.48604,28.489962182552656,2849
7.41,28.548539,28.549962115967073,2855
7.42,28.611023,28.60996204938149,2861
7.43,28.673492,28.669961982795908,2867
7.44,28.735946,28.739961905112725,2874
7.45,28.798386,28.799961838527143,2880
7.46,28.86081,28.85996177194156,2886
7.47,28.92322,28.919961705355977,2892
7.48,28.985614,28.9899616276728,2899
7.49,29.047993,29.049961561087216,2905
7.5,29.110357,29.109961494501633,2911
7.51,29.172707,29.169961427916046,2917
7.52,29.235041,29.239961350232868,2924
7.53,29.297359,29.299961283647285,2930
7.54,29.359663,29.359961217061702,2936
7.55,29.421951,29.41996115047612,2942
7.56,29.484224,29.479961083890537,2948
7.57,29.546482,29.549961006207354,2955
7.58,29.608725,29.60996093962177,2961
7.59,29.670952,29.66996087303619,2967
7.6,29.733164,29.729960806450606,2973
7.61,29.79536,29.799960728767427,2980
7.62,29.857541,29.859960662181845,2986
7.63,29.919707,29.91996059559626,2992
7.64,29.981857,29.97996052901068,2998
7.65,30.043991,30.039960462425093,3004
7.66,30.10611,30.109960384741914,3011
7.67,30.168214,30.16996031815633,3017
7.68,30.230302,30.22996025157075,3023
7.69,30.292374,30.289960184985166,3029
7.7,30.35443,30.349960118399583,3035
7.71,30.416471,30.4199600407164,3042
7.72,30.478496,30.479959974130818,3048
7.73,30.540506,30.539959907545235,3054
7.74,30.602499,30.599959840959652,3060
7.75,30.664477,30.65995977437407,3066
7.76,30.726439,30.72995969669089,3073
7.77,30.788386,30.789959630105308,3079
7.78,30.850316,30.849959563519725,3085
7.79,30.91223,30.90995949693414,3091
7.8,30.974129,30.969959430348556,3097
7.81,31.036011,31.039959352665377,3104
7.82,31.097878,31.099959286079795,3110
7.83,31.159728,31.159959219494212,3116
7.84,31.221563,31.21995915290863,3122
7.85,31.283381,31.279959086323046,3128
7.86,31.345183,31.349959008639864,3135
7.87,31.40697,31.40995894205428,3141
7.88,31.46874,31.4699588754687,3147
7.89,31.530493,31.529958808883116,3153
7.9,31.592231,31.589958742297533,3159
7.91,31.653952,31.64995867571195,3165
7.92,31.715658,31.71995859802877,3172
7.93,31.777346,31.779958531443185,3178
7.94,31.839019,31.839958464857602,3184
7.95,31.900675,31.89995839827202,3190
7.96,31.962315,31.959958331686437,3196
7.97,32.023938,32.019958265100854,3202
7.98,32.085545,32.08995818741767,3209
7.99,32.147136,32.14995812083209,3215
8.0,32.20871,32.209958054246506,3221
8.01,32.270267,32.26995798766092,3227
8.02,32.331808,32.32995792107534,3233
8.03,32.393332,32.38995785448976,3239
8.04,32.45484,32.449957787904175,3245
8.05,32.516331,32.51995771022099,3252
8.06,32.577806,32.57995764363541,3258
8.07,32.639264,32.63995757704983,3264
8.08,32.700705,32.699957510464245,3270
8.09,32.762129,32.75995744387866,3276
8.1,32.823537,32.81995737729308,3282
8.11,32.884928,32.879957310707496,3288
8.12,32.946302,32.94995723302432,3295
8.13,33.007659,33.00995716643874,3301
8.14,33.069,33.06995709985315,3307
8.15,33.130323,33.129957033267566,3313
8.16,33.19163,33.18995696668198,3319
8.17,33.252919,33.2499569000964,3325
8.18,33.314192,33.30995683351082,3331
8.19,33.375448,33.37995675582764,3338
8.2,33.436687,33.43995668924206,3344
8.21,33.497908,33.49995662265648,3350
8.22,33.559113,33.559956556070894,3356
8.23,33.6203,33.61995648948531,3362
8.24,33.68147,33.67995642289972,3368
8.25,33.742624,33.73995635631414,3374
8.26,33.80376,33.799956289728556,3380
8.27,33.864878,33.85995622314297,3386
8.28,33.92598,33.9299561454598,3393
8.29,33.987064,33.989956078874215,3399
8.3,34.048131,34.04995601228863,3405
8.31,34.109181,34.10995594570305,3411
8.32,34.170213,34.16995587911747,3417
8.33,34.231228,34.229955812531884,3423
8.34,34.292226,34.289955745946294,3429
8.35,34.353206,34.34995567936071,3435
8.36,34.414169,34.40995561277513,3441
8.37,34.475114,34.47995553509195,3448
8.38,34.536042,34.53995546850637,3454
8.39,34.596952,34.59995540192079,3460
8.4,34.657845,34.659955335335205,3466
8.41,34.71872,34.71995526874962,3472
8.42,34.779577,34.77995520216404,3478
8.43,34.840417,34.83995513557845,3484
8.44,34.90124,34.89995506899287,3490
8.45,34.962044,34.959955002407284,3496
8.46,35.022831,35.0199549358217,3502
8.47,35.0836,35.07995486923612,3508
8.48,35.144352,35.139954802650536,3514
8.49,35.205085,35.20995472496736,3521
8.5,35.265801,35.26995465838178,3527
8.51,35.326499,35.329954591796195,3533
8.52,35.387179,35.38995452521061,3539
8.53,35.447842,35.44995445862502,3545
8.54,35.508486,35.50995439203944,3551
8.55,35.569112,35.56995432545386,3557
8.56,35.629721,35.629954258868274,3563
8.57,35.690311,35.68995419228269,3569
8.58,35.750884,35.74995412569711,3575
8.59,35.811438,35.809954059111526,3581
8.6,35.871975,35.86995399252594,3587
8.61,35.932493,35.92995392594036,3593
8.62,35.992993,35.98995385935478,3599
8.63,36.053476,36.049953792769195,3605
8.64,36.113939,36.10995372618361,3611
8.65,36.174385,36.16995365959803,3617
8.66,36.234813,36.229953593012446,3623
8.67,36.295222,36.299953515329264,3630
8.68,36.355613,36.35995344874368,3636
8.69,36.415986,36.4199533821581,3642
8.7,36.47634,36.479953315572516,3648
8.71,36.536677,36.53995324898693,3654
8.72,36.596994,36.59995318240135,3660
8.73,36.657294,36.65995311581577,3666
8.74,36.717575,36.719953049230185,3672
8.75,36.777837,36.7799529826446,3678
8.76,36.838082,36.83995291605902,3684
8.77,36.898307,36.899952849473436,3690
8.78,36.958514,36.959952782887854,3696
8.79,37.018703,37.01995271630227,3702
8.8,37.078873,37.07995264971669,3708
8.81,37.139025,37.139952583131105,3714
8.82,37.199157,37.19995251654552,3720
8.83,37.259272,37.25995244995994,3726
8.84,37.319367,37.31995238337436,3732
8.85,37.379444,37.379952316788774,3738
8.86,37.439502,37.43995225020319,3744
8.87,37.499542,37.49995218361761,3750
8.88,37.559563,37.559952117032026,3756
8.89,37.619565,37.61995205044644,3762
8.9,37.679548,37.67995198386086,3768
8.91,37.739512,37.73995191727528,3774
8.92,37.799458,37.79995185068969,3780
8.93,37.859385,37.859951784104105,3786
8.94,37.919292,37.91995171751852,3792
8.95,37.979181,37.97995165093294,3798
8.96,38.039051,38.03995158434736,3804
8.97,38.098902,38.099951517761774,3810
8.98,38.158734,38.15995145117619,3816
8.99,38.218547,38.21995138459061,3822
9.0,38.278341,38.279951318005025,3828
9.01,38.338116,38.33995125141944,3834
9.02,38.397872,38.39995118483386,3840
9.03,38.457608,38.45995111824828,3846
9.04,38.517326,38.519951051662694,3852
9.05,38.577024,38.57995098507711,3858
9.06,38.636703,38.63995091849153,3864
9.07,38.696363,38.699950851905946,3870
9.08,38.756004,38.75995078532036,3876
9.09,38.815626,38.81995071873478,3882
9.1,38.875228,38.8799506521492,3888
9.11,38.934811,38.92995059666121,3893
9.12,38.994375,38.989950530075625,3899
9.13,39.053919,39.04995046349004,3905
9.14,39.113444,39.10995039690446,3911
9.15,39.17295,39.169950330318876,3917
9.16,39.232436,39.22995026373329,3923
9.17,39.291902,39.28995019714771,3929
9.18,39.35135,39.34995013056213,3935
9.19,39.410778,39.409950063976545,3941
9.2,39.470186,39.46994999739096,3947
9.21,39.529575,39.52994993080538,3953
9.22,39.588944,39.5899498642198,3959
9.23,39.648294,39.649949797634214,3965
9.24,39.707624,39.70994973104863,3971
9.25,39.766934,39.76994966446305,3977
9.26,39.826225,39.829949597877466,3983
9.27,39.885496,39.88994953129188,3989
9.28,39.944747,39.9399494758039,3994
9.29,40.003979,39.99994940921832,4000
9.3,40.063191,40.059949342632734,4006
9.31,40.122383,40.119949276047144,4012
9.32,40.181556,40.17994920946156,4018
9.33,40.240709,40.23994914287598,4024
9.34,40.299841,40.299949076290396,4030
9.35,40.358954,40.35994900970481,4036
9.36,40.418048,40.41994894311923,4042
9.37,40.477121,40.47994887653365,4048
9.38,40.536174,40.539948809948065,4054
9.39,40.595208,40.59994874336248,4060
9.4,40.654221,40.6499486878745,4065
9.41,40.713214,40.709948621288916,4071
9.42,40.772188,40.76994855470333,4077
9.43,40.831141,40.82994848811775,4083
9.44,40.890075,40.88994842153217,4089
9.45,40.948988,40.949948354946585,4095
9.46,41.007881,41.009948288361,4101
9.47,41.066755,41.06994822177542,4107
9.48,41.125608,41.12994815518984,4113
9.49,41.18444,41.179948099701846,4118
9.5,41.243253,41.239948033116264,4124
9.51,41.302046,41.29994796653068,4130
9.52,41.360818,41.3599478999451,4136
9.53,41.41957,41.419947833359515,4142
9.54,41.478302,41.47994776677393,4148
9.55,41.537013,41.53994770018835,4154
9.56,41.595704,41.59994763360277,4160
9.57,41.654375,41.649947578114784,4165
9.58,41.713025,41.7099475115292,4171
9.59,41.771656,41.76994744494362,4177
9.6,41.830265,41.829947378358035,4183
9.61,41.888855,41.889947311772445,4189
9.62,41.947423,41.94994724518686,4195
9.63,42.005972,42.00994717860128,4201
9.64,42.0645,42.0599471231133,4206
9.65,42.123007,42.119947056527714,4212
9.66,42.181494,42.17994698994213,4218
9.67,42.23996,42.23994692335655,4224
9.68,42.298406,42.299946856770966,4230
9.69,42.356831,42.35994679018538,4236
9.7,42.415236,42.4199467235998,4242
9.71,42.47362,42.46994666811181,4247
9.72,42.531983,42.52994660152623,4253
9.73,42.590326,42.589946534940644,4259
9.74,42.648648,42.64994646835506,4265
9.75,42.706949,42.70994640176948,4271
9.76,42.765229,42.769946335183896,4277
9.77,42.823489,42.81994627969591,4282
9.78,42.881728,42.87994621311033,4288
9.79,42.939946,42.93994614652475,4294
9.8,42.998144,42.999946079939164,4300
9.81,43.05632,43.05994601335358,4306
9.82,43.114476,43.10994595786559,4311
9.83,43.17261,43.16994589128001,4317
9.84,43.230724,43.229945824694425,4323
9.85,43.288817,43.28994575810884,4329
9.86,43.346889,43.34994569152326,4335
9.87,43.40494,43.39994563603528,4340
9.88,43.46297,43.459945569449694,4346
9.89,43.520979,43.51994550286411,4352
9.9,43.578967,43.57994543627853,4358
9.91,43.636934,43.639945369692946,4364
9.92,43.69488,43.689945314204955,4369
9.93,43.752805,43.74994524761937,4375
9.94,43.810709,43.80994518103379,4381
9.95,43.868591,43.86994511444821,4387
9.96,43.926453,43.929945047862624,4393
9.97,43.984293,43.97994499237464,4398
9.98,44.042112,44.03994492578906,4404
9.99,44.09991,44.099944859203475,4410
10.0,44.157687,44.15994479261789,4416
10.01,44.215442,44.21994472603231,4422
10.02,44.273176,44.26994467054432,4427
10.03,44.330889,44.32994460395874,4433
10.04,44.388581,44.389944537373154,4439
10.05,44.446251,44.44994447078757,4445
10.06,44.5039,44.49994441529959,4450
10.07,44.561527,44.559944348714005,4456
10.08,44.619133,44.61994428212842,4462
10.09,44.676718,44.67994421554284,4468
10.1,44.734281,44.729944160054856,4473
10.11,44.791823,44.789944093469266,4479
10.12,44.849344,44.84994402688368,4485
10.13,44.906843,44.9099439602981,4491
10.14,44.96432,44.95994390481012,4496
10.15,45.021776,45.019943838224535,4502
10.16,45.07921,45.07994377163895,4508
10.17,45.136623,45.13994370505337,4514
10.18,45.194014,45.189943649565386,4519
10.19,45.251384,45.2499435829798,4525
10.2,45.308732,45.30994351639422,4531
10.21,45.366058,45.36994344980863,4537
10.22,45.423363,45.41994339432065,4542
10.23,45.480646,45.479943327735064,4548
10.24,45.537907,45.53994326114948,4554
10.25,45.595147,45.5999431945639,4560
10.26,45.652364,45.649943139075916,4565
10.27,45.709561,45.70994307249033,4571
10.28,45.766735,45.76994300590475,4577
10.29,45.823887,45.81994295041676,4582
10.3,45.881018,45.87994288383118,4588
10.31,45.938127,45.939942817245594,4594
10.32,45.995214,45.99994275066001,4600
10.33,46.052279,46.04994269517203,4605
10.34,46.109322,46.109942628586445,4611
10.35,46.166344,46.16994256200086,4617
10.36,46.223343,46.21994250651287,4622
10.37,46.280321,46.27994243992729,4628
10.38,46.337276,46.33994237334171,4634
10.39,46.39421,46.38994231785372,4639
10.4,46.451121,46.44994225126814,4645
10.41,46.508011,46.50994218468256,4651
10.42,46.564879,46.55994212919457,4656
10.43,46.621724,46.619942062608985,4662
10.44,46.678547,46.6799419960234,4668
10.45,46.735349,46.73994192943782,4674
10.46,46.792128,46.789941873949836,4679
10.47,46.848885,46.84994180736425,4685
10.48,46.90562,46.90994174077867,4691
10.49,46.962333,46.95994168529069,4696
10.5,47.019023,47.019941618705104,4702
10.51,47.075692,47.07994155211952,4708
10.52,47.132338,47.12994149663153,4713
10.53,47.188962,47.18994143004595,4719
10.54,47.245563,47.249941363460366,4725
10.55,47.302143,47.29994130797238,4730
10.56,47.3587,47.3599412413868,4736
10.57,47.415235,47.41994117480122,4742
10.58,47.471747,47.469941119313226,4747
10.59,47.528237,47.529941052727644,4753
10.6,47.584705,47.57994099723966,4758
10.61,47.641151,47.63994093065408,4764
10.62,47.697574,47.699940864068495,4770
10.63,47.753974,47.749940808580504,4775
10.64,47.810352,47.80994074199492,4781
10.65,47.866708,47.86994067540934,4787
10.66,47.923041,47.919940619921356,4792
10.67,47.979352,47.97994055333577,4798
10.68,48.03564,48.03994048675019,4804
10.69,48.091906,48.08994043126221,4809
10.7,48.148149,48.149940364676624,4815
10.71,48.20437,48.199940309188634,4820
10.72,48.260568,48.25994024260305,4826
10.73,48.316743,48.31994017601747,4832
10.74,48.372896,48.369940120529485,4837
10.75,48.429027,48.4299400539439,4843
10.76,48.485134,48.48993998735832,4849
10.77,48.541219,48.53993993187033,4854
10.78,48.597281,48.599939865284746,4860
10.79,48.653321,48.64993980979676,4865
10.8,48.709338,48.70993974321118,4871
10.81,48.765332,48.7699396766256,4877
10.82,48.821304,48.819939621137614,4882
10.83,48.877252,48.879939554552024,4888
10.84,48.933178,48.92993949906404,4893
10.85,48.989081,48.98993943247846,4899
10.86,49.044961,49.039939376990475,4904
10.87,49.100819,49.09993931040489,4910
10.88,49.156654,49.15993924381931,4916
10.89,49.212465,49.20993918833132,4921
10.9,49.268254,49.269939121745736,4927
10.91,49.32402,49.31993906625775,4932
10.92,49.379763,49.37993899967217,4938
10.93,49.435483,49.43993893308659,4944
10.94,49.491181,49.4899388775986,4949
10.95,49.546855,49.549938811013014,4955
10.96,49.602506,49.59993875552503,4960
10.97,49.658135,49.65993868893945,4966
10.98,49.71374,49.709938633451465,4971
10.99,49.769322,49.76993856686588,4977
11.0,49.824881,49.81993851137789,4982
11.01,49.880417,49.87993844479231,4988
11.02,49.935931,49.939938378206726,4994
11.03,49.991421,49.98993832271874,4999
11.04,50.046888,50.04993825613316,5005
11.05,50.102331,50.09993820064517,5010
11.06,50.157752,50.15993813405959,5016
11.07,50.213149,50.209938078571604,5021
11.08,50.268524,50.26993801198602,5027
11.09,50.323875,50.31993795649804,5032
11.1,50.379203,50.379937889912455,5038
11.11,50.434508,50.429937834424464,5043
11.12,50.489789,50.48993776783888,5049
11.13,50.545047,50.5499377012533,5055
11.14,50.600282,50.599937645765316,5060
11.15,50.655494,50.65993757917973,5066
11.16,50.710682,50.70993752369174,5071
11.17,50.765848,50.76993745710616,5077
11.18,50.820989,50.819937401618176,5082
11.19,50.876108,50.879937335032594,5088
11.2,50.931203,50.92993727954461,5093
11.21,50.986275,50.98993721295903,5099
11.22,51.041323,51.03993715747104,5104
11.23,51.096348,51.099937090885454,5110
11.24,51.151349,51.14993703539747,5115
11.25,51.206328,51.20993696881189,5121
11.26,51.261282,51.2599369133239,5126
11.27,51.316213,51.319936846738315,5132
11.28,51.371121,51.36993679125033,5137
11.29,51.426005,51.42993672466475,5143
11.3,51.480866,51.479936669176766,5148
11.31,51.535703,51.53993660259118,5154
11.32,51.590517,51.58993654710319,5159
11.33,51.645307,51.64993648051761,5165
11.34,51.700073,51.69993642502963,5170
11.35,51.754816,51.74993636954164,5175
11.36,51.809536,51.809936302956054,5181
11.37,51.864231,51.85993624746807,5186
11.38,51.918903,51.91993618088249,5192
11.39,51.973552,51.969936125394504,5197
11.4,52.028177,52.02993605880892,5203
11.41,52.082778,52.07993600332093,5208
11.42,52.137355,52.13993593673535,5214
11.43,52.191909,52.189935881247365,5219
11.44,52.246439,52.24993581466178,5225
11.45,52.300945,52.2999357591738,5230
11.46,52.355428,52.359935692588216,5236
11.47,52.409887,52.409935637100226,5241
11.48,52.464322,52.45993558161224,5246
11.49,52.518733,52.51993551502666,5252
11.5,52.57312,52.56993545953867,5257
11.51,52.627484,52.62993539295309,5263
11.52,52.681824,52.6799353374651,5268
11.53,52.73614,52.73993527087952,5274
11.54,52.790432,52.78993521539154,5279
11.55,52.8447,52.83993515990355,5284
11.56,52.898944,52.899935093317964,5290
11.57,52.953165,52.94993503782998,5295
11.58,53.007361,53.0099349712444,5301
11.59,53.061534,53.05993491575641,5306
11.6,53.115682,53.119934849170825,5312
11.61,53.169807,53.16993479368284,5317
11.62,53.223908,53.21993473819486,5322
11.63,53.277984,53.279934671609276,5328
11.64,53.332037,53.329934616121285,5333
11.65,53.386066,53.3899345495357,5339
11.66,53.440071,53.43993449404772,5344
11.67,53.494051,53.489934438559736,5349
11.68,53.548008,53.549934371974146,5355
11.69,53.60194,53.59993431648616,5360
11.7,53.655849,53.65993424990058,5366
11.71,53.709733,53.7099341944126,5371
11.72,53.763594,53.759934138924606,5376
11.73,53.81743,53.819934072339024,5382
11.74,53.871242,53.86993401685104,5387
11.75,53.92503,53.92993395026546,5393
11.76,53.978793,53.979933894777474,5398
11.77,54.032533,54.029933839289484,5403
11.78,54.086248,54.0899337727039,5409
11.79,54.139939,54.13993371721592,5414
11.8,54.193606,54.18993366172793,5419
11.81,54.247249,54.249933595142345,5425
11.82,54.300867,54.29993353965436,5430
11.83,54.354462,54.34993348416638,5435
11.84,54.408032,54.409933417580795,5441
11.85,54.461577,54.459933362092805,5446
11.86,54.515099,54.51993329550722,5452
11.87,54.568596,54.56993324001924,5457
11.88,54.622069,54.619933184531256,5462
11.89,54.675517,54.67993311794567,5468
11.9,54.728941,54.72993306245768,5473
11.91,54.782341,54.7799330069697,5478
11.92,54.835716,54.83993294038412,5484
11.93,54.889067,54.889932884896126,5489
11.94,54.942394,54.93993282940814,5494
11.95,54.995696,54.99993276282256,5500
11.96,55.048974,55.04993270733458,5505
11.97,55.102227,55.099932651846586,5510
11.98,55.155456,55.159932585261004,5516
11.99,55.208661,55.20993252977302,5521
12.0,55.261841,55.25993247428504,5526
12.01,55.314996,55.30993241879705,5531
12.02,55.368127,55.369932352211464,5537
12.03,55.421234,55.41993229672348,5542
12.04,55.474316,55.46993224123549,5547
12.05,55.527374,55.52993217464991,5553
12.06,55.580406,55.579932119161924,5558
12.07,55.633415,55.62993206367394,5563
12.08,55.686399,55.68993199708836,5569
12.09,55.739358,55.73993194160037,5574
12.1,55.792293,55.789931886112385,5579
12.11,55.845203,55.8499318195268,5585
12.12,55.898088,55.89993176403881,5590
12.13,55.950949,55.94993170855083,5595
12.14,56.003785,55.999931653062845,5600
12.15,56.056597,56.05993158647726,5606
12.16,56.109384,56.10993153098927,5611
12.17,56.162146,56.15993147550129,5616
12.18,56.214884,56.209931420013305,5621
12.19,56.267596,56.26993135342772,5627
12.2,56.320285,56.31993129793973,5632
12.21,56.372948,56.36993124245175,5637
12.22,56.425587,56.429931175866166,5643
12.23,56.478201,56.479931120378176,5648
12.24,56.53079,56.52993106489019,5653
12.25,56.583354,56.57993100940221,5658
12.26,56.635894,56.639930942816626,5664
12.27,56.688409,56.689930887328636,5669
12.28,56.740899,56.73993083184065,5674
12.29,56.793364,56.78993077635267,5679
12.3,56.845805,56.84993070976709,5685
12.31,56.89822,56.899930654279096,5690
12.32,56.950611,56.94993059879111,5695
12.33,57.002977,56.99993054330313,5700
12.34,57.055318,57.05993047671754,5706
12.35,57.107635,57.109930421229556,5711
12.36,57.159926,57.15993036574157,5716
12.37,57.212192,57.20993031025358,5721
12.38,57.264434,57.2599302547656,5726
12.39,57.31665,57.31993018818002,5732
12.4,57.368842,57.36993013269203,5737
12.41,57.421009,57.41993007720404,5742
12.42,57.473151,57.46993002171606,5747
12.43,57.525267,57.52992995513048,5753
12.44,57.577359,57.579929899642494,5758
12.45,57.629426,57.6299298441545,5763
12.46,57.681468,57.67992978866652,5768
12.47,57.733485,57.72992973317853,5773
12.48,57.785477,57.78992966659295,5779
12.49,57.837444,57.839929611104964,5784
12.5,57.889385,57.88992955561698,5789
12.51,57.941302,57.93992950012899,5794
12.52,57.993194,57.98992944464101,5799
12.53,58.04506,58.049929378055424,5805
12.54,58.096902,58.09992932256744,5810
12.55,58.148718,58.14992926707945,5815
12.56,58.20051,58.19992921159147,5820
12.57,58.252276,58.24992915610348,5825
12.58,58.304017,58.29992910061549,5830
12.59,58.355733,58.35992903402991,5836
12.6,58.407424,58.40992897854193,5841
12.61,58.45909,58.45992892305394,5846
12.62,58.51073,58.509928867565954,5851
12.63,58.562346,58.55992881207797,5856
12.64,58.613936,58.60992875658998,5861
12.65,58.665501,58.6699286900044,5867
12.66,58.717041,58.719928634516414,5872
12.67,58.768555,58.76992857902843,5877
12.68,58.820045,58.81992852354044,5882
12.69,58.871509,58.86992846805246,5887
12.7,58.922948,58.91992841256447,5892
12.71,58.974362,58.96992835707648,5897
12.72,59.02575,59.0299282904909,5903
12.73,59.077113,59.07992823500292,5908
12.74,59.128451,59.12992817951493,5913
12.75,59.179764,59.179928124026944,5918
12.76,59.231051,59.22992806853896,5923
12.77,59.282313,59.27992801305097,5928
12.78,59.33355,59.32992795756299,5933
12.79,59.384761,59.379927902075,5938
12.8,59.435947,59.439927835489414,5944
12.81,59.487108,59.48992778000143,5949
12.82,59.538243,59.53992772451345,5954
12.83,59.589353,59.58992766902546,5959
12.84,59.640438,59.63992761353747,5964
12.85,59.691497,59.68992755804949,5969
12.86,59.742531,59.7399275025615,5974
12.87,59.793539,59.78992744707352,5979
12.88,59.844522,59.83992739158553,5984
12.89,59.89548,59.89992732499995,5990
12.9,59.946412,59.94992726951196,5995
12.91,59.997319,59.99992721402398,6000
12.92,60.0482,60.049927158535986,6005
12.93,60.099056,60.099927103048,6010
12.94,60.149887,60.14992704756002,6015
12.95,60.200692,60.19992699207203,6020
12.96,60.251471,60.249926936584046,6025
12.97,60.302225,60.29992688109606,6030
12.98,60.352954,60.34992682560807,6035
12.99,60.403657,60.39992677012009,6040
13.0,60.454334,60.449926714632106,6045
13.01,60.504986,60.499926659144116,6050
13.02,60.555613,60.55992659255853,6056
13.03,60.606214,60.60992653707055,6061
13.04,60.656789,60.65992648158256,6066
13.05,60.707339,60.709926426094576,6071
13.06,60.757863,60.75992637060659,6076
13.07,60.808362,60.8099263151186,6081
13.08,60.858835,60.85992625963062,6086
13.09,60.909282,60.909926204142636,6091
13.1,60.959704,60.959926148654645,6096
13.11,61.0101,61.00992609316666,6101
13.12,61.060471,61.05992603767868,6106
13.13,61.110816,61.10992598219069,6111
13.14,61.161136,61.159925926702705,6116
13.15,61.211429,61.209925871214715,6121
13.16,61.261698,61.25992581572673,6126
13.17,61.31194,61.30992576023875,6131
13.18,61.362157,61.35992570475076,6136
13.19,61.412348,61.409925649262775,6141
13.2,61.462514,61.45992559377479,6146
13.21,61.512654,61.5099255382868,6151
13.22,61.562768,61.55992548279882,6156
13.23,61.612856,61.609925427310834,6161
13.24,61.662919,61.659925371822844,6166
13.25,61.712956,61.70992531633486,6171
13.26,61.762967,61.75992526084687,6176
13.27,61.812953,61.80992520535889,6181
13.28,61.862913,61.859925149870904,6186
13.29,61.912847,61.90992509438291,6191
13.3,61.962755,61.95992503889493,6196
13.31,62.012638,62.00992498340695,6201
13.32,62.062494,62.059924927918956,6206
13.33,62.112325,62.10992487243097,6211
13.34,62.162131,62.15992481694299,6216
13.35,62.21191,62.209924761455,6221
13.36,62.261664,62.259924705967016,6226
13.37,62.311392,62.30992465047903,6231
13.38,62.361094,62.35992459499104,6236
13.39,62.41077,62.40992453950306,6241
13.4,62.46042,62.45992448401507,6246
13.41,62.510045,62.509924428527086,6251
13.42,62.559644,62.5599243730391,6256
13.43,62.609216,62.60992431755111,6261
13.44,62.658763,62.65992426206313,6266
13.45,62.708285,62.709924206575145,6271
13.46,62.75778,62.759924151087155,6276
13.47,62.807249,62.80992409559917,6281
13.48,62.856693,62.85992404011119,6286
13.49,62.906111,62.9099239846232,6291
13.5,62.955502,62.959923929135215,6296
13.51,63.004868,62.999923884744824,6300
13.52,63.054208,63.04992382925684,6305
13.53,63.103522,63.09992377376885,6310
13.54,63.15281,63.14992371828087,6315
13.55,63.202072,63.199923662792884,6320
13.56,63.251309,63.24992360730489,6325
13.57,63.300519,63.29992355181691,6330
13.58,63.349703,63.34992349632893,6335
13.59,63.398862,63.39992344084094,6340
13.6,63.447994,63.44992338535295,6345
13.61,63.497101,63.49992332986496,6350
13.62,63.546181,63.54992327437698,6355
13.63,63.595236,63.599923218888996,6360
13.64,63.644264,63.639923174498605,6364
13.65,63.693267,63.68992311901062,6369
13.66,63.742243,63.73992306352263,6374
13.67,63.791194,63.78992300803465,6379
13.68,63.840118,63.839922952546665,6384
13.69,63.889017,63.889922897058675,6389
13.7,63.937889,63.93992284157069,6394
13.71,63.986736,63.98992278608271,6399
13.72,64.035556,64.03992273059472,6404
13.73,64.08435,64.07992268620433,6408
13.74,64.133119,64.12992263071635,6413
13.75,64.181861,64.17992257522835,6418
13.76,64.230577,64.22992251974037,6423
13.77,64.279267,64.2799224642524,6428
13.78,64.327931,64.32992240876439,6433
13.79,64.376569,64.37992235327641,6438
13.8,64.425181,64.42992229778844,6443
13.81,64.473767,64.46992225339804,6447
13.82,64.522327,64.51992219791006,6452
13.83,64.57086,64.56992214242206,6457
13.84,64.619368,64.61992208693408,6462
13.85,64.667849,64.6699220314461,6467
13.86,64.716305,64.7199219759581,6472
13.87,64.764734,64.75992193156773,6476
13.88,64.813137,64.80992187607973,6481
13.89,64.861514,64.85992182059175,6486
13.9,64.909865,64.90992176510377,6491
13.91,64.958189,64.95992170961577,6496
13.92,65.006488,65.0099216541278,6501
13.93,65.05476,65.0499216097374,6505
13.94,65.103006,65.09992155424942,6510
13.95,65.151226,65.14992149876144,6515
13.96,65.19942,65.19992144327344,6520
13.97,65.247588,65.24992138778546,6525
13.98,65.295729,65.29992133229749,6530
13.99,65.343844,65.33992128790709,6534
14.0,65.391933,65.38992123241911,6539
14.01,65.439996,65.43992117693111,6544
14.02,65.488033,65.48992112144313,6549
14.03,65.536044,65.53992106595516,6554
14.04,65.584028,65.57992102156476,6558
14.05,65.631986,65.62992096607678,6563
14.06,65.679918,65.67992091058878,6568
14.07,65.727823,65.7299208551008,6573
14.08,65.775703,65.77992079961282,6578
14.09,65.823556,65.81992075522243,6582
14.1,65.871383,65.86992069973445,6587
14.11,65.919183,65.91992064424645,6592
14.12,65.966958,65.96992058875847,6597
14.13,66.014706,66.00992054436807,6601
14.14,66.062428,66.0599204888801,6606
14.15,66.110124,66.10992043339212,6611
14.16,66.157793,66.15992037790411,6616
14.17,66.205436,66.20992032241614,6621
14.18,66.253053,66.24992027802574,6625
14.19,66.300643,66.29992022253776,6630
14.2,66.348208,66.34992016704976,6635
14.21,66.395746,66.39992011156178,6640
14.22,66.443257,66.43992006717139,6644
14.23,66.490743,66.48992001168341,6649
14.24,66.538202,66.53991995619543,6654
14.25,66.585635,66.58991990070743,6659
14.26,66.633041,66.62991985631706,6663
14.27,66.680421,66.67991980082905,6668
14.28,66.727775,66.72991974534108,6673
14.29,66.775103,66.7799196898531,6678
14.3,66.822404,66.8199196454627,6682
14.31,66.869679,66.86991958997473,6687
14.32,66.916927,66.91991953448672,6692
14.33,66.964149,66.95991949009635,6696
14.34,67.011345,67.00991943460835,6701
14.35,67.058515,67.05991937912037,6706
14.36,67.105658,67.1099193236324,6711
14.37,67.152775,67.149919279242,6715
14.38,67.199865,67.19991922375402,6720
14.39,67.246929,67.24991916826602,6725
14.4,67.293967,67.28991912387565,6729
14.41,67.340978,67.33991906838764,6734
14.42,67.387963,67.38991901289967,6739
14.43,67.434922,67.42991896850927,6743
14.44,67.481854,67.4799189130213,6748
14.45,67.52876,67.52991885753332,6753
14.46,67.575639,67.57991880204531,6758
14.47,67.622492,67.61991875765494,6762
14.48,67.669319,67.66991870216694,6767
14.49,67.716119,67.71991864667896,6772
14.5,67.762893,67.75991860228856,6776
14.51,67.809641,67.80991854680059,6781
14.52,67.856362,67.85991849131261,6786
14.53,67.903056,67.89991844692221,6790
14.54,67.949725,67.94991839143424,6795
14.55,67.996366,67.99991833594623,6800
14.56,68.042982,68.03991829155586,6804
14.57,68.089571,68.08991823606786,6809
14.58,68.136133,68.13991818057988,6814
14.59,68.182669,68.17991813618949,6818
14.6,68.229179,68.22991808070151,6823
14.61,68.275662,68.27991802521353,6828
14.62,68.322119,68.31991798082313,6832
14.63,68.368549,68.36991792533516,6837
14.64,68.414953,68.40991788094476,6841
14.65,68.461331,68.45991782545678,6846
14.66,68.507682,68.50991776996878,6851
14.67,68.554006,68.54991772557838,6855
14.68,68.600305,68.5999176700904,6860
14.69,68.646576,68.64991761460243,6865
14.7,68.692821,68.68991757021203,6869
14.71,68.73904,68.73991751472406,6874
14.72,68.785232,68.78991745923605,6879
14.73,68.831398,68.82991741484568,6883
14.74,68.877538,68.87991735935768,6888
14.75,68.92365,68.91991731496731,6892
14.76,68.969737,68.9699172594793,6897
14.77,69.015797,69.01991720399133,6902
14.78,69.06183,69.05991715960093,6906
14.79,69.107837,69.10991710411295,6911
14.8,69.153818,69.14991705972255,6915
14.81,69.199771,69.19991700423458,6920
14.82,69.245699,69.2499169487466,6925
14.83,69.2916,69.2899169043562,6929
14.84,69.337474,69.33991684886823,6934
14.85,69.383322,69.37991680447783,6938
14.86,69.429144,69.42991674898985,6943
14.87,69.474939,69.46991670459946,6947
14.88,69.520707,69.51991664911148,6952
14.89,69.566449,69.56991659362347,6957
14.9,69.612165,69.6099165492331,6961
14.91,69.657854,69.6599164937451,6966
14.92,69.703516,69.69991644935473,6970
14.93,69.749152,69.74991639386673,6975
14.94,69.794761,69.78991634947636,6979
14.95,69.840344,69.83991629398835,6984
14.96,69.885901,69.88991623850038,6989
14.97,69.93143,69.92991619410998,6993
14.98,69.976934,69.979916138622,6998
14.99,70.022411,70.0199160942316,7002
15.0,70.067861,70.06991603874363,7007
15.01,70.043085,70.03991607203642,7004
15.02,70.018323,70.0199160942316,7002
15.03,69.993575,69.9899161275244,6999
15.04,69.968842,69.96991614971961,6997
15.05,69.944124,69.9399161830124,6994
15.06,69.91942,69.91991620520758,6992
15.07,69.89473,69.88991623850038,6989
15.08,69.870055,69.86991626069556,6987
15.09,69.845394,69.84991628289077,6985
15.1,69.820747,69.81991631618357,6982
15.11,69.796115,69.79991633837875,6980
15.12,69.771497,69.76991637167154,6977
15.13,69.746894,69.74991639386673,6975
15.14,69.722304,69.71991642715952,6972
15.15,69.697729,69.69991644935473,6970
15.16,69.673169,69.66991648264752,6967
15.17,69.648622,69.64991650484271,6965
15.18,69.62409,69.6199165381355,6962
15.19,69.599572,69.59991656033068,6960
15.2,69.575068,69.5799165825259,6958
15.21,69.550579,69.54991661581869,6955
15.22,69.526103,69.52991663801387,6953
15.23,69.501642,69.49991667130666,6950
15.24,69.477195,69.47991669350185,6948
15.25,69.452762,69.44991672679464,6945
15.26,69.428344,69.42991674898985,6943
15.27,69.403939,69.39991678228265,6940
15.28,69.379549,69.37991680447783,6938
15.29,69.355172,69.35991682667301,6936
15.3,69.33081,69.3299168599658,6933
15.31,69.306462,69.30991688216102,6931
15.32,69.282128,69.27991691545381,6928
15.33,69.257808,69.259916937649,6926
15.34,69.233502,69.22991697094179,6923
15.35,69.20921,69.20991699313697,6921
15.36,69.184932,69.17991702642976,6918
15.37,69.160668,69.15991704862498,6916
15.38,69.136418,69.13991707082016,6914
15.39,69.112182,69.10991710411295,6911
15.4,69.08796,69.08991712630814,6909
15.41,69.063752,69.05991715960093,6906
15.42,69.039557,69.03991718179614,6904
15.43,69.015377,69.01991720399133,6902
15.44,68.991211,68.98991723728412,6899
15.45,68.967058,68.9699172594793,6897
15.46,68.94292,68.9399172927721,6894
15.47,68.918795,68.91991731496731,6892
15.48,68.894684,68.8899173482601,6889
15.49,68.870587,68.86991737045528,6887
15.5,68.846504,68.84991739265047,6885
15.51,68.822435,68.81991742594326,6882
15.52,68.798379,68.79991744813847,6880
15.53,68.774338,68.76991748143126,6877
15.54,68.75031,68.74991750362645,6875
15.55,68.726295,68.72991752582163,6873
15.56,68.702295,68.69991755911443,6870
15.57,68.678308,68.67991758130964,6868
15.58,68.654335,68.64991761460243,6865
15.59,68.630376,68.62991763679761,6863
15.6,68.606431,68.6099176589928,6861
15.61,68.582499,68.57991769228559,6858
15.62,68.558581,68.5599177144808,6856
15.63,68.534676,68.5299177477736,6853
15.64,68.510785,68.50991776996878,6851
15.65,68.486908,68.48991779216396,6849
15.66,68.463044,68.45991782545678,6846
15.67,68.439194,68.43991784765197,6844
15.68,68.415358,68.41991786984715,6842
15.69,68.391535,68.38991790313995,6839
15.7,68.367726,68.36991792533516,6837
15.71,68.343931,68.33991795862795,6834
15.72,68.320149,68.31991798082313,6832
15.73,68.29638,68.29991800301832,6830
15.74,68.272625,68.26991803631111,6827
15.75,68.248884,68.24991805850632,6825
15.76,68.225156,68.22991808070151,6823
15.77,68.201441,68.1999181139943,6820
15.78,68.17774,68.17991813618949,6818
15.79,68.154053,68.14991816948228,6815
15.8,68.130379,68.12991819167749,6813
15.81,68.106718,68.10991821387267,6811
15.82,68.083071,68.07991824716547,6808
15.83,68.059437,68.05991826936065,6806
15.84,68.035817,68.03991829155586,6804
15.85,68.01221,68.00991832484866,6801
15.86,67.988616,67.98991834704384,6799
15.87,67.965036,67.96991836923902,6797
15.88,67.941469,67.93991840253182,6794
15.89,67.917916,67.91991842472703,6792
15.9,67.894375,67.88991845801982,6789
15.91,67.870848,67.869918480215,6787
15.92,67.847335,67.84991850241019,6785
15.93,67.823835,67.81991853570298,6782
15.94,67.800348,67.7999185578982,6780
15.95,67.776874,67.77991858009338,6778
15.96,67.753414,67.74991861338617,6775
15.97,67.729966,67.72991863558136,6773
15.98,67.706532,67.70991865777657,6771
15.99,67.683112,67.67991869106936,6768
16.0,67.659704,67.65991871326455,6766
16.01,67.63631,67.63991873545973,6764
16.02,67.612929,67.60991876875252,6761
16.03,67.589561,67.58991879094773,6759
16.04,67.566206,67.56991881314292,6757
16.05,67.542864,67.53991884643571,6754
16.06,67.519536,67.5199188686309,6752
16.07,67.496221,67.49991889082611,6750
16.08,67.472918,67.4699189241189,6747
16.09,67.449629,67.44991894631409,6745
16.1,67.426353,67.42991896850927,6743
16.11,67.40309,67.39991900180206,6740
16.12,67.37984,67.37991902399727,6738
16.13,67.356603,67.35991904619246,6736
16.14,67.33338,67.32991907948525,6733
16.15,67.310169,67.30991910168044,6731
16.16,67.286971,67.28991912387565,6729
16.17,67.263786,67.25991915716844,6726
16.18,67.240615,67.23991917936362,6724
16.19,67.217456,67.21991920155881,6722
16.2,67.19431,67.1899192348516,6719
16.21,67.171177,67.16991925704681,6717
16.22,67.148057,67.149919279242,6715
16.23,67.12495,67.11991931253479,6712
16.24,67.101856,67.09991933472998,6710
16.25,67.078775,67.07991935692519,6708
16.26,67.055707,67.05991937912037,6706
16.27,67.032652,67.02991941241316,6703
16.28,67.009609,67.00991943460835,6701
16.29,66.98658,66.98991945680356,6699
16.3,66.963563,66.95991949009635,6696
16.31,66.940559,66.93991951229154,6694
16.32,66.917568,66.91991953448672,6692
16.33,66.89459,66.88991956777951,6689
16.34,66.871625,66.86991958997473,6687
16.35,66.848672,66.84991961216991,6685
16.36,66.825733,66.8299196343651,6683
16.37,66.802806,66.79991966765789,6680
16.38,66.779891,66.7799196898531,6678
16.39,66.75699,66.75991971204829,6676
16.4,66.734101,66.72991974534108,6673
16.41,66.711225,66.70991976753626,6671
16.42,66.688362,66.68991978973148,6669
16.43,66.665511,66.66991981192666,6667
16.44,66.642673,66.63991984521945,6664
16.45,66.619848,66.61991986741464,6662
16.46,66.597036,66.59991988960985,6660
16.47,66.574236,66.56991992290264,6657
16.48,66.551449,66.54991994509783,6655
16.49,66.528674,66.52991996729301,6653
16.5,66.505912,66.50991998948822,6651
16.51,66.483163,66.47992002278102,6648
16.52,66.460426,66.4599200449762,6646
16.53,66.437702,66.43992006717139,6644
16.54,66.41499,66.40992010046418,6641
16.55,66.392292,66.38992012265939,6639
16.56,66.369605,66.36992014485458,6637
16.57,66.346931,66.34992016704976,6635
16.58,66.32427,66.31992020034255,6632
16.59,66.301621,66.29992022253776,6630
16.6,66.278985,66.27992024473295,6628
16.61,66.256361,66.25992026692813,6626
16.62,66.23375,66.22992030022093,6623
16.63,66.211151,66.20992032241614,6621
16.64,66.188565,66.18992034461132,6619
16.65,66.165991,66.16992036680651,6617
16.66,66.143429,66.1399204000993,6614
16.67,66.120881,66.11992042229451,6612
16.68,66.098344,66.0999204444897,6610
16.69,66.07582,66.07992046668491,6608
16.7,66.053308,66.0499204999777,6605
16.71,66.030809,66.02992052217289,6603
16.72,66.008322,66.00992054436807,6601
16.73,65.985847,65.98992056656328,6599
16.74,65.963385,65.95992059985608,6596
16.75,65.940935,65.93992062205126,6594
16.76,65.918498,65.91992064424645,6592
16.77,65.896072,65.89992066644166,6590
16.78,65.87366,65.86992069973445,6587
16.79,65.851259,65.84992072192964,6585
16.8,65.828871,65.82992074412482,6583
16.81,65.806495,65.80992076632003,6581
16.82,65.784131,65.77992079961282,6578
16.83,65.76178,65.75992082180801,6576
16.84,65.73944,65.7399208440032,6574
16.85,65.717113,65.71992086619841,6572
16.86,65.694799,65.6899208994912,6569
16.87,65.672496,65.66992092168638,6567
16.88,65.650206,65.64992094388157,6565
16.89,65.627928,65.62992096607678,6563
16.9,65.605662,65.60992098827197,6561
16.91,65.583408,65.57992102156476,6558
16.92,65.561166,65.55992104375994,6556
16.93,65.538937,65.53992106595516,6554
16.94,65.51672,65.51992108815034,6552
16.95,65.494514,65.48992112144313,6549
16.96,65.472321,65.46992114363832,6547
16.97,65.45014,65.44992116583353,6545
16.98,65.427972,65.42992118802871,6543
16.99,65.405815,65.4099212102239,6541
17.0,65.38367,65.37992124351669,6538
17.01,65.361538,65.3599212657119,6536
17.02,65.339417,65.33992128790709,6534
17.03,65.317309,65.31992131010227,6532
17.04,65.295212,65.29992133229749,6530
17.05,65.273128,65.26992136559028,6527
17.06,65.251055,65.24992138778546,6525
17.07,65.228995,65.22992140998065,6523
17.08,65.206946,65.20992143217586,6521
17.09,65.18491,65.17992146546865,6518
17.1,65.162885,65.15992148766384,6516
17.11,65.140873,65.13992150985902,6514
17.12,65.118872,65.11992153205424,6512
17.13,65.096884,65.09992155424942,6510
17.14,65.074907,65.06992158754221,6507
17.15,65.052942,65.0499216097374,6505
17.16,65.030989,65.02992163193261,6503
17.17,65.009048,65.0099216541278,6501
17.18,64.987119,64.98992167632298,6499
17.19,64.965202,64.96992169851819,6497
17.2,64.943297,64.93992173181098,6494
17.21,64.921403,64.91992175400617,6492
17.22,64.899522,64.89992177620135,6490
17.23,64.877652,64.87992179839657,6488
17.24,64.855794,64.85992182059175,6486
17.25,64.833948,64.82992185388454,6483
17.26,64.812114,64.80992187607973,6481
17.27,64.790291,64.78992189827494,6479
17.28,64.76848,64.76992192047013,6477
17.29,64.746681,64.74992194266531,6475
17.3,64.724894,64.7199219759581,6472
17.31,64.703119,64.69992199815331,6470
17.32,64.681355,64.6799220203485,6468
17.33,64.659603,64.65992204254368,6466
17.34,64.637863,64.6399220647389,6464
17.35,64.616134,64.61992208693408,6462
17.36,64.594417,64.58992212022687,6459
17.37,64.572712,64.56992214242206,6457
17.38,64.551019,64.54992216461727,6455
17.39,64.529337,64.52992218681246,6453
17.4,64.507667,64.50992220900764,6451
17.41,64.486008,64.48992223120285,6449
17.42,64.464361,64.45992226449565,6446
17.43,64.442726,64.43992228669083,6444
17.44,64.421102,64.41992230888602,6442
17.45,64.39949,64.39992233108123,6440
17.46,64.37789,64.37992235327641,6438
17.47,64.356301,64.3599223754716,6436
17.48,64.334724,64.32992240876439,6433
17.49,64.313158,64.3099224309596,6431
17.5,64.291604,64.28992245315479,6429
17.51,64.270062,64.26992247534997,6427
17.52,64.248531,64.24992249754519,6425
17.53,64.227011,64.22992251974037,6423
17.54,64.205503,64.20992254193555,6421
17.55,64.184007,64.17992257522835,6418
17.56,64.162522,64.15992259742356,6416
17.57,64.141048,64.13992261961874,6414
17.58,64.119587,64.11992264181393,6412
17.59,64.098136,64.09992266400914,6410
17.6,64.076697,64.07992268620433,6408
17.61,64.055269,64.05992270839951,6406
17.62,64.033853,64.0299227416923,6403
17.63,64.012448,64.00992276388752,6401
17.64,63.991055,63.98992278608271,6399
17.65,63.969673,63.9699228082779,6397
17.66,63.948303,63.94992283047309,6395
17.67,63.926944,63.92992285266829,6393
17.68,63.905596,63.90992287486348,6391
17.69,63.88426,63.879922908156274,6388
17.7,63.862935,63.859922930351466,6386
17.71,63.841621,63.839922952546665,6384
17.72,63.820319,63.81992297474186,6382
17.73,63.799028,63.79992299693705,6380
17.74,63.777748,63.77992301913225,6378
17.75,63.75648,63.75992304132744,6376
17.76,63.735223,63.73992306352263,6374
17.77,63.713977,63.70992309681542,6371
17.78,63.692742,63.68992311901062,6369
17.79,63.671519,63.669923141205814,6367
17.8,63.650307,63.649923163401006,6365
17.81,63.629107,63.629923185596205,6363
17.82,63.607917,63.6099232077914,6361
17.83,63.586739,63.58992322998659,6359
17.84,63.565572,63.56992325218179,6357
17.85,63.544416,63.53992328547458,6354
17.86,63.523272,63.51992330766977,6352
17.87,63.502138,63.49992332986496,6350
17.88,63.481016,63.47992335206016,6348
17.89,63.459905,63.459923374255354,6346
17.9,63.438805,63.43992339645055,6344
17.91,63.417717,63.419923418645745,6342
17.92,63.396639,63.39992344084094,6340
17.93,63.375573,63.379923463036135,6338
17.94,63.354518,63.34992349632893,6335
17.95,63.333473,63.32992351852412,6333
17.96,63.31244,63.30992354071931,6331
17.97,63.291418,63.28992356291451,6329
17.98,63.270408,63.2699235851097,6327
17.99,63.249408,63.24992360730489,6325
18.0,63.228419,63.22992362950009,6323
18.01,63.207441,63.209923651695284,6321
18.02,63.186475,63.189923673890476,6319
18.03,63.165519,63.169923696085675,6317
18.04,63.144575,63.13992372937847,6314
18.05,63.123641,63.11992375157366,6312
18.06,63.102719,63.09992377376885,6310
18.07,63.081807,63.07992379596405,6308
18.08,63.060907,63.05992381815924,6306
18.09,63.040017,63.03992384035443,6304
18.1,63.019139,63.01992386254963,6302
18.11,62.998271,62.999923884744824,6300
18.12,62.977415,62.979923906940016,6298
18.13,62.956569,62.959923929135215,6296
18.14,62.935734,62.93992395133041,6294
18.15,62.914911,62.9099239846232,6291
18.16,62.894098,62.8899240068184,6289
18.17,62.873296,62.86992402901359,6287
18.18,62.852505,62.84992405120878,6285
18.19,62.831725,62.82992407340398,6283
18.2,62.810955,62.80992409559917,6281
18.21,62.790197,62.789924117794364,6279
18.22,62.769449,62.76992413998956,6277
18.23,62.748713,62.749924162184755,6275
18.24,62.727987,62.729924184379946,6273
18.25,62.707272,62.709924206575145,6271
18.26,62.686568,62.68992422877034,6269
18.27,62.665874,62.66992425096553,6267
18.28,62.645192,62.64992427316073,6265
18.29,62.62452,62.61992430645352,6262
18.3,62.603859,62.59992432864871,6260
18.31,62.583209,62.5799243508439,6258
18.32,62.56257,62.5599243730391,6256
18.33,62.541941,62.539924395234294,6254
18.34,62.521323,62.519924417429486,6252
18.35,62.500716,62.499924439624685,6250
18.36,62.480119,62.47992446181988,6248
18.37,62.459534,62.45992448401507,6246
18.38,62.438959,62.43992450621027,6244
18.39,62.418394,62.41992452840546,6242
18.4,62.397841,62.39992455060065,6240
18.41,62.377298,62.37992457279585,6238
18.42,62.356766,62.35992459499104,6236
18.43,62.336244,62.339924617186234,6234
18.44,62.315733,62.31992463938143,6232
18.45,62.295233,62.299924661576625,6230
18.46,62.274744,62.26992469486942,6227
18.47,62.254265,62.249924717064616,6225
18.48,62.233796,62.22992473925981,6223
18.49,62.213339,62.209924761455,6221
18.5,62.192892,62.1899247836502,6219
18.51,62.172455,62.16992480584539,6217
18.52,62.152029,62.14992482804058,6215
18.53,62.131614,62.12992485023578,6213
18.54,62.111209,62.10992487243097,6211
18.55,62.090815,62.089924894626165,6209
18.56,62.070431,62.069924916821364,6207
18.57,62.050058,62.049924939016556,6205
18.58,62.029696,62.02992496121175,6203
18.59,62.009344,62.00992498340695,6201
18.6,61.989002,61.98992500560214,6199
18.61,61.968671,61.96992502779733,6197
18.62,61.948351,61.94992504999253,6195
18.63,61.928041,61.92992507218772,6193
18.64,61.907741,61.90992509438291,6191
18.65,61.887452,61.88992511657811,6189
18.66,61.867174,61.869925138773304,6187
18.67,61.846906,61.849925160968496,6185
18.68,61.826648,61.829925183163695,6183
18.69,61.806401,61.80992520535889,6181
18.7,61.786164,61.78992522755408,6179
18.71,61.765938,61.76992524974928,6177
18.72,61.745722,61.74992527194447,6175
18.73,61.725516,61.72992529413967,6173
18.74,61.705321,61.70992531633486,6171
18.75,61.685136,61.68992533853005,6169
18.76,61.664962,61.659925371822844,6166
18.77,61.644798,61.63992539401804,6164
18.78,61.624644,61.619925416213235,6162
18.79,61.604501,61.59992543840843,6160
18.8,61.584368,61.579925460603626,6158
18.81,61.564245,61.55992548279882,6156
18.82,61.544133,61.53992550499401,6154
18.83,61.524031,61.51992552718921,6152
18.84,61.503939,61.4999255493844,6150
18.85,61.483858,61.47992557157959,6148
18.86,61.463787,61.45992559377479,6146
18.87,61.443726,61.43992561596998,6144
18.88,61.423675,61.419925638165175,6142
18.89,61.403635,61.399925660360374,6140
18.9,61.383605,61.379925682555566,6138
18.91,61.363585,61.35992570475076,6136
18.92,61.343576,61.33992572694596,6134
18.93,61.323576,61.31992574914115,6132
18.94,61.303587,61.29992577133634,6130
18.95,61.283608,61.27992579353154,6128
18.96,61.26364,61.25992581572673,6126
18.97,61.243681,61.23992583792192,6124
18.98,61.223733,61.21992586011712,6122
18.99,61.203795,61.199925882312314,6120
19.0,61.183867,61.179925904507506,6118
19.01,61.163949,61.159925926702705,6116
19.02,61.144041,61.1399259488979,6114
19.03,61.124144,61.119925971093096,6112
19.04,61.104257,61.09992599328829,6110
19.05,61.084379,61.07992601548348,6108
19.06,61.064512,61.05992603767868,6106
19.07,61.044655,61.03992605987387,6104
19.08,61.024808,61.01992608206906,6102
19.09,61.004972,60.99992610426426,6100
19.1,60.985145,60.989926115361854,6099
19.11,60.965328,60.96992613755705,6097
19.12,60.945522,60.949926159752245,6095
19.13,60.925725,60.92992618194744,6093
19.14,60.905939,60.909926204142636,6091
19.15,60.886163,60.88992622633783,6089
19.16,60.866396,60.86992624853302,6087
19.17,60.84664,60.84992627072822,6085
19.18,60.826894,60.82992629292341,6083
19.19,60.807157,60.8099263151186,6081
19.2,60.787431,60.7899263373138,6079
19.21,60.767715,60.76992635950899,6077
19.22,60.748008,60.749926381704185,6075
19.23,60.728312,60.729926403899384,6073
19.24,60.708626,60.709926426094576,6071
19.25,60.688949,60.68992644828977,6069
19.26,60.669283,60.66992647048497,6067
19.27,60.649626,60.64992649268016,6065
19.28,60.62998,60.62992651487535,6063
19.29,60.610343,60.60992653707055,6061
19.3,60.590716,60.58992655926574,6059
19.31,60.5711,60.56992658146093,6057
19.32,60.551493,60.54992660365613,6055
19.33,60.531896,60.529926625851324,6053
19.34,60.512308,60.50992664804652,6051
19.35,60.492731,60.489926670241715,6049
19.36,60.473164,60.46992669243691,6047
19.37,60.453606,60.449926714632106,6045
19.38,60.434059,60.4299267368273,6043
19.39,60.414521,60.40992675902249,6041
19.4,60.394993,60.38992678121769,6039
19.41,60.375475,60.37992679231528,6038
19.42,60.355966,60.35992681451048,6036
19.43,60.336468,60.33992683670567,6034
19.44,60.316979,60.319926858900864,6032
19.45,60.2975,60.29992688109606,6030
19.46,60.278031,60.279926903291255,6028
19.47,60.258572,60.25992692548645,6026
19.48,60.239122,60.239926947681646,6024
19.49,60.219682,60.21992696987684,6022
19.5,60.200252,60.19992699207203,6020
19.51,60.180832,60.17992701426723,6018
19.52,60.161422,60.15992703646242,6016
19.53,60.142021,60.13992705865761,6014
19.54,60.12263,60.11992708085281,6012
19.55,60.103248,60.099927103048,6010
19.56,60.083877,60.079927125243195,6008
19.57,60.064515,60.059927147438394,6006
19.58,60.045162,60.049927158535986,6005
19.59,60.02582,60.029927180731185,6003
19.6,60.006487,60.00992720292638,6001
19.61,59.987164,59.98992722512157,5999
19.62,59.96785,59.96992724731677,5997
19.63,59.948546,59.94992726951196,5995
19.64,59.929252,59.92992729170716,5993
19.65,59.909967,59.90992731390235,5991
19.66,59.890692,59.88992733609754,5989
19.67,59.871427,59.86992735829274,5987
19.68,59.852171,59.849927380487934,5985
19.69,59.832925,59.829927402683126,5983
19.7,59.813688,59.809927424878325,5981
19.71,59.794461,59.78992744707352,5979
19.72,59.775244,59.779927458171116,5978
19.73,59.756036,59.75992748036631,5976
19.74,59.736838,59.7399275025615,5974
19.75,59.717649,59.7199275247567,5972
19.76,59.69847,59.69992754695189,5970
19.77,59.6793,59.67992756914708,5968
19.78,59.66014,59.65992759134228,5966
19.79,59.64099,59.63992761353747,5964
19.8,59.621849,59.619927635732665,5962
19.81,59.602717,59.599927657927864,5960
19.82,59.583595,59.579927680123056,5958
19.83,59.564483,59.55992770231825,5956
19.84,59.54538,59.54992771341585,5955
19.85,59.526286,59.52992773561104,5953
19.86,59.507202,59.50992775780624,5951
19.87,59.488127,59.48992778000143,5949
19.88,59.469062,59.46992780219662,5947
19.89,59.450006,59.44992782439182,5945
19.9,59.43096,59.42992784658701,5943
19.91,59.411923,59.409927868782205,5941
19.92,59.392896,59.389927890977404,5939
19.93,59.373878,59.369927913172596,5937
19.94,59.354869,59.349927935367795,5935
19.95,59.33587,59.33992794646539,5934
19.96,59.31688,59.319927968660586,5932
19.97,59.2979,59.29992799085578,5930
19.98,59.278929,59.27992801305097,5928
19.99,59.259967,59.25992803524617,5926
20.0,59.241015,59.23992805744136,5924
20.01,59.222072,59.21992807963655,5922
20.02,59.203139,59.19992810183175,5920
20.03,59.184214,59.179928124026944,5918
20.04,59.1653,59.16992813512454,5917
20.05,59.146394,59.149928157319735,5915
20.06,59.127498,59.12992817951493,5913
20.07,59.108611,59.109928201710126,5911
20.08,59.089733,59.08992822390532,5909
20.09,59.070865,59.06992824610051,5907
20.1,59.052006,59.04992826829571,5905
20.11,59.033156,59.0299282904909,5903
20.12,59.014316,59.00992831268609,5901
20.13,58.995484,58.99992832378369,5900
20.14,58.976663,58.979928345978884,5898
20.15,58.95785,58.95992836817408,5896
20.16,58.939046,58.939928390369275,5894
20.17,58.920252,58.91992841256447,5892
20.18,58.901467,58.899928434759666,5890
20.19,58.882691,58.87992845695486,5888
20.2,58.863925,58.85992847915005,5886
20.21,58.845168,58.84992849024765,5885
20.22,58.826419,58.82992851244284,5883
20.23,58.80768,58.80992853463804,5881
20.24,58.788951,58.78992855683323,5879
20.25,58.77023,58.76992857902843,5877
20.26,58.751519,58.74992860122362,5875
20.27,58.732816,58.729928623418814,5873
20.28,58.714123,58.70992864561401,5871
20.29,58.695439,58.699928656711606,5870
20.3,58.676765,58.679928678906805,5868
20.31,58.658099,58.659928701102,5866
20.32,58.639442,58.63992872329719,5864
20.33,58.620795,58.61992874549239,5862
20.34,58.602157,58.59992876768758,5860
20.35,58.583527,58.57992878988277,5858
20.36,58.564907,58.55992881207797,5856
20.37,58.546296,58.54992882317556,5855
20.38,58.527694,58.52992884537076,5853
20.39,58.509101,58.509928867565954,5851
20.4,58.490518,58.489928889761146,5849
20.41,58.471943,58.469928911956345,5847
20.42,58.453377,58.44992893415154,5845
20.43,58.43482,58.42992895634673,5843
20.44,58.416273,58.41992896744433,5842
20.45,58.397734,58.39992898963952,5840
20.46,58.379205,58.37992901183472,5838
20.47,58.360684,58.35992903402991,5836
20.48,58.342173,58.3399290562251,5834
20.49,58.32367,58.3199290784203,5832
20.5,58.305177,58.309929089517894,5831
20.51,58.286692,58.28992911171309,5829
20.52,58.268216,58.269929133908285,5827
20.53,58.24975,58.24992915610348,5825
20.54,58.231292,58.229929178298676,5823
20.55,58.212843,58.20992920049387,5821
20.56,58.194404,58.18992922268907,5819
20.57,58.175973,58.17992923378666,5818
20.58,58.157551,58.15992925598186,5816
20.59,58.139138,58.13992927817705,5814
20.6,58.120734,58.11992930037224,5812
20.61,58.102339,58.09992932256744,5810
20.62,58.083953,58.07992934476263,5808
20.63,58.065576,58.06992935586023,5807
20.64,58.047207,58.049929378055424,5805
20.65,58.028848,58.029929400250616,5803
20.66,58.010497,58.009929422445815,5801
20.67,57.992155,57.98992944464101,5799
20.68,57.973823,57.9699294668362,5797
20.69,57.955499,57.9599294779338,5796
20.7,57.937183,57.93992950012899,5794
20.71,57.918877,57.91992952232419,5792
20.72,57.90058,57.89992954451938,5790
20.73,57.882291,57.87992956671457,5788
20.74,57.864011,57.85992958890977,5786
20.75,57.84574,57.849929600007364,5785
20.76,57.827478,57.82992962220256,5783
20.77,57.809224,57.809929644397755,5781
20.78,57.79098,57.78992966659295,5779
20.79,57.772744,57.769929688788146,5777
20.8,57.754517,57.74992971098334,5775
20.81,57.736299,57.73992972208094,5774
20.82,57.718089,57.71992974427613,5772
20.83,57.699888,57.69992976647132,5770
20.84,57.681696,57.67992978866652,5768
20.85,57.663513,57.65992981086171,5766
20.86,57.645339,57.64992982195931,5765
20.87,57.627173,57.6299298441545,5763
20.88,57.609016,57.6099298663497,5761
20.89,57.590868,57.589929888544894,5759
20.9,57.572728,57.569929910740086,5757
20.91,57.554597,57.549929932935285,5755
20.92,57.536475,57.53992994403288,5754
20.93,57.518361,57.51992996622808,5752
20.94,57.500256,57.49992998842327,5750
20.95,57.48216,57.47993001061846,5748
20.96,57.464073,57.45993003281366,5746
20.97,57.445994,57.44993004391125,5745
20.98,57.427924,57.42993006610645,5743
20.99,57.409862,57.40993008830164,5741
21.0,57.391809,57.389930110496834,5739
21.01,57.373765,57.36993013269203,5737
21.02,57.35573,57.359930143789626,5736
21.03,57.337703,57.339930165984825,5734
21.04,57.319684,57.31993018818002,5732
21.05,57.301674,57.29993021037521,5730
21.06,57.283673,57.27993023257041,5728
21.07,57.265681,57.269930243668,5727
21.08,57.247697,57.2499302658632,5725
21.09,57.229721,57.22993028805839,5723
21.1,57.211754,57.20993031025358,5721
21.11,57.193796,57.18993033244878,5719
21.12,57.175846,57.179930343546374,5718
21.13,57.157905,57.15993036574157,5716
21.14,57.139973,57.139930387936765,5714
21.15,57.122049,57.11993041013196,5712
21.16,57.104133,57.099930432327156,5710
21.17,57.086226,57.08993044342475,5709
21.18,57.068328,57.06993046561995,5707
21.19,57.050438,57.04993048781514,5705
21.2,57.032556,57.02993051001034,5703
21.21,57.014683,57.00993053220553,5701
21.22,56.996819,56.99993054330313,5700
21.23,56.978963,56.97993056549832,5698
21.24,56.961115,56.95993058769351,5696
21.25,56.943276,56.93993060988871,5694
21.26,56.925446,56.929930620986305,5693
21.27,56.907623,56.909930643181504,5691
21.28,56.88981,56.889930665376696,5689
21.29,56.872005,56.86993068757189,5687
21.3,56.854208,56.84993070976709,5685
21.31,56.836419,56.83993072086468,5684
21.32,56.81864,56.81993074305988,5682
21.33,56.800868,56.79993076525507,5680
21.34,56.783105,56.77993078745026,5678
21.35,56.76535,56.76993079854786,5677
21.36,56.747604,56.74993082074305,5675
21.37,56.729866,56.72993084293825,5673
21.38,56.712137,56.709930865133444,5671
21.39,56.694416,56.689930887328636,5669
21.4,56.676703,56.679930898426235,5668
21.41,56.658998,56.65993092062143,5666
21.42,56.641302,56.639930942816626,5664
21.43,56.623615,56.61993096501182,5662
21.44,56.605935,56.60993097610942,5661
21.45,56.588264,56.58993099830461,5659
21.46,56.570602,56.5699310204998,5657
21.47,56.552948,56.549931042695,5655
21.48,56.535302,56.53993105379259,5654
21.49,56.517664,56.51993107598779,5652
21.5,56.500035,56.499931098182984,5650
21.51,56.482413,56.479931120378176,5648
21.52,56.464801,56.459931142573375,5646
21.53,56.447196,56.449931153670974,5645
21.54,56.4296,56.429931175866166,5643
21.55,56.412012,56.40993119806136,5641
21.56,56.394432,56.38993122025656,5639
21.57,56.376861,56.37993123135415,5638
21.58,56.359298,56.35993125354935,5636
21.59,56.341743,56.33993127574454,5634
21.6,56.324196,56.31993129793973,5632
21.61,56.306658,56.30993130903733,5631
21.62,56.289128,56.28993133123252,5629
21.63,56.271606,56.26993135342772,5627
21.64,56.254092,56.249931375622914,5625
21.65,56.236587,56.239931386720514,5624
21.66,56.219089,56.219931408915706,5622
21.67,56.2016,56.1999314311109,5620
21.68,56.184119,56.1799314533061,5618
21.69,56.166647,56.16993146440369,5617
21.7,56.149182,56.14993148659889,5615
21.71,56.131726,56.12993150879408,5613
21.72,56.114278,56.10993153098927,5611
21.73,56.096837,56.09993154208687,5610
21.74,56.079406,56.07993156428206,5608
21.75,56.061982,56.05993158647726,5606
21.76,56.044566,56.039931608672454,5604
21.77,56.027159,56.02993161977005,5603
21.78,56.009759,56.009931641965245,5601
21.79,55.992368,55.98993166416044,5599
21.8,55.974985,55.969931686355636,5597
21.81,55.95761,55.95993169745323,5596
21.82,55.940243,55.93993171964843,5594
21.83,55.922884,55.91993174184362,5592
21.84,55.905534,55.90993175294122,5591
21.85,55.888191,55.88993177513641,5589
21.86,55.870857,55.86993179733161,5587
21.87,55.85353,55.8499318195268,5585
21.88,55.836212,55.8399318306244,5584
21.89,55.818901,55.81993185281959,5582
21.9,55.801599,55.799931875014785,5580
21.91,55.784305,55.779931897209984,5578
21.92,55.767019,55.769931908307576,5577
21.93,55.74974,55.749931930502775,5575
21.94,55.73247,55.72993195269797,5573
21.95,55.715208,55.71993196379557,5572
21.96,55.697954,55.69993198599076,5570
21.97,55.680708,55.67993200818595,5568
21.98,55.66347,55.65993203038115,5566
21.99,55.64624,55.64993204147874,5565
22.0,55.629018,55.62993206367394,5563
22.01,55.485804,55.4899322190403,5549
22.02,55.342656,55.339932385504255,5534
22.03,55.199574,55.19993254087062,5520
22.04,55.056558,55.05993269623698,5506
22.05,54.913608,54.909932862700934,5491
22.06,54.770724,54.76993301806729,5477
22.07,54.627904,54.629933173433656,5463
22.08,54.48515,54.489933328800014,5449
22.09,54.342461,54.33993349526397,5434
22.1,54.199836,54.199933650630335,5420
22.11,54.057276,54.05993380599669,5406
22.12,53.91478,53.90993397246065,5391
22.13,53.772349,53.769934127827014,5377
22.14,53.629981,53.62993428319337,5363
22.15,53.487677,53.489934438559736,5349
22.16,53.345436,53.34993459392609,5335
22.17,53.203259,53.19993476039005,5320
22.18,53.061145,53.05993491575641,5306
22.19,52.919094,52.91993507112277,5292
22.2,52.777105,52.77993522648913,5278
22.21,52.635179,52.639935381855494,5264
22.22,52.493316,52.48993554831945,5249
22.23,52.351514,52.34993570368581,5235
22.24,52.209775,52.20993585905217,5221
22.25,52.068097,52.06993601441853,5207
22.26,51.926481,51.92993616978489,5193
22.27,51.784926,51.77993633624885,5178
22.28,51.643432,51.63993649161521,5164
22.29,51.502,51.49993664698157,5150
22.3,51.360628,51.35993680234793,5136
22.31,51.219316,51.21993695771429,5122
22.32,51.078066,51.07993711308065,5108
22.33,50.936875,50.93993726844701,5094
22.34,50.795744,50.79993742381337,5080
22.35,50.654673,50.649937590277325,5065
22.36,50.513662,50.50993774564369,5051
22.37,50.37271,50.36993790101005,5037
22.38,50.231818,50.22993805637641,5023
22.39,50.090984,50.08993821174277,5009
22.4,49.95021,49.949938367109134,4995
22.41,49.809494,49.80993852247549,4981
22.42,49.668836,49.66993867784185,4967
22.43,49.528237,49.52993883320821,4953
22.44,49.387696,49.38993898857457,4939
22.45,49.247213,49.249939143940935,4925
22.46,49.106788,49.10993929930729,4911
22.47,48.96642,48.96993945467365,4897
22.48,48.826109,48.829939610040014,4883
22.49,48.685856,48.68993976540637,4869
22.5,48.54566,48.54993992077274,4855
22.51,48.40552,48.409940076139094,4841
22.52,48.265437,48.26994023150546,4827
22.53,48.125411,48.129940386871816,4813
22.54,47.985441,47.98994054223817,4799
22.55,47.845526,47.84994069760454,4785
22.56,47.705668,47.709940852970895,4771
22.57,47.565866,47.56994100833726,4757
22.58,47.426118,47.42994116370362,4743
22.59,47.286427,47.289941319069975,4729
22.6,47.14679,47.14994147443634,4715
22.61,47.007208,47.0099416298027,4701
22.62,46.867681,46.86994178516906,4687
22.63,46.728209,46.72994194053542,4673
22.64,46.588791,46.589942095901776,4659
22.65,46.449427,46.44994225126814,4645
22.66,46.310117,46.3099424066345,4631
22.67,46.170861,46.16994256200086,4617
22.68,46.031659,46.02994271736722,4603
22.69,45.89251,45.889942872733585,4589
22.7,45.753415,45.74994302809994,4575
22.71,45.614372,45.6099431834663,4561
22.72,45.475383,45.479943327735064,4548
22.73,45.336446,45.33994348310143,4534
22.74,45.197562,45.199943638467786,4520
22.75,45.05873,45.059943793834144,4506
22.76,44.919951,44.91994394920051,4492
22.77,44.781223,44.779944104566866,4478
22.78,44.642547,44.63994425993323,4464
22.79,44.503923,44.49994441529959,4450
22.8,44.365351,44.36994455956835,4437
22.81,44.22683,44.22994471493471,4423
22.82,44.08836,44.089944870301075,4409
22.83,43.949941,43.94994502566743,4395
22.84,43.811572,43.80994518103379,4381
22.85,43.673255,43.669945336400154,4367
22.86,43.534987,43.52994549176651,4353
22.87,43.39677,43.39994563603528,4340
22.88,43.258603,43.259945791401634,4326
22.89,43.120486,43.119945946768,4312
22.9,42.982419,42.979946102134356,4298
22.91,42.844401,42.83994625750072,4284
22.92,42.706432,42.70994640176948,4271
22.93,42.568513,42.56994655713584,4257
22.94,42.430643,42.4299467125022,4243
22.95,42.292821,42.289946867868565,4229
22.96,42.155048,42.15994701213732,4216
22.97,42.017324,42.01994716750369,4202
22.98,41.879648,41.879947322870045,4188
22.99,41.74202,41.73994747823641,4174
23.0,41.60444,41.59994763360277,4160
23.01,41.466908,41.46994777787153,4147
23.02,41.329423,41.32994793323789,4133
23.03,41.191986,41.189948088604254,4119
23.04,41.054596,41.04994824397061,4105
23.05,40.917253,40.919948388239376,4092
23.06,40.779957,40.779948543605734,4078
23.07,40.642708,40.6399486989721,4064
23.08,40.505505,40.509948843240856,4051
23.09,40.368349,40.36994899860722,4037
23.1,40.231239,40.22994915397358,4023
23.11,40.094175,40.089949309339936,4009
23.12,39.957157,39.9599494536087,3996
23.13,39.820185,39.819949608975065,3982
23.14,39.683258,39.67994976434142,3968
23.15,39.546376,39.54994990861019,3955
23.16,39.40954,39.409950063976545,3941
23.17,39.272749,39.26995021934291,3927
23.18,39.136002,39.13995036361167,3914
23.19,38.999301,38.99995051897803,3900
23.2,38.862643,38.85995067434439,3886
23.21,38.72603,38.729950818613155,3873
23.22,38.589462,38.58995097397951,3859
23.23,38.452937,38.44995112934588,3845
23.24,38.316456,38.31995127361464,3832
23.25,38.180019,38.179951428981,3818
23.26,38.043625,38.03995158434736,3804
23.27,37.907274,37.90995172861612,3791
23.28,37.770967,37.76995188398248,3777
23.29,37.634703,37.629952039348844,3763
23.3,37.498481,37.49995218361761,3750
23.31,37.362302,37.359952338983966,3736
23.32,37.226166,37.22995248325273,3723
23.33,37.090072,37.08995263861909,3709
23.34,36.95402,36.94995279398545,3695
23.35,36.81801,36.81995293825421,3682
23.36,36.682041,36.679953093620576,3668
23.37,36.546115,36.54995323788934,3655
23.38,36.41023,36.4099533932557,3641
23.39,36.274386,36.269953548622055,3627
23.4,36.138583,36.13995369289082,3614
23.41,36.002822,35.99995384825718,3600
23.42,35.867101,35.86995399252594,3587
23.43,35.731421,35.72995414789231,3573
23.44,35.595781,35.599954292161065,3560
23.45,35.460181,35.45995444752743,3546
23.46,35.324622,35.31995460289379,3532
23.47,35.189103,35.18995474716255,3519
23.48,35.053623,35.04995490252891,3505
23.49,34.918184,34.919955046797675,3492
23.5,34.782783,34.77995520216404,3478
23.51,34.647422,34.6499553464328,3465
23.52,34.5121,34.50995550179916,3451
23.53,34.376818,34.37995564606792,3438
23.54,34.241574,34.239955801434284,3424
23.55,34.106368,34.10995594570305,3411
23.56,33.971201,33.96995610106941,3397
23.57,33.836073,33.83995624533817,3384
23.58,33.700983,33.69995640070453,3370
23.59,33.56593,33.569956544973294,3357
23.6,33.430916,33.42995670033965,3343
23.61,33.295939,33.29995684460842,3330
23.62,33.161,33.159956999974774,3316
23.63,33.026098,33.02995714424354,3303
23.64,32.891233,32.889957299609904,3289
23.65,32.756406,32.75995744387866,3276
23.66,32.621615,32.619957599245026,3262
23.67,32.486861,32.489957743513784,3249
23.68,32.352143,32.34995789888015,3235
23.69,32.217462,32.219958043148914,3222
23.7,32.082817,32.07995819851527,3208
23.71,31.948209,31.949958342784036,3195
23.72,31.813636,31.809958498150394,3181
23.73,31.679099,31.67995864241916,3168
23.74,31.544597,31.53995879778552,3154
23.75,31.410131,31.40995894205428,3141
23.76,31.2757,31.279959086323046,3128
23.77,31.141304,31.139959241689407,3114
23.78,31.006944,31.00995938595817,3101
23.79,30.872618,30.86995954132453,3087
23.8,30.738326,30.73995968559329,3074
23.81,30.60407,30.599959840959652,3060
23.82,30.469847,30.469959985228417,3047
23.83,30.335659,30.33996012949718,3034
23.84,30.201504,30.19996028486354,3020
23.85,30.067384,30.0699604291323,3007
23.86,29.933297,29.929960584498662,2993
23.87,29.799243,29.799960728767427,2980
23.88,29.665223,29.66996087303619,2967
23.89,29.531237,29.52996102840255,2953
23.9,29.397283,29.399961172671315,2940
23.91,29.263362,29.259961328037672,2926
23.92,29.129474,29.129961472306437,2913
23.93,28.995619,28.9999616165752,2900
23.94,28.861795,28.85996177194156,2886
23.95,28.728005,28.729961916210325,2873
23.96,28.594246,28.589962071576682,2859
23.97,28.460519,28.459962215845447,2846
23.98,28.326824,28.32996236011421,2833
23.99,28.193161,28.18996251548057,2819
24.0,28.059529,28.059962659749335,2806
24.01,27.925928,27.929962804018096,2793
24.02,27.792359,27.789962959384457,2779
24.03,27.65882,27.65996310365322,2766
24.04,27.525313,27.529963247921984,2753
24.05,27.391836,27.389963403288345,2739
24.06,27.25839,27.259963547557106,2726
24.07,27.124974,27.119963702923467,2712
24.08,26.991588,26.989963847192232,2699
24.09,26.858232,26.859963991460994,2686
24.1,26.724907,26.719964146827355,2672
24.11,26.591611,26.589964291096116,2659
24.12,26.458345,26.45996443536488,2646
24.13,26.325108,26.329964579633643,2633
24.14,26.1919,26.189964735000004,2619
24.15,26.058722,26.05996487926877,2606
24.16,25.925572,25.92996502353753,2593
24.17,25.792452,25.78996517890389,2579
24.18,25.65936,25.659965323172653,2566
24.19,25.526297,25.529965467441418,2553
24.2,25.393262,25.38996562280778,2539
24.21,25.260255,25.25996576707654,2526
24.22,25.127276,25.129965911345305,2513
24.23,24.994325,24.989966066711666,2499
24.24,24.861402,24.859966210980428,2486
24.25,24.728507,24.72996635524919,2473
24.26,24.595639,24.599966499517954,2460
24.27,24.462799,24.459966654884315,2446
24.28,24.329985,24.329966799153077,2433
24.29,24.197199,24.199966943421842,2420
24.3,24.064439,24.059967098788203,2406
24.31,23.931706,23.929967243056964,2393
24.32,23.799,23.79996738732573,2380
24.33,23.66632,23.66996753159449,2367
24.34,23.533666,23.529967686960852,2353
24.35,23.401038,23.399967831229613,2340
24.36,23.268437,23.26996797549838,2327
24.37,23.135861,23.13996811976714,2314
24.38,23.003311,22.9999682751335,2300
24.39,22.870786,22.869968419402266,2287
24.4,22.738286,22.739968563671027,2274
24.41,22.605812,22.609968707939792,2261
24.42,22.473363,22.46996886330615,2247
24.43,22.340938,22.339969007574915,2234
24.44,22.208539,22.209969151843676,2221
24.45,22.076164,22.07996929611244,2208
24.46,21.943813,21.939969451478802,2194
24.47,21.811487,21.809969595747564,2181
24.48,21.679184,21.67996974001633,2168
24.49,21.546906,21.54996988428509,2155
24.5,21.414652,21.40997003965145,2141
24.51,21.282421,21.279970183920213,2128
24.52,21.150214,21.149970328188978,2115
24.53,21.01803,21.01997047245774,2102
24.54,20.885869,20.889970616726504,2089
24.55,20.753731,20.749970772092865,2075
24.56,20.621617,20.619970916361627,2062
24.57,20.489525,20.489971060630392,2049
24.58,20.357456,20.359971204899153,2036
24.59,20.225409,20.22997134916792,2023
24.6,20.093384,20.089971504534276,2009
24.61,19.961382,19.95997164880304,1996
24.62,19.829402,19.829971793071802,1983
24.63,19.697444,19.699971937340568,1970
24.64,19.565507,19.56997208160933,1957
24.65,19.433592,19.42997223697569,1943
24.66,19.301698,19.299972381244455,1930
24.67,19.169826,19.169972525513217,1917
24.68,19.037975,19.03997266978198,1904
24.69,18.906145,18.909972814050743,1891
24.7,18.774335,18.769972969417104,1877
24.71,18.642547,18.639973113685866,1864
24.72,18.510779,18.50997325795463,1851
24.73,18.379031,18.379973402223392,1838
24.74,18.247303,18.249973546492157,1825
24.75,18.115596,18.11997369076092,1812
24.76,17.983909,17.97997384612728,1798
24.77,17.852241,17.849973990396045,1785
24.78,17.720593,17.719974134664806,1772
24.79,17.588965,17.58997427893357,1759
24.8,17.457356,17.459974423202333,1746
24.81,17.325766,17.329974567471098,1733
24.82,17.194195,17.189974722837455,1719
24.83,17.062643,17.05997486710622,1706
24.84,16.93111,16.92997501137498,1693
24.85,16.799596,16.799975155643747,1680
24.86,16.6681,16.669975299912508,1667
24.87,16.536622,16.539975444181273,1654
24.88,16.405163,16.409975588450035,1641
24.89,16.273721,16.269975743816396,1627
24.9,16.142298,16.13997588808516,1614
24.91,16.010892,16.009976032353922,1601
24.92,15.879504,15.879976176622685,1588
24.93,15.748133,15.749976320891449,1575
24.94,15.61678,15.619976465160212,1562
24.95,15.485444,15.489976609428975,1549
24.96,15.354125,15.349976764795336,1535
24.97,15.222822,15.2199769090641,1522
24.98,15.091537,15.089977053332863,1509
24.99,14.960268,14.959977197601626,1496
25.0,14.829015,14.82997734187039,1483
25.01,14.697779,14.699977486139153,1470
25.02,14.566559,14.569977630407914,1457
25.03,14.435355,14.439977774676677,1444
25.04,14.304167,14.299977930043038,1430
25.05,14.172994,14.169978074311802,1417
25.06,14.041837,14.039978218580565,1404
25.07,13.910696,13.909978362849328,1391
25.08,13.779569,13.779978507118091,1378
25.09,13.648458,13.649978651386855,1365
25.1,13.517362,13.519978795655618,1352
25.11,13.386281,13.389978939924381,1339
25.12,13.255214,13.259979084193144,1326
25.13,13.124162,13.119979239559504,1312
25.14,12.993124,12.989979383828267,1299
25.15,12.862101,12.85997952809703,1286
25.16,12.731092,12.729979672365793,1273
25.17,12.600096,12.599979816634557,1260
25.18,12.469115,12.46997996090332,1247
25.19,12.338147,12.339980105172083,1234
25.2,12.207193,12.209980249440846,1221
25.21,12.076252,12.07998039370961,1208
25.22,11.945324,11.949980537978373,1195
25.23,11.814409,11.809980693344734,1181
25.24,11.683508,11.679980837613497,1168
25.25,11.552619,11.54998098188226,1155
25.26,11.421743,11.419981126151024,1142
25.27,11.290879,11.289981270419787,1129
25.28,11.160028,11.15998141468855,1116
25.29,11.029189,11.029981558957314,1103
25.3,10.898363,10.899981703226075,1090
25.31,10.767548,10.769981847494838,1077
25.32,10.636745,10.639981991763602,1064
25.33,10.505953,10.509982136032365,1051
25.34,10.375173,10.379982280301128,1038
25.35,10.244405,10.23998243566749,1024
25.36,10.113647,10.109982579936252,1011
25.37,9.982901,9.979982724205016,998
25.38,9.852166,9.849982868473779,985
25.39,9.721442,9.719983012742542,972
25.4,9.590728,9.589983157011305,959
25.41,9.460025,9.459983301280069,946
25.42,9.329332,9.329983445548832,933
25.43,9.198649,9.199983589817595,920
25.44,9.067976,9.069983734086358,907
25.45,8.937314,8.939983878355122,894
25.46,8.806661,8.809984022623885,881
25.47,8.676018,8.679984166892648,868
25.48,8.545384,8.549984311161412,855
25.49,8.41476,8.40998446652777,841
25.5,8.284145,8.279984610796534,828
25.51,8.153539,8.149984755065297,815
25.52,8.022942,8.01998489933406,802
25.53,7.892354,7.889985043602824,789
25.54,7.761774,7.759985187871587,776
25.55,7.631203,7.62998533214035,763
25.56,7.500641,7.499985476409114,750
25.57,7.370086,7.369985620677877,737
25.58,7.23954,7.23998576494664,724
25.59,7.109001,7.109985909215403,711
25.6,6.978471,6.979986053484167,698
25.61,6.847948,6.849986197752929,685
25.62,6.717433,6.719986342021692,672
25.63,6.586925,6.589986486290456,659
25.64,6.456424,6.459986630559219,646
25.65,6.32593,6.329986774827982,633
25.66,6.195443,6.199986919096745,620
25.67,6.064963,6.0599870744631055,606
25.68,5.93449,5.929987218731869,593
25.69,5.804023,5.799987363000632,580
25.7,5.673563,5.669987507269395,567
25.71,5.543109,5.5399876515381585,554
25.72,5.412661,5.409987795806922,541
25.73,5.282219,5.279987940075685,528
25.74,5.151783,5.149988084344448,515
25.75,5.021352,5.019988228613212,502
25.76,4.890927,4.889988372881975,489
25.77,4.760507,4.759988517150738,476
25.78,4.630093,4.629988661419501,463
25.79,4.499683,4.499988805688264,450
25.8,4.369279,4.369988949957027,437
25.81,4.23888,4.23998909422579,424
25.82,4.108485,4.1099892384945536,411
25.83,3.978094,3.979989382763317,398
25.84,3.847708,3.84998952703208,385
25.85,3.717327,3.7199896713008433,372
25.86,3.586949,3.5899898155696066,359
25.87,3.456576,3.45998995983837,346
25.88,3.326206,3.329990104107133,333
25.89,3.19584,3.1999902483758964,320
25.9,3.065477,3.0699903926446592,307
25.91,2.935118,2.9399905369134225,294
25.92,2.804762,2.799990692279783,280
25.93,2.674409,2.6699908365485463,267
25.94,2.544059,2.5399909808173096,254
25.95,2.413713,2.4099911250860724,241
25.96,2.283368,2.2799912693548356,228
25.97,2.153027,2.149991413623599,215
25.98,2.022687,2.019991557892362,202
25.99,1.89235,1.8899917021611254,189
26.0,1.762015,1.7599918464298885,176
26.01,1.631682,1.6299919906986517,163
26.02,1.501351,1.499992134967415,150
26.03,1.371022,1.369992279236178,137
26.04,1.240694,1.2399924235049413,124
26.05,1.110368,1.1099925677737046,111
26.06,0.980042,0.9799927120424677,98
26.07,0.849718,0.8499928563112309,85
26.08,0.719395,0.7199930005799942,72
26.09,0.589073,0.5899931448487573,59
26.1,0.458752,0.4599932891175205,46
26.11,0.328431,0.32999343338628373,33
26.12,0.19811,0.19999357765504694,20
26.13,0.06779,0.06999372192381012,7
26.14,0.0,-6.200393009692107e-06,0
26.15,0.0,-6.200393009692107e-06,0
26.16,0.0,-6.200393009692107e-06,0
26.17,0.0,-6.200393009692107e-06,0
26.18,0.0,-6.200393009692107e-06,0
26.19,0.0,-6.200393009692107e-06,0
26.2,0.0,-6.200393009692107e-06,0
26.21,0.0,-6.200393009692107e-06,0
26.22,0.0,-6.200393009692107e-06,0
26.23,0.0,-6.200393009692107e-06,0
26.24,0.0,-6.200393009692107e-06,0
26.25,0.0,-6.200393009692107e-06,0
26.26,0.0,-6.200393009692107e-06,0
26.27,0.0,-6.200393009692107e-06,0
26.28,0.0,-6.200393009692107e-06,0
26.29,0.0,-6.200393009692107e-06,0
26.3,0.0,-6.200393009692107e-06,0
26.31,0.0,-6.200393009692107e-06,0
26.32,0.0,-6.200393009692107e-06,0
26.33,0.0,-6.200393009692107e-06,0
26.34,0.0,-6.200393009692107e-06,0
26.35,0.0,-6.200393009692107e-06,0
26.36,0.0,-6.200393009692107e-06,0
26.37,0.0,-6.200393009692107e-06,0
26.38,0.0,-6.200393009692107e-06,0
26.39,0.0,-6.200393009692107e-06,0
26.4,0.0,-6.200393009692107e-06,0
26.41,0.0,-6.200393009692107e-06,0
26.42,0.0,-6.200393009692107e-06,0
26.43,0.0,-6.200393009692107e-06,0
26.44,0.0,-6.200393009692107e-06,0
26.45,0.0,-6.200393009692107e-06,0
26.46,0.0,-6.200393009692107e-06,0
26.47,0.0,-6.200393009692107e-06,0
26.48,0.0,-6.200393009692107e-06,0
26.49,0.0,-6.200393009692107e-06,0
26.5,0.0,-6.200393009692107e-06,0
26.51,0.0,-6.200393009692107e-06,0
26.52,0.0,-6.200393009692107e-06,0
26.53,0.0,-6.200393009692107e-06,0
26.54,0.0,-6.200393009692107e-06,0
26.55,0.0,-6.200393009692107e-06,0
26.56,0.0,-6.200393009692107e-06,0
26.57,0.0,-6.200393009692107e-06,0
26.58,0.0,-6.200393009692107e-06,0
26.59,0.0,-6.200393009692107e-06,0
26.6,0.0,-6.200393009692107e-06,0
26.61,0.0,-6.200393009692107e-06,0
26.62,0.0,-6.200393009692107e-06,0
26.63,0.0,-6.200393009692107e-06,0
26.64,0.0,-6.200393009692107e-06,0
26.65,0.0,-6.200393009692107e-06,0
26.66,0.0,-6.200393009692107e-06,0
26.67,0.0,-6.200393009692107e-06,0
26.68,0.0,-6.200393009692107e-06,0
26.69,0.0,-6.200393009692107e-06,0
26.7,0.0,-6.200393009692107e-06,0
26.71,0.0,-6.200393009692107e-06,0
26.72,0.0,-6.200393009692107e-06,0
26.73,0.0,-6.200393009692107e-06,0
26.74,0.0,-6.200393009692107e-06,0
26.75,0.0,-6.200393009692107e-06,0
26.76,0.0,-6.200393009692107e-06,0
26.77,0.0,-6.200393009692107e-06,0
26.78,0.0,-6.200393009692107e-06,0
26.79,0.0,-6.200393009692107e-06,0
26.8,0.0,-6.200393009692107e-06,0
26.81,0.0,-6.200393009692107e-06,0
26.82,0.0,-6.200393009692107e-06,0
26.83,0.0,-6.200393009692107e-06,0
26.84,0.0,-6.200393009692107e-06,0
26.85,0.0,-6.200393009692107e-06,0
26.86,0.0,-6.200393009692107e-06,0
26.87,0.0,-6.200393009692107e-06,0
26.88,0.0,-6.200393009692107e-06,0
26.89,0.0,-6.200393009692107e-06,0
26.9,0.0,-6.200393009692107e-06,0
26.91,0.0,-6.200393009692107e-06,0
26.92,0.0,-6.200393009692107e-06,0
26.93,0.0,-6.200393009692107e-06,0
26.94,0.0,-6.200393009692107e-06,0
26.95,0.0,-6.200393009692107e-06,0
26.96,0.0,-6.200393009692107e-06,0
26.97,0.0,-6.200393009692107e-06,0
26.98,0.0,-6.200393009692107e-06,0
26.99,0.0,-6.200393009692107e-06,0
27.0,0.0,-6.200393009692107e-06,0
27.01,0.08208,0.07999371082621295,8
27.02,0.16416,0.1599936220454356,16
27.03,0.24624,0.24999352216706108,25
27.04,0.32832,0.32999343338628373,33
27.05,0.410399,0.40999334460550635,41
27.06,0.492478,0.489993255824729,49
27.07,0.574557,0.5699931670439516,57
27.08,0.656636,0.6599930671655772,66
27.09,0.738714,0.7399929783847998,74
27.1,0.820792,0.8199928896040224,82
27.11,0.902869,0.8999928008232451,90
27.12,0.984946,0.9799927120424677,98
27.13,1.067022,1.0699926121640932,107
27.14,1.149097,1.149992523383316,115
27.15,1.231172,1.2299924346025386,123
27.16,1.313245,1.309992345821761,131
27.17,1.395318,1.3999922459433867,140
27.18,1.47739,1.4799921571626093,148
27.19,1.559461,1.559992068381832,156
27.2,1.641531,1.6399919796010545,164
27.21,1.723599,1.7199918908202771,172
27.22,1.805667,1.8099917909419028,181
27.23,1.887733,1.8899917021611254,189
27.24,1.969799,1.969991613380348,197
27.25,2.051862,2.049991524599571,205
27.26,2.133925,2.1299914358187935,213
27.27,2.215986,2.219991335940419,222
27.28,2.298045,2.2999912471596415,230
27.29,2.380103,2.379991158378864,238
27.3,2.46216,2.459991069598087,246
27.31,2.544215,2.5399909808173096,254
27.32,2.626268,2.629990880938935,263
27.33,2.708319,2.7099907921581576,271
27.34,2.790368,2.7899907033773803,279
27.35,2.872416,2.869990614596603,287
27.36,2.954462,2.949990525815825,295
27.37,3.036505,3.039990425937451,304
27.38,3.118547,3.1199903371566737,312
27.39,3.200586,3.1999902483758964,320
27.4,3.282624,3.2799901595951186,328
27.41,3.364659,3.3599900708143413,336
27.42,3.446691,3.449989970935967,345
27.43,3.528722,3.5299898821551894,353
27.44,3.61075,3.609989793374412,361
27.45,3.692776,3.6899897045936347,369
27.46,3.774799,3.7699896158128574,377
27.47,3.85682,3.859989515934483,386
27.48,3.938838,3.9399894271537055,394
27.49,4.020853,4.019989338372929,402
27.5,4.102866,4.099989249592151,410
27.51,4.184875,4.179989160811374,418
27.52,4.266882,4.269989060932999,427
27.53,4.348887,4.349988972152222,435
27.54,4.430888,4.429988883371444,443
27.55,4.512886,4.509988794590667,451
27.56,4.594881,4.58998870580989,459
27.57,4.676873,4.679988605931515,468
27.58,4.758862,4.759988517150738,476
27.59,4.840848,4.839988428369961,484
27.6,4.92283,4.9199883395891835,492
27.61,5.004809,4.999988250808406,500
27.62,5.086785,5.089988150930031,509
27.63,5.168757,5.169988062149254,517
27.64,5.250726,5.2499879733684764,525
27.65,5.332691,5.329987884587699,533
27.66,5.414652,5.409987795806922,541
27.67,5.49661,5.499987695928548,550
27.68,5.578564,5.57998760714777,558
27.69,5.660514,5.659987518366993,566
27.7,5.742461,5.739987429586216,574
27.71,5.824404,5.8199873408054374,582
27.72,5.906342,5.909987240927063,591
27.73,5.988277,5.989987152146286,599
27.74,6.070207,6.069987063365509,607
27.75,6.152134,6.149986974584731,615
27.76,6.234056,6.229986885803954,623
27.77,6.315974,6.31998678592558,632
27.78,6.397888,6.3999866971448025,640
27.79,6.479798,6.479986608364024,648
27.8,6.561703,6.559986519583247,656
27.81,6.643603,6.63998643080247,664
27.82,6.725499,6.7299863309240955,673
27.83,6.807391,6.809986242143318,681
27.84,6.889278,6.889986153362541,689
27.85,6.97116,6.9699860645817635,697
27.86,7.053037,7.049985975800986,705
27.87,7.13491,7.129985887020209,713
27.88,7.216778,7.219985787141834,722
27.89,7.298641,7.2999856983610565,730
27.9,7.380499,7.379985609580279,738
27.91,7.462352,7.459985520799502,746
27.92,7.5442,7.5399854320187245,754
27.93,7.626043,7.62998533214035,763
27.94,7.707881,7.709985243359573,771
27.95,7.789713,7.789985154578796,779
27.96,7.87154,7.869985065798018,787
27.97,7.953362,7.949984977017241,795
27.98,8.035179,8.039984877138867,804
27.99,8.11699,8.119984788358089,812
28.0,8.198795,8.199984699577312,820
28.01,8.280595,8.279984610796534,828
28.02,8.362389,8.359984522015758,836
28.03,8.444178,8.43998443323498,844
28.04,8.525961,8.529984333356605,853
28.05,8.607738,8.609984244575827,861
28.06,8.689509,8.68998415579505,869
28.07,8.771275,8.769984067014272,877
28.08,8.853034,8.849983978233496,885
28.09,8.934787,8.929983889452718,893
28.1,9.016535,9.019983789574344,902
28.11,9.098276,9.099983700793567,910
28.12,9.180011,9.179983612012789,918
28.13,9.26174,9.259983523232012,926
28.14,9.343463,9.339983434451234,934
28.15,9.425179,9.42998333457286,943
28.16,9.506889,9.509983245792082,951
28.17,9.588592,9.589983157011305,959
28.18,9.670289,9.669983068230527,967
28.19,9.751979,9.74998297944975,975
28.2,9.833663,9.829982890668973,983
28.21,9.91534,9.919982790790598,992
28.22,9.997011,9.999982702009822,1000
28.23,10.078674,10.079982613229044,1008
28.24,10.160331,10.159982524448267,1016
28.25,10.241981,10.23998243566749,1024
28.26,10.323624,10.319982346886711,1032
28.27,10.40526,10.409982247008337,1041
28.28,10.486888,10.48998215822756,1049
28.29,10.56851,10.569982069446782,1057
28.3,10.650125,10.649981980666006,1065
28.31,10.731732,10.729981891885227,1073
28.32,10.813332,10.809981803104451,1081
28.33,10.894925,10.889981714323673,1089
28.34,10.976511,10.979981614445299,1098
28.35,11.058089,11.05998152566452,1106
28.36,11.139659,11.139981436883744,1114
28.37,11.221222,11.219981348102966,1122
28.38,11.302777,11.29998125932219,1130
28.39,11.384325,11.379981170541411,1138
28.4,11.465865,11.469981070663037,1147
28.41,11.547397,11.54998098188226,1155
28.42,11.628922,11.629980893101482,1163
28.43,11.710438,11.709980804320706,1171
28.44,11.791947,11.789980715539928,1179
28.45,11.873447,11.869980626759151,1187
28.46,11.95494,11.949980537978373,1195
28.47,12.036425,12.039980438099999,1204
28.48,12.117901,12.11998034931922,1212
28.49,12.199369,12.199980260538444,1220
28.5,12.280829,12.279980171757666,1228
28.51,12.362281,12.35998008297689,1236
28.52,12.443724,12.439979994196111,1244
28.53,12.525159,12.529979894317737,1253
28.54,12.606585,12.60997980553696,1261
28.55,12.688003,12.689979716756183,1269
28.56,12.769412,12.769979627975406,1277
28.57,12.850813,12.849979539194628,1285
28.58,12.932204,12.929979450413851,1293
28.59,13.013588,13.009979361633073,1301
28.6,13.094962,13.089979272852297,1309
28.61,13.176327,13.17997917297392,1318
28.62,13.257684,13.259979084193144,1326
28.63,13.339032,13.339978995412366,1334
28.64,13.42037,13.41997890663159,1342
28.65,13.5017,13.499978817850812,1350
28.66,13.58302,13.579978729070035,1358
28.67,13.664332,13.659978640289257,1366
28.68,13.745634,13.749978540410883,1375
28.69,13.826926,13.829978451630105,1383
28.7,13.90821,13.909978362849328,1391
28.71,13.989484,13.98997827406855,1399
28.72,14.070748,14.069978185287773,1407
28.73,14.152003,14.149978096506995,1415
28.74,14.233249,14.229978007726219,1423
28.75,14.314485,14.30997791894544,1431
28.76,14.395711,14.399977819067066,1440
28.77,14.476927,14.47997773028629,1448
28.78,14.558134,14.559977641505512,1456
28.79,14.639331,14.639977552724735,1464
28.8,14.720518,14.719977463943957,1472
28.81,14.801695,14.79997737516318,1480
28.82,14.882862,14.879977286382402,1488
28.83,14.96402,14.959977197601626,1496
28.84,15.045167,15.04997709772325,1505
28.85,15.126303,15.129977008942474,1513
28.86,15.20743,15.209976920161695,1521
28.87,15.288546,15.289976831380919,1529
28.88,15.369652,15.36997674260014,1537
28.89,15.450748,15.449976653819364,1545
28.9,15.531834,15.529976565038586,1553
28.91,15.612908,15.60997647625781,1561
28.92,15.693973,15.689976387477031,1569
28.93,15.775026,15.779976287598657,1578
28.94,15.85607,15.859976198817881,1586
28.95,15.937102,15.939976110037103,1594
28.96,16.018124,16.019976021256326,1602
28.97,16.099135,16.099975932475548,1610
28.98,16.180135,16.17997584369477,1618
28.99,16.261124,16.25997575491399,1626
29.0,16.342102,16.339975666133217,1634
29.01,16.423069,16.41997557735244,1642
29.02,16.504025,16.49997548857166,1650
29.03,16.584971,16.579975399790882,1658
29.04,16.665904,16.669975299912508,1667
29.05,16.746827,16.749975211131733,1675
29.06,16.827739,16.829975122350955,1683
29.07,16.908639,16.909975033570177,1691
29.08,16.989527,16.9899749447894,1699
29.09,17.070405,17.069974856008624,1707
29.1,17.151271,17.149974767227846,1715
29.11,17.232125,17.229974678447068,1723
29.12,17.312968,17.30997458966629,1731
29.13,17.393799,17.389974500885515,1739
29.14,17.474618,17.469974412104737,1747
29.15,17.555426,17.559974312226363,1756
29.16,17.636222,17.639974223445584,1764
29.17,17.717006,17.719974134664806,1772
29.18,17.797778,17.799974045884028,1780
29.19,17.878538,17.879973957103253,1788
29.2,17.959286,17.959973868322475,1796
29.21,18.040022,18.039973779541697,1804
29.22,18.120746,18.11997369076092,1812
29.23,18.201458,18.199973601980144,1820
29.24,18.282158,18.279973513199366,1828
29.25,18.362845,18.359973424418587,1836
29.26,18.44352,18.43997333563781,1844
29.27,18.524183,18.519973246857035,1852
29.28,18.604833,18.599973158076256,1860
29.29,18.685471,18.689973058197882,1869
29.3,18.766096,18.769972969417104,1877
29.31,18.846709,18.849972880636326,1885
29.32,18.927309,18.929972791855548,1893
29.33,19.007896,19.009972703074773,1901
29.34,19.08847,19.089972614293995,1909
29.35,19.169032,19.169972525513217,1917
29.36,19.249581,19.24997243673244,1925
29.37,19.330117,19.329972347951664,1933
29.38,19.41064,19.409972259170885,1941
29.39,19.49115,19.489972170390107,1949
29.4,19.571648,19.56997208160933,1957
29.41,19.652131,19.649971992828554,1965
29.42,19.732602,19.729971904047776,1973
29.43,19.81306,19.809971815266998,1981
29.44,19.893504,19.88997172648622,1989
29.45,19.973935,19.969971637705445,1997
29.46,20.054353,20.049971548924667,2005
29.47,20.134757,20.12997146014389,2013
29.48,20.215148,20.219971360265514,2022
29.49,20.295525,20.299971271484736,2030
29.5,20.375889,20.379971182703958,2038
29.51,20.456239,20.459971093923183,2046
29.52,20.536576,20.539971005142405,2054
29.53,20.616898,20.619970916361627,2062
29.54,20.697207,20.69997082758085,2070
29.55,20.777502,20.779970738800074,2078
29.56,20.857783,20.859970650019296,2086
29.57,20.938051,20.939970561238518,2094
29.58,21.018304,21.01997047245774,2102
29.59,21.098543,21.099970383676965,2110
29.6,21.178769,21.179970294896187,2118
29.61,21.25898,21.25997020611541,2126
29.62,21.339177,21.33997011733463,2134
29.63,21.419359,21.419970028553855,2142
29.64,21.499528,21.499969939773077,2150
29.65,21.579682,21.5799698509923,2158
29.66,21.659821,21.65996976221152,2166
29.67,21.739947,21.739969673430746,2174
29.68,21.820057,21.819969584649968,2182
29.69,21.900153,21.89996949586919,2190
29.7,21.980235,21.97996940708841,2198
29.71,22.060302,22.059969318307637,2206
29.72,22.140354,22.13996922952686,2214
29.73,22.220392,22.21996914074608,2222
29.74,22.300415,22.299969051965302,2230
29.75,22.380422,22.379968963184528,2238
29.76,22.460415,22.45996887440375,2246
29.77,22.540393,22.53996878562297,2254
29.78,22.620356,22.619968696842193,2262
29.79,22.700304,22.699968608061415,2270
29.8,22.780237,22.77996851928064,2278
29.81,22.860155,22.859968430499862,2286
29.82,22.940058,22.939968341719084,2294
29.83,23.019945,23.019968252938305,2302
29.84,23.099817,23.09996816415753,2310
29.85,23.179674,23.179968075376753,2318
29.86,23.259515,23.259967986595974,2326
29.87,23.339341,23.339967897815196,2334
29.88,23.419151,23.41996780903442,2342
29.89,23.498946,23.499967720253643,2350
29.9,23.578725,23.579967631472865,2358
29.91,23.658489,23.659967542692087,2366
29.92,23.738236,23.739967453911312,2374
29.93,23.817968,23.819967365130534,2382
29.94,23.897685,23.899967276349756,2390
29.95,23.977385,23.979967187568977,2398
29.96,24.05707,24.059967098788203,2406
29.97,24.136738,24.139967010007425,2414
29.98,24.216391,24.219966921226646,2422
29.99,24.296027,24.299966832445868,2430
30.0,24.375648,24.379966743665094,2438
30.01,24.455252,24.459966654884315,2446
30.02,24.53484,24.529966577201133,2453
30.03,24.614412,24.60996648842036,2461
30.04,24.693967,24.68996639963958,2469
30.05,24.773507,24.769966310858802,2477
30.06,24.853029,24.849966222078024,2485
30.07,24.932536,24.92996613329725,2493
30.08,25.012026,25.00996604451647,2501
30.09,25.091499,25.089965955735693,2509
30.1,25.170956,25.169965866954914,2517
30.11,25.250396,25.24996577817414,2525
30.12,25.329819,25.32996568939336,2533
30.13,25.409226,25.409965600612583,2541
30.14,25.488616,25.489965511831805,2549
30.15,25.567989,25.56996542305103,2557
30.16,25.647345,25.649965334270252,2565
30.17,25.726684,25.729965245489474,2573
30.18,25.806006,25.809965156708696,2581
30.19,25.885312,25.88996506792792,2589
30.2,25.9646,25.95996499024474,2596
30.21,26.043871,26.03996490146396,2604
30.22,26.123125,26.119964812683186,2612
30.23,26.202361,26.199964723902408,2620
30.24,26.281581,26.27996463512163,2628
30.25,26.360783,26.35996454634085,2636
30.26,26.439967,26.439964457560077,2644
30.27,26.519134,26.5199643687793,2652
30.28,26.598284,26.59996427999852,2660
30.29,26.677416,26.679964191217742,2668
30.3,26.756531,26.759964102436967,2676
30.31,26.835628,26.83996401365619,2684
30.32,26.914707,26.909963935973007,2691
30.33,26.993769,26.989963847192232,2699
30.34,27.072813,27.069963758411454,2707
30.35,27.151839,27.149963669630676,2715
30.36,27.230847,27.229963580849898,2723
30.37,27.309838,27.309963492069123,2731
30.38,27.38881,27.389963403288345,2739
30.39,27.467764,27.469963314507567,2747
30.4,27.546701,27.54996322572679,2755
30.41,27.625619,27.629963136946014,2763
30.42,27.704519,27.69996305926283,2770
30.43,27.783401,27.779962970482053,2778
30.44,27.862265,27.85996288170128,2786
30.45,27.94111,27.9399627929205,2794
30.46,28.019937,28.019962704139722,2802
30.47,28.098746,28.099962615358944,2810
30.48,28.177536,28.17996252657817,2818
30.49,28.256308,28.25996243779739,2826
30.5,28.335061,28.339962349016613,2834
30.51,28.413796,28.409962271333434,2841
30.52,28.492512,28.489962182552656,2849
30.53,28.571209,28.569962093771878,2857
30.54,28.649888,28.6499620049911,2865
30.55,28.728548,28.729961916210325,2873
30.56,28.807189,28.809961827429547,2881
30.57,28.885811,28.88996173864877,2889
30.58,28.964415,28.95996166096559,2896
30.59,29.042999,29.03996157218481,2904
30.6,29.121564,29.119961483404033,2912
30.61,29.200111,29.199961394623255,2920
30.62,29.278638,29.27996130584248,2928
30.63,29.357146,29.359961217061702,2936
30.64,29.435635,29.439961128280924,2944
30.65,29.514105,29.509961050597745,2951
30.66,29.592556,29.589960961816967,2959
30.67,29.670987,29.66996087303619,2967
30.68,29.749399,29.74996078425541,2975
30.69,29.827791,29.829960695474636,2983
30.7,29.906164,29.909960606693858,2991
30.71,29.984517,29.97996052901068,2998
30.72,30.062851,30.0599604402299,3006
30.73,30.141165,30.139960351449123,3014
30.74,30.21946,30.219960262668344,3022
30.75,30.297735,30.299960173887566,3030
30.76,30.37599,30.37996008510679,3038
30.77,30.454226,30.44996000742361,3045
30.78,30.532441,30.529959918642835,3053
30.79,30.610637,30.609959829862056,3061
30.8,30.688813,30.689959741081278,3069
30.81,30.766969,30.7699596523005,3077
30.82,30.845104,30.849959563519725,3085
30.83,30.92322,30.919959485836543,3092
30.84,31.001316,30.999959397055765,3100
30.85,31.079391,31.07995930827499,3108
30.86,31.157447,31.159959219494212,3116
30.87,31.235482,31.239959130713434,3124
30.88,31.313496,31.309959053030255,3131
30.89,31.391491,31.389958964249477,3139
30.9,31.469465,31.4699588754687,3147
30.91,31.547418,31.54995878668792,3155
30.92,31.625352,31.629958697907146,3163
30.93,31.703264,31.699958620223963,3170
30.94,31.781156,31.779958531443185,3178
30.95,31.859028,31.85995844266241,3186
30.96,31.936879,31.939958353881632,3194
30.97,32.014709,32.009958276198454,3201
30.98,32.092518,32.08995818741767,3209
30.99,32.170307,32.1699580986369,3217
31.0,32.248075,32.24995800985612,3225
31.01,32.325822,32.32995792107534,3233
31.02,32.403548,32.399957843392166,3240
31.03,32.481253,32.479957754611384,3248
31.04,32.558937,32.55995766583061,3256
31.05,32.6366,32.63995757704983,3264
31.06,32.714242,32.70995749936665,3271
31.07,32.791862,32.78995741058587,3279
31.08,32.869462,32.869957321805096,3287
31.09,32.94704,32.94995723302432,3295
31.1,33.024597,33.01995715534114,3302
31.11,33.102133,33.09995706656036,3310
31.12,33.179647,33.17995697777958,3318
31.13,33.25714,33.25995688899881,3326
31.14,33.334612,33.329956811315625,3333
31.15,33.412062,33.40995672253485,3341
31.16,33.48949,33.48995663375407,3349
31.17,33.566897,33.569956544973294,3357
31.18,33.644282,33.63995646729011,3364
31.19,33.721646,33.71995637850934,3372
31.2,33.798988,33.799956289728556,3380
31.21,33.876308,33.87995620094778,3388
31.22,33.953606,33.9499561232646,3395
31.23,34.030883,34.029956034483824,3403
31.24,34.108137,34.10995594570305,3411
31.25,34.18537,34.18995585692227,3419
31.26,34.262581,34.259955779239085,3426
31.27,34.339769,34.33995569045831,3434
31.28,34.416936,34.419955601677536,3442
31.29,34.49408,34.489955523994354,3449
31.3,34.571203,34.56995543521358,3457
31.31,34.648303,34.6499553464328,3465
31.32,34.725381,34.72995525765202,3473
31.33,34.802436,34.79995517996884,3480
31.34,34.87947,34.879955091188066,3488
31.35,34.956481,34.959955002407284,3496
31.36,35.033469,35.02995492472411,3503
31.37,35.110435,35.10995483594333,3511
31.38,35.187379,35.18995474716255,3519
31.39,35.2643,35.25995466947937,3526
31.4,35.341198,35.339954580698596,3534
31.41,35.418074,35.419954491917814,3542
31.42,35.494927,35.48995441423464,3549
31.43,35.571758,35.56995432545386,3557
31.44,35.648565,35.64995423667308,3565
31.45,35.72535,35.72995414789231,3573
31.46,35.802112,35.799954070209125,3580
31.47,35.878852,35.87995398142835,3588
31.48,35.955568,35.95995389264757,3596
31.49,36.032261,36.02995381496439,3603
31.5,36.108932,36.10995372618361,3611
31.51,36.185579,36.18995363740284,3619
31.52,36.262203,36.259953559719655,3626
31.53,36.338804,36.33995347093888,3634
31.54,36.415382,36.4199533821581,3642
31.55,36.491937,36.48995330447492,3649
31.56,36.568468,36.56995321569414,3657
31.57,36.644976,36.63995313801096,3664
31.58,36.721461,36.719953049230185,3672
31.59,36.797922,36.79995296044941,3680
31.6,36.87436,36.86995288276623,3687
31.61,36.950775,36.94995279398545,3695
31.62,37.027166,37.02995270520467,3703
31.63,37.103533,37.099952627521496,3710
31.64,37.179877,37.179952538740714,3718
31.65,37.256197,37.25995244995994,3726
31.66,37.332494,37.32995237227676,3733
31.67,37.408767,37.40995228349598,3741
31.68,37.485016,37.4899521947152,3749
31.69,37.561241,37.559952117032026,3756
31.7,37.637443,37.639952028251244,3764
31.71,37.71362,37.70995195056807,3771
31.72,37.789774,37.78995186178729,3779
31.73,37.865904,37.86995177300651,3787
31.74,37.942009,37.93995169532333,3794
31.75,38.018091,38.019951606542556,3802
31.76,38.094149,38.08995152885937,3809
31.77,38.170182,38.1699514400786,3817
31.78,38.246191,38.24995135129782,3825
31.79,38.322177,38.31995127361464,3832
31.8,38.398137,38.39995118483386,3840
31.81,38.474074,38.46995110715068,3847
31.82,38.549986,38.5499510183699,3855
31.83,38.625874,38.62995092958913,3863
31.84,38.701738,38.699950851905946,3870
31.85,38.777577,38.77995076312517,3878
31.86,38.853391,38.84995068544199,3885
31.87,38.929181,38.92995059666121,3893
31.88,39.004947,38.99995051897803,3900
31.89,39.080688,39.07995043019725,3908
31.9,39.156404,39.159950341416476,3916
31.91,39.232096,39.22995026373329,3923
31.92,39.307763,39.30995017495252,3931
31.93,39.383405,39.37995009726934,3938
31.94,39.459022,39.45995000848856,3946
31.95,39.534614,39.52994993080538,3953
31.96,39.610182,39.609949842024605,3961
31.97,39.685725,39.68994975324382,3969
31.98,39.761242,39.75994967556065,3976
31.99,39.836735,39.839949586779866,3984
32.0,39.912203,39.90994950909669,3991
32.01,39.987645,39.98994942031591,3999
32.02,40.063063,40.059949342632734,4006
32.03,40.138455,40.13994925385195,4014
32.04,40.213822,40.20994917616877,4021
32.05,40.289164,40.289949087387996,4029
32.06,40.36448,40.35994900970481,4036
32.07,40.439772,40.43994892092404,4044
32.08,40.515038,40.519948832143264,4052
32.09,40.590278,40.58994875446008,4059
32.1,40.665493,40.6699486656793,4067
32.11,40.740683,40.739948587996125,4074
32.12,40.815847,40.81994849921534,4082
32.13,40.890986,40.88994842153217,4089
32.14,40.966099,40.969948332751386,4097
32.15,41.041186,41.03994825506821,4104
32.16,41.116248,41.11994816628743,4112
32.17,41.191284,41.189948088604254,4119
32.18,41.266294,41.26994799982347,4127
32.19,41.341279,41.33994792214029,4134
32.2,41.416238,41.419947833359515,4142
32.21,41.49117,41.48994775567633,4149
32.22,41.566077,41.56994766689556,4157
32.23,41.640959,41.639947589212376,4164
32.24,41.715814,41.7199475004316,4172
32.25,41.790643,41.78994742274842,4179
32.26,41.865446,41.869947333967644,4187
32.27,41.940223,41.93994725628446,4194
32.28,42.014974,42.00994717860128,4201
32.29,42.089699,42.089947089820505,4209
32.3,42.164397,42.15994701213732,4216
32.31,42.23907,42.23994692335655,4224
32.32,42.313716,42.309946845673366,4231
32.33,42.388335,42.38994675689259,4239
32.34,42.462929,42.45994667920941,4246
32.35,42.537496,42.539946590428634,4254
32.36,42.612037,42.60994651274545,4261
32.37,42.686551,42.68994642396468,4269
32.38,42.761039,42.759946346281495,4276
32.39,42.8355,42.83994625750072,4284
32.4,42.909934,42.90994617981754,4291
32.41,42.984343,42.979946102134356,4298
32.42,43.058724,43.05994601335358,4306
32.43,43.133079,43.1299459356704,4313
32.44,43.207407,43.209945846889624,4321
32.45,43.281708,43.27994576920644,4328
32.46,43.355983,43.35994568042567,4336
32.47,43.43023,43.429945602742485,4343
32.48,43.504451,43.4999455250593,4350
32.49,43.578645,43.57994543627853,4358
32.5,43.652812,43.649945358595346,4365
32.51,43.726953,43.72994526981457,4373
32.52,43.801066,43.79994519213139,4380
32.53,43.875152,43.879945103350614,4388
32.54,43.949211,43.94994502566743,4395
32.55,44.023243,44.01994494798425,4402
32.56,44.097248,44.099944859203475,4410
32.57,44.171225,44.16994478152029,4417
32.58,44.245176,44.24994469273952,4425
32.59,44.319099,44.319944615056336,4432
32.6,44.392995,44.389944537373154,4439
32.61,44.466863,44.46994444859238,4447
32.62,44.540705,44.5399443709092,4454
32.63,44.614519,44.60994429322602,4461
32.64,44.688305,44.68994420444524,4469
32.65,44.762064,44.759944126762065,4476
32.66,44.835795,44.83994403798128,4484
32.67,44.909499,44.9099439602981,4491
32.68,44.983176,44.979943882614926,4498
32.69,45.056825,45.059943793834144,4506
32.7,45.130446,45.12994371615097,4513
32.71,45.204039,45.199943638467786,4520
32.72,45.277605,45.27994354968701,4528
32.73,45.351143,45.34994347200383,4535
32.74,45.424653,45.41994339432065,4542
32.75,45.498136,45.49994330553987,4550
32.76,45.571591,45.56994322785669,4557
32.77,45.645017,45.649943139075916,4565
32.78,45.718416,45.71994306139273,4572
32.79,45.791787,45.78994298370955,4579
32.8,45.86513,45.869942894928776,4587
32.81,45.938445,45.939942817245594,4594
32.82,46.011732,46.00994273956241,4601
32.83,46.084991,46.07994266187924,4608
32.84,46.158222,46.159942573098455,4616
32.85,46.231424,46.22994249541528,4623
32.86,46.304599,46.2999424177321,4630
32.87,46.377745,46.37994232895132,4638
32.88,46.450863,46.44994225126814,4645
32.89,46.523952,46.51994217358496,4652
32.9,46.597014,46.599942084804184,4660
32.91,46.670047,46.669942007121,4667
32.92,46.743051,46.73994192943782,4674
32.93,46.816028,46.819941840657044,4682
32.94,46.888975,46.88994176297386,4689
32.95,46.961895,46.95994168529069,4696
32.96,47.034785,47.029941607607505,4703
32.97,47.107648,47.10994151882672,4711
32.98,47.180481,47.17994144114355,4718
32.99,47.253286,47.249941363460366,4725
33.0,47.326063,47.32994127467959,4733
33.01,47.39881,47.39994119699641,4740
33.02,47.471529,47.469941119313226,4747
33.03,47.544219,47.53994104163005,4754
33.04,47.616881,47.61994095284927,4762
33.05,47.689513,47.68994087516609,4769
33.06,47.762117,47.75994079748291,4776
33.07,47.834692,47.82994071979973,4783
33.08,47.907238,47.909940631018955,4791
33.09,47.979755,47.97994055333577,4798
33.1,48.052243,48.04994047565259,4805
33.11,48.124702,48.119940397969415,4812
33.12,48.197133,48.199940309188634,4820
33.13,48.269534,48.26994023150546,4827
33.14,48.341905,48.339940153822276,4834
33.15,48.414248,48.409940076139094,4841
33.16,48.486562,48.48993998735832,4849
33.17,48.558846,48.55993990967514,4856
33.18,48.631101,48.629939831991955,4863
33.19,48.703327,48.69993975430878,4870
33.2,48.775524,48.779939665528,4878
33.21,48.847691,48.84993958784482,4885
33.22,48.919829,48.91993951016164,4892
33.23,48.991938,48.98993943247846,4899
33.24,49.064017,49.059939354795276,4906
33.25,49.136066,49.1399392660145,4914
33.26,49.208087,49.20993918833132,4921
33.27,49.280077,49.279939110648144,4928
33.28,49.352038,49.34993903296496,4935
33.29,49.42397,49.41993895528178,4942
33.3,49.495872,49.499938866501004,4950
33.31,49.567744,49.56993878881782,4957
33.32,49.639587,49.63993871113464,4964
33.33,49.7114,49.709938633451465,4971
33.34,49.783183,49.77993855576828,4978
33.35,49.854937,49.8499384780851,4985
33.36,49.92666,49.929938389304326,4993
33.37,49.998354,49.99993831162114,5000
33.38,50.070018,50.06993823393796,5007
33.39,50.141652,50.139938156254786,5014
33.4,50.213257,50.209938078571604,5021
33.41,50.284831,50.27993800088842,5028
33.42,50.356375,50.35993791210765,5036
33.43,50.427889,50.429937834424464,5043
33.44,50.499374,50.49993775674129,5050
33.45,50.570828,50.56993767905811,5057
33.46,50.642252,50.639937601374925,5064
33.47,50.713646,50.70993752369174,5071
33.48,50.78501,50.78993743491097,5079
33.49,50.856344,50.859937357227786,5086
33.5,50.927647,50.92993727954461,5093
33.51,50.99892,50.99993720186143,5100
33.52,51.070163,51.069937124178246,5107
33.53,51.141376,51.13993704649507,5114
33.54,51.212558,51.20993696881189,5121
33.55,51.28371,51.279936891128706,5128
33.56,51.354832,51.349936813445524,5135
33.57,51.425923,51.42993672466475,5143
33.58,51.496984,51.49993664698157,5150
33.59,51.568014,51.56993656929839,5157
33.6,51.639014,51.63993649161521,5164
33.61,51.709983,51.70993641393203,5171
33.62,51.780922,51.77993633624885,5178
33.63,51.85183,51.84993625856567,5185
33.64,51.922707,51.91993618088249,5192
33.65,51.993554,51.989936103199305,5199
33.66,52.06437,52.05993602551613,5206
33.67,52.135155,52.13993593673535,5214
33.68,52.20591,52.20993585905217,5221
33.69,52.276634,52.27993578136899,5228
33.7,52.347327,52.34993570368581,5235
33.71,52.41799,52.419935626002626,5242
33.72,52.488621,52.48993554831945,5249
33.73,52.559222,52.55993547063627,5256
33.74,52.629791,52.62993539295309,5263
33.75,52.70033,52.69993531526991,5270
33.76,52.770838,52.76993523758673,5277
33.77,52.841315,52.83993515990355,5284
33.78,52.911761,52.90993508222037,5291
33.79,52.982175,52.97993500453719,5298
33.8,53.052559,53.04993492685401,5305
33.81,53.122912,53.119934849170825,5312
33.82,53.193233,53.18993477148765,5319
33.83,53.263523,53.25993469380447,5326
33.84,53.333783,53.329934616121285,5333
33.85,53.404011,53.39993453843811,5340
33.86,53.474207,53.46993446075493,5347
33.87,53.544373,53.539934383071746,5354
33.88,53.614507,53.60993430538856,5361
33.89,53.68461,53.67993422770539,5368
33.9,53.754681,53.749934150022206,5375
33.91,53.824721,53.819934072339024,5382
33.92,53.89473,53.88993399465585,5389
33.93,53.964707,53.959933916972666,5396
33.94,54.034653,54.029933839289484,5403
33.95,54.104568,54.09993376160631,5410
33.96,54.174451,54.16993368392313,5417
33.97,54.244302,54.239933606239944,5424
33.98,54.314122,54.30993352855676,5431
33.99,54.38391,54.37993345087359,5438
34.0,54.453667,54.449933373190404,5445
34.01,54.523392,54.51993329550722,5452
34.02,54.593085,54.58993321782405,5459
34.03,54.662747,54.659933140140865,5466
34.04,54.732377,54.72993306245768,5473
34.05,54.801975,54.7999329847745,5480
34.06,54.871541,54.869932907091325,5487
34.07,54.941076,54.93993282940814,5494
34.08,55.010579,55.00993275172496,5501
34.09,55.08005,55.079932674041785,5508
34.1,55.149489,55.1499325963586,5515
34.11,55.218896,55.21993251867542,5522
34.12,55.288271,55.289932440992246,5529
34.13,55.357615,55.35993236330906,5536
34.14,55.426926,55.42993228562588,5543
34.15,55.496205,55.4999322079427,5550
34.16,55.565453,55.569932130259524,5557
34.17,55.634668,55.62993206367394,5563
34.18,55.703851,55.69993198599076,5570
34.19,55.773003,55.769931908307576,5577
34.2,55.842122,55.8399318306244,5584
34.21,55.911209,55.90993175294122,5591
34.22,55.980263,55.97993167525804,5598
34.23,56.049286,56.049931597574854,5605
34.24,56.118276,56.11993151989168,5612
34.25,56.187234,56.1899314422085,5619
34.26,56.25616,56.259931364525315,5626
34.27,56.325054,56.32993128684214,5633
34.28,56.393915,56.38993122025656,5639
34.29,56.462744,56.459931142573375,5646
34.3,56.53154,56.52993106489019,5653
34.31,56.600304,56.59993098720701,5660
34.32,56.669036,56.669930909523835,5667
34.33,56.737735,56.73993083184065,5674
34.34,56.806402,56.80993075415747,5681
34.35,56.875036,56.879930676474295,5688
34.36,56.943638,56.93993060988871,5694
34.37,57.012207,57.00993053220553,5701
34.38,57.080744,57.07993045452235,5708
34.39,57.149248,57.149930376839166,5715
34.4,57.21772,57.21993029915599,5722
34.41,57.286159,57.28993022147281,5729
34.42,57.354565,57.349930154887225,5735
34.43,57.422938,57.41993007720404,5742
34.44,57.491279,57.48992999952087,5749
34.45,57.559587,57.559929921837686,5756
34.46,57.627863,57.6299298441545,5763
34.47,57.696105,57.69992976647132,5770
34.48,57.764315,57.75992969988574,5776
34.49,57.832492,57.82992962220256,5783
34.5,57.900636,57.89992954451938,5790
34.51,57.968748,57.9699294668362,5797
34.52,58.036826,58.03992938915302,5804
34.53,58.104872,58.09992932256744,5810
34.54,58.172884,58.16992924488426,5817
34.55,58.240864,58.239929167201076,5824
34.56,58.308811,58.309929089517894,5831
34.57,58.376724,58.37992901183472,5838
34.58,58.444605,58.439928945249136,5844
34.59,58.512453,58.509928867565954,5851
34.6,58.580267,58.57992878988277,5858
34.61,58.648049,58.649928712199596,5865
34.62,58.715797,58.719928634516414,5872
34.63,58.783512,58.77992856793083,5878
34.64,58.851194,58.84992849024765,5885
34.65,58.918843,58.91992841256447,5892
34.66,58.986459,58.98992833488129,5899
34.67,59.054041,59.04992826829571,5905
34.68,59.121591,59.11992819061253,5912
34.69,59.189107,59.189928112929344,5919
34.7,59.256589,59.25992803524617,5926
34.71,59.324039,59.319927968660586,5932
34.72,59.391455,59.389927890977404,5939
34.73,59.458837,59.45992781329422,5946
34.74,59.526187,59.52992773561104,5953
34.75,59.593503,59.58992766902546,5959
34.76,59.660785,59.65992759134228,5966
34.77,59.728035,59.7299275136591,5973
34.78,59.79525,59.79992743597592,5980
34.79,59.862432,59.859927369390334,5986
34.8,59.929581,59.92992729170716,5993
34.81,59.996696,59.99992721402398,6000
34.82,60.063778,60.059927147438394,6006
34.83,60.130826,60.12992706975521,6013
34.84,60.197841,60.19992699207203,6020
34.85,60.264821,60.25992692548645,6026
34.86,60.331769,60.32992684780327,6033
34.87,60.398682,60.39992677012009,6040
34.88,60.465562,60.46992669243691,6047
34.89,60.532409,60.529926625851324,6053
34.9,60.599221,60.59992654816814,6060
34.91,60.666,60.66992647048497,6067
34.92,60.732745,60.729926403899384,6073
34.93,60.799457,60.7999263262162,6080
34.94,60.866134,60.86992624853302,6087
34.95,60.932778,60.92992618194744,6093
34.96,60.999388,60.99992610426426,6100
34.97,61.065964,61.06992602658108,6107
34.98,61.132507,61.1299259599955,6113
34.99,61.199015,61.199925882312314,6120
35.0,61.26549,61.26992580462913,6127
35.01,61.33193,61.32992573804355,6133
35.02,61.398337,61.399925660360374,6140
35.03,61.464709,61.45992559377479,6146
35.04,61.531048,61.52992551609161,6153
35.05,61.597353,61.59992543840843,6160
35.06,61.663624,61.659925371822844,6166
35.07,61.72986,61.72992529413967,6173
35.08,61.796063,61.79992521645649,6180
35.09,61.862231,61.859925149870904,6186
35.1,61.928366,61.92992507218772,6193
35.11,61.994466,61.98992500560214,6199
35.12,62.060532,62.059924927918956,6206
35.13,62.126564,62.12992485023578,6213
35.14,62.192562,62.1899247836502,6219
35.15,62.258526,62.259924705967016,6226
35.16,62.324455,62.31992463938143,6232
35.17,62.390351,62.38992456169825,6239
35.18,62.456212,62.45992448401507,6246
35.19,62.522038,62.519924417429486,6252
35.2,62.587831,62.58992433974631,6259
35.21,62.653589,62.64992427316073,6265
35.22,62.719313,62.719924195477546,6272
35.23,62.785002,62.789924117794364,6279
35.24,62.850658,62.84992405120878,6285
35.25,62.916278,62.9199239735256,6292
35.26,62.981865,62.979923906940016,6298
35.27,63.047417,63.04992382925684,6305
35.28,63.112934,63.10992376267126,6311
35.29,63.178418,63.179923684988076,6318
35.3,63.243866,63.23992361840249,6324
35.31,63.309281,63.30992354071931,6331
35.32,63.37466,63.36992347413373,6337
35.33,63.440005,63.43992339645055,6344
35.34,63.505316,63.50992331876737,6351
35.35,63.570592,63.56992325218179,6357
35.36,63.635834,63.639923174498605,6364
35.37,63.701041,63.69992310791302,6370
35.38,63.766213,63.76992303022984,6377
35.39,63.831351,63.82992296364426,6383
35.4,63.896454,63.89992288596108,6390
35.41,63.961523,63.9599228193755,6396
35.42,64.026557,64.0299227416923,6403
35.43,64.091556,64.08992267510672,6409
35.44,64.15652,64.15992259742356,6416
35.45,64.22145,64.21992253083798,6422
35.46,64.286345,64.28992245315479,6429
35.47,64.351205,64.3499223865692,6435
35.48,64.416031,64.41992230888602,6442
35.49,64.480822,64.47992224230043,6448
35.5,64.545577,64.54992216461727,6455
35.51,64.610299,64.60992209803169,6461
35.52,64.674985,64.6699220314461,6467
35.53,64.739636,64.73992195376292,6474
35.54,64.804253,64.79992188717733,6480
35.55,64.868835,64.86992180949414,6487
35.56,64.933381,64.92992174290856,6493
35.57,64.997893,64.9999216652254,6500
35.58,65.06237,65.05992159863982,6506
35.59,65.126812,65.12992152095663,6513
35.6,65.191219,65.18992145437105,6519
35.61,65.255592,65.25992137668786,6526
35.62,65.319929,65.31992131010227,6532
35.63,65.384231,65.37992124351669,6538
35.64,65.448498,65.44992116583353,6545
35.65,65.51273,65.50992109924795,6551
35.66,65.576927,65.57992102156476,6558
35.67,65.641089,65.63992095497917,6564
35.68,65.705216,65.70992087729599,6571
35.69,65.769307,65.7699208107104,6577
35.7,65.833364,65.82992074412482,6583
35.71,65.897386,65.89992066644166,6590
35.72,65.961372,65.95992059985608,6596
35.73,66.025323,66.02992052217289,6603
35.74,66.089239,66.0899204555873,6609
35.75,66.15312,66.14992038900172,6615
35.76,66.216966,66.21992031131853,6622
35.77,66.280776,66.27992024473295,6628
35.78,66.344552,66.33992017814737,6634
35.79,66.408292,66.40992010046418,6641
35.8,66.471996,66.4699200338786,6647
35.81,66.535666,66.53991995619543,6654
35.82,66.5993,66.59991988960985,6660
35.83,66.662899,66.65991982302427,6666
35.84,66.726463,66.72991974534108,6673
35.85,66.789991,66.7899196787555,6679
35.86,66.853484,66.84991961216991,6685
35.87,66.916941,66.91991953448672,6692
35.88,66.980363,66.97991946790114,6698
35.89,67.04375,67.03991940131556,6704
35.9,67.107102,67.1099193236324,6711
35.91,67.170418,67.16991925704681,6717
35.92,67.233698,67.22991919046123,6723
35.93,67.296943,67.29991911277804,6730
35.94,67.360153,67.35991904619246,6736
35.95,67.423327,67.41991897960688,6742
35.96,67.486466,67.48991890192369,6749
35.97,67.549569,67.5499188353381,6755
35.98,67.612637,67.60991876875252,6761
35.99,67.675669,67.67991869106936,6768
36.0,67.738666,67.73991862448378,6774
36.01,67.801627,67.7999185578982,6780
36.02,67.864552,67.85991849131261,6786
36.03,67.927442,67.92991841362942,6793
36.04,67.990297,67.98991834704384,6799
36.05,68.053116,68.04991828045826,6805
36.06,68.115899,68.11991820277507,6812
36.07,68.178647,68.17991813618949,6818
36.08,68.241359,68.2399180696039,6824
36.09,68.304035,68.29991800301832,6830
36.1,68.366676,68.36991792533516,6837
36.11,68.429281,68.42991785874958,6843
36.12,68.49185,68.48991779216396,6849
36.13,68.554383,68.54991772557838,6855
36.14,68.616881,68.61991764789522,6862
36.15,68.679344,68.67991758130964,6868
36.16,68.74177,68.73991751472406,6874
36.17,68.804161,68.79991744813847,6880
36.18,68.866516,68.86991737045528,6887
36.19,68.928835,68.9299173038697,6893
36.2,68.991118,68.98991723728412,6899
36.21,69.053366,69.04991717069854,6905
36.22,69.115578,69.11991709301535,6912
36.23,69.177754,69.17991702642976,6918
36.24,69.239894,69.23991695984418,6924
36.25,69.301998,69.2999168932586,6930
36.26,69.364067,69.35991682667301,6936
36.27,69.426099,69.42991674898985,6943
36.28,69.488096,69.48991668240427,6949
36.29,69.550057,69.54991661581869,6955
36.3,69.611982,69.6099165492331,6961
36.31,69.673871,69.66991648264752,6967
36.32,69.735724,69.73991640496433,6974
36.33,69.797541,69.79991633837875,6980
36.34,69.859322,69.85991627179317,6986
36.35,69.921068,69.91991620520758,6992
36.36,69.982777,69.979916138622,6998
36.37,70.04445,70.03991607203642,7004
36.38,70.106088,70.10991599435323,7011
36.39,70.167689,70.16991592776765,7017
36.4,70.229255,70.22991586118206,7023
36.41,70.290784,70.28991579459648,7029
36.42,70.352277,70.3499157280109,7035
36.43,70.413735,70.40991566142532,7041
36.44,70.475156,70.47991558374216,7048
36.45,70.536541,70.53991551715657,7054
36.46,70.59789,70.59991545057099,7060
36.47,70.659203,70.6599153839854,7066
36.48,70.72048,70.71991531739982,7072
36.49,70.781721,70.77991525081424,7078
36.5,70.842926,70.83991518422863,7084
36.51,70.904095,70.89991511764305,7090
36.52,70.965227,70.96991503995989,7097
36.53,71.026324,71.0299149733743,7103
36.54,71.087384,71.08991490678872,7109
36.55,71.148408,71.14991484020314,7115
36.56,71.209396,71.20991477361756,7121
36.57,71.270348,71.26991470703197,7127
36.58,71.331263,71.32991464044639,7133
36.59,71.392143,71.3899145738608,7139
36.6,71.452986,71.44991450727522,7145
36.61,71.513793,71.50991444068964,7151
36.62,71.574564,71.56991437410406,7157
36.63,71.635298,71.63991429642087,7164
36.64,71.695996,71.69991422983529,7170
36.65,71.756658,71.7599141632497,7176
36.66,71.817284,71.81991409666412,7182
36.67,71.877874,71.87991403007854,7188
36.68,71.938427,71.93991396349296,7194
36.69,71.998944,71.99991389690737,7200
36.7,72.059424,72.05991383032179,7206
36.71,72.119869,72.1199137637362,7212
36.72,72.180277,72.17991369715062,7218
36.73,72.240648,72.23991363056504,7224
36.74,72.300984,72.29991356397946,7230
36.75,72.361283,72.35991349739388,7236
36.76,72.421545,72.4199134308083,7242
36.77,72.481772,72.47991336422271,7248
36.78,72.541962,72.53991329763713,7254
36.79,72.602115,72.59991323105154,7260
36.8,72.662233,72.65991316446596,7266
36.81,72.722313,72.71991309788038,7272
36.82,72.782358,72.7799130312948,7278
36.83,72.842366,72.83991296470921,7284
36.84,72.902338,72.89991289812363,7290
36.85,72.962273,72.95991283153805,7296
36.86,73.022172,73.01991276495247,7302
36.87,73.082034,73.07991269836688,7308
36.88,73.14186,73.1399126317813,7314
36.89,73.201649,73.19991256519572,7320
36.9,73.261402,73.25991249861013,7326
36.91,73.321119,73.31991243202455,7332
36.92,73.380799,73.37991236543897,7338
36.93,73.440442,73.43991229885339,7344
36.94,73.500049,73.4999122322678,7350
36.95,73.55962,73.55991216568222,7356
36.96,73.619154,73.61991209909664,7362
36.97,73.678652,73.67991203251106,7368
36.98,73.738113,73.73991196592547,7374
36.99,73.797537,73.79991189933989,7380
37.0,73.856925,73.8599118327543,7386
37.01,73.916277,73.91991176616872,7392
37.02,73.975592,73.97991169958314,7398
37.03,74.03487,74.02991164409514,7403
37.04,74.094112,74.08991157750955,7409
37.05,74.153317,74.14991151092397,7415
37.06,74.212486,74.20991144433839,7421
37.07,74.271618,74.2699113777528,7427
37.08,74.330714,74.32991131116722,7433
37.09,74.389772,74.38991124458164,7439
37.1,74.448795,74.44991117799606,7445
37.11,74.507781,74.50991111141047,7451
37.12,74.56673,74.56991104482489,7457
37.13,74.625642,74.62991097823931,7463
37.14,74.684518,74.67991092275133,7468
37.15,74.743357,74.73991085616575,7474
37.16,74.80216,74.79991078958017,7480
37.17,74.860926,74.85991072299458,7486
37.18,74.919655,74.919910656409,7492
37.19,74.978348,74.97991058982342,7498
37.2,75.037004,75.03991052323784,7504
37.21,75.095623,75.09991045665225,7510
37.22,75.154206,75.14991040116428,7515
37.23,75.212752,75.2099103345787,7521
37.24,75.271261,75.26991026799311,7527
37.25,75.329734,75.32991020140753,7533
37.26,75.38817,75.38991013482195,7539
37.27,75.446569,75.44991006823636,7545
37.28,75.504932,75.49991001274836,7550
37.29,75.563258,75.55990994616278,7556
37.3,75.621547,75.6199098795772,7562
37.31,75.679799,75.67990981299161,7568
37.32,75.738015,75.73990974640603,7574
37.33,75.796194,75.79990967982044,7580
37.34,75.854336,75.84990962433247,7585
37.35,75.912442,75.90990955774689,7591
37.36,75.97051,75.9699094911613,7597
37.37,76.028542,76.02990942457572,7603
37.38,76.086538,76.08990935799014,7609
37.39,76.144496,76.13990930250213,7614
37.4,76.202418,76.19990923591655,7620
37.41,76.260303,76.25990916933097,7626
37.42,76.318151,76.31990910274538,7632
37.43,76.375963,76.3799090361598,7638
37.44,76.433737,76.42990898067183,7643
37.45,76.491475,76.48990891408624,7649
37.46,76.549176,76.54990884750066,7655
37.47,76.60684,76.60990878091508,7661
37.48,76.664468,76.6599087254271,7666
37.49,76.722058,76.71990865884152,7672
37.5,76.779612,76.77990859225594,7678
37.51,76.837129,76.83990852567035,7684
37.52,76.89461,76.88990847018235,7689
37.53,76.952053,76.94990840359677,7695
37.54,77.00946,77.00990833701118,7701
37.55,77.066829,77.0699082704256,7707
37.56,77.124162,77.11990821493762,7712
37.57,77.181458,77.17990814835204,7718
37.58,77.238718,77.23990808176646,7724
37.59,77.29594,77.29990801518088,7730
37.6,77.353126,77.3499079596929,7735
37.61,77.410274,77.40990789310732,7741
37.62,77.467386,77.46990782652173,7747
37.63,77.524461,77.51990777103373,7752
37.64,77.581499,77.57990770444815,7758
37.65,77.638501,77.63990763786256,7764
37.66,77.695465,77.69990757127698,7770
37.67,77.752393,77.749907515789,7775
37.68,77.809283,77.80990744920342,7781
37.69,77.866137,77.86990738261784,7787
37.7,77.922954,77.91990732712983,7792
37.71,77.979734,77.97990726054425,7798
37.72,78.036477,78.03990719395867,7804
37.73,78.093184,78.08990713847069,7809
37.74,78.149853,78.14990707188511,7815
37.75,78.206486,78.20990700529953,7821
37.76,78.263081,78.25990694981155,7826
37.77,78.31964,78.31990688322597,7832
37.78,78.376162,78.37990681664039,7838
37.79,78.432647,78.42990676115238,7843
37.8,78.489095,78.4899066945668,7849
37.81,78.545506,78.54990662798122,7855
37.82,78.60188,78.59990657249324,7860
37.83,78.658217,78.65990650590766,7866
37.84,78.714518,78.70990645041968,7871
37.85,78.770781,78.7699063838341,7877
37.86,78.827007,78.82990631724851,7883
37.87,78.883197,78.87990626176051,7888
37.88,78.93935,78.93990619517493,7894
37.89,78.995465,78.99990612858934,7900
37.9,79.051544,79.04990607310137,7905
37.91,79.107586,79.10990600651579,7911
37.92,79.163591,79.15990595102781,7916
37.93,79.219559,79.21990588444223,7922
37.94,79.27549,79.27990581785664,7928
37.95,79.331384,79.32990576236864,7933
37.96,79.387242,79.38990569578306,7939
37.97,79.443062,79.43990564029508,7944
37.98,79.498845,79.4999055737095,7950
37.99,79.554592,79.54990551822152,7955
38.0,79.610301,79.60990545163594,7961
38.01,79.665974,79.66990538505036,7967
38.02,79.721609,79.71990532956235,7972
38.03,79.777208,79.77990526297677,7978
38.04,79.832769,79.82990520748879,7983
38.05,79.888294,79.88990514090321,7989
38.06,79.943782,79.93990508541523,7994
38.07,79.999233,79.99990501882965,8000
38.08,80.054646,80.04990496334165,8005
38.09,80.110023,80.10990489675606,8011
38.1,80.165363,80.16990483017048,8017
38.11,80.220666,80.2199047746825,8022
38.12,80.275932,80.27990470809692,8028
38.13,80.331161,80.32990465260892,8033
38.14,80.386353,80.38990458602333,8039
38.15,80.441509,80.43990453053536,8044
38.16,80.496627,80.49990446394978,8050
38.17,80.551708,80.5499044084618,8055
38.18,80.606752,80.60990434187622,8061
38.19,80.66176,80.65990428638821,8066
38.2,80.71673,80.71990421980263,8072
38.21,80.771663,80.76990416431465,8077
38.22,80.82656,80.82990409772907,8083
38.23,80.881419,80.8799040422411,8088
38.24,80.936242,80.93990397565551,8094
38.25,80.991027,80.9899039201675,8099
38.26,81.045776,81.04990385358192,8105
38.27,81.100487,81.09990379809395,8110
38.28,81.155162,81.15990373150836,8116
38.29,81.2098,81.20990367602039,8121
38.3,81.2644,81.25990362053238,8126
38.31,81.318964,81.3199035539468,8132
38.32,81.373491,81.36990349845883,8137
38.33,81.427981,81.42990343187324,8143
38.34,81.482433,81.47990337638527,8148
38.35,81.536849,81.53990330979968,8154
38.36,81.591228,81.58990325431168,8159
38.37,81.64557,81.6499031877261,8165
38.38,81.699875,81.69990313223812,8170
38.39,81.754143,81.74990307675014,8175
38.4,81.808374,81.80990301016456,8181
38.41,81.862568,81.85990295467656,8186
38.42,81.916726,81.91990288809097,8192
38.43,81.970846,81.969902832603,8197
38.44,82.024929,82.01990277711502,8202
38.45,82.078975,82.07990271052944,8208
38.46,82.132985,82.12990265504143,8213
38.47,82.186957,82.18990258845585,8219
38.48,82.240893,82.23990253296788,8224
38.49,82.294791,82.2899024774799,8229
38.5,82.348653,82.34990241089432,8235
38.51,82.402477,82.39990235540631,8240
38.52,82.456265,82.45990228882073,8246
38.53,82.510015,82.50990223333275,8251
38.54,82.563729,82.55990217784475,8256
38.55,82.617406,82.61990211125917,8262
38.56,82.671046,82.66990205577119,8267
38.57,82.724649,82.71990200028321,8272
38.58,82.778215,82.77990193369763,8278
38.59,82.831744,82.82990187820963,8283
38.6,82.885236,82.88990181162404,8289
38.61,82.938691,82.93990175613607,8294
38.62,82.992109,82.98990170064809,8299
38.63,83.045491,83.04990163406251,8305
38.64,83.098835,83.0999015785745,8310
38.65,83.152142,83.14990152308653,8315
38.66,83.205413,83.20990145650094,8321
38.67,83.258646,83.25990140101297,8326
38.68,83.311843,83.30990134552496,8331
38.69,83.365003,83.36990127893938,8337
38.7,83.418126,83.4199012234514,8342
38.71,83.471212,83.46990116796343,8347
38.72,83.524261,83.51990111247542,8352
38.73,83.577273,83.57990104588984,8358
38.74,83.630248,83.62990099040186,8363
38.75,83.683186,83.67990093491389,8368
38.76,83.736087,83.7399008683283,8374
38.77,83.788952,83.7899008128403,8379
38.78,83.841779,83.83990075735232,8384
38.79,83.89457,83.88990070186435,8389
38.8,83.947324,83.94990063527877,8395
38.81,84.000041,83.99990057979076,8400
38.82,84.052721,84.04990052430279,8405
38.83,84.105364,84.1099004577172,8411
38.84,84.15797,84.15990040222923,8416
38.85,84.210539,84.20990034674122,8421
38.86,84.263072,84.25990029125325,8426
38.87,84.315567,84.31990022466766,8432
38.88,84.368026,84.36990016917969,8437
38.89,84.420448,84.41990011369168,8442
38.9,84.472833,84.4699000582037,8447
38.91,84.525181,84.52989999161812,8453
38.92,84.577492,84.57989993613015,8458
38.93,84.629766,84.62989988064214,8463
38.94,84.682004,84.67989982515417,8468
38.95,84.734204,84.72989976966619,8473
38.96,84.786368,84.78989970308061,8479
38.97,84.838495,84.8398996475926,8484
38.98,84.890585,84.88989959210463,8489
38.99,84.942639,84.93989953661662,8494
39.0,84.994655,84.98989948112865,8499
39.01,85.046635,85.04989941454306,8505
39.02,85.098578,85.09989935905509,8510
39.03,85.150484,85.14989930356708,8515
39.04,85.202353,85.1998992480791,8520
39.05,85.254185,85.24989919259113,8525
39.06,85.30598,85.30989912600555,8531
39.07,85.357739,85.35989907051754,8536
39.08,85.409461,85.40989901502957,8541
39.09,85.461146,85.45989895954159,8546
39.1,85.512795,85.50989890405359,8551
39.11,85.564406,85.55989884856561,8556
39.12,85.615981,85.61989878198003,8562
39.13,85.667519,85.66989872649205,8567
39.14,85.71902,85.71989867100405,8572
39.15,85.770484,85.76989861551607,8577
39.16,85.821912,85.8198985600281,8582
39.17,85.873303,85.86989850454009,8587
39.18,85.924657,85.91989844905211,8592
39.19,85.975974,85.97989838246653,8598
39.2,86.027255,86.02989832697855,8603
39.21,86.078498,86.07989827149055,8608
39.22,86.129705,86.12989821600257,8613
39.23,86.180876,86.1798981605146,8618
39.24,86.232009,86.22989810502659,8623
39.25,86.283106,86.27989804953862,8628
39.26,86.334166,86.32989799405064,8633
39.27,86.38519,86.38989792746506,8639
39.28,86.436176,86.43989787197705,8644
39.29,86.487126,86.48989781648908,8649
39.3,86.538039,86.5398977610011,8654
39.31,86.588916,86.5898977055131,8659
39.32,86.639756,86.63989765002512,8664
39.33,86.690559,86.68989759453714,8669
39.34,86.741325,86.73989753904914,8674
39.35,86.792055,86.78989748356116,8679
39.36,86.842748,86.83989742807319,8684
39.37,86.893405,86.88989737258518,8689
39.38,86.944024,86.9398973170972,8694
39.39,86.994607,86.98989726160923,8699
39.4,87.045154,87.04989719502365,8705
39.41,87.095664,87.09989713953564,8710
39.42,87.146137,87.14989708404767,8715
39.43,87.196573,87.19989702855966,8720
39.44,87.246973,87.24989697307169,8725
39.45,87.297336,87.29989691758371,8730
39.46,87.347663,87.3498968620957,8735
39.47,87.397953,87.39989680660773,8740
39.48,87.448206,87.44989675111975,8745
39.49,87.498423,87.49989669563175,8750
39.5,87.548603,87.54989664014377,8755
39.51,87.598746,87.5998965846558,8760
39.52,87.648853,87.64989652916779,8765
39.53,87.698924,87.69989647367981,8770
39.54,87.748957,87.74989641819184,8775
39.55,87.798954,87.79989636270383,8780
39.56,87.848915,87.84989630721586,8785
39.57,87.898839,87.89989625172788,8790
39.58,87.948727,87.94989619623988,8795
39.59,87.998578,87.9998961407519,8800
39.6,88.048392,88.04989608526392,8805
39.61,88.09817,88.09989602977592,8810
39.62,88.147911,88.14989597428794,8815
39.63,88.197616,88.19989591879997,8820
39.64,88.247284,88.24989586331196,8825
39.65,88.296916,88.29989580782399,8830
39.66,88.346511,88.34989575233601,8835
39.67,88.39607,88.399895696848,8840
39.68,88.445592,88.44989564136003,8845
39.69,88.495078,88.49989558587205,8850
39.7,88.544527,88.53989554148166,8854
39.71,88.59394,88.58989548599368,8859
39.72,88.643316,88.63989543050567,8864
39.73,88.692656,88.6898953750177,8869
39.74,88.741959,88.73989531952972,8874
39.75,88.791226,88.78989526404172,8879
39.76,88.840457,88.83989520855374,8884
39.77,88.889651,88.88989515306577,8889
39.78,88.938808,88.93989509757776,8894
39.79,88.98793,88.98989504208978,8899
39.8,89.037014,89.03989498660181,8904
39.81,89.086063,89.0898949311138,8909
39.82,89.135075,89.13989487562583,8914
39.83,89.18405,89.17989483123543,8918
39.84,89.23299,89.22989477574745,8923
39.85,89.281892,89.27989472025948,8928
39.86,89.330759,89.32989466477147,8933
39.87,89.379589,89.3798946092835,8938
39.88,89.428383,89.42989455379552,8943
39.89,89.47714,89.47989449830752,8948
39.9,89.525861,89.52989444281954,8953
39.91,89.574546,89.56989439842914,8957
39.92,89.623194,89.61989434294117,8962
39.93,89.671806,89.66989428745316,8967
39.94,89.720382,89.71989423196518,8972
39.95,89.768921,89.76989417647721,8977
39.96,89.817424,89.8198941209892,8982
39.97,89.865891,89.86989406550123,8987
39.98,89.914321,89.90989402111083,8991
39.99,89.962716,89.95989396562285,8996
40.0,90.011074,90.00989391013488,9001
40.01,89.999995,89.99989392123246,9000
40.02,89.988925,89.98989393233006,8999
40.03,89.977864,89.97989394342767,8998
40.04,89.96681,89.96989395452525,8997
40.05,89.955765,89.95989396562285,8996
40.06,89.944728,89.93989398781804,8994
40.07,89.9337,89.92989399891565,8993
40.08,89.922679,89.91989401001325,8992
40.09,89.911667,89.90989402111083,8991
40.1,89.900664,89.89989403220844,8990
40.11,89.889668,89.88989404330604,8989
40.12,89.878681,89.87989405440362,8988
40.13,89.867702,89.86989406550123,8987
40.14,89.856731,89.85989407659883,8986
40.15,89.845768,89.84989408769641,8985
40.16,89.834814,89.82989410989163,8983
40.17,89.823867,89.8198941209892,8982
40.18,89.812929,89.80989413208681,8981
40.19,89.802,89.79989414318442,8980
40.2,89.791078,89.789894154282,8979
40.21,89.780164,89.7798941653796,8978
40.22,89.769259,89.76989417647721,8977
40.23,89.758362,89.75989418757479,8976
40.24,89.747473,89.7498941986724,8975
40.25,89.736592,89.73989420977,8974
40.26,89.725719,89.72989422086758,8973
40.27,89.714855,89.70989424306279,8971
40.28,89.703998,89.69989425416037,8970
40.29,89.69315,89.68989426525798,8969
40.3,89.68231,89.67989427635558,8968
40.31,89.671478,89.66989428745316,8967
40.32,89.660653,89.65989429855077,8966
40.33,89.649837,89.64989430964837,8965
40.34,89.63903,89.63989432074595,8964
40.35,89.62823,89.62989433184356,8963
40.36,89.617438,89.61989434294117,8962
40.37,89.606654,89.60989435403874,8961
40.38,89.595879,89.59989436513635,8960
40.39,89.585111,89.58989437623396,8959
40.4,89.574352,89.56989439842914,8957
40.41,89.5636,89.55989440952675,8956
40.42,89.552857,89.54989442062433,8955
40.43,89.542121,89.53989443172193,8954
40.44,89.531394,89.52989444281954,8953
40.45,89.520674,89.51989445391715,8952
40.46,89.509963,89.50989446501472,8951
40.47,89.499259,89.49989447611233,8950
40.48,89.488564,89.48989448720994,8949
40.49,89.477876,89.47989449830752,8948
40.5,89.467197,89.46989450940512,8947
40.51,89.456525,89.45989452050273,8946
40.52,89.445861,89.44989453160031,8945
40.53,89.435206,89.43989454269791,8944
40.54,89.424558,89.4198945648931,8942
40.55,89.413918,89.4098945759907,8941
40.56,89.403286,89.39989458708831,8940
40.57,89.392662,89.38989459818589,8939
40.58,89.382046,89.3798946092835,8938
40.59,89.371438,89.3698946203811,8937
40.6,89.360838,89.35989463147868,8936
40.61,89.350246,89.34989464257629,8935
40.62,89.339661,89.3398946536739,8934
40.63,89.329085,89.32989466477147,8933
40.64,89.318516,89.31989467586908,8932
40.65,89.307955,89.30989468696669,8931
40.66,89.297402,89.29989469806426,8930
40.67,89.286857,89.28989470916187,8929
40.68,89.27632,89.27989472025948,8928
40.69,89.26579,89.26989473135706,8927
40.7,89.255269,89.25989474245466,8926
40.71,89.244755,89.23989476464985,8924
40.72,89.234249,89.22989477574745,8923
40.73,89.223751,89.21989478684506,8922
40.74,89.213261,89.20989479794264,8921
40.75,89.202778,89.19989480904025,8920
40.76,89.192303,89.18989482013785,8919
40.77,89.181836,89.17989483123543,8918
40.78,89.171377,89.16989484233304,8917
40.79,89.160926,89.15989485343064,8916
40.8,89.150482,89.14989486452822,8915
40.81,89.140046,89.13989487562583,8914
40.82,89.129618,89.12989488672343,8913
40.83,89.119198,89.11989489782101,8912
40.84,89.108785,89.10989490891862,8911
40.85,89.09838,89.09989492001623,8910
40.86,89.087983,89.0898949311138,8909
40.87,89.077594,89.07989494221141,8908
40.88,89.067212,89.06989495330902,8907
40.89,89.056838,89.0598949644066,8906
40.9,89.046472,89.0498949755042,8905
40.91,89.036113,89.03989498660181,8904
40.92,89.025762,89.02989499769939,8903
40.93,89.015419,89.019895008797,8902
40.94,89.005083,89.0098950198946,8901
40.95,88.994755,88.98989504208978,8899
40.96,88.984435,88.97989505318739,8898
40.97,88.974122,88.96989506428497,8897
40.98,88.963817,88.95989507538258,8896
40.99,88.95352,88.94989508648018,8895
41.0,88.94323,88.93989509757776,8894
41.01,88.932948,88.92989510867537,8893
41.02,88.922674,88.91989511977297,8892
41.03,88.912407,88.90989513087055,8891
41.04,88.902148,88.89989514196816,8890
41.05,88.891896,88.88989515306577,8889
41.06,88.881652,88.87989516416334,8888
41.07,88.871416,88.86989517526095,8887
41.08,88.861187,88.85989518635856,8886
41.09,88.850965,88.84989519745614,8885
41.1,88.840752,88.83989520855374,8884
41.11,88.830546,88.82989521965135,8883
41.12,88.820347,88.81989523074893,8882
41.13,88.810156,88.80989524184653,8881
41.14,88.799972,88.79989525294414,8880
41.15,88.789796,88.78989526404172,8879
41.16,88.779628,88.77989527513932,8878
41.17,88.769467,88.76989528623693,8877
41.18,88.759314,88.75989529733451,8876
41.19,88.749168,88.74989530843212,8875
41.2,88.739029,88.73989531952972,8874
41.21,88.728898,88.7298953306273,8873
41.22,88.718775,88.71989534172491,8872
41.23,88.708659,88.70989535282251,8871
41.24,88.698551,88.69989536392009,8870
41.25,88.68845,88.6898953750177,8869
41.26,88.678356,88.6798953861153,8868
41.27,88.66827,88.66989539721288,8867
41.28,88.658192,88.65989540831049,8866
41.29,88.64812,88.6498954194081,8865
41.3,88.638057,88.63989543050567,8864
41.31,88.628,88.62989544160328,8863
41.32,88.617952,88.61989545270089,8862
41.33,88.60791,88.60989546379847,8861
41.34,88.597876,88.59989547489607,8860
41.35,88.58785,88.58989548599368,8859
41.36,88.57783,88.57989549709126,8858
41.37,88.567819,88.56989550818886,8857
41.38,88.557814,88.55989551928647,8856
41.39,88.547817,88.54989553038405,8855
41.4,88.537827,88.53989554148166,8854
41.41,88.527845,88.52989555257926,8853
41.42,88.51787,88.51989556367684,8852
41.43,88.507903,88.50989557477445,8851
41.44,88.497943,88.49989558587205,8850
41.45,88.48799,88.48989559696963,8849
41.46,88.478044,88.47989560806724,8848
41.47,88.468106,88.46989561916484,8847
41.48,88.458175,88.45989563026242,8846
41.49,88.448252,88.44989564136003,8845
41.5,88.438335,88.43989565245764,8844
41.51,88.428426,88.42989566355521,8843
41.52,88.418525,88.41989567465282,8842
41.53,88.408631,88.40989568575043,8841
41.54,88.398743,88.399895696848,8840
41.55,88.388864,88.38989570794561,8839
41.56,88.378991,88.37989571904322,8838
41.57,88.369126,88.3698957301408,8837
41.58,88.359268,88.3598957412384,8836
41.59,88.349417,88.34989575233601,8835
41.6,88.339574,88.33989576343359,8834
41.61,88.329738,88.3298957745312,8833
41.62,88.319909,88.3198957856288,8832
41.63,88.310087,88.30989579672638,8831
41.64,88.300273,88.29989580782399,8830
41.65,88.290466,88.2898958189216,8829
41.66,88.280666,88.27989583001917,8828
41.67,88.270873,88.26989584111678,8827
41.68,88.261087,88.25989585221438,8826
41.69,88.251309,88.24989586331196,8825
41.7,88.241537,88.23989587440957,8824
41.71,88.231773,88.22989588550718,8823
41.72,88.222017,88.21989589660475,8822
41.73,88.212267,88.20989590770236,8821
41.74,88.202524,88.19989591879997,8820
41.75,88.192789,88.18989592989755,8819
41.76,88.183061,88.17989594099515,8818
41.77,88.17334,88.16989595209276,8817
41.78,88.163626,88.15989596319034,8816
41.79,88.153919,88.14989597428794,8815
41.8,88.144219,88.13989598538555,8814
41.81,88.134527,88.12989599648313,8813
41.82,88.124842,88.11989600758073,8812
41.83,88.115163,88.11989600758073,8812
41.84,88.105492,88.10989601867834,8811
41.85,88.095828,88.09989602977592,8810
41.86,88.086171,88.08989604087353,8809
41.87,88.076521,88.07989605197113,8808
41.88,88.066878,88.06989606306871,8807
41.89,88.057243,88.05989607416632,8806
41.9,88.047614,88.04989608526392,8805
41.91,88.037992,88.0398960963615,8804
41.92,88.028378,88.02989610745911,8803
41.93,88.01877,88.01989611855672,8802
41.94,88.00917,88.0098961296543,8801
41.95,87.999577,87.9998961407519,8800
41.96,87.98999,87.9898961518495,8799
41.97,87.980411,87.97989616294709,8798
41.98,87.970839,87.96989617404469,8797
41.99,87.961273,87.9598961851423,8796
42.0,87.951715,87.94989619623988,8795
42.01,87.942164,87.93989620733748,8794
42.02,87.932619,87.92989621843509,8793
42.03,87.923082,87.91989622953267,8792
42.04,87.913552,87.90989624063027,8791
42.05,87.904029,87.89989625172788,8790
42.06,87.894512,87.88989626282546,8789
42.07,87.885003,87.88989626282546,8789
42.08,87.875501,87.87989627392307,8788
42.09,87.866005,87.86989628502067,8787
42.1,87.856517,87.85989629611825,8786
42.11,87.847035,87.84989630721586,8785
42.12,87.83756,87.83989631831346,8784
42.13,87.828093,87.82989632941104,8783
42.14,87.818632,87.81989634050865,8782
42.15,87.809178,87.80989635160626,8781
42.16,87.799731,87.79989636270383,8780
42.17,87.790291,87.78989637380144,8779
42.18,87.780858,87.77989638489905,8778
42.19,87.771432,87.76989639599662,8777
42.2,87.762013,87.75989640709423,8776
42.21,87.752601,87.74989641819184,8775
42.22,87.743195,87.73989642928942,8774
42.23,87.733796,87.72989644038702,8773
42.24,87.724405,87.71989645148463,8772
42.25,87.71502,87.71989645148463,8772
42.26,87.705642,87.70989646258221,8771
42.27,87.696271,87.69989647367981,8770
42.28,87.686906,87.68989648477742,8769
42.29,87.677549,87.679896495875,8768
42.3,87.668198,87.6698965069726,8767
42.31,87.658854,87.65989651807021,8766
42.32,87.649517,87.64989652916779,8765
42.33,87.640187,87.6398965402654,8764
42.34,87.630864,87.629896551363,8763
42.35,87.621547,87.61989656246058,8762
42.36,87.612238,87.60989657355819,8761
42.37,87.602935,87.5998965846558,8760
42.38,87.593639,87.58989659575337,8759
42.39,87.584349,87.57989660685098,8758
42.4,87.575067,87.57989660685098,8758
42.41,87.565791,87.56989661794859,8757
42.42,87.556522,87.55989662904616,8756
42.43,87.54726,87.54989664014377,8755
42.44,87.538004,87.53989665124138,8754
42.45,87.528755,87.52989666233896,8753
42.46,87.519513,87.51989667343656,8752
42.47,87.510278,87.50989668453417,8751
42.48,87.501049,87.49989669563175,8750
42.49,87.491828,87.48989670672935,8749
42.5,87.482613,87.47989671782696,8748
42.51,87.473404,87.46989672892454,8747
42.52,87.464203,87.45989674002215,8746
42.53,87.455008,87.45989674002215,8746
42.54,87.445819,87.44989675111975,8745
42.55,87.436638,87.43989676221733,8744
42.56,87.427463,87.42989677331494,8743
42.57,87.418295,87.41989678441254,8742
42.58,87.409133,87.40989679551012,8741
42.59,87.399979,87.39989680660773,8740
42.6,87.39083,87.38989681770533,8739
42.61,87.381689,87.37989682880291,8738
42.62,87.372554,87.36989683990052,8737
42.63,87.363426,87.35989685099813,8736
42.64,87.354304,87.3498968620957,8735
42.65,87.345189,87.3498968620957,8735
42.66,87.336081,87.33989687319331,8734
42.67,87.32698,87.32989688429092,8733
42.68,87.317885,87.3198968953885,8732
42.69,87.308796,87.3098969064861,8731
42.7,87.299714,87.29989691758371,8730
42.71,87.290639,87.28989692868129,8729
42.72,87.281571,87.2798969397789,8728
42.73,87.272509,87.2698969508765,8727
42.74,87.263453,87.25989696197408,8726
42.75,87.254405,87.24989697307169,8725
42.76,87.245362,87.24989697307169,8725
42.77,87.236327,87.23989698416929,8724
42.78,87.227298,87.22989699526687,8723
42.79,87.218275,87.21989700636448,8722
42.8,87.209259,87.20989701746208,8721
42.81,87.20025,87.19989702855966,8720
42.82,87.191247,87.18989703965727,8719
42.83,87.182251,87.17989705075487,8718
42.84,87.173261,87.16989706185248,8717
42.85,87.164278,87.15989707295006,8716
42.86,87.155301,87.15989707295006,8716
42.87,87.146331,87.14989708404767,8715
42.88,87.137367,87.13989709514527,8714
42.89,87.12841,87.12989710624285,8713
42.9,87.119459,87.11989711734046,8712
42.91,87.110515,87.10989712843806,8711
42.92,87.101577,87.09989713953564,8710
42.93,87.092646,87.08989715063325,8709
42.94,87.083721,87.07989716173086,8708
42.95,87.074803,87.06989717282843,8707
42.96,87.065891,87.06989717282843,8707
42.97,87.056986,87.05989718392604,8706
42.98,87.048087,87.04989719502365,8705
42.99,87.039195,87.03989720612122,8704
43.0,87.030309,87.02989721721883,8703
43.01,87.02143,87.01989722831644,8702
43.02,87.012557,87.00989723941402,8701
43.03,87.00369,86.99989725051162,8700
43.04,86.99483,86.98989726160923,8699
43.05,86.985976,86.98989726160923,8699
43.06,86.977129,86.97989727270681,8698
43.07,86.968288,86.96989728380441,8697
43.08,86.959453,86.95989729490202,8696
43.09,86.950625,86.9498973059996,8695
43.1,86.941803,86.9398973170972,8694
43.11,86.932988,86.92989732819481,8693
43.12,86.924179,86.91989733929239,8692
43.13,86.915377,86.91989733929239,8692
43.14,86.90658,86.90989735039,8691
43.15,86.897791,86.8998973614876,8690
43.16,86.889007,86.88989737258518,8689
43.17,86.88023,86.87989738368279,8688
43.18,86.871459,86.8698973947804,8687
43.19,86.862695,86.85989740587797,8686
43.2,86.853937,86.84989741697558,8685
43.21,86.845185,86.84989741697558,8685
43.22,86.83644,86.83989742807319,8684
43.23,86.827701,86.82989743917076,8683
43.24,86.818968,86.81989745026837,8682
43.25,86.810242,86.80989746136598,8681
43.26,86.801522,86.79989747246356,8680
43.27,86.792808,86.78989748356116,8679
43.28,86.7841,86.77989749465877,8678
43.29,86.775399,86.77989749465877,8678
43.3,86.766704,86.76989750575635,8677
43.31,86.758016,86.75989751685395,8676
43.32,86.749334,86.74989752795156,8675
43.33,86.740657,86.73989753904914,8674
43.34,86.731988,86.72989755014675,8673
43.35,86.723324,86.71989756124435,8672
43.36,86.714667,86.70989757234193,8671
43.37,86.706016,86.70989757234193,8671
43.38,86.697371,86.69989758343954,8670
43.39,86.688733,86.68989759453714,8669
43.4,86.680101,86.67989760563472,8668
43.41,86.671475,86.66989761673233,8667
43.42,86.662855,86.65989762782993,8666
43.43,86.654241,86.64989763892751,8665
43.44,86.645634,86.64989763892751,8665
43.45,86.637033,86.63989765002512,8664
43.46,86.628438,86.62989766112273,8663
43.47,86.619849,86.6198976722203,8662
43.48,86.611267,86.60989768331791,8661
43.49,86.60269,86.59989769441552,8660
43.5,86.59412,86.5898977055131,8659
43.51,86.585556,86.5898977055131,8659
43.52,86.576999,86.5798977166107,8658
43.53,86.568447,86.56989772770831,8657
43.54,86.559902,86.55989773880589,8656
43.55,86.551362,86.5498977499035,8655
43.56,86.542829,86.5398977610011,8654
43.57,86.534302,86.52989777209868,8653
43.58,86.525782,86.52989777209868,8653
43.59,86.517267,86.51989778319628,8652
43.6,86.508759,86.50989779429389,8651
43.61,86.500256,86.49989780539147,8650
43.62,86.49176,86.48989781648908,8649
43.63,86.48327,86.47989782758668,8648
43.64,86.474786,86.46989783868426,8647
43.65,86.466308,86.46989783868426,8647
43.66,86.457836,86.45989784978187,8646
43.67,86.449371,86.44989786087947,8645
43.68,86.440911,86.43989787197705,8644
43.69,86.432458,86.42989788307466,8643
43.7,86.42401,86.41989789417227,8642
43.71,86.415569,86.41989789417227,8642
43.72,86.407134,86.40989790526984,8641
43.73,86.398705,86.39989791636745,8640
43.74,86.390282,86.38989792746506,8639
43.75,86.381865,86.37989793856264,8638
43.76,86.373454,86.36989794966024,8637
43.77,86.365049,86.36989794966024,8637
43.78,86.35665,86.35989796075785,8636
43.79,86.348257,86.34989797185543,8635
43.8,86.33987,86.33989798295303,8634
43.81,86.33149,86.32989799405064,8633
43.82,86.323115,86.31989800514822,8632
43.83,86.314746,86.30989801624582,8631
43.84,86.306384,86.30989801624582,8631
43.85,86.298027,86.29989802734343,8630
43.86,86.289676,86.28989803844101,8629
43.87,86.281332,86.27989804953862,8628
43.88,86.272993,86.26989806063622,8627
43.89,86.26466,86.2598980717338,8626
43.9,86.256334,86.2598980717338,8626
43.91,86.248013,86.24989808283141,8625
43.92,86.239699,86.23989809392901,8624
43.93,86.23139,86.22989810502659,8623
43.94,86.223087,86.2198981161242,8622
43.95,86.21479,86.2098981272218,8621
43.96,86.2065,86.2098981272218,8621
43.97,86.198215,86.19989813831938,8620
43.98,86.189936,86.18989814941699,8619
43.99,86.181663,86.1798981605146,8618
44.0,86.173396,86.16989817161218,8617
44.01,86.165135,86.16989817161218,8617
44.02,86.15688,86.15989818270978,8616
44.03,86.148631,86.14989819380739,8615
44.04,86.140387,86.13989820490497,8614
44.05,86.13215,86.12989821600257,8613
44.06,86.123918,86.11989822710018,8612
44.07,86.115693,86.11989822710018,8612
44.08,86.107473,86.10989823819776,8611
44.09,86.09926,86.09989824929536,8610
44.1,86.091052,86.08989826039297,8609
44.11,86.08285,86.07989827149055,8608
44.12,86.074654,86.06989828258816,8607
44.13,86.066463,86.06989828258816,8607
44.14,86.058279,86.05989829368576,8606
44.15,86.050101,86.04989830478334,8605
44.16,86.041928,86.03989831588095,8604
44.17,86.033761,86.02989832697855,8603
44.18,86.025601,86.02989832697855,8603
44.19,86.017446,86.01989833807613,8602
44.2,86.009296,86.00989834917374,8601
44.21,86.001153,85.99989836027135,8600
44.22,85.993016,85.98989837136892,8599
44.23,85.984884,85.97989838246653,8598
44.24,85.976758,85.97989838246653,8598
44.25,85.968638,85.96989839356414,8597
44.26,85.960524,85.95989840466171,8596
44.27,85.952415,85.94989841575932,8595
44.28,85.944313,85.93989842685693,8594
44.29,85.936216,85.93989842685693,8594
44.3,85.928125,85.9298984379545,8593
44.31,85.92004,85.91989844905211,8592
44.32,85.911961,85.90989846014972,8591
44.33,85.903887,85.8998984712473,8590
44.34,85.895819,85.8998984712473,8590
44.35,85.887757,85.8898984823449,8589
44.36,85.879701,85.87989849344251,8588
44.37,85.87165,85.86989850454009,8587
44.38,85.863606,85.8598985156377,8586
44.39,85.855567,85.8598985156377,8586
44.4,85.847533,85.8498985267353,8585
44.41,85.839506,85.83989853783288,8584
44.42,85.831484,85.82989854893049,8583
44.43,85.823468,85.8198985600281,8582
44.44,85.815458,85.8198985600281,8582
44.45,85.807453,85.80989857112567,8581
44.46,85.799454,85.79989858222328,8580
44.47,85.791461,85.78989859332088,8579
44.48,85.783474,85.77989860441846,8578
44.49,85.775492,85.77989860441846,8578
44.5,85.767516,85.76989861551607,8577
44.51,85.759546,85.75989862661368,8576
44.52,85.751581,85.74989863771125,8575
44.53,85.743622,85.73989864880886,8574
44.54,85.735669,85.73989864880886,8574
44.55,85.727722,85.72989865990647,8573
44.56,85.71978,85.71989867100405,8572
44.57,85.711844,85.70989868210165,8571
44.58,85.703913,85.69989869319926,8570
44.59,85.695988,85.69989869319926,8570
44.6,85.688069,85.68989870429684,8569
44.61,85.680156,85.67989871539444,8568
44.62,85.672248,85.66989872649205,8567
44.63,85.664346,85.65989873758963,8566
44.64,85.656449,85.65989873758963,8566
44.65,85.648558,85.64989874868724,8565
44.66,85.640673,85.63989875978484,8564
44.67,85.632793,85.62989877088242,8563
44.68,85.624919,85.61989878198003,8562
44.69,85.617051,85.61989878198003,8562
44.7,85.609188,85.60989879307763,8561
44.71,85.601331,85.59989880417521,8560
44.72,85.593479,85.58989881527282,8559
44.73,85.585633,85.58989881527282,8559
44.74,85.577792,85.57989882637042,8558
44.75,85.569958,85.569898837468,8557
44.76,85.562128,85.55989884856561,8556
44.77,85.554305,85.54989885966322,8555
44.78,85.546487,85.54989885966322,8555
44.79,85.538674,85.5398988707608,8554
44.8,85.530867,85.5298988818584,8553
44.81,85.523066,85.51989889295601,8552
44.82,85.51527,85.51989889295601,8552
44.83,85.50748,85.50989890405359,8551
44.84,85.499695,85.49989891515119,8550
44.85,85.491916,85.4898989262488,8549
44.86,85.484142,85.47989893734638,8548
44.87,85.476374,85.47989893734638,8548
44.88,85.468612,85.46989894844398,8547
44.89,85.460855,85.45989895954159,8546
44.9,85.453103,85.44989897063917,8545
44.91,85.445357,85.44989897063917,8545
44.92,85.437617,85.43989898173677,8544
44.93,85.429882,85.42989899283438,8543
44.94,85.422152,85.41989900393196,8542
44.95,85.414428,85.40989901502957,8541
44.96,85.40671,85.40989901502957,8541
44.97,85.398997,85.39989902612717,8540
44.98,85.39129,85.38989903722475,8539
44.99,85.383588,85.37989904832236,8538
45.0,85.375891,85.37989904832236,8538
45.01,85.3682,85.36989905941996,8537
45.02,85.360515,85.35989907051754,8536
45.03,85.352835,85.34989908161515,8535
45.04,85.34516,85.34989908161515,8535
45.05,85.337491,85.33989909271276,8534
45.06,85.329827,85.32989910381033,8533
45.07,85.322169,85.31989911490794,8532
45.08,85.314516,85.30989912600555,8531
45.09,85.306869,85.30989912600555,8531
45.1,85.299227,85.29989913710313,8530
45.11,85.29159,85.28989914820073,8529
45.12,85.283959,85.27989915929834,8528
45.13,85.276334,85.27989915929834,8528
45.14,85.268713,85.26989917039592,8527
45.15,85.261098,85.25989918149352,8526
45.16,85.253489,85.24989919259113,8525
45.17,85.245885,85.24989919259113,8525
45.18,85.238287,85.23989920368871,8524
45.19,85.230693,85.22989921478631,8523
45.2,85.223106,85.21989922588392,8522
45.21,85.215523,85.21989922588392,8522
45.22,85.207946,85.2098992369815,8521
45.23,85.200374,85.1998992480791,8520
45.24,85.192808,85.18989925917671,8519
45.25,85.185247,85.18989925917671,8519
45.26,85.177692,85.17989927027429,8518
45.27,85.170142,85.1698992813719,8517
45.28,85.162597,85.1598992924695,8516
45.29,85.155057,85.1598992924695,8516
45.3,85.147523,85.14989930356708,8515
45.31,85.139995,85.13989931466469,8514
45.32,85.132471,85.1298993257623,8513
45.33,85.124953,85.11989933685987,8512
45.34,85.11744,85.11989933685987,8512
45.35,85.109933,85.10989934795748,8511
45.36,85.102431,85.09989935905509,8510
45.37,85.094934,85.08989937015266,8509
45.38,85.087443,85.08989937015266,8509
45.39,85.079956,85.07989938125027,8508
45.4,85.072476,85.06989939234788,8507
45.41,85.065,85.06989939234788,8507
45.42,85.05753,85.05989940344546,8506
45.43,85.050065,85.04989941454306,8505
45.44,85.042605,85.03989942564067,8504
45.45,85.035151,85.03989942564067,8504
45.46,85.027702,85.02989943673825,8503
45.47,85.020258,85.01989944783585,8502
45.48,85.01282,85.00989945893346,8501
45.49,85.005386,85.00989945893346,8501
45.5,84.997958,84.99989947003104,8500
45.51,84.990536,84.98989948112865,8499
45.52,84.983118,84.97989949222625,8498
45.53,84.975706,84.97989949222625,8498
45.54,84.968299,84.96989950332383,8497
45.55,84.960897,84.95989951442144,8496
45.56,84.953501,84.94989952551904,8495
45.57,84.94611,84.94989952551904,8495
45.58,84.938724,84.93989953661662,8494
45.59,84.931343,84.92989954771423,8493
45.6,84.923967,84.91989955881184,8492
45.61,84.916597,84.91989955881184,8492
45.62,84.909232,84.90989956990941,8491
45.63,84.901872,84.89989958100702,8490
45.64,84.894517,84.88989959210463,8489
45.65,84.887168,84.88989959210463,8489
45.66,84.879823,84.8798996032022,8488
45.67,84.872484,84.86989961429981,8487
45.68,84.86515,84.86989961429981,8487
45.69,84.857822,84.85989962539742,8486
45.7,84.850498,84.849899636495,8485
45.71,84.84318,84.8398996475926,8484
45.72,84.835867,84.8398996475926,8484
45.73,84.828559,84.82989965869021,8483
45.74,84.821256,84.81989966978782,8482
45.75,84.813958,84.8098996808854,8481
45.76,84.806665,84.8098996808854,8481
45.77,84.799378,84.799899691983,8480
45.78,84.792096,84.78989970308061,8479
45.79,84.784819,84.77989971417819,8478
45.8,84.777547,84.77989971417819,8478
45.81,84.77028,84.76989972527579,8477
45.82,84.763018,84.7598997363734,8476
45.83,84.755762,84.7598997363734,8476
45.84,84.74851,84.74989974747098,8475
45.85,84.741264,84.73989975856858,8474
45.86,84.734023,84.72989976966619,8473
45.87,84.726787,84.72989976966619,8473
45.88,84.719556,84.71989978076377,8472
45.89,84.71233,84.70989979186137,8471
45.9,84.705109,84.70989979186137,8471
45.91,84.697894,84.69989980295898,8470
45.92,84.690683,84.68989981405656,8469
45.93,84.683478,84.67989982515417,8468
45.94,84.676277,84.67989982515417,8468
45.95,84.669082,84.66989983625177,8467
45.96,84.661892,84.65989984734935,8466
45.97,84.654707,84.64989985844696,8465
45.98,84.647527,84.64989985844696,8465
45.99,84.640351,84.63989986954456,8464
46.0,84.633182,84.62989988064214,8463
46.01,84.626017,84.62989988064214,8463
46.02,84.618857,84.61989989173975,8462
46.03,84.611702,84.60989990283736,8461
46.04,84.604552,84.59989991393493,8460
46.05,84.597408,84.59989991393493,8460
46.06,84.590268,84.58989992503254,8459
46.07,84.583133,84.57989993613015,8458
46.08,84.576004,84.57989993613015,8458
46.09,84.568879,84.56989994722773,8457
46.1,84.561759,84.55989995832533,8456
46.11,84.554645,84.54989996942294,8455
46.12,84.547535,84.54989996942294,8455
46.13,84.540431,84.53989998052052,8454
46.14,84.533331,84.52989999161812,8453
46.15,84.526237,84.52989999161812,8453
46.16,84.519147,84.51990000271573,8452
46.17,84.512063,84.50990001381331,8451
46.18,84.504983,84.49990002491091,8450
46.19,84.497909,84.49990002491091,8450
46.2,84.490839,84.48990003600852,8449
46.21,84.483775,84.4799000471061,8448
46.22,84.476715,84.4799000471061,8448
46.23,84.46966,84.4699000582037,8447
46.24,84.462611,84.45990006930131,8446
46.25,84.455566,84.45990006930131,8446
46.26,84.448526,84.44990008039889,8445
46.27,84.441491,84.4399000914965,8444
46.28,84.434461,84.4299001025941,8443
46.29,84.427437,84.4299001025941,8443
46.3,84.420417,84.41990011369168,8442
46.31,84.413402,84.40990012478929,8441
46.32,84.406391,84.40990012478929,8441
46.33,84.399386,84.3999001358869,8440
46.34,84.392386,84.38990014698447,8439
46.35,84.385391,84.38990014698447,8439
46.36,84.3784,84.37990015808208,8438
46.37,84.371415,84.36990016917969,8437
46.38,84.364434,84.35990018027726,8436
46.39,84.357459,84.35990018027726,8436
46.4,84.350488,84.34990019137487,8435
46.41,84.343522,84.33990020247248,8434
46.42,84.336561,84.33990020247248,8434
46.43,84.329605,84.32990021357006,8433
46.44,84.322654,84.31990022466766,8432
46.45,84.315708,84.31990022466766,8432
46.46,84.308766,84.30990023576527,8431
46.47,84.30183,84.29990024686285,8430
46.48,84.294898,84.28990025796045,8429
46.49,84.287971,84.28990025796045,8429
46.5,84.281049,84.27990026905806,8428
46.51,84.274132,84.26990028015564,8427
46.52,84.26722,84.26990028015564,8427
46.53,84.260313,84.25990029125325,8426
46.54,84.25341,84.24990030235085,8425
46.55,84.246512,84.24990030235085,8425
46.56,84.23962,84.23990031344843,8424
46.57,84.232732,84.22990032454604,8423
46.58,84.225849,84.22990032454604,8423
46.59,84.21897,84.21990033564364,8422
46.6,84.212097,84.20990034674122,8421
46.61,84.205228,84.20990034674122,8421
46.62,84.198364,84.19990035783883,8420
46.63,84.191505,84.18990036893643,8419
46.64,84.184651,84.17990038003401,8418
46.65,84.177802,84.17990038003401,8418
46.66,84.170957,84.16990039113162,8417
46.67,84.164117,84.15990040222923,8416
46.68,84.157282,84.15990040222923,8416
46.69,84.150452,84.1499004133268,8415
46.7,84.143627,84.13990042442441,8414
46.71,84.136806,84.13990042442441,8414
46.72,84.12999,84.12990043552202,8413
46.73,84.123179,84.1199004466196,8412
46.74,84.116373,84.1199004466196,8412
46.75,84.109571,84.1099004577172,8411
46.76,84.102775,84.09990046881481,8410
46.77,84.095983,84.09990046881481,8410
46.78,84.089195,84.08990047991239,8409
46.79,84.082413,84.07990049101,8408
46.8,84.075635,84.07990049101,8408
46.81,84.068862,84.0699005021076,8407
46.82,84.062094,84.05990051320518,8406
46.83,84.05533,84.05990051320518,8406
46.84,84.048572,84.04990052430279,8405
46.85,84.041818,84.03990053540039,8404
46.86,84.035068,84.03990053540039,8404
46.87,84.028324,84.02990054649797,8403
46.88,84.021584,84.01990055759558,8402
46.89,84.014849,84.00990056869318,8401
46.9,84.008119,84.00990056869318,8401
46.91,84.001393,83.99990057979076,8400
46.92,83.994672,83.98990059088837,8399
46.93,83.987956,83.98990059088837,8399
46.94,83.981244,83.97990060198597,8398
46.95,83.974537,83.96990061308355,8397
46.96,83.967835,83.96990061308355,8397
46.97,83.961138,83.95990062418116,8396
46.98,83.954445,83.94990063527877,8395
46.99,83.947757,83.94990063527877,8395
47.0,83.941073,83.93990064637634,8394
47.01,83.934394,83.92990065747395,8393
47.02,83.92772,83.92990065747395,8393
47.03,83.921051,83.91990066857156,8392
47.04,83.914386,83.90990067966914,8391
47.05,83.907726,83.90990067966914,8391
47.06,83.901071,83.89990069076674,8390
47.07,83.89442,83.88990070186435,8389
47.08,83.887774,83.88990070186435,8389
47.09,83.881132,83.87990071296193,8388
47.1,83.874495,83.86990072405953,8387
47.11,83.867863,83.86990072405953,8387
47.12,83.861236,83.85990073515714,8386
47.13,83.854613,83.84990074625472,8385
47.14,83.847994,83.84990074625472,8385
47.15,83.841381,83.83990075735232,8384
47.16,83.834771,83.82990076844993,8383
47.17,83.828167,83.82990076844993,8383
47.18,83.821567,83.81990077954751,8382
47.19,83.814972,83.80990079064512,8381
47.2,83.808381,83.80990079064512,8381
47.21,83.801795,83.79990080174272,8380
47.22,83.795214,83.79990080174272,8380
47.23,83.788637,83.7899008128403,8379
47.24,83.782065,83.77990082393791,8378
47.25,83.775497,83.77990082393791,8378
47.26,83.768934,83.76990083503551,8377
47.27,83.762376,83.75990084613309,8376
47.28,83.755822,83.75990084613309,8376
47.29,83.749272,83.7499008572307,8375
47.3,83.742728,83.7399008683283,8374
47.31,83.736188,83.7399008683283,8374
47.32,83.729652,83.72990087942588,8373
47.33,83.723121,83.71990089052349,8372
47.34,83.716594,83.71990089052349,8372
47.35,83.710072,83.7099009016211,8371
47.36,83.703555,83.69990091271868,8370
47.37,83.697042,83.69990091271868,8370
47.38,83.690534,83.68990092381628,8369
47.39,83.68403,83.67990093491389,8368
47.4,83.677531,83.67990093491389,8368
47.41,83.671036,83.66990094601147,8367
47.42,83.664546,83.65990095710907,8366
47.43,83.65806,83.65990095710907,8366
47.44,83.651579,83.64990096820668,8365
47.45,83.645103,83.64990096820668,8365
47.46,83.63863,83.63990097930426,8364
47.47,83.632163,83.62990099040186,8363
47.48,83.6257,83.62990099040186,8363
47.49,83.619241,83.61990100149947,8362
47.5,83.612787,83.60990101259705,8361
47.51,83.606338,83.60990101259705,8361
47.52,83.599892,83.59990102369466,8360
47.53,83.593452,83.58990103479226,8359
47.54,83.587016,83.58990103479226,8359
47.55,83.580584,83.57990104588984,8358
47.56,83.574157,83.56990105698745,8357
47.57,83.567734,83.56990105698745,8357
47.58,83.561316,83.55990106808505,8356
47.59,83.554902,83.54990107918263,8355
47.6,83.548493,83.54990107918263,8355
47.61,83.542088,83.53990109028024,8354
47.62,83.535688,83.53990109028024,8354
47.63,83.529292,83.52990110137785,8353
47.64,83.522901,83.51990111247542,8352
47.65,83.516514,83.51990111247542,8352
47.66,83.510131,83.50990112357303,8351
47.67,83.503753,83.49990113467064,8350
47.68,83.497379,83.49990113467064,8350
47.69,83.49101,83.48990114576821,8349
47.7,83.484645,83.47990115686582,8348
47.71,83.478285,83.47990115686582,8348
47.72,83.471929,83.46990116796343,8347
47.73,83.465578,83.46990116796343,8347
47.74,83.459231,83.459901179061,8346
47.75,83.452888,83.44990119015861,8345
47.76,83.44655,83.44990119015861,8345
47.77,83.440216,83.43990120125622,8344
47.78,83.433886,83.4299012123538,8343
47.79,83.427561,83.4299012123538,8343
47.8,83.421241,83.4199012234514,8342
47.81,83.414924,83.40990123454901,8341
47.82,83.408612,83.40990123454901,8341
47.83,83.402305,83.39990124564659,8340
47.84,83.396002,83.39990124564659,8340
47.85,83.389703,83.3899012567442,8339
47.86,83.383409,83.3799012678418,8338
47.87,83.377119,83.3799012678418,8338
47.88,83.370833,83.36990127893938,8337
47.89,83.364552,83.35990129003699,8336
47.9,83.358275,83.35990129003699,8336
47.91,83.352003,83.3499013011346,8335
47.92,83.345734,83.3499013011346,8335
47.93,83.339471,83.33990131223217,8334
47.94,83.333211,83.32990132332978,8333
47.95,83.326956,83.32990132332978,8333
47.96,83.320705,83.31990133442739,8332
47.97,83.314459,83.30990134552496,8331
47.98,83.308217,83.30990134552496,8331
47.99,83.301979,83.29990135662257,8330
48.0,83.295746,83.29990135662257,8330
48.01,83.262517,83.25990140101297,8326
48.02,83.229311,83.22990143430576,8323
48.03,83.196128,83.19990146759855,8320
48.04,83.162968,83.15990151198892,8316
48.05,83.129831,83.12990154528171,8313
48.06,83.096717,83.0999015785745,8310
48.07,83.063625,83.0599016229649,8306
48.08,83.030557,83.02990165625769,8303
48.09,82.997512,82.99990168955048,8300
48.1,82.96449,82.95990173394088,8296
48.11,82.93149,82.92990176723367,8293
48.12,82.898513,82.89990180052646,8290
48.13,82.865559,82.86990183381926,8287
48.14,82.832628,82.82990187820963,8283
48.15,82.799719,82.79990191150242,8280
48.16,82.766834,82.76990194479521,8277
48.17,82.73397,82.7299019891856,8273
48.18,82.70113,82.6999020224784,8270
48.19,82.668312,82.66990205577119,8267
48.2,82.635517,82.63990208906398,8264
48.21,82.602744,82.59990213345438,8260
48.22,82.569994,82.56990216674717,8257
48.23,82.537267,82.53990220003996,8254
48.24,82.504562,82.49990224443036,8250
48.25,82.471879,82.46990227772315,8247
48.26,82.439219,82.43990231101594,8244
48.27,82.406582,82.40990234430873,8241
48.28,82.373966,82.3699023886991,8237
48.29,82.341374,82.3399024219919,8234
48.3,82.308803,82.30990245528469,8231
48.31,82.276255,82.27990248857748,8228
48.32,82.243729,82.23990253296788,8224
48.33,82.211226,82.20990256626067,8221
48.34,82.178745,82.17990259955346,8218
48.35,82.146286,82.14990263284625,8215
48.36,82.113849,82.10990267723665,8211
48.37,82.081434,82.07990271052944,8208
48.38,82.049042,82.04990274382223,8205
48.39,82.016672,82.01990277711502,8202
48.4,81.984324,81.97990282150539,8198
48.41,81.951998,81.94990285479818,8195
48.42,81.919694,81.91990288809097,8192
48.43,81.887412,81.88990292138377,8189
48.44,81.855152,81.85990295467656,8186
48.45,81.822915,81.81990299906695,8182
48.46,81.790699,81.78990303235975,8179
48.47,81.758505,81.75990306565254,8176
48.48,81.726333,81.72990309894533,8173
48.49,81.694183,81.68990314333573,8169
48.5,81.662055,81.65990317662852,8166
48.51,81.629949,81.62990320992131,8163
48.52,81.597865,81.5999032432141,8160
48.53,81.565802,81.56990327650689,8157
48.54,81.533761,81.52990332089726,8153
48.55,81.501742,81.49990335419005,8150
48.56,81.469745,81.46990338748284,8147
48.57,81.43777,81.43990342077564,8144
48.58,81.405816,81.40990345406843,8141
48.59,81.373884,81.36990349845883,8137
48.6,81.341973,81.33990353175162,8134
48.61,81.310084,81.30990356504441,8131
48.62,81.278217,81.2799035983372,8128
48.63,81.246372,81.24990363162999,8125
48.64,81.214547,81.20990367602039,8121
48.65,81.182745,81.17990370931318,8118
48.66,81.150964,81.14990374260597,8115
48.67,81.119204,81.11990377589876,8112
48.68,81.087466,81.08990380919155,8109
48.69,81.05575,81.05990384248435,8106
48.7,81.024055,81.01990388687472,8102
48.71,80.992381,80.9899039201675,8099
48.72,80.960729,80.9599039534603,8096
48.73,80.929098,80.92990398675309,8093
48.74,80.897488,80.89990402004588,8090
48.75,80.8659,80.86990405333867,8087
48.76,80.834333,80.82990409772907,8083
48.77,80.802787,80.79990413102186,8080
48.78,80.771262,80.76990416431465,8077
48.79,80.739759,80.73990419760744,8074
48.8,80.708277,80.70990423090024,8071
48.81,80.676816,80.67990426419303,8068
48.82,80.645376,80.64990429748582,8065
48.83,80.613957,80.60990434187622,8061
48.84,80.58256,80.57990437516901,8058
48.85,80.551183,80.5499044084618,8055
48.86,80.519828,80.51990444175459,8052
48.87,80.488494,80.48990447504738,8049
48.88,80.45718,80.45990450834017,8046
48.89,80.425888,80.42990454163296,8043
48.9,80.394617,80.38990458602333,8039
48.91,80.363366,80.35990461931613,8036
48.92,80.332137,80.32990465260892,8033
48.93,80.300928,80.29990468590171,8030
48.94,80.269741,80.2699047191945,8027
48.95,80.238574,80.23990475248729,8024
48.96,80.207428,80.20990478578008,8021
48.97,80.176303,80.17990481907287,8018
48.98,80.145198,80.1499048523657,8015
48.99,80.114115,80.10990489675606,8011
49.0,80.083052,80.07990493004885,8008
49.01,80.05201,80.04990496334165,8005
49.02,80.020989,80.01990499663444,8002
49.03,79.989988,79.98990502992723,7999
49.04,79.959008,79.95990506322002,7996
49.05,79.928049,79.92990509651281,7993
49.06,79.89711,79.8999051298056,7990
49.07,79.866192,79.8699051630984,7987
49.08,79.835294,79.83990519639119,7984
49.09,79.804417,79.79990524078158,7980
49.1,79.773561,79.76990527407438,7977
49.11,79.742725,79.73990530736717,7974
49.12,79.71191,79.70990534065996,7971
49.13,79.681115,79.67990537395275,7968
49.14,79.65034,79.64990540724554,7965
49.15,79.619586,79.61990544053833,7962
49.16,79.588852,79.58990547383112,7959
49.17,79.558139,79.55990550712391,7956
49.18,79.527446,79.5299055404167,7953
49.19,79.496774,79.4999055737095,7950
49.2,79.466121,79.46990560700229,7947
49.21,79.435489,79.43990564029508,7944
49.22,79.404878,79.39990568468548,7940
49.23,79.374286,79.36990571797827,7937
49.24,79.343715,79.33990575127106,7934
49.25,79.313164,79.30990578456385,7931
49.26,79.282634,79.27990581785664,7928
49.27,79.252123,79.24990585114944,7925
49.28,79.221633,79.21990588444223,7922
49.29,79.191162,79.18990591773502,7919
49.3,79.160712,79.15990595102781,7916
49.31,79.130282,79.1299059843206,7913
49.32,79.099872,79.09990601761339,7910
49.33,79.069482,79.06990605090618,7907
49.34,79.039112,79.03990608419898,7904
49.35,79.008762,79.00990611749177,7901
49.36,78.978432,78.97990615078456,7898
49.37,78.948122,78.94990618407735,7895
49.38,78.917832,78.91990621737014,7892
49.39,78.887562,78.88990625066293,7889
49.4,78.857312,78.85990628395572,7886
49.41,78.827082,78.82990631724851,7883
49.42,78.796871,78.7999063505413,7880
49.43,78.766681,78.7699063838341,7877
49.44,78.73651,78.73990641712689,7874
49.45,78.706359,78.70990645041968,7871
49.46,78.676228,78.67990648371247,7868
49.47,78.646116,78.64990651700526,7865
49.48,78.616024,78.61990655029805,7862
49.49,78.585952,78.58990658359085,7859
49.5,78.5559,78.55990661688364,7856
49.51,78.525868,78.52990665017643,7853
49.52,78.495855,78.49990668346922,7850
49.53,78.465861,78.46990671676201,7847
49.54,78.435888,78.4399067500548,7844
49.55,78.405933,78.4099067833476,7841
49.56,78.375999,78.37990681664039,7838
49.57,78.346084,78.34990684993318,7835
49.58,78.316188,78.31990688322597,7832
49.59,78.286313,78.28990691651876,7829
49.6,78.256456,78.25990694981155,7826
49.61,78.226619,78.22990698310434,7823
49.62,78.196802,78.19990701639713,7820
49.63,78.167003,78.16990704968993,7817
49.64,78.137225,78.13990708298272,7814
49.65,78.107466,78.10990711627551,7811
49.66,78.077726,78.0799071495683,7808
49.67,78.048005,78.04990718286109,7805
49.68,78.018304,78.01990721615388,7802
49.69,77.988622,77.98990724944667,7799
49.7,77.958959,77.95990728273947,7796
49.71,77.929316,77.92990731603226,7793
49.72,77.899692,77.89990734932505,7790
49.73,77.870087,77.86990738261784,7787
49.74,77.840502,77.83990741591063,7784
49.75,77.810935,77.80990744920342,7781
49.76,77.781388,77.77990748249621,7778
49.77,77.75186,77.749907515789,7775
49.78,77.722351,77.7199075490818,7772
49.79,77.692861,77.68990758237459,7769
49.8,77.66339,77.65990761566738,7766
49.81,77.633938,77.62990764896017,7763
49.82,77.604506,77.59990768225296,7760
49.83,77.575092,77.57990770444815,7758
49.84,77.545698,77.54990773774094,7755
49.85,77.516322,77.51990777103373,7752
49.86,77.486966,77.48990780432652,7749
49.87,77.457628,77.45990783761931,7746
49.88,77.428309,77.4299078709121,7743
49.89,77.399009,77.3999079042049,7740
49.9,77.369729,77.36990793749769,7737
49.91,77.340467,77.33990797079048,7734
49.92,77.311224,77.30990800408327,7731
49.93,77.281999,77.27990803737606,7728
49.94,77.252794,77.24990807066885,7725
49.95,77.223607,77.21990810396164,7722
49.96,77.194439,77.18990813725443,7719
49.97,77.16529,77.16990815944965,7717
49.98,77.13616,77.13990819274244,7714
49.99,77.107048,77.10990822603523,7711
50.0,77.077955,77.07990825932802,7708
50.01,77.048881,77.04990829262081,7705
50.02,77.019826,77.0199083259136,7702
50.03,76.990789,76.9899083592064,7699
50.04,76.96177,76.95990839249919,7696
50.05,76.932771,76.92990842579198,7693
50.06,76.90379,76.89990845908477,7690
50.07,76.874827,76.86990849237756,7687
50.08,76.845883,76.84990851457275,7685
50.09,76.816958,76.81990854786554,7682
50.1,76.788051,76.78990858115833,7679
50.11,76.759163,76.75990861445112,7676
50.12,76.730293,76.72990864774391,7673
50.13,76.701442,76.6999086810367,7670
50.14,76.672609,76.6699087143295,7667
50.15,76.643794,76.63990874762229,7664
50.16,76.614998,76.60990878091508,7661
50.17,76.58622,76.58990880311026,7659
50.18,76.557461,76.55990883640305,7656
50.19,76.52872,76.52990886969584,7653
50.2,76.499997,76.49990890298864,7650
50.21,76.471293,76.46990893628143,7647
50.22,76.442607,76.43990896957422,7644
50.23,76.413939,76.40990900286701,7641
50.24,76.385289,76.38990902506222,7639
50.25,76.356658,76.35990905835502,7636
50.26,76.328045,76.3299090916478,7633
50.27,76.29945,76.2999091249406,7630
50.28,76.270873,76.26990915823339,7627
50.29,76.242315,76.23990919152618,7624
50.3,76.213774,76.20990922481897,7621
50.31,76.185252,76.18990924701416,7619
50.32,76.156748,76.15990928030695,7616
50.33,76.128262,76.12990931359974,7613
50.34,76.099794,76.09990934689253,7610
50.35,76.071344,76.06990938018532,7607
50.36,76.042912,76.03990941347811,7604
50.37,76.014498,76.0099094467709,7601
50.38,75.986103,75.98990946896609,7599
50.39,75.957725,75.95990950225888,7596
50.4,75.929365,75.92990953555167,7593
50.41,75.901023,75.89990956884446,7590
50.42,75.872699,75.86990960213726,7587
50.43,75.844393,75.83990963543005,7584
50.44,75.816104,75.81990965762526,7582
50.45,75.787834,75.78990969091805,7579
50.46,75.759582,75.75990972421084,7576
50.47,75.731347,75.72990975750363,7573
50.48,75.70313,75.69990979079643,7570
50.49,75.674931,75.66990982408922,7567
50.5,75.64675,75.6499098462844,7565
50.51,75.618586,75.6199098795772,7562
50.52,75.590441,75.58990991286998,7559
50.53,75.562313,75.55990994616278,7556
50.54,75.534203,75.52990997945557,7553
50.55,75.50611,75.50991000165075,7551
50.56,75.478035,75.47991003494357,7548
50.57,75.449978,75.44991006823636,7545
50.58,75.421938,75.41991010152915,7542
50.59,75.393916,75.38991013482195,7539
50.6,75.365912,75.36991015701713,7537
50.61,75.337925,75.33991019030992,7534
50.62,75.309956,75.30991022360271,7531
50.63,75.282004,75.2799102568955,7528
50.64,75.25407,75.2499102901883,7525
50.65,75.226154,75.22991031238348,7523
50.66,75.198255,75.19991034567627,7520
50.67,75.170373,75.16991037896906,7517
50.68,75.142509,75.13991041226186,7514
50.69,75.114662,75.10991044555465,7511
50.7,75.086833,75.08991046774986,7509
50.71,75.059021,75.05991050104265,7506
50.72,75.031227,75.02991053433544,7503
50.73,75.00345,74.99991056762823,7500
50.74,74.97569,74.97991058982342,7498
50.75,74.947948,74.94991062311621,7495
50.76,74.920223,74.919910656409,7492
50.77,74.892515,74.8899106897018,7489
50.78,74.864825,74.85991072299458,7486
50.79,74.837152,74.83991074518977,7484
50.8,74.809496,74.80991077848256,7481
50.81,74.781857,74.77991081177535,7478
50.82,74.754236,74.74991084506814,7475
50.83,74.726632,74.72991086726336,7473
50.84,74.699045,74.69991090055615,7470
50.85,74.671475,74.66991093384894,7467
50.86,74.643923,74.63991096714173,7464
50.87,74.616387,74.61991098933692,7462
50.88,74.588869,74.5899110226297,7459
50.89,74.561368,74.5599110559225,7456
50.9,74.533883,74.52991108921529,7453
50.91,74.506416,74.50991111141047,7451
50.92,74.478966,74.47991114470327,7448
50.93,74.451533,74.44991117799606,7445
50.94,74.424117,74.41991121128885,7442
50.95,74.396718,74.39991123348406,7440
50.96,74.369336,74.36991126677685,7437
50.97,74.341971,74.33991130006964,7434
50.98,74.314623,74.30991133336244,7431
50.99,74.287292,74.28991135555762,7429
51.0,74.259978,74.25991138885041,7426
51.01,74.232681,74.2299114221432,7423
51.02,74.2054,74.20991144433839,7421
51.03,74.178137,74.17991147763118,7418
51.04,74.15089,74.14991151092397,7415
51.05,74.12366,74.11991154421676,7412
51.06,74.096447,74.09991156641198,7410
51.07,74.069251,74.06991159970477,7407
51.08,74.042072,74.03991163299756,7404
51.09,74.014909,74.00991166629035,7401
51.1,73.987763,73.98991168848553,7399
51.11,73.960634,73.95991172177833,7396
51.12,73.933522,73.92991175507112,7393
51.13,73.906426,73.9099117772663,7391
51.14,73.879347,73.8799118105591,7388
51.15,73.852285,73.84991184385188,7385
51.16,73.825239,73.8299118660471,7383
51.17,73.79821,73.79991189933989,7380
51.18,73.771198,73.76991193263268,7377
51.19,73.744202,73.73991196592547,7374
51.2,73.717223,73.71991198812066,7372
51.21,73.69026,73.68991202141345,7369
51.22,73.663314,73.65991205470624,7366
51.23,73.636385,73.63991207690142,7364
51.24,73.609472,73.60991211019422,7361
51.25,73.582575,73.57991214348701,7358
51.26,73.555695,73.55991216568222,7356
51.27,73.528832,73.52991219897501,7353
51.28,73.501985,73.4999122322678,7350
51.29,73.475154,73.47991225446299,7348
51.3,73.44834,73.44991228775578,7345
51.31,73.421542,73.41991232104857,7342
51.32,73.394761,73.38991235434136,7339
51.33,73.367996,73.36991237653655,7337
51.34,73.341247,73.33991240982934,7334
51.35,73.314515,73.30991244312213,7331
51.36,73.287799,73.28991246531734,7329
51.37,73.2611,73.25991249861013,7326
51.38,73.234416,73.22991253190293,7323
51.39,73.207749,73.20991255409811,7321
51.4,73.181098,73.1799125873909,7318
51.41,73.154464,73.1499126206837,7315
51.42,73.127846,73.1299126428789,7313
51.43,73.101244,73.0999126761717,7310
51.44,73.074658,73.06991270946449,7307
51.45,73.048088,73.04991273165967,7305
51.46,73.021535,73.01991276495247,7302
51.47,72.994998,72.98991279824526,7299
51.48,72.968477,72.96991282044044,7297
51.49,72.941972,72.93991285373323,7294
51.5,72.915483,72.91991287592845,7292
51.51,72.88901,72.88991290922124,7289
51.52,72.862553,72.85991294251403,7286
51.53,72.836113,72.83991296470921,7284
51.54,72.809688,72.809912998002,7281
51.55,72.783279,72.7799130312948,7278
51.56,72.756887,72.75991305348998,7276
51.57,72.73051,72.72991308678277,7273
51.58,72.70415,72.69991312007556,7270
51.59,72.677805,72.67991314227078,7268
51.6,72.651477,72.64991317556357,7265
51.61,72.625164,72.62991319775875,7263
51.62,72.598867,72.59991323105154,7260
51.63,72.572587,72.56991326434434,7257
51.64,72.546322,72.54991328653952,7255
51.65,72.520073,72.51991331983231,7252
51.66,72.493839,72.4899133531251,7249
51.67,72.467622,72.46991337532032,7247
51.68,72.441421,72.43991340861311,7244
51.69,72.415235,72.4199134308083,7242
51.7,72.389065,72.38991346410108,7239
51.71,72.362911,72.35991349739388,7236
51.72,72.336773,72.33991351958906,7234
51.73,72.31065,72.30991355288185,7231
51.74,72.284543,72.27991358617464,7228
51.75,72.258452,72.25991360836986,7226
51.76,72.232377,72.22991364166265,7223
51.77,72.206317,72.20991366385783,7221
51.78,72.180273,72.17991369715062,7218
51.79,72.154245,72.14991373044342,7215
51.8,72.128232,72.1299137526386,7213
51.81,72.102235,72.09991378593139,7210
51.82,72.076254,72.0799138081266,7208
51.83,72.050288,72.0499138414194,7205
51.84,72.024338,72.01991387471219,7202
51.85,71.998403,71.99991389690737,7200
51.86,71.972484,71.96991393020016,7197
51.87,71.946581,71.94991395239535,7195
51.88,71.920693,71.91991398568814,7192
51.89,71.89482,71.88991401898093,7189
51.9,71.868964,71.86991404117614,7187
51.91,71.843122,71.83991407446894,7184
51.92,71.817296,71.81991409666412,7182
51.93,71.791486,71.78991412995691,7179
51.94,71.765691,71.7699141521521,7177
51.95,71.739911,71.73991418544489,7174
51.96,71.714147,71.70991421873768,7171
51.97,71.688398,71.6899142409329,7169
51.98,71.662664,71.65991427422568,7166
51.99,71.636946,71.63991429642087,7164
52.0,71.611244,71.60991432971366,7161
52.01,71.585556,71.58991435190885,7159
52.02,71.559884,71.55991438520164,7156
52.03,71.534227,71.52991441849443,7153
52.04,71.508586,71.50991444068964,7151
52.05,71.48296,71.47991447398243,7148
52.06,71.457349,71.45991449617762,7146
52.07,71.431753,71.42991452947041,7143
52.08,71.406173,71.4099145516656,7141
52.09,71.380608,71.37991458495839,7138
52.1,71.355058,71.3599146071536,7136
52.11,71.329523,71.32991464044639,7133
52.12,71.304003,71.29991467373918,7130
52.13,71.278499,71.27991469593437,7128
52.14,71.25301,71.24991472922716,7125
52.15,71.227536,71.22991475142234,7123
52.16,71.202077,71.19991478471513,7120
52.17,71.176633,71.17991480691035,7118
52.18,71.151204,71.14991484020314,7115
52.19,71.12579,71.12991486239832,7113
52.2,71.100392,71.09991489569111,7110
52.21,71.075008,71.0799149178863,7108
52.22,71.049639,71.04991495117909,7105
52.23,71.024286,71.01991498447188,7102
52.24,70.998947,70.9999150066671,7100
52.25,70.973624,70.96991503995989,7097
52.26,70.948315,70.94991506215507,7095
52.27,70.923022,70.91991509544786,7092
52.28,70.897743,70.89991511764305,7090
52.29,70.872479,70.86991515093584,7087
52.3,70.84723,70.84991517313105,7085
52.31,70.821997,70.81991520642384,7082
52.32,70.796778,70.79991522861903,7080
52.33,70.771573,70.76991526191182,7077
52.34,70.746384,70.74991528410703,7075
52.35,70.72121,70.71991531739982,7072
52.36,70.69605,70.69991533959501,7070
52.37,70.670906,70.6699153728878,7067
52.38,70.645776,70.64991539508299,7065
52.39,70.620661,70.61991542837578,7062
52.4,70.59556,70.59991545057099,7060
52.41,70.570475,70.56991548386378,7057
52.42,70.545404,70.54991550605897,7055
52.43,70.520348,70.51991553935176,7052
52.44,70.495307,70.49991556154694,7050
52.45,70.47028,70.46991559483973,7047
52.46,70.445268,70.44991561703495,7045
52.47,70.420271,70.41991565032774,7042
52.48,70.395288,70.39991567252292,7040
52.49,70.37032,70.36991570581571,7037
52.5,70.345367,70.3499157280109,7035
52.51,70.320428,70.31991576130369,7032
52.52,70.295504,70.2999157834989,7030
52.53,70.270595,70.2699158167917,7027
52.54,70.2457,70.24991583898688,7025
52.55,70.22082,70.21991587227967,7022
52.56,70.195954,70.19991589447486,7020
52.57,70.171103,70.16991592776765,7017
52.58,70.146267,70.14991594996286,7015
52.59,70.121444,70.11991598325565,7012
52.6,70.096637,70.09991600545084,7010
52.61,70.071844,70.06991603874363,7007
52.62,70.047065,70.04991606093881,7005
52.63,70.022301,70.0199160942316,7002
52.64,69.997551,69.99991611642682,7000
52.65,69.972816,69.96991614971961,6997
52.66,69.948095,69.9499161719148,6995
52.67,69.923389,69.91991620520758,6992
52.68,69.898697,69.89991622740277,6990
52.69,69.874019,69.86991626069556,6987
52.7,69.849356,69.84991628289077,6985
52.71,69.824707,69.81991631618357,6982
52.72,69.800073,69.79991633837875,6980
52.73,69.775452,69.77991636057394,6978
52.74,69.750847,69.74991639386673,6975
52.75,69.726255,69.72991641606194,6973
52.76,69.701678,69.69991644935473,6970
52.77,69.677115,69.67991647154992,6968
52.78,69.652566,69.64991650484271,6965
52.79,69.628031,69.62991652703789,6963
52.8,69.603511,69.59991656033068,6960
52.81,69.579005,69.5799165825259,6958
52.82,69.554513,69.54991661581869,6955
52.83,69.530036,69.52991663801387,6953
52.84,69.505572,69.50991666020906,6951
52.85,69.481123,69.47991669350185,6948
52.86,69.456688,69.45991671569706,6946
52.87,69.432267,69.42991674898985,6943
52.88,69.40786,69.40991677118504,6941
52.89,69.383467,69.37991680447783,6938
52.9,69.359089,69.35991682667301,6936
52.91,69.334724,69.3299168599658,6933
52.92,69.310374,69.30991688216102,6931
52.93,69.286037,69.2899169043562,6929
52.94,69.261715,69.259916937649,6926
52.95,69.237407,69.23991695984418,6924
52.96,69.213113,69.20991699313697,6921
52.97,69.188832,69.18991701533218,6919
52.98,69.164566,69.15991704862498,6916
52.99,69.140314,69.13991707082016,6914
53.0,69.116076,69.11991709301535,6912
53.01,68.965851,68.9699172594793,6897
53.02,68.815713,68.81991742594326,6882
53.03,68.665662,68.66991759240722,6867
53.04,68.515696,68.51991775887117,6852
53.05,68.365816,68.36991792533516,6837
53.06,68.216022,68.21991809179912,6822
53.07,68.066312,68.06991825826307,6807
53.08,67.916688,67.91991842472703,6792
53.09,67.767148,67.76991859119099,6777
53.1,67.617694,67.61991875765494,6762
53.11,67.468323,67.4699189241189,6747
53.12,67.319036,67.31991909058286,6732
53.13,67.169834,67.16991925704681,6717
53.14,67.020715,67.01991942351077,6702
53.15,66.871679,66.86991958997473,6687
53.16,66.722726,66.71991975643868,6672
53.17,66.573857,66.56991992290264,6657
53.18,66.42507,66.42992007826899,6643
53.19,66.276365,66.27992024473295,6628
53.2,66.127743,66.1299204111969,6613
53.21,65.979202,65.97992057766086,6598
53.22,65.830744,65.82992074412482,6583
53.23,65.682367,65.67992091058878,6568
53.24,65.534071,65.52992107705273,6553
53.25,65.385856,65.38992123241911,6539
53.26,65.237723,65.23992139888307,6524
53.27,65.089669,65.08992156534703,6509
53.28,64.941697,64.93992173181098,6494
53.29,64.793804,64.78992189827494,6479
53.3,64.645991,64.64992205364129,6465
53.31,64.498258,64.49992222010525,6450
53.32,64.350605,64.3499223865692,6435
53.33,64.203031,64.19992255303316,6420
53.34,64.055536,64.05992270839951,6406
53.35,63.908119,63.90992287486348,6391
53.36,63.760782,63.75992304132744,6376
53.37,63.613522,63.6099232077914,6361
53.38,63.466341,63.46992336315776,6347
53.39,63.319238,63.31992352962172,6332
53.4,63.172212,63.169923696085675,6317
53.41,63.025264,63.02992385145203,6303
53.42,62.878394,62.87992401791599,6288
53.43,62.7316,62.729924184379946,6273
53.44,62.584883,62.5799243508439,6258
53.45,62.438243,62.43992450621027,6244
53.46,62.291679,62.289924672674225,6229
53.47,62.145191,62.14992482804058,6215
53.48,61.998779,61.99992499450454,6200
53.49,61.852443,61.849925160968496,6185
53.5,61.706183,61.70992531633486,6171
53.51,61.559998,61.55992548279882,6156
53.52,61.413888,61.409925649262775,6141
53.53,61.267852,61.26992580462913,6127
53.54,61.121892,61.119925971093096,6112
53.55,60.976005,60.97992612645945,6098
53.56,60.830193,60.82992629292341,6083
53.57,60.684455,60.67992645938737,6068
53.58,60.538791,60.53992661475373,6054
53.59,60.393201,60.38992678121769,6039
53.6,60.247683,60.249926936584046,6025
53.61,60.102239,60.099927103048,6010
53.62,59.956868,59.95992725841437,5996
53.63,59.81157,59.809927424878325,5981
53.64,59.666344,59.66992758024468,5967
53.65,59.52119,59.51992774670864,5952
53.66,59.376109,59.379927902075,5938
53.67,59.231099,59.22992806853896,5923
53.68,59.086161,59.08992822390532,5909
53.69,58.941294,58.939928390369275,5894
53.7,58.796499,58.79992854573564,5880
53.71,58.651775,58.649928712199596,5865
53.72,58.507121,58.509928867565954,5851
53.73,58.362538,58.35992903402991,5836
53.74,58.218026,58.219929189396275,5822
53.75,58.073584,58.06992935586023,5807
53.76,57.929212,57.92992951122659,5793
53.77,57.784909,57.779929677690546,5778
53.78,57.640676,57.639929833056904,5764
53.79,57.496513,57.49992998842327,5750
53.8,57.352418,57.349930154887225,5735
53.81,57.208393,57.20993031025358,5721
53.82,57.064436,57.05993047671754,5706
53.83,56.920548,56.919930632083904,5692
53.84,56.776728,56.77993078745026,5678
53.85,56.632977,56.62993095391422,5663
53.86,56.489293,56.48993110928058,5649
53.87,56.345677,56.34993126464694,5635
53.88,56.202128,56.1999314311109,5620
53.89,56.058647,56.05993158647726,5606
53.9,55.915233,55.91993174184362,5592
53.91,55.771886,55.769931908307576,5577
53.92,55.628606,55.62993206367394,5563
53.93,55.485392,55.4899322190403,5549
53.94,55.342244,55.339932385504255,5534
53.95,55.199163,55.19993254087062,5520
53.96,55.056147,55.05993269623698,5506
53.97,54.913197,54.909932862700934,5491
53.98,54.770313,54.76993301806729,5477
53.99,54.627494,54.629933173433656,5463
54.0,54.484739,54.47993333989761,5448
54.01,54.34205,54.33993349526397,5434
54.02,54.199426,54.199933650630335,5420
54.03,54.056866,54.05993380599669,5406
54.04,53.91437,53.90993397246065,5391
54.05,53.771939,53.769934127827014,5377
54.06,53.629571,53.62993428319337,5363
54.07,53.487267,53.489934438559736,5349
54.08,53.345027,53.34993459392609,5335
54.09,53.20285,53.19993476039005,5320
54.1,53.060736,53.05993491575641,5306
54.11,52.918685,52.91993507112277,5292
54.12,52.776697,52.77993522648913,5278
54.13,52.634771,52.62993539295309,5263
54.14,52.492908,52.48993554831945,5249
54.15,52.351106,52.34993570368581,5235
54.16,52.209367,52.20993585905217,5221
54.17,52.06769,52.06993601441853,5207
54.18,51.926074,51.92993616978489,5193
54.19,51.784519,51.77993633624885,5178
54.2,51.643025,51.63993649161521,5164
54.21,51.501593,51.49993664698157,5150
54.22,51.360221,51.35993680234793,5136
54.23,51.21891,51.21993695771429,5122
54.24,51.077659,51.07993711308065,5108
54.25,50.936469,50.93993726844701,5094
54.26,50.795338,50.79993742381337,5080
54.27,50.654268,50.649937590277325,5065
54.28,50.513256,50.50993774564369,5051
54.29,50.372305,50.36993790101005,5037
54.3,50.231412,50.22993805637641,5023
54.31,50.090579,50.08993821174277,5009
54.32,49.949805,49.949938367109134,4995
54.33,49.809089,49.80993852247549,4981
54.34,49.668432,49.66993867784185,4967
54.35,49.527833,49.52993883320821,4953
54.36,49.387292,49.38993898857457,4939
54.37,49.246809,49.249939143940935,4925
54.38,49.106384,49.10993929930729,4911
54.39,48.966016,48.96993945467365,4897
54.4,48.825706,48.829939610040014,4883
54.41,48.685453,48.68993976540637,4869
54.42,48.545257,48.54993992077274,4855
54.43,48.405117,48.409940076139094,4841
54.44,48.265034,48.26994023150546,4827
54.45,48.125008,48.129940386871816,4813
54.46,47.985038,47.98994054223817,4799
54.47,47.845124,47.84994069760454,4785
54.48,47.705266,47.709940852970895,4771
54.49,47.565463,47.56994100833726,4757
54.5,47.425716,47.42994116370362,4743
54.51,47.286025,47.289941319069975,4729
54.52,47.146388,47.14994147443634,4715
54.53,47.006807,47.0099416298027,4701
54.54,46.86728,46.86994178516906,4687
54.55,46.727808,46.72994194053542,4673
54.56,46.58839,46.589942095901776,4659
54.57,46.449026,46.44994225126814,4645
54.58,46.309716,46.3099424066345,4631
54.59,46.170461,46.16994256200086,4617
54.6,46.031258,46.02994271736722,4603
54.61,45.89211,45.889942872733585,4589
54.62,45.753014,45.74994302809994,4575
54.63,45.613972,45.6099431834663,4561
54.64,45.474983,45.469943338832664,4547
54.65,45.336046,45.33994348310143,4534
54.66,45.197162,45.199943638467786,4520
54.67,45.058331,45.059943793834144,4506
54.68,44.919551,44.91994394920051,4492
54.69,44.780824,44.779944104566866,4478
54.7,44.642149,44.63994425993323,4464
54.71,44.503525,44.49994441529959,4450
54.72,44.364952,44.359944570665945,4436
54.73,44.226431,44.22994471493471,4423
54.74,44.087961,44.089944870301075,4409
54.75,43.949542,43.94994502566743,4395
54.76,43.811174,43.80994518103379,4381
54.77,43.672857,43.669945336400154,4367
54.78,43.53459,43.52994549176651,4353
54.79,43.396373,43.39994563603528,4340
54.8,43.258206,43.259945791401634,4326
54.81,43.120089,43.119945946768,4312
54.82,42.982022,42.979946102134356,4298
54.83,42.844004,42.83994625750072,4284
54.84,42.706035,42.70994640176948,4271
54.85,42.568116,42.56994655713584,4257
54.86,42.430246,42.4299467125022,4243
54.87,42.292425,42.289946867868565,4229
54.88,42.154652,42.14994702323492,4215
54.89,42.016928,42.01994716750369,4202
54.9,41.879252,41.879947322870045,4188
54.91,41.741624,41.73994747823641,4174
54.92,41.604044,41.59994763360277,4160
54.93,41.466512,41.46994777787153,4147
54.94,41.329028,41.32994793323789,4133
54.95,41.191591,41.189948088604254,4119
54.96,41.054201,41.04994824397061,4105
54.97,40.916858,40.919948388239376,4092
54.98,40.779562,40.779948543605734,4078
54.99,40.642313,40.6399486989721,4064
55.0,40.505111,40.509948843240856,4051
55.01,40.367955,40.36994899860722,4037
55.02,40.230845,40.22994915397358,4023
55.03,40.093781,40.089949309339936,4009
55.04,39.956763,39.9599494536087,3996
55.05,39.819791,39.819949608975065,3982
55.06,39.682864,39.67994976434142,3968
55.07,39.545983,39.54994990861019,3955
55.08,39.409146,39.409950063976545,3941
55.09,39.272355,39.26995021934291,3927
55.1,39.135609,39.13995036361167,3914
55.11,38.998907,38.99995051897803,3900
55.12,38.86225,38.85995067434439,3886
55.13,38.725637,38.729950818613155,3873
55.14,38.589069,38.58995097397951,3859
55.15,38.452544,38.44995112934588,3845
55.16,38.316063,38.31995127361464,3832
55.17,38.179626,38.179951428981,3818
55.18,38.043232,38.03995158434736,3804
55.19,37.906882,37.90995172861612,3791
55.2,37.770575,37.76995188398248,3777
55.21,37.634311,37.629952039348844,3763
55.22,37.498089,37.49995218361761,3750
55.23,37.36191,37.359952338983966,3736
55.24,37.225774,37.22995248325273,3723
55.25,37.08968,37.08995263861909,3709
55.26,36.953628,36.94995279398545,3695
55.27,36.817618,36.81995293825421,3682
55.28,36.68165,36.679953093620576,3668
55.29,36.545724,36.54995323788934,3655
55.3,36.409839,36.4099533932557,3641
55.31,36.273995,36.269953548622055,3627
55.32,36.138193,36.13995369289082,3614
55.33,36.002431,35.99995384825718,3600
55.34,35.86671,35.86995399252594,3587
55.35,35.73103,35.72995414789231,3573
55.36,35.595391,35.599954292161065,3560
55.37,35.459791,35.45995444752743,3546
55.38,35.324232,35.31995460289379,3532
55.39,35.188713,35.18995474716255,3519
55.4,35.053234,35.04995490252891,3505
55.41,34.917794,34.919955046797675,3492
55.42,34.782394,34.77995520216404,3478
55.43,34.647033,34.6499553464328,3465
55.44,34.511711,34.50995550179916,3451
55.45,34.376429,34.37995564606792,3438
55.46,34.241185,34.239955801434284,3424
55.47,34.105979,34.10995594570305,3411
55.48,33.970813,33.96995610106941,3397
55.49,33.835684,33.83995624533817,3384
55.5,33.700594,33.69995640070453,3370
55.51,33.565542,33.569956544973294,3357
55.52,33.430527,33.42995670033965,3343
55.53,33.295551,33.29995684460842,3330
55.54,33.160612,33.159956999974774,3316
55.55,33.02571,33.02995714424354,3303
55.56,32.890845,32.889957299609904,3289
55.57,32.756018,32.75995744387866,3276
55.58,32.621227,32.619957599245026,3262
55.59,32.486473,32.489957743513784,3249
55.6,32.351756,32.34995789888015,3235
55.61,32.217075,32.219958043148914,3222
55.62,32.08243,32.07995819851527,3208
55.63,31.947821,31.949958342784036,3195
55.64,31.813249,31.809958498150394,3181
55.65,31.678712,31.67995864241916,3168
55.66,31.54421,31.53995879778552,3154
55.67,31.409744,31.40995894205428,3141
55.68,31.275313,31.279959086323046,3128
55.69,31.140918,31.139959241689407,3114
55.7,31.006557,31.00995938595817,3101
55.71,30.872231,30.86995954132453,3087
55.72,30.73794,30.73995968559329,3074
55.73,30.603683,30.599959840959652,3060
55.74,30.469461,30.469959985228417,3047
55.75,30.335273,30.33996012949718,3034
55.76,30.201118,30.19996028486354,3020
55.77,30.066998,30.0699604291323,3007
55.78,29.932911,29.929960584498662,2993
55.79,29.798858,29.799960728767427,2980
55.8,29.664838,29.65996088413379,2966
55.81,29.530851,29.52996102840255,2953
55.82,29.396898,29.399961172671315,2940
55.83,29.262977,29.259961328037672,2926
55.84,29.129089,29.129961472306437,2913
55.85,28.995234,28.9999616165752,2900
55.86,28.86141,28.85996177194156,2886
55.87,28.72762,28.729961916210325,2873
55.88,28.593861,28.589962071576682,2859
55.89,28.460134,28.459962215845447,2846
55.9,28.326439,28.32996236011421,2833
55.91,28.192776,28.18996251548057,2819
55.92,28.059144,28.059962659749335,2806
55.93,27.925544,27.929962804018096,2793
55.94,27.791975,27.789962959384457,2779
55.95,27.658436,27.65996310365322,2766
55.96,27.524929,27.51996325901958,2752
55.97,27.391452,27.389963403288345,2739
55.98,27.258006,27.259963547557106,2726
55.99,27.12459,27.119963702923467,2712
56.0,26.991204,26.989963847192232,2699
56.01,26.857849,26.859963991460994,2686
56.02,26.724523,26.719964146827355,2672
56.03,26.591227,26.589964291096116,2659
56.04,26.457961,26.45996443536488,2646
56.05,26.324724,26.319964590731242,2632
56.06,26.191517,26.189964735000004,2619
56.07,26.058339,26.05996487926877,2606
56.08,25.925189,25.92996502353753,2593
56.09,25.792069,25.78996517890389,2579
56.1,25.658977,25.659965323172653,2566
56.11,25.525914,25.529965467441418,2553
56.12,25.392879,25.38996562280778,2539
56.13,25.259872,25.25996576707654,2526
56.14,25.126894,25.129965911345305,2513
56.15,24.993943,24.989966066711666,2499
56.16,24.86102,24.859966210980428,2486
56.17,24.728125,24.72996635524919,2473
56.18,24.595257,24.599966499517954,2460
56.19,24.462416,24.459966654884315,2446
56.2,24.329603,24.329966799153077,2433
56.21,24.196817,24.199966943421842,2420
56.22,24.064057,24.059967098788203,2406
56.23,23.931324,23.929967243056964,2393
56.24,23.798618,23.79996738732573,2380
56.25,23.665938,23.66996753159449,2367
56.26,23.533285,23.529967686960852,2353
56.27,23.400657,23.399967831229613,2340
56.28,23.268055,23.26996797549838,2327
56.29,23.13548,23.13996811976714,2314
56.3,23.002929,22.9999682751335,2300
56.31,22.870405,22.869968419402266,2287
56.32,22.737905,22.739968563671027,2274
56.33,22.605431,22.609968707939792,2261
56.34,22.472982,22.46996886330615,2247
56.35,22.340557,22.339969007574915,2234
56.36,22.208158,22.209969151843676,2221
56.37,22.075783,22.07996929611244,2208
56.38,21.943432,21.939969451478802,2194
56.39,21.811106,21.809969595747564,2181
56.4,21.678804,21.67996974001633,2168
56.41,21.546526,21.54996988428509,2155
56.42,21.414271,21.40997003965145,2141
56.43,21.28204,21.279970183920213,2128
56.44,21.149833,21.149970328188978,2115
56.45,21.017649,21.01997047245774,2102
56.46,20.885489,20.889970616726504,2089
56.47,20.753351,20.749970772092865,2075
56.48,20.621237,20.619970916361627,2062
56.49,20.489145,20.489971060630392,2049
56.5,20.357076,20.359971204899153,2036
56.51,20.225029,20.22997134916792,2023
56.52,20.093005,20.089971504534276,2009
56.53,19.961002,19.95997164880304,1996
56.54,19.829022,19.829971793071802,1983
56.55,19.697064,19.699971937340568,1970
56.56,19.565127,19.56997208160933,1957
56.57,19.433212,19.42997223697569,1943
56.58,19.301319,19.299972381244455,1930
56.59,19.169447,19.169972525513217,1917
56.6,19.037596,19.03997266978198,1904
56.61,18.905765,18.909972814050743,1891
56.62,18.773956,18.769972969417104,1877
56.63,18.642168,18.639973113685866,1864
56.64,18.5104,18.50997325795463,1851
56.65,18.378652,18.379973402223392,1838
56.66,18.246924,18.249973546492157,1825
56.67,18.115217,18.11997369076092,1812
56.68,17.98353,17.97997384612728,1798
56.69,17.851862,17.849973990396045,1785
56.7,17.720214,17.719974134664806,1772
56.71,17.588586,17.58997427893357,1759
56.72,17.456977,17.459974423202333,1746
56.73,17.325387,17.329974567471098,1733
56.74,17.193817,17.189974722837455,1719
56.75,17.062265,17.05997486710622,1706
56.76,16.930732,16.92997501137498,1693
56.77,16.799217,16.799975155643747,1680
56.78,16.667722,16.669975299912508,1667
56.79,16.536244,16.539975444181273,1654
56.8,16.404785,16.399975599547634,1640
56.81,16.273343,16.269975743816396,1627
56.82,16.14192,16.13997588808516,1614
56.83,16.010514,16.009976032353922,1601
56.84,15.879126,15.879976176622685,1588
56.85,15.747756,15.749976320891449,1575
56.86,15.616402,15.619976465160212,1562
56.87,15.485066,15.489976609428975,1549
56.88,15.353747,15.349976764795336,1535
56.89,15.222445,15.2199769090641,1522
56.9,15.091159,15.089977053332863,1509
56.91,14.95989,14.959977197601626,1496
56.92,14.828638,14.82997734187039,1483
56.93,14.697402,14.699977486139153,1470
56.94,14.566182,14.569977630407914,1457
56.95,14.434978,14.429977785774275,1443
56.96,14.303789,14.299977930043038,1430
56.97,14.172617,14.169978074311802,1417
56.98,14.04146,14.039978218580565,1404
56.99,13.910318,13.909978362849328,1391
57.0,13.779192,13.779978507118091,1378
57.01,13.648081,13.649978651386855,1365
57.02,13.516985,13.519978795655618,1352
57.03,13.385904,13.389978939924381,1339
57.04,13.254837,13.24997909529074,1325
57.05,13.123785,13.119979239559504,1312
57.06,12.992747,12.989979383828267,1299
57.07,12.861724,12.85997952809703,1286
57.08,12.730715,12.729979672365793,1273
57.09,12.599719,12.599979816634557,1260
57.1,12.468738,12.46997996090332,1247
57.11,12.33777,12.339980105172083,1234
57.12,12.206816,12.209980249440846,1221
57.13,12.075875,12.07998039370961,1208
57.14,11.944947,11.93998054907597,1194
57.15,11.814033,11.809980693344734,1181
57.16,11.683131,11.679980837613497,1168
57.17,11.552243,11.54998098188226,1155
57.18,11.421367,11.419981126151024,1142
57.19,11.290503,11.289981270419787,1129
57.2,11.159652,11.15998141468855,1116
57.21,11.028813,11.029981558957314,1103
57.22,10.897986,10.899981703226075,1090
57.23,10.767171,10.769981847494838,1077
57.24,10.636368,10.639981991763602,1064
57.25,10.505577,10.509982136032365,1051
57.26,10.374797,10.369982291398726,1037
57.27,10.244029,10.23998243566749,1024
57.28,10.113271,10.109982579936252,1011
57.29,9.982525,9.979982724205016,998
57.3,9.85179,9.849982868473779,985
57.31,9.721066,9.719983012742542,972
57.32,9.590352,9.589983157011305,959
57.33,9.459649,9.459983301280069,946
57.34,9.328956,9.329983445548832,933
57.35,9.198273,9.199983589817595,920
57.36,9.067601,9.069983734086358,907
57.37,8.936938,8.939983878355122,894
57.38,8.806285,8.809984022623885,881
57.39,8.675642,8.679984166892648,868
57.4,8.545008,8.549984311161412,855
57.41,8.414384,8.40998446652777,841
57.42,8.283769,8.279984610796534,828
57.43,8.153163,8.149984755065297,815
57.44,8.022566,8.01998489933406,802
57.45,7.891978,7.889985043602824,789
57.46,7.761399,7.759985187871587,776
57.47,7.630828,7.62998533214035,763
57.48,7.500265,7.499985476409114,750
57.49,7.369711,7.369985620677877,737
57.5,7.239164,7.23998576494664,724
57.51,7.108626,7.109985909215403,711
57.52,6.978095,6.979986053484167,698
57.53,6.847572,6.849986197752929,685
57.54,6.717057,6.719986342021692,672
57.55,6.586549,6.589986486290456,659
57.56,6.456048,6.459986630559219,646
57.57,6.325555,6.329986774827982,633
57.58,6.195068,6.199986919096745,620
57.59,6.064588,6.0599870744631055,606
57.6,5.934115,5.929987218731869,593
57.61,5.803648,5.799987363000632,580
57.62,5.673188,5.669987507269395,567
57.63,5.542734,5.5399876515381585,554
57.64,5.412286,5.409987795806922,541
57.65,5.281844,5.279987940075685,528
57.66,5.151407,5.149988084344448,515
57.67,5.020977,5.019988228613212,502
57.68,4.890552,4.889988372881975,489
57.69,4.760132,4.759988517150738,476
57.7,4.629718,4.629988661419501,463
57.71,4.499308,4.499988805688264,450
57.72,4.368904,4.369988949957027,437
57.73,4.238504,4.23998909422579,424
57.74,4.10811,4.1099892384945536,411
57.75,3.977719,3.979989382763317,398
57.76,3.847333,3.84998952703208,385
57.77,3.716952,3.7199896713008433,372
57.78,3.586574,3.5899898155696066,359
57.79,3.456201,3.45998995983837,346
57.8,3.325831,3.329990104107133,333
57.81,3.195465,3.1999902483758964,320
57.82,3.065102,3.0699903926446592,307
57.83,2.934743,2.9299905480110198,293
57.84,2.804387,2.799990692279783,280
57.85,2.674034,2.6699908365485463,267
57.86,2.543685,2.5399909808173096,254
57.87,2.413338,2.4099911250860724,241
57.88,2.282993,2.2799912693548356,228
57.89,2.152652,2.149991413623599,215
57.9,2.022312,2.019991557892362,202
57.91,1.891975,1.8899917021611254,189
57.92,1.76164,1.7599918464298885,176
57.93,1.631307,1.6299919906986517,163
57.94,1.500976,1.499992134967415,150
57.95,1.370647,1.369992279236178,137
57.96,1.240319,1.2399924235049413,124
57.97,1.109993,1.1099925677737046,111
57.98,0.979668,0.9799927120424677,98
57.99,0.849344,0.8499928563112309,85
58.0,0.719021,0.7199930005799942,72
58.01,0.588698,0.5899931448487573,59
58.02,0.458377,0.4599932891175205,46
58.03,0.328056,0.32999343338628373,33
58.04,0.197736,0.19999357765504694,20
58.05,0.067415,0.06999372192381012,7
58.06,0.0,-6.200393009692107e-06,0
58.07,0.0,-6.200393009692107e-06,0
58.08,0.0,-6.200393009692107e-06,0
58.09,0.0,-6.200393009692107e-06,0
58.1,0.0,-6.200393009692107e-06,0
58.11,0.0,-6.200393009692107e-06,0
58.12,0.0,-6.200393009692107e-06,0
58.13,0.0,-6.200393009692107e-06,0
58.14,0.0,-6.200393009692107e-06,0
58.15,0.0,-6.200393009692107e-06,0
58.16,0.0,-6.200393009692107e-06,0
58.17,0.0,-6.200393009692107e-06,0
58.18,0.0,-6.200393009692107e-06,0
58.19,0.0,-6.200393009692107e-06,0
58.2,0.0,-6.200393009692107e-06,0
58.21,0.0,-6.200393009692107e-06,0
58.22,0.0,-6.200393009692107e-06,0
58.23,0.0,-6.200393009692107e-06,0
58.24,0.0,-6.200393009692107e-06,0
58.25,0.0,-6.200393009692107e-06,0
58.26,0.0,-6.200393009692107e-06,0
58.27,0.0,-6.200393009692107e-06,0
58.28,0.0,-6.200393009692107e-06,0
58.29,0.0,-6.200393009692107e-06,0
58.3,0.0,-6.200393009692107e-06,0
58.31,0.0,-6.200393009692107e-06,0
58.32,0.0,-6.200393009692107e-06,0
58.33,0.0,-6.200393009692107e-06,0
58.34,0.0,-6.200393009692107e-06,0
58.35,0.0,-6.200393009692107e-06,0
58.36,0.0,-6.200393009692107e-06,0
58.37,0.0,-6.200393009692107e-06,0
58.38,0.0,-6.200393009692107e-06,0
58.39,0.0,-6.200393009692107e-06,0
58.4,0.0,-6.200393009692107e-06,0
58.41,0.0,-6.200393009692107e-06,0
58.42,0.0,-6.200393009692107e-06,0
58.43,0.0,-6.200393009692107e-06,0
58.44,0.0,-6.200393009692107e-06,0
58.45,0.0,-6.200393009692107e-06,0
58.46,0.0,-6.200393009692107e-06,0
58.47,0.0,-6.200393009692107e-06,0
58.48,0.0,-6.200393009692107e-06,0
58.49,0.0,-6.200393009692107e-06,0
58.5,0.0,-6.200393009692107e-06,0
58.51,0.0,-6.200393009692107e-06,0
58.52,0.0,-6.200393009692107e-06,0
58.53,0.0,-6.200393009692107e-06,0
58.54,0.0,-6.200393009692107e-06,0
58.55,0.0,-6.200393009692107e-06,0
58.56,0.0,-6.200393009692107e-06,0
58.57,0.0,-6.200393009692107e-06,0
58.58,0.0,-6.200393009692107e-06,0
58.59,0.0,-6.200393009692107e-06,0
58.6,0.0,-6.200393009692107e-06,0
58.61,0.0,-6.200393009692107e-06,0
58.62,0.0,-6.200393009692107e-06,0
58.63,0.0,-6.200393009692107e-06,0
58.64,0.0,-6.200393009692107e-06,0
58.65,0.0,-6.200393009692107e-06,0
58.66,0.0,-6.200393009692107e-06,0
58.67,0.0,-6.200393009692107e-06,0
58.68,0.0,-6.200393009692107e-06,0
58.69,0.0,-6.200393009692107e-06,0
58.7,0.0,-6.200393009692107e-06,0
58.71,0.0,-6.200393009692107e-06,0
58.72,0.0,-6.200393009692107e-06,0
58.73,0.0,-6.200393009692107e-06,0
58.74,0.0,-6.200393009692107e-06,0
58.75,0.0,-6.200393009692107e-06,0
58.76,0.0,-6.200393009692107e-06,0
58.77,0.0,-6.200393009692107e-06,0
58.78,0.0,-6.200393009692107e-06,0
58.79,0.0,-6.200393009692107e-06,0
58.8,0.0,-6.200393009692107e-06,0
58.81,0.0,-6.200393009692107e-06,0
58.82,0.0,-6.200393009692107e-06,0
58.83,0.0,-6.200393009692107e-06,0
58.84,0.0,-6.200393009692107e-06,0
58.85,0.0,-6.200393009692107e-06,0
58.86,0.0,-6.200393009692107e-06,0
58.87,0.0,-6.200393009692107e-06,0
58.88,0.0,-6.200393009692107e-06,0
58.89,0.0,-6.200393009692107e-06,0
58.9,0.0,-6.200393009692107e-06,0
58.91,0.0,-6.200393009692107e-06,0
58.92,0.0,-6.200393009692107e-06,0
58.93,0.0,-6.200393009692107e-06,0
58.94,0.0,-6.200393009692107e-06,0
58.95,0.0,-6.200393009692107e-06,0
58.96,0.0,-6.200393009692107e-06,0
58.97,0.0,-6.200393009692107e-06,0
58.98,0.0,-6.200393009692107e-06,0
58.99,0.0,-6.200393009692107e-06,0
59.0,0.0,-6.200393009692107e-06,0
59.01,0.0,-6.200393009692107e-06,0
59.02,0.0,-6.200393009692107e-06,0
59.03,0.0,-6.200393009692107e-06,0
59.04,0.0,-6.200393009692107e-06,0
59.05,0.0,-6.200393009692107e-06,0
59.06,0.0,-6.200393009692107e-06,0
59.07,0.0,-6.200393009692107e-06,0
59.08,0.0,-6.200393009692107e-06,0
59.09,0.0,-6.200393009692107e-06,0
59.1,0.0,-6.200393009692107e-06,0
59.11,0.0,-6.200393009692107e-06,0
59.12,0.0,-6.200393009692107e-06,0
59.13,0.0,-6.200393009692107e-06,0
59.14,0.0,-6.200393009692107e-06,0
59.15,0.0,-6.200393009692107e-06,0
59.16,0.0,-6.200393009692107e-06,0
59.17,0.0,-6.200393009692107e-06,0
59.18,0.0,-6.200393009692107e-06,0
59.19,0.0,-6.200393009692107e-06,0
59.2,0.0,-6.200393009692107e-06,0
59.21,0.0,-6.200393009692107e-06,0
59.22,0.0,-6.200393009692107e-06,0
59.23,0.0,-6.200393009692107e-06,0
59.24,0.0,-6.200393009692107e-06,0
59.25,0.0,-6.200393009692107e-06,0
59.26,0.0,-6.200393009692107e-06,0
59.27,0.0,-6.200393009692107e-06,0
59.28,0.0,-6.200393009692107e-06,0
59.29,0.0,-6.200393009692107e-06,0
59.3,0.0,-6.200393009692107e-06,0
59.31,0.0,-6.200393009692107e-06,0
59.32,0.0,-6.200393009692107e-06,0
59.33,0.0,-6.200393009692107e-06,0
59.34,0.0,-6.200393009692107e-06,0
59.35,0.0,-6.200393009692107e-06,0
59.36,0.0,-6.200393009692107e-06,0
59.37,0.0,-6.200393009692107e-06,0
59.38,0.0,-6.200393009692107e-06,0
59.39,0.0,-6.200393009692107e-06,0
59.4,0.0,-6.200393009692107e-06,0
59.41,0.0,-6.200393009692107e-06,0
59.42,0.0,-6.200393009692107e-06,0
59.43,0.0,-6.200393009692107e-06,0
59.44,0.0,-6.200393009692107e-06,0
59.45,0.0,-6.200393009692107e-06,0
59.46,0.0,-6.200393009692107e-06,0
59.47,0.0,-6.200393009692107e-06,0
59.48,0.0,-6.200393009692107e-06,0
59.49,0.0,-6.200393009692107e-06,0
59.5,0.0,-6.200393009692107e-06,0
59.51,0.0,-6.200393009692107e-06,0
59.52,0.0,-6.200393009692107e-06,0
59.53,0.0,-6.200393009692107e-06,0
59.54,0.0,-6.200393009692107e-06,0
59.55,0.0,-6.200393009692107e-06,0
59.56,0.0,-6.200393009692107e-06,0
59.57,0.0,-6.200393009692107e-06,0
59.58,0.0,-6.200393009692107e-06,0
59.59,0.0,-6.200393009692107e-06,0
59.6,0.0,-6.200393009692107e-06,0
59.61,0.0,-6.200393009692107e-06,0
59.62,0.0,-6.200393009692107e-06,0
59.63,0.0,-6.200393009692107e-06,0
59.64,0.0,-6.200393009692107e-06,0
59.65,0.0,-6.200393009692107e-06,0
59.66,0.0,-6.200393009692107e-06,0
59.67,0.0,-6.200393009692107e-06,0
59.68,0.0,-6.200393009692107e-06,0
59.69,0.0,-6.200393009692107e-06,0
59.7,0.0,-6.200393009692107e-06,0
59.71,0.0,-6.200393009692107e-06,0
59.72,0.0,-6.200393009692107e-06,0
59.73,0.0,-6.200393009692107e-06,0
59.74,0.0,-6.200393009692107e-06,0
59.75,0.0,-6.200393009692107e-06,0
59.76,0.0,-6.200393009692107e-06,0
59.77,0.0,-6.200393009692107e-06,0
59.78,0.0,-6.200393009692107e-06,0
59.79,0.0,-6.200393009692107e-06,0
59.8,0.0,-6.200393009692107e-06,0
59.81,0.0,-6.200393009692107e-06,0
59.82,0.0,-6.200393009692107e-06,0
59.83,0.0,-6.200393009692107e-06,0
59.84,0.0,-6.200393009692107e-06,0
59.85,0.0,-6.200393009692107e-06,0
59.86,0.0,-6.200393009692107e-06,0
59.87,0.0,-6.200393009692107e-06,0
59.88,0.0,-6.200393009692107e-06,0
59.89,0.0,-6.200393009692107e-06,0
59.9,0.0,-6.200393009692107e-06,0
59.91,0.0,-6.200393009692107e-06,0
59.92,0.0,-6.200393009692107e-06,0
59.93,0.0,-6.200393009692107e-06,0
59.94,0.0,-6.200393009692107e-06,0
59.95,0.0,-6.200393009692107e-06,0
59.96,0.0,-6.200393009692107e-06,0
59.97,0.0,-6.200393009692107e-06,0
59.98,0.0,-6.200393009692107e-06,0
59.99,0.0,-6.200393009692107e-06,0
