timestamp,value
0.000000000,0.749304226
0.010000000,0.185137933
0.020000000,0.344439322
0.030000000,0.437955270
0.040000000,-0.419418516
0.050000000,-0.781977406
0.060000000,-0.562020745
0.070000000,0.170239480
0.080000000,0.528277003
0.090000000,0.063896350
0.100000000,-0.679965433
0.110000000,0.702776335
0.120000000,-0.802691597
0.130000000,-0.244093755
0.140000000,-0.284966541
0.150000000,0.125302031
0.160000000,0.548571689
0.170000000,-0.746377763
0.180000000,-0.159473546
0.190000000,0.157762747
0.200000000,-0.583507952
0.210000000,-0.045666128
0.220000000,0.094174688
0.230000000,-0.667689815
0.240000000,-0.653656938
0.250000000,-0.027434795
0.260000000,-0.113324900
0.270000000,0.110615913
0.280000000,1.105686157
0.290000000,0.447531040
0.300000000,0.222529247
0.310000000,-0.355081246
0.320000000,0.465213301
0.330000000,-0.391041287
0.340000000,0.784729123
0.350000000,0.593370918
0.360000000,-1.002379194
0.370000000,-0.587522066
0.380000000,-0.095590762
0.390000000,-0.200686000
0.400000000,-0.630412230
0.410000000,-0.612817060
0.420000000,0.361070527
0.430000000,-0.266118862
0.440000000,-0.764350745
0.450000000,-0.140297175
0.460000000,0.484770770
0.470000000,0.841498274
0.480000000,0.030893890
0.490000000,-0.157300352
0.500000000,-0.402175197
0.510000000,-0.260248519
0.520000000,0.266498728
0.530000000,0.626702362
0.540000000,0.621751742
0.550000000,-0.121951288
0.560000000,0.442465920
0.570000000,0.381773709
0.580000000,0.226844021
0.590000000,-1.225413121
0.600000000,-0.031536668
0.610000000,-0.141832339
0.620000000,0.663656953
0.630000000,-0.141551636
0.640000000,0.225572882
0.650000000,0.130830083
0.660000000,0.633398256
0.670000000,0.381216381
0.680000000,0.514365955
0.690000000,0.747781410
0.700000000,0.479501109
0.710000000,0.391331911
0.720000000,-0.130324825
0.730000000,0.048706766
0.740000000,1.081189107
0.750000000,0.017116952
0.760000000,0.254859857
0.770000000,-0.037730990
0.780000000,-0.145430697
0.790000000,-1.497386037
0.800000000,0.855791440
0.810000000,-0.590933286
0.820000000,-0.415862538
0.830000000,0.677278185
0.840000000,-1.176798425
0.850000000,0.013965383
0.860000000,-0.280241590
0.870000000,-0.921631814
0.880000000,0.307863613
0.890000000,-0.385707675
0.900000000,-0.051742597
0.910000000,-0.214716543
0.920000000,0.319854834
0.930000000,1.129873777
0.940000000,-0.627703846
0.950000000,0.428548658
0.960000000,-0.345267668
0.970000000,-0.177650087
0.980000000,-0.945155462
0.990000000,-0.569627288
1.000000000,-0.215617624
1.010000000,0.408161454
1.020000000,0.122813181
1.030000000,0.287786830
1.040000000,0.365619953
1.050000000,-0.691930854
1.060000000,0.726256331
1.070000000,-0.162346857
1.080000000,0.342430197
1.090000000,-0.090632795
1.100000000,0.133091989
1.110000000,0.322944635
1.120000000,-1.125560838
1.130000000,1.007786238
1.140000000,0.087078688
1.150000000,0.546767862
1.160000000,0.108854738
1.170000000,0.044067488
1.180000000,-0.660837738
1.190000000,-0.195654704
1.200000000,-1.106775712
1.210000000,-0.075477098
1.220000000,0.788957445
1.230000000,-0.941669048
1.240000000,-0.343925748
1.250000000,-0.186099347
1.260000000,0.582054150
1.270000000,0.619384001
1.280000000,0.031241798
1.290000000,0.045729343
1.300000000,-0.080837117
1.310000000,-0.244857501
1.320000000,-0.240632060
1.330000000,-0.233029125
1.340000000,-0.076792573
1.350000000,0.039068583
1.360000000,-0.317705087
1.370000000,0.313202616
1.380000000,-0.018744930
1.390000000,0.267403253
1.400000000,-0.682828836
1.410000000,-0.351418477
1.420000000,0.046545251
1.430000000,0.142314953
1.440000000,-0.088615982
1.450000000,0.770094450
1.460000000,-0.105248748
1.470000000,0.714350399
1.480000000,0.697700030
1.490000000,0.347557225
1.500000000,0.222733609
1.510000000,0.277007181
1.520000000,-0.072527654
1.530000000,-0.562997990
1.540000000,-0.260898295
1.550000000,-0.316885048
1.560000000,-0.206627217
1.570000000,-0.367352981
1.580000000,-0.537917214
1.590000000,0.064724392
1.600000000,0.711408173
1.610000000,-0.437617439
1.620000000,-0.921578051
1.630000000,-0.289931474
1.640000000,-0.617821425
1.650000000,-0.511483476
1.660000000,-0.649981845
1.670000000,-0.073984821
1.680000000,0.261239921
1.690000000,1.125403740
1.700000000,-0.593271300
1.710000000,-0.710111902
1.720000000,-0.087981699
1.730000000,-0.069466171
1.740000000,0.803678665
1.750000000,0.649426742
1.760000000,-0.337086499
1.770000000,-1.029634360
1.780000000,0.284504291
1.790000000,-0.225009664
1.800000000,0.683816592
1.810000000,-0.063919332
1.820000000,-0.075427451
1.830000000,-0.598126143
1.840000000,-0.022589917
1.850000000,0.576438703
1.860000000,-0.408075874
1.870000000,0.099162658
1.880000000,-0.294951723
1.890000000,0.453263220
1.900000000,-0.028740392
1.910000000,0.272405261
1.920000000,0.157689746
1.930000000,-0.443677952
1.940000000,-0.577658854
1.950000000,0.656668287
1.960000000,-0.173982555
1.970000000,-0.516109993
1.980000000,-0.326290072
1.990000000,0.829662709
2.000000000,0.046787225
2.010000000,0.555610943
2.020000000,-1.143496441
2.030000000,1.151492163
2.040000000,0.042499302
2.050000000,0.669479000
2.060000000,-0.155597085
2.070000000,-0.026804912
2.080000000,0.434581739
2.090000000,0.946870898
2.100000000,0.083458681
2.110000000,-0.336357773
2.120000000,0.512203302
2.130000000,1.063542943
2.140000000,-0.673709839
2.150000000,-0.419722081
2.160000000,0.324456706
2.170000000,-0.214286264
2.180000000,-1.106856924
2.190000000,0.001324079
2.200000000,0.149528830
2.210000000,0.353014960
2.220000000,0.706540317
2.230000000,-0.649708038
2.240000000,-0.266656096
2.250000000,-0.025877037
2.260000000,0.214495128
2.270000000,-0.371918203
2.280000000,0.017780079
2.290000000,-0.383083393
2.300000000,0.435651091
2.310000000,0.633184940
2.320000000,-0.380216254
2.330000000,0.302119302
2.340000000,-0.514492697
2.350000000,0.206416817
2.360000000,-0.710677828
2.370000000,0.131928468
2.380000000,0.588096773
2.390000000,0.465462451
2.400000000,-0.920186283
2.410000000,0.077350752
2.420000000,-0.171912110
2.430000000,0.721173905
2.440000000,0.213432180
2.450000000,0.744848343
2.460000000,-0.263843743
2.470000000,-0.568220362
2.480000000,-1.215487589
2.490000000,0.157655627
2.500000000,-0.130793018
2.510000000,0.160739860
2.520000000,-0.072186626
2.530000000,0.129297823
2.540000000,0.735855949
2.550000000,-0.599632024
2.560000000,0.278768907
2.570000000,0.646207496
2.580000000,0.273939005
2.590000000,0.943732002
2.600000000,-0.149829052
2.610000000,0.089300139
2.620000000,-0.138254300
2.630000000,-0.156236166
2.640000000,0.903917007
2.650000000,-0.707715857
2.660000000,-0.282447452
2.670000000,-0.245907584
2.680000000,0.021836220
2.690000000,-0.139958989
2.700000000,0.326500981
2.710000000,0.273342361
2.720000000,0.914060846
2.730000000,0.445834321
2.740000000,-0.446282766
2.750000000,-0.791371687
2.760000000,-0.196365249
2.770000000,-0.297594327
2.780000000,-0.120665959
2.790000000,0.673556299
2.800000000,0.179607061
2.810000000,-0.677043479
2.820000000,-0.387680797
2.830000000,0.808551786
2.840000000,-0.594506043
2.850000000,0.375282700
2.860000000,0.432874727
2.870000000,-0.597859728
2.880000000,-0.646769789
2.890000000,0.168159789
2.900000000,0.152814777
2.910000000,0.513562504
2.920000000,0.286310196
2.930000000,-0.499716397
2.940000000,0.912630023
2.950000000,0.096765976
2.960000000,0.072587841
2.970000000,0.106203968
2.980000000,-0.752691343
2.990000000,-0.405095310
3.000000000,0.412180092
3.010000000,0.417135598
3.020000000,-0.116879205
3.030000000,0.258978548
3.040000000,0.001527251
3.050000000,0.053444336
3.060000000,0.182533661
3.070000000,-0.090220661
3.080000000,0.168733149
3.090000000,0.537534972
3.100000000,0.664988992
3.110000000,0.650449072
3.120000000,0.700784301
3.130000000,1.070740650
3.140000000,0.985704305
3.150000000,1.026239595
3.160000000,0.862694383
3.170000000,1.092103688
3.180000000,1.587001517
3.190000000,1.601371507
3.200000000,1.174243639
3.210000000,1.079217245
3.220000000,1.096448636
3.230000000,0.982466475
3.240000000,2.391775312
3.250000000,1.230009154
3.260000000,2.182225868
3.270000000,1.753579071
3.280000000,2.174951318
3.290000000,1.620157258
3.300000000,1.868025812
3.310000000,2.557327882
3.320000000,2.901033398
3.330000000,2.289328343
3.340000000,2.824533908
3.350000000,2.669009203
3.360000000,2.863519928
3.370000000,2.628177472
3.380000000,2.482679492
3.390000000,3.773793414
3.400000000,2.494082985
3.410000000,3.148523716
3.420000000,2.676000269
3.430000000,3.074330345
3.440000000,2.636198136
3.450000000,2.630013926
3.460000000,2.972684364
3.470000000,3.524878872
3.480000000,2.625981020
3.490000000,3.935812508
3.500000000,3.347143030
3.510000000,3.610530820
3.520000000,3.109852999
3.530000000,4.058756019
3.540000000,3.507801328
3.550000000,3.858376874
3.560000000,2.893975451
3.570000000,4.747917901
3.580000000,4.250185185
3.590000000,3.555723766
3.600000000,3.669832994
3.610000000,4.143586813
3.620000000,3.702950597
3.630000000,3.445878447
3.640000000,4.177445324
3.650000000,4.980702358
3.660000000,4.694846363
3.670000000,4.672194872
3.680000000,4.262813754
3.690000000,5.410052226
3.700000000,4.169240794
3.710000000,4.270475297
3.720000000,4.155704656
3.730000000,5.049037873
3.740000000,4.489283660
3.750000000,4.982654517
3.760000000,5.438363750
3.770000000,4.289909108
3.780000000,4.751828643
3.790000000,5.533504854
3.800000000,5.358613565
3.810000000,5.287552945
3.820000000,5.429126285
3.830000000,5.161956812
3.840000000,5.700613090
3.850000000,6.027764479
3.860000000,5.349192636
3.870000000,5.419375813
3.880000000,5.197567155
3.890000000,5.792754880
3.900000000,6.501669341
3.910000000,5.673939491
3.920000000,5.965966124
3.930000000,6.824278467
3.940000000,5.788953900
3.950000000,6.106565952
3.960000000,6.308425267
3.970000000,6.318363767
3.980000000,7.463974326
3.990000000,6.429235752
4.000000000,7.313680705
4.010000000,6.940760458
4.020000000,7.756138140
4.030000000,7.894802095
4.040000000,6.053972131
4.050000000,7.154102347
4.060000000,6.949681364
4.070000000,7.770257076
4.080000000,7.988737023
4.090000000,7.334386353
4.100000000,7.207718882
4.110000000,7.610367469
4.120000000,6.819858963
4.130000000,7.648999805
4.140000000,7.791117969
4.150000000,7.653391884
4.160000000,7.171980791
4.170000000,8.123349243
4.180000000,7.680472335
4.190000000,7.573335993
4.200000000,8.102545306
4.210000000,7.536972101
4.220000000,8.507448493
4.230000000,8.064699207
4.240000000,7.711256967
4.250000000,8.376155048
4.260000000,9.289447826
4.270000000,8.910018390
4.280000000,7.713984117
4.290000000,8.029387565
4.300000000,8.878379486
4.310000000,9.091872218
4.320000000,8.595353266
4.330000000,9.136529839
4.340000000,8.260088854
4.350000000,9.309756414
4.360000000,8.198137116
4.370000000,9.214801117
4.380000000,9.741739213
4.390000000,9.093154220
4.400000000,9.582674585
4.410000000,8.099972374
4.420000000,9.792870333
4.430000000,9.319759997
4.440000000,9.873264362
4.450000000,8.875429396
4.460000000,10.518519691
4.470000000,9.777942587
4.480000000,10.582099627
4.490000000,9.157315575
4.500000000,9.443022588
4.510000000,10.614418131
4.520000000,10.247060834
4.530000000,9.579344916
4.540000000,9.805875542
4.550000000,9.816292743
4.560000000,10.790463821
4.570000000,10.029816890
4.580000000,10.412853566
4.590000000,10.978941982
4.600000000,10.101568245
4.610000000,10.328983309
4.620000000,10.314142363
4.630000000,11.333471030
4.640000000,10.534451406
4.650000000,11.367976508
4.660000000,11.287155136
4.670000000,11.194557218
4.680000000,11.472750565
4.690000000,11.480821033
4.700000000,10.941519002
4.710000000,11.665185991
4.720000000,12.787709911
4.730000000,11.653620078
4.740000000,11.449040810
4.750000000,11.566327453
4.760000000,11.441343057
4.770000000,11.556734624
4.780000000,10.696441422
4.790000000,11.278952659
4.800000000,12.353346092
4.810000000,12.091659708
4.820000000,12.142316960
4.830000000,11.702503337
4.840000000,12.201787698
4.850000000,12.277440798
4.860000000,11.932444927
4.870000000,11.480501564
4.880000000,11.931176062
4.890000000,12.616559398
4.900000000,12.852390157
4.910000000,12.502948648
4.920000000,12.887293587
4.930000000,11.808096157
4.940000000,11.899093819
4.950000000,13.057318853
4.960000000,12.367420082
4.970000000,13.888452256
4.980000000,12.979781682
4.990000000,12.364552823
5.000000000,13.528222125
5.010000000,12.559948330
5.020000000,13.569075587
5.030000000,12.975688752
5.040000000,12.537964557
5.050000000,14.305924966
5.060000000,13.122045175
5.070000000,13.755196394
5.080000000,13.814628995
5.090000000,13.278915666
5.100000000,13.215556190
5.110000000,14.164155205
5.120000000,14.726113190
5.130000000,14.478401245
5.140000000,13.921253814
5.150000000,14.005356853
5.160000000,14.516397844
5.170000000,14.467440991
5.180000000,13.487092555
5.190000000,14.749101234
5.200000000,14.687292880
5.210000000,13.715445284
5.220000000,14.487771970
5.230000000,14.030554959
5.240000000,15.086489338
5.250000000,14.997766609
5.260000000,14.816416146
5.270000000,14.770587958
5.280000000,14.954928097
5.290000000,15.106497418
5.300000000,14.875663140
5.310000000,15.538072606
5.320000000,14.900847485
5.330000000,15.315608257
5.340000000,15.100208458
5.350000000,15.332984411
5.360000000,15.700077822
5.370000000,14.613579681
5.380000000,14.708310158
5.390000000,16.203788526
5.400000000,15.400903692
5.410000000,15.243920363
5.420000000,15.504619679
5.430000000,15.512615454
5.440000000,16.677280166
5.450000000,16.872182786
5.460000000,16.264992348
5.470000000,17.189308703
5.480000000,15.778659249
5.490000000,16.736361799
5.500000000,16.026414874
5.510000000,16.124426302
5.520000000,17.475220504
5.530000000,16.517674255
5.540000000,16.296210261
5.550000000,17.001755219
5.560000000,17.665561522
5.570000000,16.058298429
5.580000000,16.727287970
5.590000000,17.164173330
5.600000000,16.480627350
5.610000000,16.966062969
5.620000000,16.518744957
5.630000000,17.459569374
5.640000000,17.926024055
5.650000000,17.404532446
5.660000000,17.147317892
5.670000000,16.901417803
5.680000000,18.189368001
5.690000000,17.613067633
5.700000000,18.329896872
5.710000000,17.358763435
5.720000000,17.316120466
5.730000000,17.816283017
5.740000000,18.046017424
5.750000000,18.532274978
5.760000000,18.333872483
5.770000000,18.049051287
5.780000000,17.742420182
5.790000000,17.834740844
5.800000000,18.630009905
5.810000000,18.582472854
5.820000000,18.432806124
5.830000000,18.724943757
5.840000000,19.354129608
5.850000000,19.158207869
5.860000000,18.431236921
5.870000000,19.462303161
5.880000000,18.231008031
5.890000000,18.939826741
5.900000000,18.836237312
5.910000000,19.061448592
5.920000000,19.321119803
5.930000000,19.266593695
5.940000000,19.521390903
5.950000000,18.568680890
5.960000000,20.089770201
5.970000000,19.224184070
5.980000000,19.573938825
5.990000000,20.192675582
6.000000000,19.394777803
6.010000000,19.321724651
6.020000000,18.971745953
6.030000000,20.260789550
6.040000000,19.894063787
6.050000000,20.044494467
6.060000000,20.346903173
6.070000000,19.771600773
6.080000000,19.068435957
6.090000000,19.348177268
6.100000000,20.377132037
6.110000000,20.678895252
6.120000000,20.166255129
6.130000000,20.785768362
6.140000000,20.398186155
6.150000000,20.569464180
6.160000000,21.251544392
6.170000000,19.194911820
6.180000000,20.874594322
6.190000000,21.312184826
6.200000000,20.334554117
6.210000000,21.503282081
6.220000000,20.156908199
6.230000000,21.583755189
6.240000000,21.513451553
6.250000000,21.081504218
6.260000000,21.776826233
6.270000000,21.795723476
6.280000000,21.877638427
6.290000000,21.660050234
6.300000000,21.840949437
6.310000000,22.472973548
6.320000000,20.873841012
6.330000000,22.254746769
6.340000000,21.090954340
6.350000000,21.393585179
6.360000000,21.468934818
6.370000000,21.217032300
6.380000000,21.953727892
6.390000000,21.202452424
6.400000000,21.927978192
6.410000000,22.428692611
6.420000000,22.395593540
6.430000000,23.271572181
6.440000000,23.053222151
6.450000000,23.051156588
6.460000000,22.633023696
6.470000000,22.638800905
6.480000000,22.595464244
6.490000000,21.937778981
6.500000000,22.912096948
6.510000000,22.400033735
6.520000000,22.604309428
6.530000000,22.247150510
6.540000000,23.090254870
6.550000000,23.375951341
6.560000000,23.582150003
6.570000000,23.408374140
6.580000000,23.370785879
6.590000000,23.022913371
6.600000000,23.806922284
6.610000000,22.878419825
6.620000000,23.951357782
6.630000000,23.516345549
6.640000000,24.548052599
6.650000000,23.604875498
6.660000000,24.204444382
6.670000000,24.001159890
6.680000000,24.285108599
6.690000000,24.310235689
6.700000000,22.933746146
6.710000000,23.473754508
6.720000000,24.476404210
6.730000000,23.927918263
6.740000000,23.818455161
6.750000000,24.098238265
6.760000000,24.860610495
6.770000000,24.568026462
6.780000000,23.987601418
6.790000000,24.636017688
6.800000000,24.623664840
6.810000000,24.357873940
6.820000000,25.947216174
6.830000000,24.773478314
6.840000000,24.884221841
6.850000000,25.281707296
6.860000000,25.168658394
6.870000000,25.612194024
6.880000000,24.686310751
6.890000000,25.345339741
6.900000000,24.717318177
6.910000000,24.910576767
6.920000000,25.731795877
6.930000000,25.549574984
6.940000000,25.049719311
6.950000000,25.880147374
6.960000000,25.699945334
6.970000000,24.950585759
6.980000000,25.316605910
6.990000000,26.389787257
7.000000000,25.809535459
7.010000000,26.611586266
7.020000000,26.531190520
7.030000000,25.475357852
7.040000000,27.022820708
7.050000000,26.390562622
7.060000000,25.415056060
7.070000000,25.930728248
7.080000000,26.496179392
7.090000000,26.547912918
7.100000000,26.165812028
7.110000000,27.978042487
7.120000000,26.371530613
7.130000000,27.317971696
7.140000000,26.986540417
7.150000000,27.499876270
7.160000000,27.017352348
7.170000000,26.609254841
7.180000000,27.693464540
7.190000000,27.498317611
7.200000000,27.345816243
7.210000000,27.351384693
7.220000000,27.614642701
7.230000000,27.805448287
7.240000000,28.145208910
7.250000000,28.649577739
7.260000000,27.273282361
7.270000000,26.893138859
7.280000000,27.555273222
7.290000000,27.398342192
7.300000000,27.940511465
7.310000000,27.934511525
7.320000000,28.284476616
7.330000000,28.421064666
7.340000000,27.288195703
7.350000000,28.035902302
7.360000000,29.100104932
7.370000000,27.892403267
7.380000000,27.725291799
7.390000000,27.950804207
7.400000000,29.632874742
7.410000000,28.237491577
7.420000000,28.068948683
7.430000000,28.125052576
7.440000000,29.262543879
7.450000000,27.943674500
7.460000000,28.226973362
7.470000000,28.783595552
7.480000000,29.390001543
7.490000000,28.956666802
7.500000000,28.231621740
7.510000000,30.553744638
7.520000000,28.563978812
7.530000000,29.242330837
7.540000000,29.316590395
7.550000000,29.462634200
7.560000000,28.695520719
7.570000000,29.126444570
7.580000000,29.371196258
7.590000000,29.766401968
7.600000000,29.871887159
7.610000000,29.875675401
7.620000000,30.305170419
7.630000000,29.386572525
7.640000000,30.264112281
7.650000000,29.153749789
7.660000000,30.726414715
7.670000000,30.274644691
7.680000000,30.449422294
7.690000000,30.641466768
7.700000000,30.606445423
7.710000000,30.965592404
7.720000000,30.382466910
7.730000000,30.729312952
7.740000000,30.925617747
7.750000000,29.755053215
7.760000000,29.729513051
7.770000000,30.484280416
7.780000000,30.559672267
7.790000000,30.846464249
7.800000000,31.196687513
7.810000000,30.449590863
7.820000000,30.932745548
7.830000000,31.310194788
7.840000000,31.429002828
7.850000000,30.939122000
7.860000000,31.700335319
7.870000000,31.351851282
7.880000000,31.353702957
7.890000000,32.226906762
7.900000000,31.234019525
7.910000000,30.556371507
7.920000000,31.644523813
7.930000000,32.005886499
7.940000000,32.038624536
7.950000000,31.478807682
7.960000000,32.288757786
7.970000000,32.292642056
7.980000000,32.011584547
7.990000000,32.256704498
8.000000000,33.167030326
8.010000000,32.201884696
8.020000000,31.825328971
8.030000000,32.188499561
8.040000000,33.067353742
8.050000000,32.649642585
8.060000000,32.086776342
8.070000000,33.404155602
8.080000000,32.928219736
8.090000000,33.105428872
8.100000000,32.879494850
8.110000000,31.384927996
8.120000000,32.511784591
8.130000000,32.911173815
8.140000000,32.559635992
8.150000000,31.917188050
8.160000000,33.518153264
8.170000000,33.314030419
8.180000000,33.762164706
8.190000000,33.851742359
8.200000000,33.677332389
8.210000000,33.115266351
8.220000000,33.596694784
8.230000000,33.540737881
8.240000000,33.976344816
8.250000000,33.926620105
8.260000000,34.164802479
8.270000000,33.284442676
8.280000000,34.646031784
8.290000000,34.279033007
8.300000000,34.432471000
8.310000000,33.727124953
8.320000000,33.139122382
8.330000000,34.334387973
8.340000000,34.436905117
8.350000000,34.731021614
8.360000000,34.605686282
8.370000000,34.143515616
8.380000000,34.550448055
8.390000000,34.395716443
8.400000000,34.811988704
8.410000000,35.234699474
8.420000000,34.371448536
8.430000000,34.790406690
8.440000000,35.084872127
8.450000000,35.065184767
8.460000000,35.249001602
8.470000000,34.726878904
8.480000000,34.659174440
8.490000000,35.905289569
8.500000000,35.053500638
8.510000000,34.828014420
8.520000000,35.385117941
8.530000000,36.001610193
8.540000000,35.889741009
8.550000000,34.999976155
8.560000000,35.580176014
8.570000000,36.136487471
8.580000000,35.610793723
8.590000000,34.742388902
8.600000000,35.677121568
8.610000000,36.425239672
8.620000000,36.048135903
8.630000000,36.693367203
8.640000000,35.289711096
8.650000000,35.970472251
8.660000000,36.952482077
8.670000000,35.658478052
8.680000000,36.892009082
8.690000000,36.148250000
8.700000000,37.202687871
8.710000000,37.054354140
8.720000000,36.821310250
8.730000000,36.730205977
8.740000000,36.319344831
8.750000000,36.114780153
8.760000000,36.962083131
8.770000000,36.528920248
8.780000000,36.918847462
8.790000000,36.475397728
8.800000000,37.883728924
8.810000000,37.233007965
8.820000000,36.942322620
8.830000000,36.852639552
8.840000000,37.085450800
8.850000000,37.512093613
8.860000000,37.572211083
8.870000000,37.148920998
8.880000000,37.748186936
8.890000000,38.479844643
8.900000000,37.170393234
8.910000000,38.214648727
8.920000000,37.220418501
8.930000000,37.780223244
8.940000000,37.486798620
8.950000000,37.600743102
8.960000000,38.562410446
8.970000000,38.373954380
8.980000000,38.067524950
8.990000000,38.197885281
9.000000000,39.644699909
9.010000000,38.360586150
9.020000000,38.280324846
9.030000000,38.671572779
9.040000000,38.959191405
9.050000000,38.887934126
9.060000000,39.308066109
9.070000000,38.046550773
9.080000000,37.929430504
9.090000000,38.839711117
9.100000000,38.527997450
9.110000000,38.191925979
9.120000000,39.362172091
9.130000000,38.752344665
9.140000000,38.299071900
9.150000000,39.194467309
9.160000000,39.212115644
9.170000000,38.355292345
9.180000000,40.009080090
9.190000000,39.775564635
9.200000000,39.559474245
9.210000000,38.834970259
9.220000000,39.237794921
9.230000000,39.403601263
9.240000000,39.485743738
9.250000000,40.050225008
9.260000000,40.013036368
9.270000000,39.894500904
9.280000000,41.444747368
9.290000000,40.742441685
9.300000000,38.937721329
9.310000000,39.891631486
9.320000000,39.457496244
9.330000000,40.405642482
9.340000000,40.284550739
9.350000000,40.204495555
9.360000000,40.245366712
9.370000000,40.344066567
9.380000000,40.877780195
9.390000000,40.788068490
9.400000000,41.284946731
9.410000000,40.143796080
9.420000000,41.032188744
9.430000000,41.147530139
9.440000000,40.657752687
9.450000000,41.220200506
9.460000000,40.766494889
9.470000000,41.496329446
9.480000000,41.361262412
9.490000000,39.954055578
9.500000000,41.475098489
9.510000000,42.021275916
9.520000000,41.783725242
9.530000000,42.694171728
9.540000000,41.905859975
9.550000000,40.932179220
9.560000000,41.579817284
9.570000000,41.207553421
9.580000000,42.400921216
9.590000000,41.999750077
9.600000000,42.912002271
9.610000000,42.026927372
9.620000000,42.839662065
9.630000000,41.894189931
9.640000000,42.133887998
9.650000000,42.331714485
9.660000000,41.927459752
9.670000000,41.181160763
9.680000000,42.120223250
9.690000000,41.811149889
9.700000000,42.166529616
9.710000000,43.114559512
9.720000000,42.360493384
9.730000000,42.823984407
9.740000000,42.019824219
9.750000000,42.824123487
9.760000000,42.439804096
9.770000000,42.126513005
9.780000000,42.643545394
9.790000000,43.456161868
9.800000000,42.991456771
9.810000000,41.926668240
9.820000000,43.003118504
9.830000000,42.589710917
9.840000000,43.777412278
9.850000000,43.356657434
9.860000000,42.714659065
9.870000000,43.431162885
9.880000000,42.929703285
9.890000000,43.369381924
9.900000000,43.037497631
9.910000000,43.930557307
9.920000000,43.325402237
9.930000000,44.557948878
9.940000000,43.211299597
9.950000000,44.725407927
9.960000000,44.686360392
9.970000000,43.725782758
9.980000000,44.774329881
9.990000000,44.656936274
10.000000000,44.249243102
10.010000000,44.099175681
10.020000000,44.200828424
10.030000000,43.492053775
10.040000000,44.138980297
10.050000000,44.761759707
10.060000000,45.592327011
10.070000000,44.639723492
10.080000000,44.070633885
10.090000000,45.324669382
10.100000000,45.093171229
10.110000000,45.568031451
10.120000000,44.716196565
10.130000000,45.538319613
10.140000000,44.947676772
10.150000000,45.517328332
10.160000000,44.880305682
10.170000000,44.911026823
10.180000000,45.018758010
10.190000000,45.715037765
10.200000000,44.927583077
10.210000000,45.684630591
10.220000000,45.431679823
10.230000000,45.735788960
10.240000000,45.520509159
10.250000000,45.007743761
10.260000000,45.778380712
10.270000000,45.393189416
10.280000000,45.974550233
10.290000000,45.813510962
10.300000000,47.172990564
10.310000000,46.129895800
10.320000000,45.684322618
10.330000000,46.558665181
10.340000000,45.829548487
10.350000000,46.375180211
10.360000000,47.307126697
10.370000000,45.821492699
10.380000000,45.699146826
10.390000000,46.414726831
10.400000000,45.805885405
10.410000000,47.041638832
10.420000000,46.127121483
10.430000000,46.276406575
10.440000000,47.541537626
10.450000000,47.244149473
10.460000000,46.562663319
10.470000000,46.479834578
10.480000000,46.862424504
10.490000000,46.306973245
10.500000000,47.259787291
10.510000000,47.210876363
10.520000000,47.819535785
10.530000000,47.478458616
10.540000000,47.188296723
10.550000000,48.205154421
10.560000000,47.925293981
10.570000000,47.190084226
10.580000000,47.193337726
10.590000000,47.828531823
10.600000000,47.105275051
10.610000000,48.105730647
10.620000000,47.530877681
10.630000000,48.057536182
10.640000000,47.507312943
10.650000000,47.993631439
10.660000000,47.494833970
10.670000000,47.482240474
10.680000000,48.693099985
10.690000000,48.429618750
10.700000000,48.100401961
10.710000000,47.889215249
10.720000000,47.721588354
10.730000000,47.784619476
10.740000000,48.186917966
10.750000000,49.245004160
10.760000000,48.807158311
10.770000000,48.644437432
10.780000000,48.422436634
10.790000000,49.032548626
10.800000000,49.016603583
10.810000000,48.389737269
10.820000000,48.540185538
10.830000000,48.714815976
10.840000000,48.963652881
10.850000000,48.348734596
10.860000000,48.388520380
10.870000000,49.088679315
10.880000000,48.533112208
10.890000000,49.383587945
10.900000000,49.757477768
10.910000000,49.912141071
10.920000000,49.732023853
10.930000000,49.575758983
10.940000000,49.297725616
10.950000000,49.659504627
10.960000000,49.521770790
10.970000000,50.155215900
10.980000000,49.530613621
10.990000000,49.314846493
11.000000000,50.069378836
11.010000000,49.261082479
11.020000000,49.938129869
11.030000000,49.393415919
11.040000000,49.506543624
11.050000000,50.802975401
11.060000000,50.404888818
11.070000000,50.010953516
11.080000000,51.377516519
11.090000000,50.661293001
11.100000000,49.725219533
11.110000000,50.453150435
11.120000000,49.984219464
11.130000000,50.695748129
11.140000000,49.875998663
11.150000000,50.541267236
11.160000000,50.287184799
11.170000000,50.156574919
11.180000000,51.297739961
11.190000000,50.485625156
11.200000000,51.114067447
11.210000000,50.800391453
11.220000000,51.167270505
11.230000000,51.201226180
11.240000000,50.696770255
11.250000000,51.020944892
11.260000000,52.026366317
11.270000000,52.629618576
11.280000000,51.220507720
11.290000000,50.722725178
11.300000000,51.527793662
11.310000000,51.620373186
11.320000000,52.301418093
11.330000000,52.150137113
11.340000000,51.845215280
11.350000000,52.079978329
11.360000000,51.760295940
11.370000000,51.327851128
11.380000000,51.453712308
11.390000000,52.646262252
11.400000000,51.218683602
11.410000000,52.956926034
11.420000000,52.629984678
11.430000000,52.657305194
11.440000000,51.871962954
11.450000000,52.498752408
11.460000000,52.702421266
11.470000000,52.443711906
11.480000000,51.729969725
11.490000000,52.758342369
11.500000000,52.573977734
11.510000000,53.131132370
11.520000000,52.202685743
11.530000000,52.653183022
11.540000000,52.448657432
11.550000000,53.038650340
11.560000000,52.839898864
11.570000000,52.975508962
11.580000000,52.849642132
11.590000000,52.411171753
11.600000000,52.857795196
11.610000000,52.542861227
11.620000000,52.692787158
11.630000000,52.330054633
11.640000000,52.982682976
11.650000000,53.004077686
11.660000000,53.282433730
11.670000000,53.172300741
11.680000000,53.198595564
11.690000000,52.852096141
11.700000000,52.857601808
11.710000000,54.225817158
11.720000000,53.537762886
11.730000000,52.994404711
11.740000000,54.425064080
11.750000000,53.814492602
11.760000000,54.443989498
11.770000000,54.243019329
11.780000000,53.172263360
11.790000000,54.291366092
11.800000000,54.517559613
11.810000000,54.499920644
11.820000000,53.843594477
11.830000000,54.081657769
11.840000000,53.878262387
11.850000000,54.111606154
11.860000000,53.984982610
11.870000000,54.405464962
11.880000000,54.771840432
11.890000000,53.656068880
11.900000000,54.316689811
11.910000000,54.866836938
11.920000000,55.311638894
11.930000000,54.726623128
11.940000000,54.372163803
11.950000000,55.879640705
11.960000000,55.196301198
11.970000000,55.498789670
11.980000000,54.424583714
11.990000000,54.621268909
12.000000000,55.641042135
12.010000000,55.912176585
12.020000000,55.660765553
12.030000000,55.475614638
12.040000000,55.062115055
12.050000000,55.288642968
12.060000000,55.790156610
12.070000000,55.234120501
12.080000000,56.029931994
12.090000000,55.590030774
12.100000000,55.029470379
12.110000000,56.270056691
12.120000000,56.162732379
12.130000000,55.633451931
12.140000000,55.844720864
12.150000000,55.598008891
12.160000000,55.909822769
12.170000000,56.774614011
12.180000000,56.262594266
12.190000000,56.003904137
12.200000000,56.238349694
12.210000000,56.915165242
12.220000000,56.426566168
12.230000000,56.771785117
12.240000000,56.408923900
12.250000000,57.465178569
12.260000000,56.806781137
12.270000000,57.291933269
12.280000000,56.007505933
12.290000000,56.541642162
12.300000000,57.415160261
12.310000000,56.854853770
12.320000000,57.663978690
12.330000000,56.060537099
12.340000000,57.176070093
12.350000000,56.891939400
12.360000000,56.616089846
12.370000000,56.892188477
12.380000000,56.920028560
12.390000000,56.752955395
12.400000000,56.956261439
12.410000000,57.732414189
12.420000000,57.541160610
12.430000000,56.920844169
12.440000000,57.009648460
12.450000000,58.053353087
12.460000000,56.816931487
12.470000000,57.457733839
12.480000000,58.064033556
12.490000000,57.547529227
12.500000000,58.088783706
12.510000000,57.723243652
12.520000000,58.260163808
12.530000000,58.394388288
12.540000000,57.124489946
12.550000000,58.332164139
12.560000000,57.894210229
12.570000000,58.632224678
12.580000000,58.468601454
12.590000000,57.918114767
12.600000000,58.716137199
12.610000000,58.731910344
12.620000000,58.879552154
12.630000000,59.593371201
12.640000000,58.039043244
12.650000000,58.398145994
12.660000000,58.926680715
12.670000000,59.751138777
12.680000000,59.474851556
12.690000000,59.509206126
12.700000000,58.763633456
12.710000000,59.872997476
12.720000000,58.461133729
12.730000000,59.181457096
12.740000000,59.652163821
12.750000000,59.662518575
12.760000000,59.772811982
12.770000000,59.154250826
12.780000000,58.486434331
12.790000000,59.224424108
12.800000000,60.062334753
12.810000000,59.883215324
12.820000000,58.629146868
12.830000000,60.287662472
12.840000000,59.579862738
12.850000000,59.872520660
12.860000000,60.568234433
12.870000000,59.678203806
12.880000000,60.219939048
12.890000000,59.636756494
12.900000000,60.903877241
12.910000000,59.963171036
12.920000000,60.030806337
12.930000000,61.233174527
12.940000000,59.828466877
12.950000000,60.311735231
12.960000000,60.761090555
12.970000000,59.575344121
12.980000000,60.179875641
12.990000000,60.214857634
13.000000000,61.509683170
13.010000000,60.384525962
13.020000000,61.892815251
13.030000000,59.813471271
13.040000000,60.233273985
13.050000000,61.479250908
13.060000000,60.605386476
13.070000000,61.637562229
13.080000000,60.468850285
13.090000000,60.544293226
13.100000000,59.459704124
13.110000000,60.516186149
13.120000000,60.585441794
13.130000000,60.802454710
13.140000000,61.439786915
13.150000000,61.694555941
13.160000000,61.866535987
13.170000000,61.084618987
13.180000000,59.973431104
13.190000000,61.122580660
13.200000000,61.328540841
13.210000000,60.597195575
13.220000000,60.847981499
13.230000000,61.875455019
13.240000000,62.019439908
13.250000000,60.625295867
13.260000000,61.635150646
13.270000000,61.784762800
13.280000000,61.520656567
13.290000000,62.421398193
13.300000000,62.357384202
13.310000000,62.153078941
13.320000000,61.998817450
13.330000000,62.167956228
13.340000000,61.294784957
13.350000000,62.744535903
13.360000000,62.008837510
13.370000000,60.861291024
13.380000000,62.128813545
13.390000000,61.251652200
13.400000000,62.288141341
13.410000000,63.612269446
13.420000000,62.953884286
13.430000000,62.486354942
13.440000000,62.169683377
13.450000000,63.603738073
13.460000000,63.138808175
13.470000000,62.135772127
13.480000000,63.252320368
13.490000000,62.531303031
13.500000000,63.313581338
13.510000000,62.941943550
13.520000000,63.005979731
13.530000000,62.977335843
13.540000000,63.340904749
13.550000000,63.205549317
13.560000000,62.393969516
13.570000000,63.100696732
13.580000000,63.762987167
13.590000000,62.872368441
13.600000000,62.710123884
13.610000000,64.330914781
13.620000000,62.652319918
13.630000000,63.560805504
13.640000000,64.010985368
13.650000000,63.618230138
13.660000000,63.011122503
13.670000000,64.492640655
13.680000000,62.897799034
13.690000000,63.395262197
13.700000000,64.851664824
13.710000000,64.091412023
13.720000000,63.679754108
13.730000000,63.469258557
13.740000000,64.414451025
13.750000000,64.536278597
13.760000000,64.668725412
13.770000000,64.025096028
13.780000000,64.725293881
13.790000000,64.132547318
13.800000000,63.878273688
13.810000000,63.964724906
13.820000000,64.927121453
13.830000000,65.437426560
13.840000000,64.804410587
13.850000000,64.898108027
13.860000000,64.868286046
13.870000000,65.238553189
13.880000000,64.820226911
13.890000000,64.862538119
13.900000000,64.675002828
13.910000000,64.227033810
13.920000000,64.939948181
13.930000000,64.961813107
13.940000000,64.307807688
13.950000000,65.247992584
13.960000000,65.279794473
13.970000000,65.616781913
13.980000000,65.350141654
13.990000000,65.484618991
14.000000000,65.781454958
14.010000000,64.808785044
14.020000000,65.528812731
14.030000000,66.070900743
14.040000000,66.156048518
14.050000000,66.453458087
14.060000000,66.267816810
14.070000000,65.673224834
14.080000000,65.906914684
14.090000000,66.161823584
14.100000000,64.836460240
14.110000000,65.728528896
14.120000000,66.311858240
14.130000000,66.590137988
14.140000000,65.715482438
14.150000000,66.198529241
14.160000000,66.530266535
14.170000000,66.095201569
14.180000000,66.620962468
14.190000000,65.788078657
14.200000000,65.907338072
14.210000000,67.198142766
14.220000000,65.526447358
14.230000000,66.709980674
14.240000000,66.630193571
14.250000000,67.083382277
14.260000000,66.995165342
14.270000000,66.319525447
14.280000000,66.461508082
14.290000000,66.035621287
14.300000000,66.168887178
14.310000000,66.598346530
14.320000000,66.710181549
14.330000000,67.413628666
14.340000000,66.960771384
14.350000000,66.710974998
14.360000000,67.798653789
14.370000000,67.966063454
14.380000000,67.200014386
14.390000000,67.548362226
14.400000000,67.007558677
14.410000000,67.206643063
14.420000000,67.392269712
14.430000000,67.801468298
14.440000000,66.571113950
14.450000000,67.426263944
14.460000000,67.474942350
14.470000000,67.308828633
14.480000000,67.431270788
14.490000000,67.781004356
14.500000000,67.366307629
14.510000000,68.531316054
14.520000000,68.079388443
14.530000000,67.376023505
14.540000000,67.408602106
14.550000000,67.705179787
14.560000000,68.638379348
14.570000000,69.082928353
14.580000000,68.048534888
14.590000000,68.939435271
14.600000000,68.583673981
14.610000000,68.930062047
14.620000000,68.189584515
14.630000000,68.812211509
14.640000000,69.024099005
14.650000000,69.725446075
14.660000000,68.837288644
14.670000000,68.453136561
14.680000000,68.090201498
14.690000000,68.614528646
14.700000000,69.999038164
14.710000000,68.826699575
14.720000000,68.843068305
14.730000000,68.649050809
14.740000000,68.814077326
14.750000000,68.886597577
14.760000000,68.738695771
14.770000000,69.297454905
14.780000000,69.223014145
14.790000000,69.376873396
14.800000000,69.977786115
14.810000000,69.135141381
14.820000000,69.514625220
14.830000000,69.178797507
14.840000000,69.105912765
14.850000000,69.583402355
14.860000000,68.941283629
14.870000000,69.498493121
14.880000000,69.867787907
14.890000000,70.136405611
14.900000000,69.990844052
14.910000000,69.904795063
14.920000000,69.223967452
14.930000000,69.684668757
14.940000000,70.077233404
14.950000000,70.414847343
14.960000000,70.667349975
14.970000000,69.415314236
14.980000000,69.772408635
14.990000000,69.218308169
15.000000000,70.832903524
15.010000000,70.455590247
15.020000000,69.338661777
15.030000000,69.664086022
15.040000000,69.970602113
15.050000000,69.200721969
15.060000000,70.202709812
15.070000000,69.703825471
15.080000000,69.794613694
15.090000000,70.561812171
15.100000000,69.223971086
15.110000000,69.499889951
15.120000000,69.713562279
15.130000000,69.937000564
15.140000000,69.839346566
15.150000000,70.865813223
15.160000000,69.116524889
15.170000000,69.067535047
15.180000000,69.429593312
15.190000000,69.212098492
15.200000000,70.145974428
15.210000000,69.872765638
15.220000000,69.132445096
15.230000000,69.180585391
15.240000000,68.721364091
15.250000000,70.880507538
15.260000000,68.804278441
15.270000000,69.376571034
15.280000000,69.712353304
15.290000000,69.520375047
15.300000000,69.297980809
15.310000000,69.600019831
15.320000000,68.890304294
15.330000000,68.801444799
15.340000000,69.147786683
15.350000000,68.183055547
15.360000000,68.974687504
15.370000000,69.205074737
15.380000000,68.928859244
15.390000000,69.449773255
15.400000000,69.778203119
15.410000000,69.317091567
15.420000000,69.684286183
15.430000000,68.054115779
15.440000000,67.859643585
15.450000000,68.462814784
15.460000000,69.441438788
15.470000000,69.186829826
15.480000000,68.753767046
15.490000000,68.746644238
15.500000000,68.101906627
15.510000000,69.224159076
15.520000000,68.834644575
15.530000000,69.077649773
15.540000000,69.339099970
15.550000000,69.152711234
15.560000000,68.194841655
15.570000000,69.031803643
15.580000000,67.656485163
15.590000000,69.514060474
15.600000000,68.483555093
15.610000000,68.510364188
15.620000000,68.449646100
15.630000000,70.034676032
15.640000000,68.892159516
15.650000000,67.618597504
15.660000000,67.704342674
15.670000000,68.656825022
15.680000000,69.277889285
15.690000000,67.466294877
15.700000000,68.315069685
15.710000000,67.380773924
15.720000000,69.451773614
15.730000000,68.324547141
15.740000000,67.838341694
15.750000000,68.412515602
15.760000000,68.758285103
15.770000000,68.136440430
15.780000000,68.290017751
15.790000000,68.381019283
15.800000000,68.039884737
15.810000000,68.382976473
15.820000000,68.864204294
15.830000000,68.374392229
15.840000000,68.106281802
15.850000000,67.608163069
15.860000000,67.429830237
15.870000000,67.041104540
15.880000000,68.484813638
15.890000000,67.922449597
15.900000000,67.486014175
15.910000000,67.694934203
15.920000000,67.229267237
15.930000000,67.836447699
15.940000000,68.321615119
15.950000000,68.147049217
15.960000000,67.540912154
15.970000000,67.159280307
15.980000000,67.551566118
15.990000000,67.775690603
16.000000000,67.735665347
16.010000000,67.830198409
16.020000000,67.088320080
16.030000000,67.357547415
16.040000000,67.323029369
16.050000000,67.906921028
16.060000000,66.433022832
16.070000000,66.978763314
16.080000000,67.508454988
16.090000000,67.250095600
16.100000000,67.290657569
16.110000000,67.160607567
16.120000000,67.960634827
16.130000000,67.230946095
16.140000000,67.880321405
16.150000000,67.886514441
16.160000000,67.008319011
16.170000000,67.550021138
16.180000000,67.200559584
16.190000000,67.045207522
16.200000000,67.117256703
16.210000000,66.986765208
16.220000000,67.040258680
16.230000000,67.660490552
16.240000000,67.025104000
16.250000000,67.151724440
16.260000000,66.460911734
16.270000000,66.512632749
16.280000000,68.137484147
16.290000000,67.889449163
16.300000000,66.350427914
16.310000000,66.651406963
16.320000000,66.322934975
16.330000000,66.552437215
16.340000000,67.037719065
16.350000000,66.610846456
16.360000000,66.063738236
16.370000000,66.874521653
16.380000000,66.553032698
16.390000000,66.359329719
16.400000000,66.922715491
16.410000000,66.428373902
16.420000000,67.025232554
16.430000000,66.208016746
16.440000000,67.497555058
16.450000000,66.917171997
16.460000000,66.572136550
16.470000000,67.342662458
16.480000000,66.960953885
16.490000000,66.419781130
16.500000000,66.214159028
16.510000000,67.089926217
16.520000000,66.172596340
16.530000000,66.787209505
16.540000000,66.601276877
16.550000000,66.642751011
16.560000000,66.833286827
16.570000000,66.226159744
16.580000000,66.862332163
16.590000000,66.493510448
16.600000000,66.412404341
16.610000000,66.860370824
16.620000000,66.494686789
16.630000000,67.149596260
16.640000000,66.256288159
16.650000000,66.335816044
16.660000000,66.520682721
16.670000000,66.004378829
16.680000000,66.408788632
16.690000000,66.843920916
16.700000000,65.353739307
16.710000000,66.111440891
16.720000000,65.889452037
16.730000000,66.039012808
16.740000000,65.255876014
16.750000000,66.416647701
16.760000000,66.340276167
16.770000000,65.620210311
16.780000000,65.240762398
16.790000000,65.685512978
16.800000000,65.641908598
16.810000000,66.308960929
16.820000000,65.458079056
16.830000000,65.986994715
16.840000000,66.017270302
16.850000000,66.209517182
16.860000000,66.628805246
16.870000000,65.779119978
16.880000000,65.049453859
16.890000000,65.776733880
16.900000000,65.898429119
16.910000000,65.831878317
16.920000000,65.632004709
16.930000000,65.099096546
16.940000000,65.065527163
16.950000000,65.219029478
16.960000000,65.726819088
16.970000000,65.442846149
16.980000000,65.309264012
16.990000000,65.947858993
17.000000000,65.192600642
17.010000000,66.201346477
17.020000000,66.114839429
17.030000000,65.471268362
17.040000000,65.096303168
17.050000000,65.498297520
17.060000000,65.239503109
17.070000000,66.064356290
17.080000000,66.126955541
17.090000000,64.890936893
17.100000000,64.961993508
17.110000000,65.685740209
17.120000000,65.259020466
17.130000000,64.295069265
17.140000000,64.634312013
17.150000000,65.909154568
17.160000000,65.299642917
17.170000000,65.153859180
17.180000000,65.125915064
17.190000000,64.876091278
17.200000000,64.605464886
17.210000000,64.669015034
17.220000000,64.905219532
17.230000000,63.721244671
17.240000000,64.180629733
17.250000000,65.284288221
17.260000000,64.871948290
17.270000000,64.545719112
17.280000000,65.088629517
17.290000000,65.475072762
17.300000000,64.937632606
17.310000000,64.132935459
17.320000000,64.552230863
17.330000000,64.319630578
17.340000000,65.347790250
17.350000000,65.152352466
17.360000000,65.028178718
17.370000000,64.926328577
17.380000000,65.046124248
17.390000000,65.070610886
17.400000000,64.437837988
17.410000000,63.355118455
17.420000000,64.934817586
17.430000000,64.169879643
17.440000000,64.433683204
17.450000000,64.037158225
17.460000000,64.680589889
17.470000000,64.548963644
17.480000000,64.031463450
17.490000000,64.596455271
17.500000000,64.558211337
17.510000000,64.255922319
17.520000000,64.758834814
17.530000000,64.786251865
17.540000000,64.372413471
17.550000000,64.443810966
17.560000000,64.003386521
17.570000000,63.445154862
17.580000000,63.968242344
17.590000000,64.305906975
17.600000000,64.102098273
17.610000000,64.311133668
17.620000000,64.082896906
17.630000000,64.082001140
17.640000000,64.717595480
17.650000000,63.715527744
17.660000000,63.437526725
17.670000000,63.572933111
17.680000000,63.711777940
17.690000000,63.865985128
17.700000000,64.210118247
17.710000000,63.658257875
17.720000000,63.319359776
17.730000000,63.718404532
17.740000000,64.413350494
17.750000000,63.417401656
17.760000000,63.886789054
17.770000000,63.423464492
17.780000000,63.540821724
17.790000000,64.491982130
17.800000000,64.111286308
17.810000000,62.862259181
17.820000000,64.075396041
17.830000000,63.847938520
17.840000000,63.160030674
17.850000000,62.845678635
17.860000000,63.657411134
17.870000000,63.143277836
17.880000000,63.308468176
17.890000000,62.919199357
17.900000000,63.897718142
17.910000000,63.367878483
17.920000000,62.552965216
17.930000000,63.141403180
17.940000000,63.119199785
17.950000000,63.268023618
17.960000000,63.200047135
17.970000000,62.716213391
17.980000000,64.201008708
17.990000000,63.524644792
18.000000000,63.066315108
18.010000000,63.036851420
18.020000000,63.288932191
18.030000000,62.883494176
18.040000000,63.272698122
18.050000000,62.807296595
18.060000000,63.213210023
18.070000000,63.007719947
18.080000000,62.642753682
18.090000000,63.290852811
18.100000000,63.948229138
18.110000000,63.577556272
18.120000000,62.910780085
18.130000000,63.629529481
18.140000000,63.852439514
18.150000000,62.510945378
18.160000000,61.875846281
18.170000000,63.136391825
18.180000000,62.328943600
18.190000000,63.341872589
18.200000000,62.184072844
18.210000000,63.529400262
18.220000000,62.953327601
18.230000000,62.946772814
18.240000000,61.958199366
18.250000000,61.606735971
18.260000000,63.057419227
18.270000000,62.885045779
18.280000000,62.878201565
18.290000000,63.018340947
18.300000000,62.461992239
18.310000000,63.335801560
18.320000000,62.507628444
18.330000000,62.286658271
18.340000000,62.729073920
18.350000000,62.641686692
18.360000000,62.274284055
18.370000000,62.295706633
18.380000000,62.393283262
18.390000000,61.396912441
18.400000000,62.825338150
18.410000000,63.205598394
18.420000000,61.897477392
18.430000000,62.209173474
18.440000000,62.009173646
18.450000000,62.081185599
18.460000000,62.461625671
18.470000000,61.822953678
18.480000000,62.975376833
18.490000000,62.268310212
18.500000000,61.650611766
18.510000000,62.863182712
18.520000000,63.229210453
18.530000000,61.412489337
18.540000000,62.286789119
18.550000000,62.390348451
18.560000000,61.195624774
18.570000000,61.553469359
18.580000000,61.482488432
18.590000000,62.071637806
18.600000000,62.823625434
18.610000000,61.593110411
18.620000000,61.622432712
18.630000000,62.103598693
18.640000000,61.634609438
18.650000000,62.301933033
18.660000000,62.179197017
18.670000000,61.933144512
18.680000000,62.736101072
18.690000000,61.251878798
18.700000000,61.259623962
18.710000000,61.938658797
18.720000000,61.095908583
18.730000000,61.702219025
18.740000000,61.654303519
18.750000000,61.467342081
18.760000000,62.684699008
18.770000000,61.988627234
18.780000000,61.657764017
18.790000000,62.192698059
18.800000000,62.043223031
18.810000000,61.552944381
18.820000000,60.671308241
18.830000000,61.543382975
18.840000000,60.606546170
18.850000000,61.815533221
18.860000000,62.599062652
18.870000000,60.929696221
18.880000000,61.652148714
18.890000000,61.764745855
18.900000000,60.302042273
18.910000000,59.985435953
18.920000000,60.858773209
18.930000000,61.183764396
18.940000000,60.907378234
18.950000000,61.093240054
18.960000000,61.737559453
18.970000000,60.708219540
18.980000000,61.597802439
18.990000000,62.173512156
19.000000000,62.524035835
19.010000000,61.665274313
19.020000000,61.137454441
19.030000000,61.635853311
19.040000000,60.496741811
19.050000000,60.731912723
19.060000000,61.246971244
19.070000000,62.005299469
19.080000000,61.665670286
19.090000000,60.848278528
19.100000000,61.197529948
19.110000000,60.549201966
19.120000000,60.778147082
19.130000000,60.535030968
19.140000000,60.990313981
19.150000000,60.525239526
19.160000000,60.639352590
19.170000000,60.886913742
19.180000000,60.653004763
19.190000000,60.364615974
19.200000000,59.863277346
19.210000000,61.069917926
19.220000000,60.634416461
19.230000000,61.083926360
19.240000000,60.121317121
19.250000000,61.076661452
19.260000000,59.518537881
19.270000000,61.099944915
19.280000000,59.876554476
19.290000000,60.992932527
19.300000000,60.978386769
19.310000000,60.034082886
19.320000000,61.066246213
19.330000000,60.915791325
19.340000000,60.129259746
19.350000000,61.047541660
19.360000000,60.358226072
19.370000000,60.685793783
19.380000000,59.913664992
19.390000000,59.812528798
19.400000000,60.017997389
19.410000000,60.353141918
19.420000000,60.968270331
19.430000000,60.019012230
19.440000000,61.025515697
19.450000000,60.417495715
19.460000000,60.474046603
19.470000000,60.945904259
19.480000000,59.844060940
19.490000000,60.030505149
19.500000000,60.101372114
19.510000000,60.445252240
19.520000000,60.334741893
19.530000000,60.858139458
19.540000000,60.116974409
19.550000000,59.668326947
19.560000000,60.369836556
19.570000000,59.614701449
19.580000000,59.880514009
19.590000000,59.343005707
19.600000000,59.921493923
19.610000000,60.388567038
19.620000000,59.460159413
19.630000000,60.433725750
19.640000000,59.704701950
19.650000000,59.004133408
19.660000000,59.574405083
19.670000000,59.821181055
19.680000000,60.102347125
19.690000000,59.463691160
19.700000000,59.465534958
19.710000000,59.138007267
19.720000000,60.479514961
19.730000000,60.021736074
19.740000000,60.642079966
19.750000000,59.927834728
19.760000000,60.899004666
19.770000000,59.655729622
19.780000000,59.811651339
19.790000000,59.863759944
19.800000000,60.194765690
19.810000000,59.639302481
19.820000000,58.735503040
19.830000000,59.648413056
19.840000000,58.823743884
19.850000000,59.995846318
19.860000000,58.664951248
19.870000000,59.142919041
19.880000000,58.284943736
19.890000000,59.233413982
19.900000000,59.429399010
19.910000000,59.475385774
19.920000000,59.938566645
19.930000000,59.566696046
19.940000000,58.627702100
19.950000000,59.706973450
19.960000000,59.568360355
19.970000000,59.748749064
19.980000000,58.070725096
19.990000000,58.837181208
20.000000000,59.276258741
20.010000000,58.484994468
20.020000000,58.576420302
20.030000000,60.202938326
20.040000000,58.449125235
20.050000000,58.675957206
20.060000000,59.511736790
20.070000000,58.840320348
20.080000000,59.684875938
20.090000000,58.987157188
20.100000000,58.307873182
20.110000000,59.084779369
20.120000000,58.544386545
20.130000000,59.109718434
20.140000000,58.813185621
20.150000000,58.558810364
20.160000000,58.753965248
20.170000000,58.473302580
20.180000000,59.038340311
20.190000000,58.417717415
20.200000000,58.229414498
20.210000000,59.606575566
20.220000000,59.084779350
20.230000000,57.830612617
20.240000000,58.359981682
20.250000000,58.858571975
20.260000000,58.811122436
20.270000000,58.329041142
20.280000000,58.481679503
20.290000000,58.091901130
20.300000000,58.273834524
20.310000000,58.988944836
20.320000000,57.705011592
20.330000000,58.177131259
20.340000000,58.822698673
20.350000000,58.864366084
20.360000000,58.193594536
20.370000000,58.039054128
20.380000000,58.069525398
20.390000000,58.892297405
20.400000000,58.428701697
20.410000000,58.516091949
20.420000000,57.804135246
20.430000000,58.143830536
20.440000000,59.010487875
20.450000000,58.621063494
20.460000000,58.365714548
20.470000000,58.586682039
20.480000000,58.110587762
20.490000000,59.025467026
20.500000000,57.850660579
20.510000000,58.598556167
20.520000000,58.379663033
20.530000000,58.634326865
20.540000000,58.425167078
20.550000000,58.644671821
20.560000000,57.832725453
20.570000000,58.346093151
20.580000000,57.486288040
20.590000000,57.786364509
20.600000000,57.232805761
20.610000000,57.611133672
20.620000000,58.382017502
20.630000000,56.642917639
20.640000000,57.744537933
20.650000000,58.398106032
20.660000000,59.388796517
20.670000000,58.168131366
20.680000000,58.224586980
20.690000000,57.410568700
20.700000000,57.779451096
20.710000000,58.670135967
20.720000000,57.637337924
20.730000000,56.830239028
20.740000000,58.364857466
20.750000000,58.957302400
20.760000000,57.886497188
20.770000000,57.541733595
20.780000000,57.429979822
20.790000000,58.138714402
20.800000000,57.659947678
20.810000000,58.238171032
20.820000000,56.585841326
20.830000000,58.433980019
20.840000000,57.954557796
20.850000000,57.106442303
20.860000000,57.749339491
20.870000000,58.193396270
20.880000000,58.204126664
20.890000000,58.330204300
20.900000000,57.287349389
20.910000000,57.997265257
20.920000000,57.824168780
20.930000000,57.489718870
20.940000000,58.320353563
20.950000000,57.710458322
20.960000000,57.816182994
20.970000000,57.408606896
20.980000000,56.914394125
20.990000000,57.227892683
21.000000000,56.371981649
21.010000000,57.812002170
21.020000000,57.624085845
21.030000000,56.844026153
21.040000000,58.117305730
21.050000000,57.677416576
21.060000000,57.773461664
21.070000000,57.681541773
21.080000000,57.376160125
21.090000000,57.367178983
21.100000000,56.977171170
21.110000000,57.744706404
21.120000000,57.900914131
21.130000000,57.395393902
21.140000000,57.057640969
21.150000000,56.319162423
21.160000000,56.772967599
21.170000000,57.497951459
21.180000000,56.112321954
21.190000000,57.942138821
21.200000000,57.657539945
21.210000000,57.114083571
21.220000000,57.131178551
21.230000000,56.874685101
21.240000000,56.337291056
21.250000000,57.598994898
21.260000000,58.126233158
21.270000000,57.169083796
21.280000000,57.339645378
21.290000000,56.870676657
21.300000000,56.849586878
21.310000000,57.195213789
21.320000000,57.710775322
21.330000000,56.240694724
21.340000000,55.663856957
21.350000000,56.797995327
21.360000000,56.882958360
21.370000000,57.232392441
21.380000000,56.126390488
21.390000000,56.317707501
21.400000000,57.385893128
21.410000000,57.246734489
21.420000000,56.636394810
21.430000000,56.954207605
21.440000000,56.537547869
21.450000000,55.919164168
21.460000000,55.983417531
21.470000000,56.199598581
21.480000000,55.552866528
21.490000000,55.905384134
21.500000000,56.275096145
21.510000000,56.727178969
21.520000000,56.849460632
21.530000000,56.598609550
21.540000000,55.132992042
21.550000000,56.225749908
21.560000000,56.809560516
21.570000000,56.671953868
21.580000000,57.229235588
21.590000000,56.117895204
21.600000000,55.600792919
21.610000000,55.410861033
21.620000000,56.961938258
21.630000000,56.669804652
21.640000000,56.510271914
21.650000000,55.893790811
21.660000000,56.302995790
21.670000000,56.236032142
21.680000000,57.230267551
21.690000000,56.033048238
21.700000000,57.186928576
21.710000000,56.799234881
21.720000000,55.947936565
21.730000000,55.877168317
21.740000000,56.231797216
21.750000000,56.002052338
21.760000000,56.187209054
21.770000000,55.770428912
21.780000000,55.655629909
21.790000000,55.922623840
21.800000000,55.126487835
21.810000000,55.893319699
21.820000000,56.512430507
21.830000000,55.475717476
21.840000000,55.839737961
21.850000000,56.532804358
21.860000000,55.421925794
21.870000000,55.788847565
21.880000000,55.519875741
21.890000000,56.154380792
21.900000000,55.888426092
21.910000000,55.825607687
21.920000000,56.020466284
21.930000000,55.900573135
21.940000000,55.256744039
21.950000000,56.021381910
21.960000000,56.186373392
21.970000000,55.918624983
21.980000000,55.914973464
21.990000000,55.793478394
22.000000000,55.818922169
22.010000000,55.421598518
22.020000000,56.009586716
22.030000000,55.400224627
22.040000000,54.730656872
22.050000000,55.257949095
22.060000000,54.680058536
22.070000000,54.639609676
22.080000000,54.449224043
22.090000000,54.153863779
22.100000000,54.575351429
22.110000000,54.807014179
22.120000000,53.365712225
22.130000000,53.591020978
22.140000000,53.907896262
22.150000000,53.673314342
22.160000000,52.878738369
22.170000000,52.976636365
22.180000000,52.981458410
22.190000000,52.671637120
22.200000000,53.072919478
22.210000000,52.970731326
22.220000000,52.554862748
22.230000000,52.646817470
22.240000000,52.829694080
22.250000000,51.934139365
22.260000000,52.002999869
22.270000000,52.468663091
22.280000000,51.052513633
22.290000000,50.869264441
22.300000000,50.991843112
22.310000000,50.354807310
22.320000000,51.165412469
22.330000000,51.352410272
22.340000000,51.309965200
22.350000000,49.569946523
22.360000000,50.241515870
22.370000000,49.758402990
22.380000000,50.740127275
22.390000000,49.876888861
22.400000000,49.836594352
22.410000000,49.439346925
22.420000000,49.730315915
22.430000000,48.852628642
22.440000000,49.929632093
22.450000000,49.056694173
22.460000000,49.164547693
22.470000000,49.246664588
22.480000000,47.596506064
22.490000000,48.598446252
22.500000000,49.452715932
22.510000000,48.481369859
22.520000000,47.280056837
22.530000000,48.700270799
22.540000000,48.009127470
22.550000000,47.656594562
22.560000000,47.913179451
22.570000000,47.308676165
22.580000000,47.493560728
22.590000000,47.179867189
22.600000000,46.993156062
22.610000000,46.760881399
22.620000000,47.331201630
22.630000000,47.236414266
22.640000000,46.255507297
22.650000000,47.404478017
22.660000000,45.780575827
22.670000000,46.567655948
22.680000000,46.214474765
22.690000000,45.596133242
22.700000000,45.024914988
22.710000000,45.164414703
22.720000000,46.070116655
22.730000000,45.612701123
22.740000000,45.281193855
22.750000000,45.348046969
22.760000000,45.492232054
22.770000000,45.096053007
22.780000000,45.322044807
22.790000000,44.765312329
22.800000000,43.717447072
22.810000000,44.263642875
22.820000000,44.525557801
22.830000000,43.458637567
22.840000000,43.917799425
22.850000000,42.959349818
22.860000000,44.225085993
22.870000000,44.656510793
22.880000000,43.084285291
22.890000000,43.751557529
22.900000000,42.579680664
22.910000000,43.037403182
22.920000000,42.961054953
22.930000000,42.061399505
22.940000000,42.451691199
22.950000000,43.316290764
22.960000000,42.383619869
22.970000000,42.096076607
22.980000000,42.112735920
22.990000000,41.700891068
23.000000000,41.883168862
23.010000000,41.604793719
23.020000000,40.929728909
23.030000000,40.988637347
23.040000000,40.601905572
23.050000000,41.627814262
23.060000000,41.030186559
23.070000000,40.106575671
23.080000000,40.721401212
23.090000000,40.023674545
23.100000000,39.931747429
23.110000000,40.458957200
23.120000000,40.229611382
23.130000000,40.486845200
23.140000000,40.991327649
23.150000000,38.902353920
23.160000000,39.665998595
23.170000000,39.428352463
23.180000000,39.601652764
23.190000000,38.886325820
23.200000000,39.347781414
23.210000000,38.122363568
23.220000000,38.473551105
23.230000000,38.626727463
23.240000000,38.094934368
23.250000000,37.950397300
23.260000000,37.938156137
23.270000000,38.569795594
23.280000000,37.378421039
23.290000000,38.205669940
23.300000000,37.956584574
23.310000000,37.101319948
23.320000000,36.410528564
23.330000000,36.990336694
23.340000000,37.670099141
23.350000000,36.652813791
23.360000000,36.263802000
23.370000000,36.408224277
23.380000000,36.795228039
23.390000000,36.744629320
23.400000000,35.769710852
23.410000000,34.959042853
23.420000000,35.475210195
23.430000000,35.143539015
23.440000000,35.622731094
23.450000000,35.988071427
23.460000000,34.614023003
23.470000000,34.753216083
23.480000000,34.737777866
23.490000000,34.730814742
23.500000000,35.722595990
23.510000000,35.404642747
23.520000000,34.462090358
23.530000000,34.798360807
23.540000000,32.866003274
23.550000000,34.076148066
23.560000000,33.884468519
23.570000000,34.317648865
23.580000000,34.446605777
23.590000000,32.825525665
23.600000000,33.574141334
23.610000000,34.044799400
23.620000000,33.158592633
23.630000000,33.251561572
23.640000000,32.965398268
23.650000000,32.568282107
23.660000000,32.813755384
23.670000000,32.095227987
23.680000000,32.945530848
23.690000000,32.338509164
23.700000000,32.219167558
23.710000000,33.384872742
23.720000000,31.528930351
23.730000000,30.929736518
23.740000000,31.463650396
23.750000000,31.272392944
23.760000000,30.551152195
23.770000000,31.547726349
23.780000000,31.594516355
23.790000000,31.132395621
23.800000000,30.421904727
23.810000000,30.316988511
23.820000000,30.907975456
23.830000000,30.986114667
23.840000000,30.315735026
23.850000000,29.479527616
23.860000000,30.313915989
23.870000000,29.115955357
23.880000000,30.167755062
23.890000000,29.776402815
23.900000000,29.446352831
23.910000000,28.663945874
23.920000000,29.321138995
23.930000000,28.923668824
23.940000000,29.069696547
23.950000000,28.546452508
23.960000000,27.818684872
23.970000000,28.595407858
23.980000000,28.036936734
23.990000000,27.711083493
24.000000000,28.105995271
24.010000000,28.543928212
24.020000000,27.594813264
24.030000000,27.562874291
24.040000000,27.852621246
24.050000000,27.361478422
24.060000000,26.998728571
24.070000000,26.483273444
24.080000000,26.439255528
24.090000000,27.544687311
24.100000000,26.099786654
24.110000000,26.223162168
24.120000000,26.421029725
24.130000000,26.712166795
24.140000000,26.703131924
24.150000000,26.469022979
24.160000000,26.078758641
24.170000000,25.746868321
24.180000000,25.630579569
24.190000000,26.030008795
24.200000000,24.673422174
24.210000000,24.869327423
24.220000000,25.984382995
24.230000000,24.009455993
24.240000000,24.246884384
24.250000000,24.162794411
24.260000000,25.716897567
24.270000000,24.237079883
24.280000000,24.241679712
24.290000000,23.119812508
24.300000000,23.909279894
24.310000000,24.411914256
24.320000000,23.604462593
24.330000000,23.085256266
24.340000000,23.055259717
24.350000000,23.156509375
24.360000000,23.819669271
24.370000000,23.093658426
24.380000000,22.825040954
24.390000000,22.788846764
24.400000000,22.133021227
24.410000000,22.505253945
24.420000000,23.031706607
24.430000000,22.479870302
24.440000000,22.104444592
24.450000000,22.207070092
24.460000000,22.418188751
24.470000000,22.879220852
24.480000000,20.655281936
24.490000000,21.269321600
24.500000000,22.846159706
24.510000000,20.409849522
24.520000000,21.363522409
24.530000000,20.604976154
24.540000000,21.396952384
24.550000000,21.230516276
24.560000000,20.479926514
24.570000000,20.924056929
24.580000000,20.443643825
24.590000000,20.887068294
24.600000000,20.072338034
24.610000000,19.901249640
24.620000000,19.149612820
24.630000000,19.863725094
24.640000000,19.153875183
24.650000000,19.595072139
24.660000000,19.003541824
24.670000000,19.426806918
24.680000000,18.693627709
24.690000000,18.562742343
24.700000000,17.629814546
24.710000000,18.890211665
24.720000000,18.864551472
24.730000000,18.395327462
24.740000000,17.464035810
24.750000000,18.010714066
24.760000000,18.680664846
24.770000000,17.673207614
24.780000000,17.887699769
24.790000000,17.654588253
24.800000000,17.420576269
24.810000000,17.591258698
24.820000000,17.573687982
24.830000000,17.518852010
24.840000000,16.468454497
24.850000000,16.648017974
24.860000000,16.494302264
24.870000000,16.681500778
24.880000000,16.559455320
24.890000000,16.419554799
24.900000000,16.539476675
24.910000000,16.660079740
24.920000000,16.278797918
24.930000000,16.370116058
24.940000000,15.282348549
24.950000000,15.436749275
24.960000000,15.265937959
24.970000000,15.299170830
24.980000000,14.482391796
24.990000000,14.571776572
25.000000000,14.820523751
25.010000000,13.909252428
25.020000000,15.664568826
25.030000000,14.496504058
25.040000000,14.254801110
25.050000000,14.593531069
25.060000000,14.728384292
25.070000000,14.016013963
25.080000000,14.125731750
25.090000000,13.358939803
25.100000000,13.622380382
25.110000000,12.763741940
25.120000000,14.007366512
25.130000000,14.015258571
25.140000000,12.887070817
25.150000000,12.434301586
25.160000000,12.784879301
25.170000000,12.368869131
25.180000000,12.000458803
25.190000000,12.157022132
25.200000000,11.262404104
25.210000000,12.302575816
25.220000000,12.484734249
25.230000000,11.238357653
25.240000000,11.196644035
25.250000000,12.203328777
25.260000000,11.846509171
25.270000000,11.484191168
25.280000000,11.353900073
25.290000000,10.588301712
25.300000000,10.646748277
25.310000000,10.362401631
25.320000000,10.313338918
25.330000000,10.955060644
25.340000000,11.076391391
25.350000000,10.662654206
25.360000000,10.151696974
25.370000000,10.565425814
25.380000000,9.463777337
25.390000000,9.493186704
25.400000000,9.735630353
25.410000000,9.181174919
25.420000000,8.753145744
25.430000000,9.396716092
25.440000000,9.115006903
25.450000000,9.438422700
25.460000000,8.992512276
25.470000000,8.479509414
25.480000000,7.920716591
25.490000000,8.508269049
25.500000000,8.105555054
25.510000000,7.789791425
25.520000000,8.794637002
25.530000000,7.747202345
25.540000000,7.092723571
25.550000000,7.965993585
25.560000000,8.073780363
25.570000000,7.754591028
25.580000000,7.590717118
25.590000000,6.521724182
25.600000000,6.832955163
25.610000000,6.416253746
25.620000000,6.301484187
25.630000000,6.417243827
25.640000000,6.510856260
25.650000000,6.359880537
25.660000000,5.964014142
25.670000000,6.202337289
25.680000000,6.297105490
25.690000000,6.215146525
25.700000000,5.005857783
25.710000000,5.410727185
25.720000000,5.197567377
25.730000000,5.468669058
25.740000000,5.518756916
25.750000000,5.765121151
25.760000000,5.145081308
25.770000000,5.065187662
25.780000000,4.486589118
25.790000000,3.736275517
25.800000000,4.880125944
25.810000000,4.860839518
25.820000000,4.225365905
25.830000000,3.585542815
25.840000000,3.870785115
25.850000000,3.793461721
25.860000000,3.254116467
25.870000000,3.278418002
25.880000000,3.887682517
25.890000000,2.860523582
25.900000000,3.473219944
25.910000000,2.447013409
25.920000000,2.151949272
25.930000000,1.395286178
25.940000000,2.237553883
25.950000000,1.970368882
25.960000000,2.515423804
25.970000000,1.959310320
25.980000000,2.840068497
25.990000000,1.433889432
26.000000000,1.555664010
26.010000000,1.067667040
26.020000000,0.629194563
26.030000000,1.884904343
26.040000000,0.869230452
26.050000000,1.222150798
26.060000000,2.044879265
26.070000000,-0.062821212
26.080000000,0.718322975
26.090000000,0.205960341
26.100000000,-0.426470480
26.110000000,0.024120983
26.120000000,0.966813075
26.130000000,-0.315151923
26.140000000,-0.105636402
26.150000000,-0.020080476
26.160000000,-0.732591277
26.170000000,-0.453549775
26.180000000,0.098963557
26.190000000,0.864328536
26.200000000,-0.017687337
26.210000000,0.517480715
26.220000000,0.081155559
26.230000000,0.629000764
26.240000000,0.841139984
26.250000000,-0.481276646
26.260000000,-0.437212338
26.270000000,-1.002381134
26.280000000,-0.127205969
26.290000000,0.355128047
26.300000000,-1.023543214
26.310000000,0.221856183
26.320000000,0.025741931
26.330000000,0.432684879
26.340000000,0.410243650
26.350000000,1.215298975
26.360000000,0.325254243
26.370000000,-0.133731456
26.380000000,0.064170571
26.390000000,-0.621327241
26.400000000,0.681340725
26.410000000,-0.524068318
26.420000000,0.353423189
26.430000000,0.738001268
26.440000000,-0.105343976
26.450000000,0.611316480
26.460000000,0.590507725
26.470000000,-0.290587422
26.480000000,0.311258718
26.490000000,-0.402513643
26.500000000,0.322313176
26.510000000,0.371627670
26.520000000,0.032273789
26.530000000,-0.009360863
26.540000000,0.358967974
26.550000000,0.472218813
26.560000000,-0.544532339
26.570000000,0.773101130
26.580000000,-0.867647635
26.590000000,-0.157730375
26.600000000,-0.424259418
26.610000000,-0.515927296
26.620000000,0.343480978
26.630000000,0.242985940
26.640000000,-0.216253285
26.650000000,-0.417435405
26.660000000,0.121598608
26.670000000,0.095276627
26.680000000,0.185223747
26.690000000,0.733481231
26.700000000,0.269365543
26.710000000,-0.573603140
26.720000000,0.359875531
26.730000000,0.131073720
26.740000000,-0.192749543
26.750000000,-0.506248516
26.760000000,0.380482052
26.770000000,-1.095806748
26.780000000,-0.061086683
26.790000000,0.208732546
26.800000000,0.218953547
26.810000000,-0.140601885
26.820000000,-0.655552414
26.830000000,0.293471348
26.840000000,-0.091310823
26.850000000,-0.177137397
26.860000000,0.951004329
26.870000000,-0.577410964
26.880000000,0.711336286
26.890000000,-0.405766586
26.900000000,0.338618526
26.910000000,0.029146012
26.920000000,-0.522497465
26.930000000,0.351649851
26.940000000,1.260022778
26.950000000,-0.028737321
26.960000000,0.108594994
26.970000000,-0.025014103
26.980000000,-0.616273730
26.990000000,0.360372576
27.000000000,0.535527477
27.010000000,-0.284886071
27.020000000,1.000534440
27.030000000,0.780898517
27.040000000,1.007181178
27.050000000,0.218672668
27.060000000,0.419622636
27.070000000,1.487093793
27.080000000,0.396888003
27.090000000,0.005132334
27.100000000,1.486841888
27.110000000,1.046352653
27.120000000,0.738671923
27.130000000,0.877510937
27.140000000,1.148317931
27.150000000,0.226039450
27.160000000,1.528385867
27.170000000,1.214771758
27.180000000,1.629928128
27.190000000,2.092956733
27.200000000,1.571948484
27.210000000,2.040217163
27.220000000,2.349873319
27.230000000,1.871639070
27.240000000,1.656434769
27.250000000,3.187038003
27.260000000,1.768163008
27.270000000,2.337711410
27.280000000,2.552053365
27.290000000,1.589200200
27.300000000,3.038169475
27.310000000,3.153305821
27.320000000,2.993573188
27.330000000,3.297586491
27.340000000,2.834552371
27.350000000,2.983339377
27.360000000,2.826596988
27.370000000,2.650980499
27.380000000,2.569588613
27.390000000,2.486576498
27.400000000,2.737808389
27.410000000,2.494705246
27.420000000,3.304260042
27.430000000,3.571039270
27.440000000,3.755642340
27.450000000,4.196060376
27.460000000,3.721826119
27.470000000,4.523750162
27.480000000,2.874486204
27.490000000,3.855311097
27.500000000,4.025214014
27.510000000,4.269619529
27.520000000,4.113497024
27.530000000,4.713940312
27.540000000,4.490248300
27.550000000,4.310389190
27.560000000,4.767360327
27.570000000,4.767178902
27.580000000,5.317769906
27.590000000,4.909414959
27.600000000,4.378137026
27.610000000,5.221317486
27.620000000,5.448707221
27.630000000,5.102614489
27.640000000,5.434176836
27.650000000,5.781900617
27.660000000,4.675594023
27.670000000,6.253647532
27.680000000,4.553895872
27.690000000,5.407162747
27.700000000,5.971108153
27.710000000,6.224674084
27.720000000,6.243283240
27.730000000,6.257056351
27.740000000,6.320233636
27.750000000,6.491740369
27.760000000,5.777163387
27.770000000,6.103054331
27.780000000,5.666937495
27.790000000,7.241688237
27.800000000,6.409670512
27.810000000,7.241412729
27.820000000,7.025798835
27.830000000,7.354078043
27.840000000,6.712636393
27.850000000,8.201930038
27.860000000,7.109559917
27.870000000,7.604415995
27.880000000,7.189179871
27.890000000,7.943069771
27.900000000,7.553253234
27.910000000,6.730081126
27.920000000,8.624157106
27.930000000,7.709211502
27.940000000,7.365485685
27.950000000,7.552728516
27.960000000,7.257540298
27.970000000,8.276025306
27.980000000,7.628541995
27.990000000,7.970005073
28.000000000,7.633855312
28.010000000,8.233866440
28.020000000,7.829074443
28.030000000,9.221249820
28.040000000,8.722254309
28.050000000,8.006123127
28.060000000,8.782448212
28.070000000,8.825362484
28.080000000,9.811052285
28.090000000,9.369008832
28.100000000,8.560806954
28.110000000,8.984757018
28.120000000,8.382864205
28.130000000,8.929470162
28.140000000,9.666992622
28.150000000,9.495531073
28.160000000,9.624662516
28.170000000,10.074851265
28.180000000,9.942127759
28.190000000,9.829720836
28.200000000,10.504965061
28.210000000,10.687891538
28.220000000,9.927288158
28.230000000,9.154955446
28.240000000,9.575917687
28.250000000,9.730877569
28.260000000,11.027410309
28.270000000,10.613207384
28.280000000,10.013593826
28.290000000,10.805846534
28.300000000,11.404172618
28.310000000,10.598617027
28.320000000,10.757628093
28.330000000,10.582176110
28.340000000,10.192129964
28.350000000,10.298401051
28.360000000,11.849326137
28.370000000,11.497023710
28.380000000,10.286692335
28.390000000,11.109855153
28.400000000,11.212880243
28.410000000,12.171469873
28.420000000,11.514023994
28.430000000,12.127623956
28.440000000,12.252680089
28.450000000,11.988466030
28.460000000,12.517417119
28.470000000,12.538013806
28.480000000,11.056998552
28.490000000,11.516455078
28.500000000,12.624272759
28.510000000,12.081241815
28.520000000,11.717356410
28.530000000,12.155671611
28.540000000,13.312004809
28.550000000,12.258300615
28.560000000,13.006889409
28.570000000,13.226788221
28.580000000,13.159772033
28.590000000,12.308218509
28.600000000,12.815445590
28.610000000,12.669064038
28.620000000,14.052338153
28.630000000,12.910895562
28.640000000,13.457174436
28.650000000,12.908523171
28.660000000,13.009471079
28.670000000,13.732440284
28.680000000,12.794354018
28.690000000,13.969224049
28.700000000,13.755506487
28.710000000,13.718639831
28.720000000,13.664186562
28.730000000,13.700466588
28.740000000,13.792033034
28.750000000,13.760522169
28.760000000,14.142408468
28.770000000,14.085152052
28.780000000,15.382479121
28.790000000,15.493876135
28.800000000,14.426409341
28.810000000,14.235416091
28.820000000,14.287090527
28.830000000,14.147576573
28.840000000,14.838360863
28.850000000,15.133457474
28.860000000,14.583622328
28.870000000,16.266843334
28.880000000,15.486435758
28.890000000,15.078319024
28.900000000,15.149678351
28.910000000,14.889243611
28.920000000,15.969347072
28.930000000,16.180975565
28.940000000,16.278069691
28.950000000,16.413282323
28.960000000,15.570806104
28.970000000,16.614044367
28.980000000,16.019352171
28.990000000,16.164107830
29.000000000,16.563449731
29.010000000,16.991514441
29.020000000,16.875930707
29.030000000,16.285253504
29.040000000,16.257042819
29.050000000,17.749154577
29.060000000,17.481727757
29.070000000,16.468283774
29.080000000,17.308170479
29.090000000,17.695896159
29.100000000,17.276849913
29.110000000,17.664686027
29.120000000,17.078334657
29.130000000,17.341262231
29.140000000,17.688179125
29.150000000,19.055425798
29.160000000,16.709870563
29.170000000,18.447618736
29.180000000,17.827094773
29.190000000,17.702016047
29.200000000,17.024775878
29.210000000,18.252210669
29.220000000,17.134799892
29.230000000,18.008629058
29.240000000,18.545931841
29.250000000,17.717288985
29.260000000,17.567829778
29.270000000,18.288679718
29.280000000,18.817810532
29.290000000,18.727338468
29.300000000,19.088181064
29.310000000,18.499272658
29.320000000,19.120900706
29.330000000,18.894566421
29.340000000,19.147514155
29.350000000,19.615892259
29.360000000,18.912441909
29.370000000,19.384989599
29.380000000,19.024851957
29.390000000,19.369704315
29.400000000,19.812570548
29.410000000,20.107872488
29.420000000,19.795861714
29.430000000,20.269982493
29.440000000,19.936205865
29.450000000,20.700672393
29.460000000,20.370213258
29.470000000,19.953336101
29.480000000,19.503430002
29.490000000,20.219754486
29.500000000,21.287763707
29.510000000,20.364438622
29.520000000,19.623720301
29.530000000,20.755437073
29.540000000,20.428624654
29.550000000,20.522051078
29.560000000,20.831395749
29.570000000,21.172170677
29.580000000,21.002003385
29.590000000,21.469707887
29.600000000,22.043032450
29.610000000,21.144352130
29.620000000,21.118113491
29.630000000,21.633785504
29.640000000,20.648567502
29.650000000,21.391990592
29.660000000,22.187824806
29.670000000,22.468507884
29.680000000,20.924558848
29.690000000,22.243516297
29.700000000,21.924347369
29.710000000,21.797822149
29.720000000,22.029808446
29.730000000,23.166833204
29.740000000,22.956801562
29.750000000,22.834017557
29.760000000,22.871340051
29.770000000,22.155338685
29.780000000,22.817500296
29.790000000,22.592083951
29.800000000,22.918024190
29.810000000,23.297460928
29.820000000,22.333021456
29.830000000,23.131897025
29.840000000,22.860461475
29.850000000,22.870492930
29.860000000,23.056488134
29.870000000,21.839340745
29.880000000,23.632735158
29.890000000,24.044494740
29.900000000,24.432519132
29.910000000,23.977461454
29.920000000,24.504399068
29.930000000,23.704092423
29.940000000,24.903555627
29.950000000,23.560402009
29.960000000,23.688154391
29.970000000,24.479627231
29.980000000,24.295192353
29.990000000,24.044770018
30.000000000,24.379815312
30.010000000,23.756549767
30.020000000,24.724558230
30.030000000,25.405955850
30.040000000,25.395522298
30.050000000,25.353719039
30.060000000,24.856446276
30.070000000,24.185516980
30.080000000,25.171496593
30.090000000,24.951913331
30.100000000,25.042012294
30.110000000,25.237625045
30.120000000,24.471547902
30.130000000,26.045241691
30.140000000,24.477815627
30.150000000,25.419746740
30.160000000,26.083531933
30.170000000,25.844813722
30.180000000,25.800220802
30.190000000,26.003891036
30.200000000,26.509311571
30.210000000,25.802334887
30.220000000,26.020751709
30.230000000,25.881725910
30.240000000,26.049869792
30.250000000,26.564084800
30.260000000,26.638082716
30.270000000,27.024588249
30.280000000,26.332198707
30.290000000,26.803035228
30.300000000,27.562912918
30.310000000,26.555792223
30.320000000,26.615328639
30.330000000,26.446185984
30.340000000,27.459297621
30.350000000,26.056474215
30.360000000,26.756806870
30.370000000,26.819202567
30.380000000,27.955783553
30.390000000,26.855616797
30.400000000,26.995837510
30.410000000,26.914647333
30.420000000,27.794234135
30.430000000,28.418449426
30.440000000,27.294764840
30.450000000,28.332639582
30.460000000,29.094042813
30.470000000,28.628800513
30.480000000,28.264387339
30.490000000,27.547488205
30.500000000,28.573861243
30.510000000,29.176296528
30.520000000,29.204726358
30.530000000,28.467508746
30.540000000,28.218186951
30.550000000,28.775225639
30.560000000,28.772535704
30.570000000,28.854641710
30.580000000,29.256695528
30.590000000,28.790194992
30.600000000,28.850396228
30.610000000,29.670942286
30.620000000,28.600087662
30.630000000,29.757594999
30.640000000,29.709919577
30.650000000,29.740571257
30.660000000,29.374470959
30.670000000,30.339083080
30.680000000,30.425684561
30.690000000,29.353992064
30.700000000,29.325975077
30.710000000,29.713095457
30.720000000,30.241005202
30.730000000,29.803903774
30.740000000,30.701816153
30.750000000,30.135098450
30.760000000,31.289109961
30.770000000,30.795569441
30.780000000,30.629913079
30.790000000,30.233014032
30.800000000,30.504150017
30.810000000,29.947287249
30.820000000,30.756739344
30.830000000,30.991559670
30.840000000,31.197158575
30.850000000,30.989401619
30.860000000,31.380911902
30.870000000,31.591899118
30.880000000,31.173418379
30.890000000,32.398890309
30.900000000,31.242537825
30.910000000,32.014435814
30.920000000,31.267247008
30.930000000,32.154074463
30.940000000,31.046570308
30.950000000,31.644413344
30.960000000,32.186145966
30.970000000,32.039685118
30.980000000,31.889842911
30.990000000,32.537943464
31.000000000,32.611164442
31.010000000,32.651179150
31.020000000,32.137387920
31.030000000,32.585915942
31.040000000,32.867372574
31.050000000,32.161977489
31.060000000,33.337248321
31.070000000,33.202579563
31.080000000,32.407293602
31.090000000,33.120747071
31.100000000,33.285066558
31.110000000,32.448422842
31.120000000,32.748907895
31.130000000,33.756526077
31.140000000,33.139304562
31.150000000,32.940129455
31.160000000,33.124473410
31.170000000,33.500903951
31.180000000,33.103776287
31.190000000,33.255683217
31.200000000,33.466135614
31.210000000,33.375765411
31.220000000,34.365391217
31.230000000,34.091426685
31.240000000,33.578036859
31.250000000,32.951904230
31.260000000,34.138778178
31.270000000,34.600218228
31.280000000,33.698767184
31.290000000,34.839906732
31.300000000,33.502090933
31.310000000,33.838817092
31.320000000,34.514352662
31.330000000,35.245046959
31.340000000,35.797578328
31.350000000,34.350392833
31.360000000,36.089258180
31.370000000,35.139844098
31.380000000,34.617871364
31.390000000,35.108754389
31.400000000,36.152772385
31.410000000,34.770283831
31.420000000,35.661098151
31.430000000,34.797502622
31.440000000,36.858679844
31.450000000,35.494623629
31.460000000,35.782032861
31.470000000,36.505432203
31.480000000,35.820754506
31.490000000,35.261590500
31.500000000,36.478221473
31.510000000,35.431033219
31.520000000,36.814631611
31.530000000,34.838804087
31.540000000,36.086647872
31.550000000,36.347182133
31.560000000,36.766189104
31.570000000,36.740429381
31.580000000,36.187547294
31.590000000,37.595191899
31.600000000,35.641963673
31.610000000,36.333097969
31.620000000,37.559875959
31.630000000,37.150241601
31.640000000,37.116705044
31.650000000,37.574170117
31.660000000,38.391899505
31.670000000,36.603356529
31.680000000,36.970116484
31.690000000,36.995992048
31.700000000,37.613006465
31.710000000,37.470210401
31.720000000,38.006658630
31.730000000,37.256908154
31.740000000,38.194180006
31.750000000,38.810868262
31.760000000,39.238111458
31.770000000,37.971437957
31.780000000,38.845078533
31.790000000,38.181455603
31.800000000,38.353877673
31.810000000,37.236844213
31.820000000,38.470581304
31.830000000,37.963055106
31.840000000,38.565619633
31.850000000,39.149473357
31.860000000,39.858834144
31.870000000,38.599261712
31.880000000,39.419235517
31.890000000,38.695118176
31.900000000,38.844181137
31.910000000,39.753559598
31.920000000,39.037462445
31.930000000,39.334504585
31.940000000,39.569003716
31.950000000,40.117382133
31.960000000,38.845515685
31.970000000,39.270755045
31.980000000,39.190756049
31.990000000,40.312556225
32.000000000,39.960896110
32.010000000,40.936455066
32.020000000,40.360203907
32.030000000,40.652056327
32.040000000,40.084918664
32.050000000,40.708734302
32.060000000,39.785148451
32.070000000,40.019838845
32.080000000,39.434892437
32.090000000,40.601951193
32.100000000,40.055761504
32.110000000,41.800223406
32.120000000,40.924200792
32.130000000,40.836539633
32.140000000,40.982460624
32.150000000,40.879426793
32.160000000,41.353151757
32.170000000,41.274231716
32.180000000,41.704855273
32.190000000,40.697226405
32.200000000,41.537731258
32.210000000,41.123881387
32.220000000,41.435771139
32.230000000,42.009143961
32.240000000,41.979998625
32.250000000,41.423735231
32.260000000,41.230768097
32.270000000,40.905508697
32.280000000,42.008727339
32.290000000,42.153002201
32.300000000,42.947442630
32.310000000,42.675826526
32.320000000,42.494527476
32.330000000,40.974874205
32.340000000,42.477456632
32.350000000,41.828739957
32.360000000,42.787788851
32.370000000,41.721979361
32.380000000,42.499300557
32.390000000,43.128610356
32.400000000,42.520587068
32.410000000,42.783709326
32.420000000,42.433132276
32.430000000,43.753181110
32.440000000,43.173532141
32.450000000,43.669471270
32.460000000,42.997087159
32.470000000,43.528376687
32.480000000,44.209034590
32.490000000,43.330039280
32.500000000,43.409753469
32.510000000,42.601395166
32.520000000,44.290844711
32.530000000,43.703417208
32.540000000,45.052446680
32.550000000,43.911770880
32.560000000,44.813368420
32.570000000,44.180976806
32.580000000,43.912541971
32.590000000,44.327900779
32.600000000,45.140636299
32.610000000,44.046173084
32.620000000,43.651953446
32.630000000,44.844001246
32.640000000,44.406975495
32.650000000,45.125796792
32.660000000,45.200671248
32.670000000,45.537048104
32.680000000,44.665829351
32.690000000,45.624088618
32.700000000,45.675323329
32.710000000,44.528994500
32.720000000,45.742723964
32.730000000,45.532600434
32.740000000,45.249500951
32.750000000,45.975687120
32.760000000,45.006554089
32.770000000,46.448228246
32.780000000,45.969969600
32.790000000,45.378341580
32.800000000,46.857424826
32.810000000,45.716686965
32.820000000,46.217722337
32.830000000,47.136343143
32.840000000,45.956668155
32.850000000,46.449585965
32.860000000,45.559297894
32.870000000,46.749874286
32.880000000,45.776597567
32.890000000,46.988312687
32.900000000,46.905753270
32.910000000,47.015796213
32.920000000,46.308342234
32.930000000,45.930312817
32.940000000,46.677588877
32.950000000,47.570900562
32.960000000,46.486636585
32.970000000,47.605329544
32.980000000,47.768107664
32.990000000,47.042506118
33.000000000,47.599361279
33.010000000,47.008869264
33.020000000,47.390819687
33.030000000,47.193551886
33.040000000,47.413264085
33.050000000,47.062619760
33.060000000,47.834864362
33.070000000,47.640827627
33.080000000,48.039425818
33.090000000,48.601999961
33.100000000,47.766526119
33.110000000,47.399729423
33.120000000,48.812002079
33.130000000,49.478462892
33.140000000,48.903538498
33.150000000,48.043219225
33.160000000,48.301969364
33.170000000,47.795472612
33.180000000,48.338434197
33.190000000,48.330897294
33.200000000,47.706321978
33.210000000,48.760806198
33.220000000,49.107417436
33.230000000,50.414400647
33.240000000,49.717383627
33.250000000,49.384913095
33.260000000,48.770846107
33.270000000,50.104692962
33.280000000,49.151042574
33.290000000,49.185873754
33.300000000,50.401193809
33.310000000,48.970246156
33.320000000,48.910487922
33.330000000,49.486767083
33.340000000,50.221624623
33.350000000,50.773802682
33.360000000,50.234213029
33.370000000,49.962466251
33.380000000,48.912609165
33.390000000,49.767868076
33.400000000,50.472600974
33.410000000,50.177530432
33.420000000,49.936365592
33.430000000,49.551996753
33.440000000,50.315543468
33.450000000,49.609918912
33.460000000,50.745850533
33.470000000,50.793527217
33.480000000,51.767508362
33.490000000,50.210857705
33.500000000,50.601766935
33.510000000,50.317983301
33.520000000,51.716624869
33.530000000,50.815434503
33.540000000,51.420430302
33.550000000,52.631590983
33.560000000,52.012240759
33.570000000,51.252427145
33.580000000,51.391388282
33.590000000,51.840245285
33.600000000,52.022145466
33.610000000,52.570448172
33.620000000,51.888897895
33.630000000,52.661761116
33.640000000,52.121190158
33.650000000,51.645438745
33.660000000,51.637877400
33.670000000,52.521558415
33.680000000,52.351283698
33.690000000,51.814342398
33.700000000,52.080021719
33.710000000,53.007700299
33.720000000,52.208137271
33.730000000,52.171018392
33.740000000,52.390816663
33.750000000,52.723226380
33.760000000,52.449348473
33.770000000,52.595953513
33.780000000,53.015999550
33.790000000,52.377980929
33.800000000,52.317665904
33.810000000,53.060653270
33.820000000,52.943608146
33.830000000,51.979050948
33.840000000,52.983127829
33.850000000,52.929407357
33.860000000,53.347703564
33.870000000,53.837200407
33.880000000,53.717703814
33.890000000,52.829909758
33.900000000,53.985417811
33.910000000,54.040358681
33.920000000,54.526117805
33.930000000,53.969916470
33.940000000,54.555771535
33.950000000,53.386344364
33.960000000,54.085957002
33.970000000,53.760617155
33.980000000,53.551037812
33.990000000,54.673692746
34.000000000,55.295365141
34.010000000,54.339698749
34.020000000,54.511691298
34.030000000,53.925991096
34.040000000,54.033068051
34.050000000,54.629967222
34.060000000,55.180872914
34.070000000,55.330658141
34.080000000,55.212358701
34.090000000,54.996884492
34.100000000,55.155708384
34.110000000,54.943275230
34.120000000,55.850418516
34.130000000,55.667220074
34.140000000,55.302644454
34.150000000,55.046737253
34.160000000,55.139406602
34.170000000,56.159688463
34.180000000,55.837220820
34.190000000,55.930245946
34.200000000,55.791669905
34.210000000,56.134921659
34.220000000,56.025580897
34.230000000,55.666073471
34.240000000,56.435703648
34.250000000,56.843916173
34.260000000,56.984005496
34.270000000,56.065378762
34.280000000,55.933763625
34.290000000,57.930907853
34.300000000,56.637454269
34.310000000,56.072616192
34.320000000,56.931131314
34.330000000,55.823280351
34.340000000,56.125396306
34.350000000,56.097880180
34.360000000,57.010902299
34.370000000,56.825406480
34.380000000,57.509636037
34.390000000,57.969597986
34.400000000,56.665413529
34.410000000,56.806229433
34.420000000,56.638129191
34.430000000,57.389650516
34.440000000,58.065246882
34.450000000,57.670678049
34.460000000,57.633991756
34.470000000,57.992545676
34.480000000,57.254421454
34.490000000,58.124045125
34.500000000,57.548441767
34.510000000,57.440743409
34.520000000,57.970926652
34.530000000,57.473506207
34.540000000,58.872405722
34.550000000,58.622076897
34.560000000,57.416706365
34.570000000,57.834288974
34.580000000,57.730172006
34.590000000,58.739885829
34.600000000,59.073202949
34.610000000,59.867183088
34.620000000,58.644912861
34.630000000,59.255011352
34.640000000,58.263347119
34.650000000,59.343391255
34.660000000,59.453962011
34.670000000,59.152458857
34.680000000,58.432772325
34.690000000,60.197504205
34.700000000,59.071790167
34.710000000,59.171860023
34.720000000,59.542902003
34.730000000,58.723530338
34.740000000,59.060233057
34.750000000,59.201011014
34.760000000,60.306024930
34.770000000,59.162526830
34.780000000,59.043216319
34.790000000,59.639010464
34.800000000,59.786878940
34.810000000,59.471016969
34.820000000,59.945029041
34.830000000,60.178748368
34.840000000,59.626784655
34.850000000,60.138559200
34.860000000,61.219325218
34.870000000,60.498977345
34.880000000,60.420453262
34.890000000,59.127814861
34.900000000,60.837156368
34.910000000,60.794828213
34.920000000,61.139654496
34.930000000,60.348223787
34.940000000,60.609131563
34.950000000,61.011793900
34.960000000,61.038837186
34.970000000,61.347393471
34.980000000,61.569625232
34.990000000,61.418210510
35.000000000,61.746637874
35.010000000,61.240050508
35.020000000,61.419208937
35.030000000,61.228372733
35.040000000,61.427467659
35.050000000,61.853947666
35.060000000,60.727502278
35.070000000,62.080191830
35.080000000,61.677989798
35.090000000,62.422531215
35.100000000,62.600847379
35.110000000,61.944445361
35.120000000,62.871155916
35.130000000,61.843645102
35.140000000,62.730655546
35.150000000,61.910350476
35.160000000,63.060322724
35.170000000,62.493188362
35.180000000,63.033442588
35.190000000,62.875143648
35.200000000,62.874475925
35.210000000,62.490713859
35.220000000,62.084909908
35.230000000,62.819931327
35.240000000,63.307886605
35.250000000,63.012878656
35.260000000,62.267560552
35.270000000,63.380327965
35.280000000,62.600866848
35.290000000,63.389140739
35.300000000,63.413640416
35.310000000,63.402932778
35.320000000,63.812593727
35.330000000,63.671525770
35.340000000,62.579777208
35.350000000,63.903507339
35.360000000,63.966906137
35.370000000,63.085547355
35.380000000,63.451107266
35.390000000,63.988791967
35.400000000,63.451510952
35.410000000,64.294880735
35.420000000,63.562838776
35.430000000,63.491399484
35.440000000,65.530005533
35.450000000,63.106623813
35.460000000,63.877369898
35.470000000,64.391089872
35.480000000,63.832147836
35.490000000,64.830674297
35.500000000,64.549971775
35.510000000,64.455010809
35.520000000,64.704794996
35.530000000,63.693809861
35.540000000,64.521275401
35.550000000,63.887603215
35.560000000,63.495199986
35.570000000,65.174961761
35.580000000,64.818180101
35.590000000,65.293004098
35.600000000,65.070753858
35.610000000,65.228692303
35.620000000,65.775082802
35.630000000,65.476542575
35.640000000,65.493266295
35.650000000,64.491205994
35.660000000,65.301167677
35.670000000,66.327918740
35.680000000,65.808520956
35.690000000,65.816657704
35.700000000,66.310800671
35.710000000,65.313686020
35.720000000,64.778758618
35.730000000,66.439239012
35.740000000,66.534066301
35.750000000,66.276000204
35.760000000,66.216468972
35.770000000,65.607895319
35.780000000,65.572753854
35.790000000,66.234826590
35.800000000,66.035014277
35.810000000,65.945027384
35.820000000,66.301865587
35.830000000,66.073707924
35.840000000,66.172829598
35.850000000,66.800295617
35.860000000,67.368066192
35.870000000,67.307933526
35.880000000,66.365535239
35.890000000,66.268014772
35.900000000,66.487858227
35.910000000,68.024806626
35.920000000,67.531810994
35.930000000,67.118793323
35.940000000,66.925519646
35.950000000,66.651757576
35.960000000,67.443467630
35.970000000,67.342131632
35.980000000,67.859496168
35.990000000,67.972495774
36.000000000,67.902504659
36.010000000,67.475410738
36.020000000,67.636520657
36.030000000,68.146865434
36.040000000,68.122894681
36.050000000,67.991818523
36.060000000,67.742157757
36.070000000,67.960521033
36.080000000,68.239833353
36.090000000,66.976226156
36.100000000,68.659090867
36.110000000,68.874022528
36.120000000,68.279537887
36.130000000,68.377929474
36.140000000,68.307780171
36.150000000,68.407008174
36.160000000,68.823665049
36.170000000,68.495738399
36.180000000,68.579148097
36.190000000,68.828042101
36.200000000,69.338473040
36.210000000,69.125352886
36.220000000,69.265264000
36.230000000,68.598999146
36.240000000,69.750062495
36.250000000,69.339944372
36.260000000,69.395692700
36.270000000,69.813415246
36.280000000,69.994214460
36.290000000,69.947684902
36.300000000,70.071440142
36.310000000,69.781570221
36.320000000,70.330152250
36.330000000,70.115437112
36.340000000,70.827300269
36.350000000,69.762814485
36.360000000,69.925000959
36.370000000,69.606337256
36.380000000,70.887836679
36.390000000,69.603946148
36.400000000,70.247221385
36.410000000,70.351151936
36.420000000,69.745544107
36.430000000,69.876818465
36.440000000,69.789348308
36.450000000,70.435113038
36.460000000,70.339202527
36.470000000,70.063006155
36.480000000,70.613010672
36.490000000,70.659868335
36.500000000,70.486200011
36.510000000,71.083619843
36.520000000,70.258911793
36.530000000,71.152450938
36.540000000,71.111868926
36.550000000,71.529691284
36.560000000,70.545847504
36.570000000,71.319081099
36.580000000,71.570667601
36.590000000,70.708566962
36.600000000,71.461726013
36.610000000,71.021847773
36.620000000,71.456947869
36.630000000,71.917934638
36.640000000,71.820112463
36.650000000,70.844464933
36.660000000,72.322874118
36.670000000,71.450690199
36.680000000,72.373944942
36.690000000,72.157813157
36.700000000,71.962527947
36.710000000,72.075020329
36.720000000,71.757298084
36.730000000,72.789941407
36.740000000,72.421966133
36.750000000,71.863546429
36.760000000,72.650805493
36.770000000,73.039485787
36.780000000,72.574229018
36.790000000,72.465565154
36.800000000,72.105189166
36.810000000,73.144073159
36.820000000,72.961537130
36.830000000,72.830269639
36.840000000,73.487944286
36.850000000,73.460511488
36.860000000,73.147550563
36.870000000,71.834485316
36.880000000,73.216519413
36.890000000,73.068353619
36.900000000,73.445747691
36.910000000,74.339508294
36.920000000,73.613694542
36.930000000,73.803790653
36.940000000,73.304230086
36.950000000,73.140041422
36.960000000,73.945010003
36.970000000,74.314671053
36.980000000,73.661080580
36.990000000,73.478612919
37.000000000,73.349645691
37.010000000,75.032545678
37.020000000,73.855420393
37.030000000,73.404568229
37.040000000,74.279050571
37.050000000,74.225238189
37.060000000,73.636493981
37.070000000,74.386859345
37.080000000,74.779638416
37.090000000,73.089093316
37.100000000,74.181234949
37.110000000,74.514171840
37.120000000,75.220210033
37.130000000,74.729173287
37.140000000,74.549069169
37.150000000,75.192699601
37.160000000,74.262327750
37.170000000,74.920756013
37.180000000,74.184147490
37.190000000,75.378149476
37.200000000,74.469338128
37.210000000,74.843680547
37.220000000,74.889963990
37.230000000,75.739335873
37.240000000,75.316681876
37.250000000,75.767218551
37.260000000,75.199283690
37.270000000,75.606514478
37.280000000,75.280889111
37.290000000,76.286406555
37.300000000,75.456498789
37.310000000,75.163432126
37.320000000,75.297563873
37.330000000,75.399731048
37.340000000,75.532755546
37.350000000,76.331024846
37.360000000,76.589451597
37.370000000,77.003955211
37.380000000,75.194922971
37.390000000,76.180952851
37.400000000,75.307369642
37.410000000,76.527094056
37.420000000,76.899454745
37.430000000,76.640699246
37.440000000,75.839345945
37.450000000,75.975378610
37.460000000,76.711042457
37.470000000,77.011284253
37.480000000,77.110967456
37.490000000,75.625565373
37.500000000,76.878495057
37.510000000,76.496548296
37.520000000,76.582433599
37.530000000,77.788235400
37.540000000,77.025210753
37.550000000,77.577153028
37.560000000,76.923005560
37.570000000,77.532918793
37.580000000,77.801383823
37.590000000,77.764718210
37.600000000,77.956010884
37.610000000,77.298880245
37.620000000,76.036423346
37.630000000,77.407324628
37.640000000,77.823721237
37.650000000,78.181630988
37.660000000,77.680403914
37.670000000,78.219982151
37.680000000,77.726061271
37.690000000,77.951703380
37.700000000,77.990834276
37.710000000,77.864997488
37.720000000,78.006372574
37.730000000,78.888290745
37.740000000,78.253007807
37.750000000,78.246869179
37.760000000,78.051697936
37.770000000,78.110034624
37.780000000,78.046221306
37.790000000,78.086964278
37.800000000,78.468136247
37.810000000,78.278686207
37.820000000,78.799349618
37.830000000,78.129393078
37.840000000,79.164516389
37.850000000,78.462653022
37.860000000,78.801317989
37.870000000,78.532077571
37.880000000,78.237150056
37.890000000,79.135392469
37.900000000,79.416573862
37.910000000,78.569632904
37.920000000,80.097665377
37.930000000,78.155105212
37.940000000,79.534412689
37.950000000,79.014662607
37.960000000,79.392220317
37.970000000,79.975348304
37.980000000,79.825144980
37.990000000,79.207056249
38.000000000,79.502561306
38.010000000,79.607177684
38.020000000,79.876840621
38.030000000,79.431538719
38.040000000,79.788719643
38.050000000,80.276673157
38.060000000,79.941959030
38.070000000,80.262084339
38.080000000,79.925723286
38.090000000,79.957884081
38.100000000,81.255809730
38.110000000,80.597475377
38.120000000,80.699577171
38.130000000,80.691077599
38.140000000,79.339419140
38.150000000,80.047607469
38.160000000,80.452935327
38.170000000,79.773571582
38.180000000,80.835056961
38.190000000,80.140059783
38.200000000,80.720819712
38.210000000,81.590050337
38.220000000,81.620504256
38.230000000,80.696048013
38.240000000,80.673532882
38.250000000,80.522417020
38.260000000,81.152489761
38.270000000,80.641583906
38.280000000,81.136446975
38.290000000,80.903337577
38.300000000,81.563566249
38.310000000,81.214829210
38.320000000,81.176386497
38.330000000,81.896801328
38.340000000,81.219496431
38.350000000,81.882053315
38.360000000,81.288310003
38.370000000,82.182368486
38.380000000,81.784190576
38.390000000,82.331905109
38.400000000,81.367550654
38.410000000,82.647550297
38.420000000,83.103588619
38.430000000,81.606963273
38.440000000,82.326309905
38.450000000,82.528715669
38.460000000,82.799274485
38.470000000,82.945733776
38.480000000,81.624991542
38.490000000,81.976695112
38.500000000,82.578913314
38.510000000,82.134958258
38.520000000,82.837506423
38.530000000,82.595066817
38.540000000,82.534958054
38.550000000,83.217735718
38.560000000,82.385506422
38.570000000,81.521352362
38.580000000,81.773850365
38.590000000,82.407895467
38.600000000,81.530655748
38.610000000,82.758482421
38.620000000,83.998836793
38.630000000,84.314665608
38.640000000,83.608637349
38.650000000,82.635507415
38.660000000,83.147430813
38.670000000,83.885255909
38.680000000,83.493762212
38.690000000,82.980903691
38.700000000,83.943255915
38.710000000,83.259145332
38.720000000,83.020576833
38.730000000,82.724055400
38.740000000,83.970884350
38.750000000,83.895277985
38.760000000,83.932824279
38.770000000,83.907033578
38.780000000,83.321156492
38.790000000,84.609193825
38.800000000,84.754802571
38.810000000,84.943856736
38.820000000,83.333211799
38.830000000,83.899376451
38.840000000,83.872397856
38.850000000,84.520380482
38.860000000,84.361703413
38.870000000,84.735388928
38.880000000,84.714019845
38.890000000,84.037976921
38.900000000,84.356006415
38.910000000,84.061812128
38.920000000,84.618182473
38.930000000,84.596700259
38.940000000,84.686942322
38.950000000,84.000102153
38.960000000,84.402749660
38.970000000,84.749274061
38.980000000,85.318980126
38.990000000,85.167464811
39.000000000,84.456135508
39.010000000,84.936101073
39.020000000,84.694945067
39.030000000,85.263715392
39.040000000,85.062237377
39.050000000,85.162976788
39.060000000,85.228710640
39.070000000,84.326547281
39.080000000,84.686570927
39.090000000,85.533734971
39.100000000,86.113975194
39.110000000,85.795318895
39.120000000,85.033237004
39.130000000,86.320775423
39.140000000,86.140966381
39.150000000,86.415547307
39.160000000,86.063320685
39.170000000,85.089501635
39.180000000,85.737223242
39.190000000,86.773873442
39.200000000,87.131943785
39.210000000,85.279792247
39.220000000,85.593303336
39.230000000,86.047587086
39.240000000,86.624314482
39.250000000,85.948434899
39.260000000,86.647845332
39.270000000,85.969990529
39.280000000,87.329831241
39.290000000,86.758631658
39.300000000,87.252081304
39.310000000,87.076643078
39.320000000,85.907253753
39.330000000,86.645234327
39.340000000,86.779937699
39.350000000,86.720219421
39.360000000,87.376975149
39.370000000,87.149792219
39.380000000,87.448489901
39.390000000,86.718509694
39.400000000,87.326264782
39.410000000,86.963247574
39.420000000,87.495072679
39.430000000,88.128255454
39.440000000,86.825954585
39.450000000,87.908425082
39.460000000,88.190599222
39.470000000,87.248067628
39.480000000,87.934121145
39.490000000,88.054673007
39.500000000,87.507065220
39.510000000,87.901391715
39.520000000,87.850904758
39.530000000,87.550755779
39.540000000,87.066981209
39.550000000,87.953473115
39.560000000,88.349734544
39.570000000,89.063140927
39.580000000,87.558763230
39.590000000,87.551523151
39.600000000,86.875303205
39.610000000,88.416470866
39.620000000,87.445306807
39.630000000,88.710355118
39.640000000,88.531352584
39.650000000,87.399557778
39.660000000,88.112912450
39.670000000,87.849234686
39.680000000,88.487829729
39.690000000,88.334532813
39.700000000,88.531808200
39.710000000,88.246243400
39.720000000,89.265312097
39.730000000,89.319771982
39.740000000,87.994369760
39.750000000,88.559609924
39.760000000,89.103241177
39.770000000,88.887129567
39.780000000,88.848824190
39.790000000,88.743416297
39.800000000,88.968648990
39.810000000,89.226855724
39.820000000,89.539222601
39.830000000,88.789827333
39.840000000,88.909406524
39.850000000,89.029331189
39.860000000,88.842125746
39.870000000,89.509691743
39.880000000,89.332215615
39.890000000,89.900500257
39.900000000,90.440423641
39.910000000,89.690169015
39.920000000,89.307884446
39.930000000,90.358075321
39.940000000,89.980013650
39.950000000,88.646830386
39.960000000,89.795633385
39.970000000,89.142377374
39.980000000,90.351634745
39.990000000,90.365606378
40.000000000,89.602382978
40.010000000,89.420805378
40.020000000,89.076501256
40.030000000,90.663580478
40.040000000,89.552691839
40.050000000,90.290133637
40.060000000,90.625569881
40.070000000,89.514302430
40.080000000,89.480565916
40.090000000,90.188401201
40.100000000,89.971681011
40.110000000,90.546805556
40.120000000,90.439099213
40.130000000,90.156679856
40.140000000,88.998599345
40.150000000,89.616165996
40.160000000,89.889132167
40.170000000,89.624276330
40.180000000,90.158222112
40.190000000,89.416556011
40.200000000,89.558869232
40.210000000,89.471510112
40.220000000,89.650727976
40.230000000,89.304029897
40.240000000,90.710929254
40.250000000,90.241546602
40.260000000,89.264835664
40.270000000,89.684509200
40.280000000,90.197363271
40.290000000,90.215361699
40.300000000,90.080419761
40.310000000,89.513722541
40.320000000,90.026315345
40.330000000,89.862181420
40.340000000,89.810613550
40.350000000,89.660657793
40.360000000,89.001841672
40.370000000,89.196226510
40.380000000,89.330497761
40.390000000,89.724566554
40.400000000,89.702153412
40.410000000,89.767974158
40.420000000,89.946288285
40.430000000,89.550276972
40.440000000,88.655251229
40.450000000,88.389723859
40.460000000,88.946143355
40.470000000,89.229181132
40.480000000,88.381201984
40.490000000,89.388980735
40.500000000,88.724745532
40.510000000,88.948549344
40.520000000,88.824054163
40.530000000,89.368358211
40.540000000,89.746918889
40.550000000,89.761385705
40.560000000,89.508413000
40.570000000,89.234756813
40.580000000,89.294017202
40.590000000,88.698773362
40.600000000,88.785455926
40.610000000,88.706021192
40.620000000,89.922273694
40.630000000,89.099749194
40.640000000,89.610794653
40.650000000,89.575860029
40.660000000,88.800746088
40.670000000,89.785033091
40.680000000,89.154648368
40.690000000,89.115500525
40.700000000,89.013183432
40.710000000,88.678143064
40.720000000,89.443263926
40.730000000,89.700126524
40.740000000,88.434104594
40.750000000,88.929865469
40.760000000,89.779786140
40.770000000,89.868403793
40.780000000,88.772935159
40.790000000,88.707823677
40.800000000,88.497335875
40.810000000,89.076992027
40.820000000,89.432702263
40.830000000,89.132224692
40.840000000,89.158478662
40.850000000,88.740858759
40.860000000,88.033730181
40.870000000,90.174412347
40.880000000,88.930745466
40.890000000,88.488613353
40.900000000,89.187262799
40.910000000,89.479612178
40.920000000,89.268031480
40.930000000,88.650817239
40.940000000,88.632763514
40.950000000,88.758080468
40.960000000,89.404017586
40.970000000,89.153513973
40.980000000,89.478001585
40.990000000,88.970066097
41.000000000,88.015380177
41.010000000,88.790312548
41.020000000,88.982040148
41.030000000,88.843532623
41.040000000,88.513740233
41.050000000,89.478721084
41.060000000,89.192745688
41.070000000,88.526068024
41.080000000,89.015323872
41.090000000,88.747981894
41.100000000,89.564977155
41.110000000,88.821492166
41.120000000,87.562194667
41.130000000,87.890603273
41.140000000,88.867644501
41.150000000,88.775526901
41.160000000,88.665646603
41.170000000,88.907560225
41.180000000,89.194811894
41.190000000,89.194698951
41.200000000,88.631785396
41.210000000,88.804957849
41.220000000,88.262069345
41.230000000,88.271791523
41.240000000,88.972406667
41.250000000,88.810641768
41.260000000,87.763349770
41.270000000,89.032706676
41.280000000,88.789831619
41.290000000,88.707824636
41.300000000,89.051756987
41.310000000,88.861276464
41.320000000,87.732148305
41.330000000,88.721091909
41.340000000,88.645480331
41.350000000,88.414709183
41.360000000,87.870667268
41.370000000,87.980766147
41.380000000,88.932445806
41.390000000,87.992114289
41.400000000,88.851070119
41.410000000,89.114267539
41.420000000,88.450791834
41.430000000,88.785035583
41.440000000,88.216992238
41.450000000,88.535633465
41.460000000,88.584717432
41.470000000,88.653306726
41.480000000,88.228987311
41.490000000,87.688113379
41.500000000,88.249451385
41.510000000,87.406911615
41.520000000,88.499683446
41.530000000,88.201076937
41.540000000,87.478558070
41.550000000,87.991675820
41.560000000,88.945407399
41.570000000,88.722641616
41.580000000,88.741862106
41.590000000,88.364480144
41.600000000,88.152781389
41.610000000,88.107057174
41.620000000,88.462789832
41.630000000,88.381331790
41.640000000,88.366118521
41.650000000,88.323033132
41.660000000,89.014358502
41.670000000,88.408622438
41.680000000,87.898104521
41.690000000,87.570146170
41.700000000,88.134638175
41.710000000,87.975903664
41.720000000,88.393243460
41.730000000,88.096985769
41.740000000,88.354576795
41.750000000,89.382931282
41.760000000,87.542399760
41.770000000,87.018684612
41.780000000,87.563006211
41.790000000,88.752181872
41.800000000,88.594868598
41.810000000,87.900988281
41.820000000,89.526745785
41.830000000,88.339641233
41.840000000,87.479562061
41.850000000,88.220007602
41.860000000,87.866847743
41.870000000,88.268636309
41.880000000,87.699288819
41.890000000,88.076289235
41.900000000,87.860430791
41.910000000,87.153456250
41.920000000,87.690532985
41.930000000,86.946533956
41.940000000,88.524441698
41.950000000,89.499576541
41.960000000,88.214854483
41.970000000,88.247189000
41.980000000,87.422638853
41.990000000,88.016042993
42.000000000,88.039273149
42.010000000,88.222735176
42.020000000,87.434432978
42.030000000,87.674799076
42.040000000,89.413551904
42.050000000,87.786581365
42.060000000,87.406248389
42.070000000,88.343326875
42.080000000,86.843723896
42.090000000,87.767655681
42.100000000,87.501306280
42.110000000,87.553458497
42.120000000,88.102613736
42.130000000,87.602618828
42.140000000,87.798381352
42.150000000,87.954587355
42.160000000,87.771085073
42.170000000,88.859363913
42.180000000,88.218645640
42.190000000,87.754065237
42.200000000,88.106709174
42.210000000,87.127901559
42.220000000,87.326483429
42.230000000,87.577814631
42.240000000,87.876077448
42.250000000,87.273235633
42.260000000,87.647226003
42.270000000,87.487834575
42.280000000,87.534515947
42.290000000,87.209819543
42.300000000,89.069669233
42.310000000,87.889040637
42.320000000,86.686930041
42.330000000,87.477647728
42.340000000,87.320094563
42.350000000,88.129593265
42.360000000,87.369448742
42.370000000,87.726489963
42.380000000,86.814198179
42.390000000,87.014428234
42.400000000,87.362246522
42.410000000,87.512796286
42.420000000,87.633919040
42.430000000,88.078060398
42.440000000,87.004932656
42.450000000,88.213576138
42.460000000,87.332507188
42.470000000,86.983886922
42.480000000,87.294430699
42.490000000,87.171189047
42.500000000,87.854527862
42.510000000,86.860649394
42.520000000,87.562135332
42.530000000,87.494885665
42.540000000,87.882067945
42.550000000,87.054516654
42.560000000,87.891813544
42.570000000,87.506686577
42.580000000,86.739136823
42.590000000,87.816126315
42.600000000,87.210757749
42.610000000,88.345613730
42.620000000,87.602977128
42.630000000,86.825774737
42.640000000,87.778357813
42.650000000,87.663263681
42.660000000,87.836649525
42.670000000,87.764720651
42.680000000,87.356998597
42.690000000,86.856311737
42.700000000,86.828399644
42.710000000,86.532212654
42.720000000,87.290595603
42.730000000,87.330448891
42.740000000,87.157881592
42.750000000,87.440329654
42.760000000,87.236778539
42.770000000,86.858262212
42.780000000,87.877610497
42.790000000,87.358807950
42.800000000,87.531364850
42.810000000,87.155899523
42.820000000,87.049341809
42.830000000,86.963038573
42.840000000,86.964269034
42.850000000,87.757499360
42.860000000,86.935221247
42.870000000,87.481676902
42.880000000,86.798888902
42.890000000,86.770530484
42.900000000,87.495517005
42.910000000,87.558419974
42.920000000,86.553109018
42.930000000,87.519482770
42.940000000,87.536870921
42.950000000,87.935907380
42.960000000,86.068156110
42.970000000,87.842301799
42.980000000,87.717614020
42.990000000,86.274298150
43.000000000,86.938552119
43.010000000,86.214790728
43.020000000,87.417540429
43.030000000,87.273603755
43.040000000,86.773236358
43.050000000,86.559510992
43.060000000,86.486999781
43.070000000,86.695754114
43.080000000,87.250813448
43.090000000,87.071877790
43.100000000,86.830850717
43.110000000,86.693648514
43.120000000,87.656073136
43.130000000,86.960593743
43.140000000,86.437712328
43.150000000,86.633512050
43.160000000,86.116842966
43.170000000,86.396380719
43.180000000,87.209048248
43.190000000,87.444499828
43.200000000,87.871249401
43.210000000,86.896985566
43.220000000,86.659585848
43.230000000,86.963132078
43.240000000,86.606270504
43.250000000,87.174086501
43.260000000,86.472133878
43.270000000,86.693283621
43.280000000,86.827539093
43.290000000,86.743906227
43.300000000,86.612550183
43.310000000,86.428123216
43.320000000,86.991543113
43.330000000,86.707024867
43.340000000,87.026063448
43.350000000,86.252263271
43.360000000,86.719603510
43.370000000,85.906949218
43.380000000,87.484394667
43.390000000,87.037272083
43.400000000,87.005869752
43.410000000,86.610766802
43.420000000,86.935892564
43.430000000,86.318558081
43.440000000,86.436541018
43.450000000,87.254500673
43.460000000,86.863126701
43.470000000,86.333570391
43.480000000,86.145382892
43.490000000,86.605705368
43.500000000,87.086122240
43.510000000,86.382079382
43.520000000,87.365651776
43.530000000,86.963614644
43.540000000,86.363268850
43.550000000,86.324946482
43.560000000,86.317353944
43.570000000,85.959936045
43.580000000,86.827288404
43.590000000,86.501885891
43.600000000,85.692310294
43.610000000,87.447219344
43.620000000,86.493753260
43.630000000,86.695557678
43.640000000,86.835691134
43.650000000,86.780283574
43.660000000,87.542972827
43.670000000,86.837682507
43.680000000,86.474321864
43.690000000,86.394363394
43.700000000,86.446573893
43.710000000,85.640561752
43.720000000,86.429416726
43.730000000,86.232884545
43.740000000,86.661436926
43.750000000,85.822965090
43.760000000,86.863005220
43.770000000,85.545359081
43.780000000,87.061736351
43.790000000,86.757751735
43.800000000,86.489965908
43.810000000,85.987841758
43.820000000,85.709517097
43.830000000,85.501908228
43.840000000,86.133205535
43.850000000,86.109083818
43.860000000,86.248252300
43.870000000,87.009808113
43.880000000,86.181955874
43.890000000,86.336888612
43.900000000,85.899174184
43.910000000,85.623557044
43.920000000,86.355415440
43.930000000,86.577914870
43.940000000,86.411626921
43.950000000,86.563121730
43.960000000,85.625234857
43.970000000,85.587641705
43.980000000,84.824340702
43.990000000,86.303370899
44.000000000,86.302987931
44.010000000,85.480005351
44.020000000,86.486755466
44.030000000,86.138711371
44.040000000,85.042786343
44.050000000,85.562406043
44.060000000,85.983210107
44.070000000,85.875264399
44.080000000,86.551418046
44.090000000,86.383106031
44.100000000,86.621284533
44.110000000,86.037698512
44.120000000,86.868713883
44.130000000,85.213836051
44.140000000,85.419653246
44.150000000,85.569362415
44.160000000,85.503441703
44.170000000,86.762002660
44.180000000,85.542770194
44.190000000,85.901770006
44.200000000,85.020406785
44.210000000,86.771550466
44.220000000,85.781575804
44.230000000,86.405119872
44.240000000,86.031359459
44.250000000,84.690912672
44.260000000,85.940681029
44.270000000,86.187529659
44.280000000,86.224678497
44.290000000,86.179299164
44.300000000,86.334478943
44.310000000,86.168955576
44.320000000,85.678817360
44.330000000,86.817793937
44.340000000,86.254325274
44.350000000,84.651434718
44.360000000,85.440367565
44.370000000,85.830383760
44.380000000,86.006891449
44.390000000,85.624331629
44.400000000,85.902457364
44.410000000,86.028746204
44.420000000,86.769578410
44.430000000,85.328447811
44.440000000,85.175321860
44.450000000,86.124681883
44.460000000,85.467518866
44.470000000,86.831888322
44.480000000,85.677939085
44.490000000,86.082116955
44.500000000,85.669942208
44.510000000,86.217541740
44.520000000,85.468208223
44.530000000,86.796002840
44.540000000,85.622745672
44.550000000,85.593082430
44.560000000,85.287839713
44.570000000,85.448793454
44.580000000,86.002870759
44.590000000,85.810111999
44.600000000,86.305182192
44.610000000,86.357620306
44.620000000,84.837006344
44.630000000,86.347274574
44.640000000,86.284962962
44.650000000,85.551186458
44.660000000,85.963519636
44.670000000,86.067586042
44.680000000,86.349397611
44.690000000,85.584927789
44.700000000,85.849833516
44.710000000,85.245642645
44.720000000,85.298261157
44.730000000,85.574037327
44.740000000,86.162964692
44.750000000,85.607762511
44.760000000,84.841189652
44.770000000,85.542563520
44.780000000,85.047319484
44.790000000,85.563707785
44.800000000,85.600065455
44.810000000,85.692520226
44.820000000,86.035408474
44.830000000,85.271457201
44.840000000,86.052831707
44.850000000,84.917194719
44.860000000,86.038927168
44.870000000,85.448522426
44.880000000,85.075691965
44.890000000,85.585527753
44.900000000,84.750072668
44.910000000,84.977527477
44.920000000,86.008223657
44.930000000,85.324450135
44.940000000,84.974419544
44.950000000,85.549089082
44.960000000,85.320989693
44.970000000,85.974536619
44.980000000,85.300542786
44.990000000,86.146123330
45.000000000,84.926451764
45.010000000,85.196985129
45.020000000,85.692528167
45.030000000,86.417861087
45.040000000,86.004790480
45.050000000,84.176319909
45.060000000,85.152417064
45.070000000,85.397390115
45.080000000,85.473853372
45.090000000,85.159786422
45.100000000,85.177286195
45.110000000,85.704847752
45.120000000,85.572152182
45.130000000,85.609939566
45.140000000,84.874890431
45.150000000,85.877293571
45.160000000,84.499203075
45.170000000,85.793003051
45.180000000,85.288484154
45.190000000,84.640311737
45.200000000,85.756741971
45.210000000,85.273379049
45.220000000,84.580962876
45.230000000,84.671117877
45.240000000,86.075470684
45.250000000,85.714934263
45.260000000,84.320031959
45.270000000,85.279629681
45.280000000,84.902331843
45.290000000,84.479961444
45.300000000,84.471587976
45.310000000,84.096816949
45.320000000,85.014216094
45.330000000,85.550284821
45.340000000,85.380112688
45.350000000,85.039313524
45.360000000,85.340015231
45.370000000,85.046240042
45.380000000,84.757961574
45.390000000,84.920958542
45.400000000,84.576553807
45.410000000,85.448590849
45.420000000,84.407406568
45.430000000,85.575416486
45.440000000,84.919349170
45.450000000,85.287774201
45.460000000,84.338916252
45.470000000,85.103398779
45.480000000,84.296326490
45.490000000,85.348708033
45.500000000,85.095987750
45.510000000,86.073015968
45.520000000,85.396979802
45.530000000,84.993208132
45.540000000,85.528974161
45.550000000,85.206524781
45.560000000,84.690422985
45.570000000,84.834884860
45.580000000,84.586915947
45.590000000,84.553408187
45.600000000,84.305568496
45.610000000,84.390860630
45.620000000,85.538214539
45.630000000,85.570916494
45.640000000,84.895777932
45.650000000,84.378529456
45.660000000,85.352801011
45.670000000,84.087351140
45.680000000,84.419678722
45.690000000,84.459271092
45.700000000,84.647586444
45.710000000,86.049856656
45.720000000,84.759346266
45.730000000,83.972107525
45.740000000,85.051471649
45.750000000,84.341049010
45.760000000,83.654363415
45.770000000,85.469749377
45.780000000,84.142823409
45.790000000,85.070077372
45.800000000,85.043017548
45.810000000,84.639665861
45.820000000,84.876811706
45.830000000,84.605404232
45.840000000,84.942259425
45.850000000,83.712284343
45.860000000,83.826157689
45.870000000,84.880627136
45.880000000,84.148801206
45.890000000,85.259005505
45.900000000,85.565361762
45.910000000,84.900200260
45.920000000,84.582380071
45.930000000,85.543414525
45.940000000,84.890897542
45.950000000,84.169603608
45.960000000,85.466866251
45.970000000,84.665287079
45.980000000,84.265951122
45.990000000,84.791353042
46.000000000,84.516365604
46.010000000,84.099726587
46.020000000,84.502895888
46.030000000,85.037664845
46.040000000,85.604507518
46.050000000,84.124051253
46.060000000,84.842455105
46.070000000,84.442950618
46.080000000,84.833614356
46.090000000,83.640702544
46.100000000,84.602346924
46.110000000,85.115956960
46.120000000,84.756193882
46.130000000,84.325692505
46.140000000,84.088659118
46.150000000,84.354456315
46.160000000,84.752091203
46.170000000,84.141882650
46.180000000,84.706018529
46.190000000,83.894590045
46.200000000,84.275633004
46.210000000,84.452848129
46.220000000,84.346041200
46.230000000,84.459782833
46.240000000,85.155549841
46.250000000,83.919474145
46.260000000,84.727746289
46.270000000,84.176373000
46.280000000,84.561463810
46.290000000,84.832870134
46.300000000,84.484260663
46.310000000,84.348326857
46.320000000,84.791882903
46.330000000,84.608560998
46.340000000,84.638186938
46.350000000,83.993125347
46.360000000,84.921187958
46.370000000,85.058663735
46.380000000,84.570861851
46.390000000,84.685612642
46.400000000,85.239686744
46.410000000,84.766348505
46.420000000,84.122836623
46.430000000,84.462248103
46.440000000,84.607790065
46.450000000,84.583477839
46.460000000,83.875325512
46.470000000,84.481741667
46.480000000,84.156114553
46.490000000,84.705266628
46.500000000,83.603759874
46.510000000,83.603263552
46.520000000,82.767219970
46.530000000,84.018647930
46.540000000,83.928960974
46.550000000,83.799573531
46.560000000,84.167241718
46.570000000,84.307795107
46.580000000,84.547838803
46.590000000,83.366803987
46.600000000,85.436360438
46.610000000,84.347708517
46.620000000,84.554919661
46.630000000,83.983439529
46.640000000,84.415303852
46.650000000,83.861487920
46.660000000,85.148884476
46.670000000,84.504480994
46.680000000,83.819026177
46.690000000,84.758139632
46.700000000,83.693819540
46.710000000,83.377706747
46.720000000,83.511937149
46.730000000,84.198675629
46.740000000,84.944605466
46.750000000,83.783436609
46.760000000,84.482182020
46.770000000,84.497780574
46.780000000,83.496758204
46.790000000,84.142590327
46.800000000,84.134478151
46.810000000,84.310168006
46.820000000,83.978425065
46.830000000,83.691003067
46.840000000,83.876520037
46.850000000,84.354359386
46.860000000,83.942255391
46.870000000,83.411386461
46.880000000,84.666801741
46.890000000,84.212572813
46.900000000,83.431947101
46.910000000,83.877151933
46.920000000,83.268957334
46.930000000,85.176297921
46.940000000,84.429279017
46.950000000,84.688883524
46.960000000,83.637446960
46.970000000,83.236186555
46.980000000,85.069630985
46.990000000,83.931968227
47.000000000,83.084749030
47.010000000,82.844211763
47.020000000,83.300520700
47.030000000,84.137816714
47.040000000,83.479788657
47.050000000,84.224405107
47.060000000,83.025220561
47.070000000,84.211823681
47.080000000,83.339015915
47.090000000,83.698299673
47.100000000,83.668046455
47.110000000,83.691434810
47.120000000,83.948104865
47.130000000,84.142289446
47.140000000,83.576204783
47.150000000,84.328076900
47.160000000,84.367628488
47.170000000,84.277273600
47.180000000,83.234530957
47.190000000,83.877094562
47.200000000,84.327571733
47.210000000,83.175904366
47.220000000,83.452598337
47.230000000,83.842962599
47.240000000,84.030765042
47.250000000,83.974494989
47.260000000,83.230576669
47.270000000,83.938256872
47.280000000,83.192415339
47.290000000,84.172718934
47.300000000,83.783709259
47.310000000,83.572788972
47.320000000,83.649507429
47.330000000,82.976044175
47.340000000,82.942501327
47.350000000,82.733875785
47.360000000,84.613083796
47.370000000,82.751422896
47.380000000,84.429065726
47.390000000,83.677461642
47.400000000,84.175215962
47.410000000,82.828651661
47.420000000,84.243976885
47.430000000,83.789056896
47.440000000,84.102249229
47.450000000,83.991778394
47.460000000,83.533613552
47.470000000,84.270907842
47.480000000,83.489585574
47.490000000,84.020322622
47.500000000,83.128974221
47.510000000,82.972469917
47.520000000,83.297812374
47.530000000,83.554912566
47.540000000,83.112256188
47.550000000,82.641970716
47.560000000,82.847074682
47.570000000,84.045343275
47.580000000,83.370092632
47.590000000,84.048732044
47.600000000,83.890032157
47.610000000,83.576878286
47.620000000,83.195508203
47.630000000,83.709145071
47.640000000,83.612074460
47.650000000,84.595699248
47.660000000,83.149297977
47.670000000,82.695645840
47.680000000,83.241031804
47.690000000,82.782932971
47.700000000,83.096790580
47.710000000,83.155390710
47.720000000,83.155937156
47.730000000,83.854670943
47.740000000,83.612836771
47.750000000,83.303581199
47.760000000,83.019329246
47.770000000,82.741365957
47.780000000,83.071142198
47.790000000,82.690875615
47.800000000,83.874519763
47.810000000,83.316360843
47.820000000,83.401390093
47.830000000,83.710002424
47.840000000,83.318982870
47.850000000,83.173339451
47.860000000,83.862138332
47.870000000,83.944430973
47.880000000,83.081757092
47.890000000,82.679640620
47.900000000,83.367436628
47.910000000,83.522974559
47.920000000,82.777786251
47.930000000,82.067438129
47.940000000,84.349584627
47.950000000,83.215403373
47.960000000,83.276567580
47.970000000,83.602378939
47.980000000,82.452034848
47.990000000,84.227934679
48.000000000,82.869424169
48.010000000,82.766594818
48.020000000,83.281596169
48.030000000,82.771864143
48.040000000,82.711049513
48.050000000,82.310993007
48.060000000,82.808868484
48.070000000,83.454620159
48.080000000,82.695944797
48.090000000,83.515057564
48.100000000,82.823027295
48.110000000,82.726131509
48.120000000,83.196913755
48.130000000,82.329466726
48.140000000,82.728456923
48.150000000,82.981820768
48.160000000,82.867145114
48.170000000,84.233970403
48.180000000,82.253993874
48.190000000,82.772745991
48.200000000,82.182085916
48.210000000,83.201497925
48.220000000,81.882541945
48.230000000,81.790402606
48.240000000,83.062989099
48.250000000,81.517256527
48.260000000,82.394340978
48.270000000,82.840903700
48.280000000,82.089325429
48.290000000,82.165755152
48.300000000,83.339562113
48.310000000,82.100160238
48.320000000,81.892510173
48.330000000,82.715839987
48.340000000,82.948886388
48.350000000,82.259025519
48.360000000,82.511192732
48.370000000,80.706089649
48.380000000,82.194286457
48.390000000,82.127072241
48.400000000,81.979002772
48.410000000,81.242291847
48.420000000,82.080680400
48.430000000,82.437269370
48.440000000,81.262247220
48.450000000,81.065144218
48.460000000,81.693473909
48.470000000,81.783046392
48.480000000,81.081737643
48.490000000,81.754823585
48.500000000,82.095670871
48.510000000,81.313718874
48.520000000,81.600158926
48.530000000,82.021631084
48.540000000,82.339325924
48.550000000,80.747317099
48.560000000,81.427418259
48.570000000,81.808566199
48.580000000,81.434609380
48.590000000,80.743111279
48.600000000,80.868622473
48.610000000,80.973627559
48.620000000,81.368995929
48.630000000,81.490785975
48.640000000,81.406616094
48.650000000,80.126485341
48.660000000,81.142960476
48.670000000,80.350490889
48.680000000,81.273042163
48.690000000,81.315828295
48.700000000,81.777876376
48.710000000,80.787121881
48.720000000,81.329073104
48.730000000,80.790613089
48.740000000,81.251574411
48.750000000,81.814825890
48.760000000,81.313995195
48.770000000,81.374634070
48.780000000,80.621756945
48.790000000,80.752613329
48.800000000,81.236786847
48.810000000,80.273515166
48.820000000,80.440101454
48.830000000,79.884229054
48.840000000,79.984922842
48.850000000,80.750107531
48.860000000,80.702708069
48.870000000,80.651889413
48.880000000,80.290781532
48.890000000,79.704467957
48.900000000,80.225494214
48.910000000,79.924919405
48.920000000,81.053945440
48.930000000,80.443875265
48.940000000,80.801756773
48.950000000,80.140381044
48.960000000,79.874422734
48.970000000,80.224965921
48.980000000,80.344554621
48.990000000,80.243456478
49.000000000,80.020998529
49.010000000,79.728457310
49.020000000,80.534649161
49.030000000,80.222410408
49.040000000,80.108074868
49.050000000,80.004036745
49.060000000,79.511354468
49.070000000,80.286533792
49.080000000,80.190040803
49.090000000,79.495224696
49.100000000,79.759236803
49.110000000,79.726251714
49.120000000,79.512930405
49.130000000,80.093766971
49.140000000,79.295368759
49.150000000,80.434609707
49.160000000,79.748174775
49.170000000,80.147099280
49.180000000,79.252964422
49.190000000,79.432037143
49.200000000,80.002157290
49.210000000,79.502692995
49.220000000,79.231227935
49.230000000,79.069542836
49.240000000,78.590434175
49.250000000,78.154545031
49.260000000,79.071321138
49.270000000,79.882735015
49.280000000,78.894393189
49.290000000,79.340626814
49.300000000,79.758925071
49.310000000,78.466349979
49.320000000,78.205331785
49.330000000,78.872939469
49.340000000,78.858208300
49.350000000,79.124133518
49.360000000,78.982561764
49.370000000,78.332089101
49.380000000,78.601278382
49.390000000,78.743529744
49.400000000,79.116420512
49.410000000,79.335905270
49.420000000,79.390754160
49.430000000,78.526126730
49.440000000,78.705953046
49.450000000,78.706956193
49.460000000,78.719694384
49.470000000,79.301240022
49.480000000,77.598779339
49.490000000,78.171209600
49.500000000,78.344641912
49.510000000,78.999632221
49.520000000,78.796105386
49.530000000,78.556972245
49.540000000,78.403896764
49.550000000,78.536423713
49.560000000,78.530327670
49.570000000,78.563162894
49.580000000,78.181727106
49.590000000,78.074421180
49.600000000,77.954692065
49.610000000,77.812040055
49.620000000,77.319860888
49.630000000,77.500041884
49.640000000,77.955654975
49.650000000,78.108174379
49.660000000,78.382907857
49.670000000,78.575618958
49.680000000,76.736488214
49.690000000,77.778373277
49.700000000,78.666493458
49.710000000,77.745986795
49.720000000,78.984802837
49.730000000,78.453111884
49.740000000,77.291417295
49.750000000,79.001123897
49.760000000,78.171951455
49.770000000,77.997267694
49.780000000,77.863432158
49.790000000,76.807843811
49.800000000,77.062229634
49.810000000,76.805478009
49.820000000,78.277901974
49.830000000,77.110914671
49.840000000,77.349172190
49.850000000,77.522916667
49.860000000,78.457104776
49.870000000,77.480610231
49.880000000,77.747999399
49.890000000,77.361127825
49.900000000,76.869063807
49.910000000,77.753325655
49.920000000,77.460521187
49.930000000,77.233467326
49.940000000,77.152531375
49.950000000,76.078299147
49.960000000,77.134623423
49.970000000,76.721767211
49.980000000,77.177102169
49.990000000,77.123130630
50.000000000,75.635296379
50.010000000,76.369169250
50.020000000,76.611709270
50.030000000,76.439884476
50.040000000,77.036991837
50.050000000,77.749880753
50.060000000,77.108982980
50.070000000,76.869468280
50.080000000,77.410008523
50.090000000,76.881227369
50.100000000,77.015641604
50.110000000,75.771487626
50.120000000,77.211424765
50.130000000,76.423894854
50.140000000,76.493861477
50.150000000,77.471370720
50.160000000,76.723337048
50.170000000,76.858495619
50.180000000,76.297104187
50.190000000,76.207095194
50.200000000,75.795689649
50.210000000,76.915171213
50.220000000,76.315272743
50.230000000,76.953672791
50.240000000,75.440767223
50.250000000,75.914427812
50.260000000,76.177238755
50.270000000,76.402110414
50.280000000,76.126515016
50.290000000,75.661947588
50.300000000,75.190057622
50.310000000,76.049432601
50.320000000,75.008186257
50.330000000,76.202429001
50.340000000,76.879844639
50.350000000,75.776657576
50.360000000,76.062726689
50.370000000,75.719789590
50.380000000,76.043107744
50.390000000,76.313820594
50.400000000,75.525860261
50.410000000,75.449448298
50.420000000,76.309120550
50.430000000,75.041006554
50.440000000,75.336161279
50.450000000,75.773691406
50.460000000,75.299131062
50.470000000,75.602811368
50.480000000,76.217806736
50.490000000,76.352042782
50.500000000,76.265355474
50.510000000,75.013845624
50.520000000,76.783409437
50.530000000,75.382626262
50.540000000,76.034920743
50.550000000,74.867095124
50.560000000,75.213302745
50.570000000,75.295783230
50.580000000,75.223525481
50.590000000,75.684487014
50.600000000,75.303903115
50.610000000,75.747033211
50.620000000,75.573036046
50.630000000,75.088891542
50.640000000,74.820781030
50.650000000,75.112868286
50.660000000,75.549611417
50.670000000,75.129929922
50.680000000,75.580419698
50.690000000,75.510056268
50.700000000,74.699302247
50.710000000,74.810733923
50.720000000,75.892638873
50.730000000,75.316002169
50.740000000,75.081141960
50.750000000,76.033743932
50.760000000,75.111027475
50.770000000,74.995866577
50.780000000,75.298702689
50.790000000,74.593691393
50.800000000,74.884660004
50.810000000,74.697443979
50.820000000,75.556181834
50.830000000,74.436680157
50.840000000,75.038597973
50.850000000,75.269460154
50.860000000,74.325940328
50.870000000,74.572151350
50.880000000,74.720418049
50.890000000,74.763073866
50.900000000,74.875254938
50.910000000,74.584596711
50.920000000,74.250147564
50.930000000,73.558320258
50.940000000,74.043075571
50.950000000,74.367741466
50.960000000,74.292936695
50.970000000,74.974093155
50.980000000,74.597946210
50.990000000,73.996590126
51.000000000,74.356123674
51.010000000,74.999357659
51.020000000,74.165481194
51.030000000,73.802733873
51.040000000,73.095167137
51.050000000,74.215415145
51.060000000,73.678036663
51.070000000,73.783123673
51.080000000,74.798220016
51.090000000,73.535308875
51.100000000,73.741361743
51.110000000,73.571894238
51.120000000,73.524857661
51.130000000,75.134614940
51.140000000,74.191900563
51.150000000,73.920887315
51.160000000,73.696358647
51.170000000,72.940623467
51.180000000,73.959661445
51.190000000,73.422310124
51.200000000,74.099650265
51.210000000,74.037381223
51.220000000,73.178532851
51.230000000,73.967384824
51.240000000,72.964527711
51.250000000,73.365752835
51.260000000,73.596012603
51.270000000,73.002435467
51.280000000,73.071722996
51.290000000,73.869506744
51.300000000,73.058613549
51.310000000,73.537366220
51.320000000,72.745878501
51.330000000,73.615456054
51.340000000,73.009447619
51.350000000,73.443274445
51.360000000,72.604903293
51.370000000,73.490981269
51.380000000,72.921169373
51.390000000,73.614628465
51.400000000,73.626335554
51.410000000,73.857474991
51.420000000,73.035534431
51.430000000,73.037833709
51.440000000,72.174538441
51.450000000,73.257054800
51.460000000,73.287859540
51.470000000,73.516868683
51.480000000,72.658192813
51.490000000,72.842989221
51.500000000,72.574135516
51.510000000,72.909795471
51.520000000,72.439341757
51.530000000,72.268024425
51.540000000,72.163955198
51.550000000,73.756534754
51.560000000,72.590282994
51.570000000,72.068446731
51.580000000,73.152067794
51.590000000,72.102854363
51.600000000,72.921344960
51.610000000,72.779399061
51.620000000,72.336749070
51.630000000,72.612731479
51.640000000,72.028087186
51.650000000,72.751005227
51.660000000,72.290789112
51.670000000,71.505227590
51.680000000,72.404516503
51.690000000,73.205620221
51.700000000,72.833090136
51.710000000,72.537885847
51.720000000,72.344145130
51.730000000,71.761183692
51.740000000,72.948602073
51.750000000,72.955027979
51.760000000,72.520951225
51.770000000,72.741802043
51.780000000,72.520228101
51.790000000,71.657050028
51.800000000,72.352815362
51.810000000,72.495465626
51.820000000,71.675092998
51.830000000,71.805607775
51.840000000,72.359267667
51.850000000,71.912361570
51.860000000,71.105466201
51.870000000,71.848540752
51.880000000,72.231272730
51.890000000,71.043318481
51.900000000,72.042736367
51.910000000,71.646811702
51.920000000,71.575702809
51.930000000,72.384098974
51.940000000,71.024138960
51.950000000,71.922875137
51.960000000,72.120628750
51.970000000,71.654856106
51.980000000,71.650646388
51.990000000,71.803880618
52.000000000,71.681725500
52.010000000,71.563259922
52.020000000,71.031692877
52.030000000,71.086511300
52.040000000,71.108797481
52.050000000,71.574631854
52.060000000,71.996473037
52.070000000,71.363995788
52.080000000,71.795054720
52.090000000,71.725533470
52.100000000,71.038169125
52.110000000,71.325396651
52.120000000,71.589925797
52.130000000,71.107460752
52.140000000,71.160202772
52.150000000,70.652590213
52.160000000,70.796907760
52.170000000,70.891146678
52.180000000,71.636075963
52.190000000,71.814749675
52.200000000,70.915167575
52.210000000,71.278461447
52.220000000,70.560629122
52.230000000,71.345947928
52.240000000,69.790896467
52.250000000,70.609187056
52.260000000,70.887234760
52.270000000,70.561576242
52.280000000,70.951880100
52.290000000,71.207147821
52.300000000,70.965846559
52.310000000,70.241228758
52.320000000,70.767503803
52.330000000,70.403074941
52.340000000,69.246384231
52.350000000,69.672595327
52.360000000,70.311602647
52.370000000,69.818687369
52.380000000,69.846092217
52.390000000,70.116953904
52.400000000,69.135383906
52.410000000,70.108795153
52.420000000,69.507845717
52.430000000,71.784146650
52.440000000,70.858649650
52.450000000,70.427871924
52.460000000,71.001173532
52.470000000,70.513761524
52.480000000,71.053196195
52.490000000,70.087293732
52.500000000,69.624551811
52.510000000,70.927200733
52.520000000,70.986144648
52.530000000,69.561248483
52.540000000,70.446288058
52.550000000,70.104040235
52.560000000,69.874031233
52.570000000,70.214146721
52.580000000,70.019592802
52.590000000,69.572142705
52.600000000,69.893357609
52.610000000,69.996797535
52.620000000,69.900486569
52.630000000,69.279385297
52.640000000,70.528865041
52.650000000,69.785141522
52.660000000,69.902271293
52.670000000,69.719520128
52.680000000,68.653834659
52.690000000,70.148855912
52.700000000,69.475575690
52.710000000,69.274435544
52.720000000,68.754808147
52.730000000,70.012888282
52.740000000,69.754684204
52.750000000,70.420321473
52.760000000,69.269864471
52.770000000,69.959699742
52.780000000,69.225233140
52.790000000,69.513049907
52.800000000,69.402663941
52.810000000,69.605019824
52.820000000,70.177797783
52.830000000,70.755348838
52.840000000,69.517925171
52.850000000,70.196835891
52.860000000,70.170572015
52.870000000,69.423820571
52.880000000,68.869673708
52.890000000,69.618340490
52.900000000,69.871774057
52.910000000,68.808411947
52.920000000,70.137104524
52.930000000,69.752993893
52.940000000,69.271954414
52.950000000,68.900586279
52.960000000,68.864413816
52.970000000,68.573330463
52.980000000,69.839082100
52.990000000,70.047346642
53.000000000,69.823425301
53.010000000,68.246470324
53.020000000,69.391512072
53.030000000,67.562908725
53.040000000,68.844412598
53.050000000,68.070488782
53.060000000,67.982845221
53.070000000,68.659957171
53.080000000,68.034497550
53.090000000,68.160397617
53.100000000,66.539704453
53.110000000,66.736685261
53.120000000,66.658323067
53.130000000,67.097700826
53.140000000,67.485610078
53.150000000,66.329228060
53.160000000,67.247977234
53.170000000,65.483810664
53.180000000,66.387670175
53.190000000,66.194899057
53.200000000,65.991572554
53.210000000,65.145095839
53.220000000,65.582790170
53.230000000,65.548446136
53.240000000,65.340879725
53.250000000,65.223887938
53.260000000,65.918284275
53.270000000,65.835938358
53.280000000,65.514799844
53.290000000,64.286736818
53.300000000,65.059213736
53.310000000,63.957120805
53.320000000,64.170590078
53.330000000,64.299844786
53.340000000,64.475916209
53.350000000,64.293300826
53.360000000,64.199674197
53.370000000,64.400064967
53.380000000,62.493213425
53.390000000,62.941972191
53.400000000,63.201727836
53.410000000,63.878311392
53.420000000,62.493126420
53.430000000,62.809783058
53.440000000,62.974806419
53.450000000,62.458757266
53.460000000,62.819972875
53.470000000,61.339889405
53.480000000,62.019015241
53.490000000,62.006556892
53.500000000,62.618171468
53.510000000,61.447765626
53.520000000,61.436445842
53.530000000,62.224396942
53.540000000,60.612430188
53.550000000,61.083899947
53.560000000,61.009387474
53.570000000,60.102614022
53.580000000,61.001039161
53.590000000,60.736355582
53.600000000,60.266873587
53.610000000,59.933952893
53.620000000,60.517345980
53.630000000,59.515776149
53.640000000,58.715998020
53.650000000,59.714629380
53.660000000,58.977890924
53.670000000,59.417260157
53.680000000,59.519434545
53.690000000,59.058057992
53.700000000,60.289129922
53.710000000,58.436656629
53.720000000,59.053741888
53.730000000,58.280469647
53.740000000,58.698654215
53.750000000,58.652930872
53.760000000,57.775261572
53.770000000,57.824028649
53.780000000,57.675054049
53.790000000,58.086542279
53.800000000,56.789839141
53.810000000,57.464630102
53.820000000,56.674176299
53.830000000,56.481419587
53.840000000,56.775559040
53.850000000,56.167820028
53.860000000,56.486919401
53.870000000,56.225289056
53.880000000,56.123546013
53.890000000,56.715812860
53.900000000,55.810195190
53.910000000,56.886086177
53.920000000,55.460725417
53.930000000,55.133854780
53.940000000,55.158804330
53.950000000,55.793325627
53.960000000,54.841550133
53.970000000,54.231253199
53.980000000,55.102576167
53.990000000,55.132543512
54.000000000,55.566775279
54.010000000,54.125691920
54.020000000,53.878919944
54.030000000,54.638799802
54.040000000,54.370003039
54.050000000,53.729027040
54.060000000,52.707818215
54.070000000,53.129086133
54.080000000,53.110067044
54.090000000,53.363523481
54.100000000,52.262149428
54.110000000,52.195852031
54.120000000,52.769044479
54.130000000,52.984740169
54.140000000,51.553446839
54.150000000,52.404763035
54.160000000,52.385082354
54.170000000,52.517584049
54.180000000,52.192362594
54.190000000,52.587017492
54.200000000,52.029367686
54.210000000,51.045265768
54.220000000,51.702412441
54.230000000,51.006721540
54.240000000,51.480278550
54.250000000,50.795745590
54.260000000,50.720943845
54.270000000,50.145101178
54.280000000,50.391796946
54.290000000,49.594113602
54.300000000,50.240328310
54.310000000,49.593589975
54.320000000,49.627434536
54.330000000,49.480871746
54.340000000,50.432787273
54.350000000,49.461852911
54.360000000,50.121198976
54.370000000,49.348761992
54.380000000,49.134739731
54.390000000,48.326820530
54.400000000,48.811022729
54.410000000,48.290502301
54.420000000,47.836685208
54.430000000,48.457934954
54.440000000,48.652486457
54.450000000,48.773058050
54.460000000,46.995829311
54.470000000,47.676662709
54.480000000,46.598597024
54.490000000,46.829616459
54.500000000,47.997541041
54.510000000,47.374468357
54.520000000,47.559508314
54.530000000,46.904289861
54.540000000,46.974000243
54.550000000,47.383794818
54.560000000,47.540025741
54.570000000,46.806891475
54.580000000,47.043972834
54.590000000,46.703704068
54.600000000,45.975138629
54.610000000,45.495506948
54.620000000,45.395861766
54.630000000,45.498091007
54.640000000,45.665231964
54.650000000,45.142469341
54.660000000,45.110557188
54.670000000,45.930408301
54.680000000,44.746785886
54.690000000,44.111910148
54.700000000,44.458337560
54.710000000,45.081746254
54.720000000,44.471073019
54.730000000,44.347534761
54.740000000,43.988167076
54.750000000,45.137538631
54.760000000,43.906901750
54.770000000,43.887323744
54.780000000,44.047203941
54.790000000,43.081363316
54.800000000,43.144249638
54.810000000,42.218407941
54.820000000,42.597298028
54.830000000,41.781701413
54.840000000,42.106374695
54.850000000,43.572238717
54.860000000,42.457600732
54.870000000,42.303644042
54.880000000,41.221208110
54.890000000,42.302179650
54.900000000,41.860082098
54.910000000,41.812013381
54.920000000,41.161793865
54.930000000,41.530585225
54.940000000,40.943709830
54.950000000,41.737120802
54.960000000,41.277814050
54.970000000,40.673396958
54.980000000,41.107801296
54.990000000,40.978614541
55.000000000,40.295187830
55.010000000,40.299194718
55.020000000,40.092603912
55.030000000,39.846279986
55.040000000,39.556121823
55.050000000,39.574023981
55.060000000,39.638778232
55.070000000,39.261237818
55.080000000,38.847678827
55.090000000,39.866602032
55.100000000,38.757535158
55.110000000,38.944020900
55.120000000,39.463946757
55.130000000,38.732257098
55.140000000,38.437434412
55.150000000,39.470846174
55.160000000,38.480956042
55.170000000,38.011274819
55.180000000,38.204602251
55.190000000,37.804692555
55.200000000,37.477852693
55.210000000,37.170069876
55.220000000,37.810311204
55.230000000,36.970899206
55.240000000,37.371256747
55.250000000,37.061408690
55.260000000,36.738993750
55.270000000,37.798302115
55.280000000,37.385818812
55.290000000,36.843669632
55.300000000,36.625561086
55.310000000,35.720044096
55.320000000,35.652906937
55.330000000,36.273940064
55.340000000,36.411074374
55.350000000,35.285739577
55.360000000,34.924520964
55.370000000,35.695110303
55.380000000,35.465009270
55.390000000,34.748481095
55.400000000,35.770315371
55.410000000,35.166358831
55.420000000,35.347526213
55.430000000,35.352779253
55.440000000,35.107693249
55.450000000,34.775420847
55.460000000,34.185441160
55.470000000,34.635367493
55.480000000,33.275566058
55.490000000,33.332988076
55.500000000,33.671817291
55.510000000,33.059416489
55.520000000,32.719912485
55.530000000,32.661108385
55.540000000,33.767018530
55.550000000,33.153614457
55.560000000,32.389087115
55.570000000,32.732758133
55.580000000,33.781639100
55.590000000,32.754294239
55.600000000,33.025201431
55.610000000,32.712692925
55.620000000,32.073500206
55.630000000,32.078234718
55.640000000,32.867535819
55.650000000,31.220726144
55.660000000,31.808942929
55.670000000,31.847452590
55.680000000,30.490257106
55.690000000,31.243431985
55.700000000,30.850459135
55.710000000,30.825266417
55.720000000,30.654385754
55.730000000,30.602404101
55.740000000,30.309859687
55.750000000,29.525136950
55.760000000,30.320060657
55.770000000,30.007245730
55.780000000,30.746208860
55.790000000,29.761945650
55.800000000,30.236529336
55.810000000,29.074333449
55.820000000,30.605454678
55.830000000,29.559562720
55.840000000,28.627507950
55.850000000,28.651067217
55.860000000,28.914338568
55.870000000,28.987459835
55.880000000,29.292697593
55.890000000,28.500619914
55.900000000,29.479875729
55.910000000,27.970100647
55.920000000,27.885501958
55.930000000,28.496002187
55.940000000,27.571758471
55.950000000,27.999499129
55.960000000,28.541538940
55.970000000,26.822256453
55.980000000,26.875895979
55.990000000,27.630491822
56.000000000,27.232904539
56.010000000,26.487441075
56.020000000,27.370517813
56.030000000,25.783085452
56.040000000,26.582077756
56.050000000,26.238321463
56.060000000,25.842074917
56.070000000,25.610381320
56.080000000,25.271473502
56.090000000,25.268534394
56.100000000,26.277768715
56.110000000,25.888753585
56.120000000,25.133575536
56.130000000,25.135167337
56.140000000,25.388864995
56.150000000,24.941945667
56.160000000,24.445836431
56.170000000,24.808092443
56.180000000,24.685771145
56.190000000,24.092102275
56.200000000,24.269395375
56.210000000,24.461742580
56.220000000,24.236418015
56.230000000,24.085269532
56.240000000,24.004174342
56.250000000,24.553630595
56.260000000,23.442111609
56.270000000,24.033357382
56.280000000,23.028921069
56.290000000,22.932846948
56.300000000,22.853524498
56.310000000,23.820983793
56.320000000,22.477761383
56.330000000,23.606713582
56.340000000,22.714685062
56.350000000,22.143394536
56.360000000,22.850519896
56.370000000,22.103227803
56.380000000,21.955538655
56.390000000,22.034483293
56.400000000,22.154448188
56.410000000,21.712358471
56.420000000,21.686569125
56.430000000,20.900314613
56.440000000,20.798273322
56.450000000,20.561849831
56.460000000,21.069311105
56.470000000,20.820945461
56.480000000,20.376733058
56.490000000,20.564999009
56.500000000,19.812185276
56.510000000,20.166176923
56.520000000,19.202876443
56.530000000,20.430544111
56.540000000,20.015338808
56.550000000,19.269947949
56.560000000,19.313403002
56.570000000,18.967397074
56.580000000,19.330885920
56.590000000,19.660048519
56.600000000,19.741132013
56.610000000,18.396781696
56.620000000,19.463369534
56.630000000,18.550623150
56.640000000,18.609756510
56.650000000,18.600830711
56.660000000,18.427331889
56.670000000,17.590607901
56.680000000,17.893519533
56.690000000,17.891087824
56.700000000,18.425050535
56.710000000,16.561429026
56.720000000,17.868103304
56.730000000,17.717988432
56.740000000,17.405737311
56.750000000,17.064954910
56.760000000,16.673612587
56.770000000,16.220426356
56.780000000,16.941319349
56.790000000,15.710582030
56.800000000,16.079631388
56.810000000,15.758267731
56.820000000,16.735770936
56.830000000,16.520600530
56.840000000,16.432779542
56.850000000,16.296517715
56.860000000,15.409274641
56.870000000,16.211684205
56.880000000,15.490639053
56.890000000,15.771205563
56.900000000,15.340420982
56.910000000,14.558698815
56.920000000,14.202474801
56.930000000,14.919886062
56.940000000,15.041114513
56.950000000,15.157296106
56.960000000,14.134052278
56.970000000,13.822425856
56.980000000,14.200030204
56.990000000,14.134831558
57.000000000,13.879475963
57.010000000,13.493445649
57.020000000,14.223422431
57.030000000,13.466827494
57.040000000,13.166541328
57.050000000,13.518771936
57.060000000,13.100198174
57.070000000,12.607059607
57.080000000,12.382652883
57.090000000,13.071497512
57.100000000,13.086917434
57.110000000,12.448168280
57.120000000,12.826761696
57.130000000,11.815386320
57.140000000,11.699250123
57.150000000,11.062397564
57.160000000,11.956618170
57.170000000,11.902586937
57.180000000,11.163616307
57.190000000,11.100178103
57.200000000,11.146913930
57.210000000,11.795422420
57.220000000,10.479276595
57.230000000,10.730070344
57.240000000,10.644868156
57.250000000,9.544307088
57.260000000,10.187105100
57.270000000,10.375077501
57.280000000,9.608704748
57.290000000,10.394366583
57.300000000,9.637903904
57.310000000,10.953917138
57.320000000,9.880724763
57.330000000,9.919032084
57.340000000,8.900342587
57.350000000,9.747752677
57.360000000,8.650530851
57.370000000,8.682233928
57.380000000,8.718362661
57.390000000,9.700591214
57.400000000,8.888178786
57.410000000,8.511317576
57.420000000,8.495359597
57.430000000,8.204265567
57.440000000,8.794078129
57.450000000,8.358548878
57.460000000,6.921011275
57.470000000,7.810027325
57.480000000,7.892570709
57.490000000,7.426220442
57.500000000,6.786328841
57.510000000,6.585456782
57.520000000,6.865100040
57.530000000,6.209598208
57.540000000,5.583327744
57.550000000,6.939326524
57.560000000,5.984634411
57.570000000,6.122538803
57.580000000,5.928648006
57.590000000,5.793087289
57.600000000,6.059089121
57.610000000,5.820024258
57.620000000,5.233707916
57.630000000,4.772324320
57.640000000,5.339002948
57.650000000,6.656584567
57.660000000,5.517946427
57.670000000,4.712393978
57.680000000,5.446114319
57.690000000,5.057110766
57.700000000,5.209736693
57.710000000,4.522050494
57.720000000,3.300581451
57.730000000,4.566104680
57.740000000,3.414229473
57.750000000,3.449112660
57.760000000,3.980683313
57.770000000,2.973805855
57.780000000,3.132168702
57.790000000,3.288417587
57.800000000,3.469923388
57.810000000,3.449844653
57.820000000,3.577865984
57.830000000,3.006064661
57.840000000,3.118366271
57.850000000,3.310714820
57.860000000,3.188930365
57.870000000,2.261063851
57.880000000,1.999929738
57.890000000,2.016045250
57.900000000,2.011984226
57.910000000,1.524913348
57.920000000,1.789606231
57.930000000,1.268433634
57.940000000,1.230358155
57.950000000,1.322838419
57.960000000,1.204237103
57.970000000,1.648082073
57.980000000,0.502789254
57.990000000,-0.067463832
58.000000000,1.249006955
58.010000000,-0.022456674
58.020000000,0.214516867
58.030000000,0.709144427
58.040000000,0.121021208
58.050000000,-0.146136530
58.060000000,-0.831152690
58.070000000,0.119016131
58.080000000,0.949502875
58.090000000,-0.347791016
58.100000000,0.300132988
58.110000000,0.385587108
58.120000000,0.403031451
58.130000000,-0.672923132
58.140000000,-0.101189384
58.150000000,-0.231343929
58.160000000,0.545067105
58.170000000,-1.052243529
58.180000000,0.559998640
58.190000000,-0.863950673
58.200000000,0.029443004
58.210000000,-0.001032951
58.220000000,0.159517679
58.230000000,-1.257480112
58.240000000,0.267639595
58.250000000,-0.752719993
58.260000000,0.063929231
58.270000000,-0.257355708
58.280000000,0.042239676
58.290000000,0.359077578
58.300000000,-0.587129915
58.310000000,0.532178524
58.320000000,0.358134071
58.330000000,-0.790017127
58.340000000,-0.500113488
58.350000000,-0.839465753
58.360000000,-0.604911813
58.370000000,-0.429478998
58.380000000,-0.067562525
58.390000000,-0.617220208
58.400000000,-0.512828340
58.410000000,0.649639943
58.420000000,0.168215247
58.430000000,0.058327838
58.440000000,-0.152247661
58.450000000,-0.393105594
58.460000000,-0.421141475
58.470000000,-0.762843835
58.480000000,0.444592838
58.490000000,0.415609115
58.500000000,0.198236325
58.510000000,-0.909784009
58.520000000,0.150539357
58.530000000,-0.320897650
58.540000000,0.348290584
58.550000000,0.070299025
58.560000000,0.059409878
58.570000000,-0.657240563
58.580000000,0.263565876
58.590000000,0.101240199
58.600000000,-0.164283619
58.610000000,-0.246742733
58.620000000,0.286470337
58.630000000,0.283836331
58.640000000,-0.828357077
58.650000000,0.329515695
58.660000000,0.055252492
58.670000000,0.573102950
58.680000000,0.751756524
58.690000000,-0.598626980
58.700000000,0.274976791
58.710000000,-0.796110734
58.720000000,-0.059896773
58.730000000,-0.509143530
58.740000000,0.678216038
58.750000000,-0.168818051
58.760000000,0.564225670
58.770000000,-0.442718507
58.780000000,0.043016232
58.790000000,-0.468365005
58.800000000,0.044226534
58.810000000,-0.152000658
58.820000000,-0.335944749
58.830000000,0.447503805
58.840000000,-0.475334152
58.850000000,-1.098677899
58.860000000,0.439134704
58.870000000,-0.400426621
58.880000000,-0.901936451
58.890000000,0.383972670
58.900000000,0.957802558
58.910000000,0.382337876
58.920000000,-0.262650053
58.930000000,-0.241329737
58.940000000,0.688467519
58.950000000,0.564643944
58.960000000,-0.365521613
58.970000000,-0.364240420
58.980000000,-0.286055814
58.990000000,0.589534344
59.000000000,-1.003146472
59.010000000,-0.088674081
59.020000000,-0.419509542
59.030000000,0.277697054
59.040000000,-0.236636590
59.050000000,-0.373255882
59.060000000,0.503899047
59.070000000,-0.032893858
59.080000000,-0.277407942
59.090000000,-0.191333507
59.100000000,-0.808372981
59.110000000,0.162248717
59.120000000,0.690219555
59.130000000,0.576322021
59.140000000,0.893336718
59.150000000,-0.804247904
59.160000000,-0.329240217
59.170000000,0.427626815
59.180000000,0.812333768
59.190000000,-0.694279126
59.200000000,0.530489541
59.210000000,0.319578328
59.220000000,0.179265345
59.230000000,-0.102297486
59.240000000,-1.003402530
59.250000000,-0.159857559
59.260000000,-0.456088438
59.270000000,0.354272762
59.280000000,-0.477652023
59.290000000,0.035211608
59.300000000,0.237294361
59.310000000,-0.198920755
59.320000000,-0.242058179
59.330000000,-0.146504135
59.340000000,-0.065978347
59.350000000,-0.486710330
59.360000000,0.129739368
59.370000000,0.252422036
59.380000000,0.660134736
59.390000000,-0.055687340
59.400000000,-0.014527057
59.410000000,0.096709789
59.420000000,-0.876809805
59.430000000,0.618278467
59.440000000,-0.187203386
59.450000000,0.473063610
59.460000000,-0.499300355
59.470000000,0.248002138
59.480000000,-0.012255573
59.490000000,-0.092604498
59.500000000,0.746616263
59.510000000,-1.063553659
59.520000000,0.112107067
59.530000000,-0.158756176
59.540000000,-0.000026604
59.550000000,-0.360094499
59.560000000,0.038482185
59.570000000,-0.352988443
59.580000000,1.333374198
59.590000000,-0.190690281
59.600000000,-0.425438817
59.610000000,-0.533250147
59.620000000,-0.071176020
59.630000000,1.009476947
59.640000000,-0.527475724
59.650000000,0.278976613
59.660000000,-0.095607898
59.670000000,0.639771902
59.680000000,0.135146388
59.690000000,0.282749248
59.700000000,-0.739416393
59.710000000,0.624261531
59.720000000,-0.004184989
59.730000000,-0.343261739
59.740000000,0.066217132
59.750000000,0.323012256
59.760000000,0.024634051
59.770000000,0.317093744
59.780000000,-0.495801825
59.790000000,-0.055879397
59.800000000,-0.117453726
59.810000000,-0.322877346
59.820000000,-0.491116400
59.830000000,-0.072057289
59.840000000,0.047543251
59.850000000,0.587947854
59.860000000,0.319112675
59.870000000,0.504999807
59.880000000,-0.089519689
59.890000000,-0.571695653
59.900000000,-0.251371909
59.910000000,-0.499511738
59.920000000,0.044271685
59.930000000,-0.376530544
59.940000000,-0.272654470
59.950000000,-0.255733907
59.960000000,-0.054960782
59.970000000,0.076525414
59.980000000,-0.155057508
59.990000000,0.178852621
